<?xml version="1.0" encoding="UTF-8"?>
<root>
	
		<special-non>
		<urls>
				  <url>
					<value>/workflow/request/RequestRemarkOperation.jsp</value>
					<params>
					   <param>
						<is-dynamic-param>0</is-dynamic-param>
						<value>fieldsql-1</value>
						<rules>
						  <rule>##sqlkeyword1##</rule>
						</rules>
					  </param>
					</params>
				 </url>
				  <url>
					<value>/workflow/workflow/wfFunctionManageLink.jsp</value>
					<params>
					   <param>
						<is-dynamic-param>0</is-dynamic-param>
						<value>fieldsql-1</value>
						<rules>
						  <rule>##sqlkeyword1##</rule>
						</rules>
					  </param>
					</params>
				 </url>
				  <url>
					<value>/mobile/plugin/1/RequestOperation.jsp</value>
					<params>
					   <param>
						<is-dynamic-param>0</is-dynamic-param>
						<value>fieldsql-1</value>
						<rules>
						  <rule>##sqlkeyword1##</rule>
						</rules>
					  </param>
					</params>
				 </url>
				  <url>
					<value>/workflow/request/RequestOperation.jsp</value>
					<params>
					   <param>
						<is-dynamic-param>0</is-dynamic-param>
						<value>fieldsql-1</value>
						<rules>
						  <rule>##sqlkeyword1##</rule>
						</rules>
					  </param>
					</params>
				 </url>
				 <url>
					<value>/favourite/SysFavouriteOperationAjax.jsp</value>
					<params>
					   <param>
						<is-dynamic-param>0</is-dynamic-param>
						<value>link</value>
						<rules>
						  <rule>##CONST:NAMETITLE##</rule>
						</rules>
					  </param>
					</params>
				 </url>
		</urls>
	</special-non>
</root>
