<?xml version="1.0" encoding="UTF-8"?>
<root>
	<include-files>
		<include-file>activex/target/ocxVersion.jsp</include-file>
		<include-file>/blog/src/times.jsp</include-file>
		<include-file>/blog/uploader.jsp</include-file>
		<include-file>/cowork/uploader.jsp</include-file>
		<include-file>/cpt/capital/init.jsp</include-file>
		<include-file>/CRM/data/uploader.jsp</include-file>
		<include-file>/datacenter/maintenance/inputreport/InputReportHrmInclude.jsp</include-file>
		<include-file>/debug/init.jsp</include-file>
		<include-file>/docs/category/PermissionList.jsp</include-file>
		<include-file>/docs/common.jsp</include-file>
		<include-file>/docs/DocDetailLog.jsp</include-file>
		<include-file>/docs/docs/DocAddExtScript.jsp</include-file>
		<include-file>/docs/docs/DocAddForCKScript.jsp</include-file>
		<include-file>/docs/docs/DocAddScript.jsp</include-file>
		<include-file>/docs/docs/DocCommExt.jsp</include-file>
		<include-file>/docs/docs/DocEditBaseInfo.jsp</include-file>
		<include-file>/docs/docs/DocEditForCKScript.jsp</include-file>
		<include-file>/docs/docs/DocEditScript.jsp</include-file>
		<include-file>/docs/docs/iWebOfficeConf.jsp</include-file>
		<include-file>/docs/docs/iWebPDFConf.jsp</include-file>
		<include-file>/docs/docs/PDF417ManagerConf.jsp</include-file>
		<include-file>/docs/docs/uploader.jsp</include-file>
		<include-file>/docs/docs/uploader4replace.jsp</include-file>
		<include-file>/docs/search/ext/DocSearchViewExt.jsp</include-file>
		<include-file>/docs/search/ext/DocSubsribeExt.jsp</include-file>
		<include-file>/docs/search/ext/ShareManageDocExt.jsp</include-file>
		<include-file>/docs/search/ext/ShareMutiDocExt.jsp</include-file>
		<include-file>/email/MailUtil.jsp</include-file>
		<include-file>/email/new/simpleHrmResource.jsp</include-file>
		<include-file>/express/task/util/uploader.jsp</include-file>
		<include-file>/favourite/FavouriteShortCut.jsp</include-file>
		<include-file>/formmode/pub.jsp</include-file>
		<include-file>/formmode/pub_detach.jsp</include-file>
		<include-file>/formmode/pub_function.jsp</include-file>
		<include-file>/formmode/setup/errorMsg.jsp</include-file>
		<include-file>/formmode/setup/leftPartTemplate.jsp</include-file>
		<include-file>/fullsearch/SearchHot.jsp</include-file>
		<include-file>/fullsearch/SearchSet.jsp</include-file>
		<include-file>/FusionChartsFree/FusionChartsHTMLRenderer.jsp</include-file>
		<include-file>/homepage/HpCss.jsp</include-file>
		<include-file>/homepage/Navigation.jsp</include-file>
		<include-file>/hrm/attendance/hrmAttProcSet/left.jsp</include-file>
		<include-file>/hrm/attendance/paidLeave/left.jsp</include-file>
		<include-file>/hrm/include.jsp</include-file>
		<include-file>/hrm/performance/common.jsp</include-file>
		<include-file>/hrm/performance/maintenance/diyCheck/common.jsp</include-file>
		<include-file>/hrm/pm/hrmStateProcSet/left.jsp</include-file>
		<include-file>/hrm/report/resource/HrmConstRpDataDefine.jsp</include-file>
		<include-file>/hrm/resource/simpleHrmResource.jsp</include-file>
		<include-file>/hrm/resource/simpleHrmResource_wev8.jsp</include-file>
		<include-file>/hrm/resource/uploader.jsp</include-file>
		<include-file>/hrm/transfer/HrmResource.jsp</include-file>
		<include-file>/integration/integrationinit.jsp</include-file>
		<include-file>/js/homepage/Homepage_js.jsp</include-file>
		<include-file>/js/homepage/LoginHomepage_js.jsp</include-file>
		<include-file>/login/upgradeCheck.jsp</include-file>
		<include-file>/meeting/data/MeetingDiscuss.jsp</include-file>
		<include-file>/meeting/data/MeetingMemberList.jsp</include-file>
		<include-file>/meeting/data/MeetingTopicList.jsp</include-file>
		<include-file>/meeting/systeminfo/TopTitle.jsp</include-file>
		<include-file>/messager/Config.jsp</include-file>
		<include-file>/messager/DocAccessory.jsp</include-file>
		<include-file>/messager/install/autoinstall.jsp</include-file>
		<include-file>/messager/join.jsp</include-file>
		<include-file>/messager/joinEMessage.jsp</include-file>
		<include-file>/middlecenter/top.jsp</include-file>
		<include-file>/mobile/plugin/1/form/detail/jsaddanddelete.jsp</include-file>
		<include-file>/mobile/plugin/1/form/detail/jscalculate.jsp</include-file>
		<include-file>/mobile/plugin/1/form.jsp</include-file>
		<include-file>/mobile/plugin/1/html/htmlcalculate.jsp</include-file>
		<include-file>/mobile/plugin/1/html/operDetail.jsp</include-file>
		<include-file>/mobile/plugin/1/mobileformfree.jsp</include-file>
		<include-file>/mobile/plugin/config.jsp</include-file>
		<include-file>/mobilemode/Action.jsp</include-file>
		<include-file>/mobilemode/appHomepageViewWrap.jsp</include-file>
		<include-file>/mobilemode/apps/cowork/CoworkOperation.jsp</include-file>
		<include-file>/mobilemode/apps/document/Operation.jsp</include-file>
		<include-file>/page/element/addwf/common.jsp</include-file>
		<include-file>/page/element/addwf/Operation.jsp</include-file>
		<include-file>/page/element/addwf/View.jsp</include-file>
		<include-file>/page/element/Audio/common.jsp</include-file>
		<include-file>/page/element/Audio/Operation.jsp</include-file>
		<include-file>/page/element/Audio/View.jsp</include-file>
		<include-file>/page/element/blogStatus/Operation.jsp</include-file>
		<include-file>/page/element/blogStatus/View.jsp</include-file>
		<include-file>/page/element/contacts/common.jsp</include-file>
		<include-file>/page/element/contacts/data.jsp</include-file>
		<include-file>/page/element/contacts/More.jsp</include-file>
		<include-file>/page/element/contacts/Operation.jsp</include-file>
		<include-file>/page/element/contacts/View.jsp</include-file>
		<include-file>/page/element/DataCenter/common.jsp</include-file>
		<include-file>/page/element/DataCenter/Operation.jsp</include-file>
		<include-file>/page/element/Favourite/common.jsp</include-file>
		<include-file>/page/element/Favourite/Operation.jsp</include-file>
		<include-file>/page/element/Favourite/View.jsp</include-file>
		<include-file>/page/element/Flash/common.jsp</include-file>
		<include-file>/page/element/Flash/Operation.jsp</include-file>
		<include-file>/page/element/Flash/View.jsp</include-file>
		<include-file>/page/element/FormModeCustomSearch/common.jsp</include-file>
		<include-file>/page/element/FormModeCustomSearch/Operation.jsp</include-file>
		<include-file>/page/element/FormModeCustomSearch/View.jsp</include-file>
		<include-file>/page/element/imgSlide/common.jsp</include-file>
		<include-file>/page/element/imgSlide/Operation.jsp</include-file>
		<include-file>/page/element/jobsinfo/common.jsp</include-file>
		<include-file>/page/element/jobsinfo/Operation.jsp</include-file>
		<include-file>/page/element/jobsinfo/View.jsp</include-file>
		<include-file>/page/element/login/common.jsp</include-file>
		<include-file>/page/element/login/Operation.jsp</include-file>
		<include-file>/page/element/loginViewCommon.jsp</include-file>
		<include-file>/page/element/Menu/common.jsp</include-file>
		<include-file>/page/element/Menu/Operation.jsp</include-file>
		<include-file>/page/element/MyCalendar/common.jsp</include-file>
		<include-file>/page/element/MyCalendar/Operation.jsp</include-file>
		<include-file>/page/element/newNotice/common.jsp</include-file>
		<include-file>/page/element/newNotice/Operation.jsp</include-file>
		<include-file>/page/element/news/common.jsp</include-file>
		<include-file>/page/element/news/Operation.jsp</include-file>
		<include-file>/page/element/notice/common.jsp</include-file>
		<include-file>/page/element/notice/Operation.jsp</include-file>
		<include-file>/page/element/notice/View.jsp</include-file>
		<include-file>/page/element/OutData/common.jsp</include-file>
		<include-file>/page/element/OutData/Operation.jsp</include-file>
		<include-file>/page/element/OutData/View.jsp</include-file>
		<include-file>/page/element/outterSys/common.jsp</include-file>
		<include-file>/page/element/outterSys/Operation.jsp</include-file>
		<include-file>/page/element/outterSys/View.jsp</include-file>
		<include-file>/page/element/Picture/common.jsp</include-file>
		<include-file>/page/element/Picture/Operation.jsp</include-file>
		<include-file>/page/element/Picture/View.jsp</include-file>
		<include-file>/page/element/plan/common.jsp</include-file>
		<include-file>/page/element/plan/Operation.jsp</include-file>
		<include-file>/page/element/plan/View.jsp</include-file>
		<include-file>/page/element/scratchpad/common.jsp</include-file>
		<include-file>/page/element/scratchpad/Operation.jsp</include-file>
		<include-file>/page/element/SearchEngine/common.jsp</include-file>
		<include-file>/page/element/SearchEngine/Operation.jsp</include-file>
		<include-file>/page/element/SearchEngine/View.jsp</include-file>
		<include-file>/page/element/Slide/common.jsp</include-file>
		<include-file>/page/element/Slide/Operation.jsp</include-file>
		<include-file>/page/element/Slide/View.jsp</include-file>
		<include-file>/page/element/Task/common.jsp</include-file>
		<include-file>/page/element/Task/Operation.jsp</include-file>
		<include-file>/page/element/Task/View.jsp</include-file>
		<include-file>/page/element/Video/common.jsp</include-file>
		<include-file>/page/element/Video/Operation.jsp</include-file>
		<include-file>/page/element/Video/View.jsp</include-file>
		<include-file>/page/element/Weather/common.jsp</include-file>
		<include-file>/page/element/Weather/Operation.jsp</include-file>
		<include-file>/page/element/Weather/View.jsp</include-file>
		<include-file>/page/maint/common/initLoginNoCache.jsp</include-file>
		<include-file>/page/maint/login/Page.jsp</include-file>
		<include-file>/performance/gpreport/GPUtil.jsp</include-file>
		<include-file>/performance/gpreport/SCUtil.jsp</include-file>
		<include-file>/performance/util/uploader.jsp</include-file>
		<include-file>/portal/plugin/homepage/web1/top/topmenu.jsp</include-file>
		<include-file>/portal/plugin/login/common.jsp</include-file>
		<include-file>/portal/systeminfo/init.jsp</include-file>
		<include-file>/pweb/top.jsp</include-file>
		<include-file>/rte/uploader.jsp</include-file>
		<include-file>/searchNonFunc/search.jsp</include-file>
		<include-file>/secondwev/common/CommExt.jsp</include-file>
		<include-file>/secondwev/common/head.jsp</include-file>
		<include-file>/secondwev/common/TopTitle.jsp</include-file>
		<include-file>/secondwev/common/TopTitleExt.jsp</include-file>
		<include-file>/secondwev/swfupload/uploader.jsp</include-file>
		<include-file>/social/SocialUploader.jsp</include-file>
		<include-file>/synergy/showSynergy.jsp</include-file>
		<include-file>/system/systemmonitor/workflow/WorkflowRequestPicture.jsp</include-file>
		<include-file>/system/systemmonitor/workflow/WorkflowViewRequestBody.jsp</include-file>
		<include-file>/system/systemmonitor/workflow/WorkflowViewSign.jsp</include-file>
		<include-file>/systeminfo/commonTabFoot.jsp</include-file>
		<include-file>/systeminfo/DatepickerLangJs.jsp</include-file>
		<include-file>/systeminfo/DocTopTitle.jsp</include-file>
		<include-file>/systeminfo/ExtLangJS.jsp</include-file>
		<include-file>/systeminfo/leftMenuCommon.jsp</include-file>
		<include-file>/systeminfo/nlinit.jsp</include-file>
		<include-file>/systeminfo/ParameterFilter.jsp</include-file>
		<include-file>/systeminfo/RightClickMenu.jsp</include-file>
		<include-file>/systeminfo/RightClickMenu1.jsp</include-file>
		<include-file>/systeminfo/RightClickMenuConent.jsp</include-file>
		<include-file>/systeminfo/RightClickMenuConent_wev8.jsp</include-file>
		<include-file>/systeminfo/RightClickMenu_wev8.jsp</include-file>
		<include-file>/systeminfo/template/templateCss.jsp</include-file>
		<include-file>/systeminfo/TopTitleExt.jsp</include-file>
		<include-file>/systeminfo/TopTitleWFExt.jsp</include-file>
		<include-file>/systeminfo/TopTitle_wev8.jsp</include-file>
		<include-file>/systeminfo/WdCalendarLangJs.jsp</include-file>
		<include-file>/systeminfo/WeaverLangJS.jsp</include-file>
		<include-file>/times.jsp</include-file>
		<include-file>/top.jsp</include-file>
		<include-file>/upgrade/detail.jsp</include-file>
		<include-file>/voting/surveydesign/pages/surveyData.jsp</include-file>
		<include-file>/voting/surveydesign/pages/surveyResultData.jsp</include-file>
		<include-file>/web/inc/init.jsp</include-file>
		<include-file>/web/inc/init1.jsp</include-file>
		<include-file>/web/inc/WebServer.jsp</include-file>
		<include-file>/web/workflow/request/RequestOperation.jsp</include-file>
		<include-file>/web/workflow/request/WorkflowAddRequestBody.jsp</include-file>
		<include-file>/web/workflow/request/WorkflowAddRequestTitle.jsp</include-file>
		<include-file>/workflow/exceldesign/excelBody.jsp</include-file>
		<include-file>/workflow/exceldesign/excelOperatHead.jsp</include-file>
		<include-file>/workflow/request/BillBudgetExpenseDetail.jsp</include-file>
		<include-file>/workflow/request/iWebRevisionConf.jsp</include-file>
		<include-file>/workflow/request/ManageFnaBudgetChgApply1.jsp</include-file>
		<include-file>/workflow/request/ManageFnaPayApplyAssistant.jsp</include-file>
		<include-file>/workflow/request/ManageFnaWipeApply0.jsp</include-file>
		<include-file>/workflow/request/NewRequestFrame.jsp</include-file>
		<include-file>/workflow/request/RedirectPage.jsp</include-file>
		<include-file>/workflow/request/RequestShowHelpDoc.jsp</include-file>
		<include-file>/workflow/request/RequestTopTitle.jsp</include-file>
		<include-file>/workflow/request/search.jsp</include-file>
		<include-file>/workflow/request/ViewBillCptDiscardAssistant.jsp</include-file>
		<include-file>/workflow/request/ViewBillCptFetchAssistant.jsp</include-file>
		<include-file>/workflow/request/ViewFnaLoanApplyAssistant.jsp</include-file>
		<include-file>/workflow/request/WorkflowAddRequestBodyDataCenter.jsp</include-file>
		<include-file>/workflow/request/WorkflowLoadSingnatureImg.jsp</include-file>
		<include-file>/workflow/request/WorkflowManageRequestBodyDataCenter.jsp</include-file>
		<include-file>/workflow/request/WorkflowManageRequestFormBody.jsp</include-file>
		<include-file>/workflow/request/WorkflowManageSign.jsp</include-file>
		<include-file>/workflow/request/WorkflowManageSignForBill.jsp</include-file>
		<include-file>/workflow/request/WorkflowRemarkCustomPage.jsp</include-file>
		<include-file>/workflow/request/WorkflowViewSign.jsp</include-file>
		<include-file>/workflow/request/WorkflowViewSignShow.jsp</include-file>
		<include-file>/workflow/request/WorkflowViewWT.jsp</include-file>
		<include-file>/workflow/workflow/editOperatorGroupMatrixScript.jsp</include-file>
		<include-file>/workplan/data/CreateCalendarSegment.jsp</include-file>
		<include-file>/workplan/data/ShareCalendarSegment.jsp</include-file>
		<include-file>/workplan/data/ViewCalendarSegment.jsp</include-file>
		<include-file>/workrelate/comm/SubcpyDeptUtil.jsp</include-file>
		<include-file>/workrelate/comm/WorkerReportUtil.jsp</include-file>
		<include-file>/workrelate/goal/util/uploader.jsp</include-file>
		<include-file>/workrelate/plan/report/SubCpyUtil.jsp</include-file>
		<include-file>/workrelate/plan/report/Util.jsp</include-file>
		<include-file>/workrelate/plan/report/WorkerUtil.jsp</include-file>
		<include-file>/workrelate/plan/util/uploader.jsp</include-file>
		<include-file>/workrelate/plan/util/uploader2.jsp</include-file>
		<include-file>/workrelate/reportshare/ReportShareUtil.jsp</include-file>
		<include-file>/workrelate/task/report/Util.jsp</include-file>
		<include-file>/workrelate/task/util/CommInfo.jsp</include-file>
		<include-file>/workrelate/task/util/uploader.jsp</include-file>
		<include-file>/wui/common/page/initWui.jsp</include-file>
		<include-file>/workflow/request/AddApproveProj.jsp</include-file>
		<include-file>/workflow/request/AddBillAbsense.jsp</include-file>
		<include-file>/workflow/request/AddBillApproveCustomer.jsp</include-file>
		<include-file>/workflow/request/AddBillBoHaiLeave.jsp</include-file>
		<include-file>/workflow/request/AddBillCarUseApprove.jsp</include-file>
		<include-file>/workflow/request/AddBillCptAdjust.jsp</include-file>
		<include-file>/workflow/request/AddBillCptApply.jsp</include-file>
		<include-file>/workflow/request/AddBillCptDiscard.jsp</include-file>
		<include-file>/workflow/request/AddBillCptFetch.jsp</include-file>
		<include-file>/workflow/request/AddBillCptRequire.jsp</include-file>
		<include-file>/workflow/request/AddBillDataCenter.jsp</include-file>
		<include-file>/workflow/request/AddBillExpense.jsp</include-file>
		<include-file>/workflow/request/AddBillHrmAwardInfo.jsp</include-file>
		<include-file>/workflow/request/AddBillHrmScheduleMain.jsp</include-file>
		<include-file>/workflow/request/AddBillLossCpt.jsp</include-file>
		<include-file>/workflow/request/AddBillMailboxApply.jsp</include-file>
		<include-file>/workflow/request/AddBillMeeting.jsp</include-file>
		<include-file>/workflow/request/AddBillMonthWorkinfo.jsp</include-file>
		<include-file>/workflow/request/AddBillTest.jsp</include-file>
		<include-file>/workflow/request/AddBillWeekWorkinfo.jsp</include-file>
		<include-file>/workflow/request/AddBillWorktaskApprove.jsp</include-file>
		<include-file>/workflow/request/AddFnaBudgetChgApply.jsp</include-file>
		<include-file>/workflow/request/AddFnaLoanApply.jsp</include-file>
		<include-file>/workflow/request/AddFnaPayApply.jsp</include-file>
		<include-file>/workflow/request/AddFnaWipeApply.jsp</include-file>
		<include-file>/workflow/request/BillCarUseApproveManage.jsp</include-file>
		<include-file>/workflow/request/BillCptManageBody.jsp</include-file>
		<include-file>/workflow/request/BillCrmContractAdd.jsp</include-file>
		<include-file>/workflow/request/BillCrmContractManage.jsp</include-file>
		<include-file>/workflow/request/billFreeWorkflowViewSign.jsp</include-file>
		<include-file>/workflow/request/BillHrmCrmContractAdd.jsp</include-file>
		<include-file>/workflow/request/BillHrmCrmContractManage.jsp</include-file>
		<include-file>/workflow/request/BillHrmDemandAdd.jsp</include-file>
		<include-file>/workflow/request/BillHrmDemandManage.jsp</include-file>
		<include-file>/workflow/request/BillHrmDismissAdd.jsp</include-file>
		<include-file>/workflow/request/BillHrmDismissManage.jsp</include-file>
		<include-file>/workflow/request/BillHrmHireAdd.jsp</include-file>
		<include-file>/workflow/request/BillHrmHireManage.jsp</include-file>
		<include-file>/workflow/request/BillHrmRedeployAdd.jsp</include-file>
		<include-file>/workflow/request/BillHrmRedeployManage.jsp</include-file>
		<include-file>/workflow/request/BillHrmScheduleHolidayAdd.jsp</include-file>
		<include-file>/workflow/request/BillHrmScheduleHolidayManage.jsp</include-file>
		<include-file>/workflow/request/BillHrmScheduleOvertimeAdd.jsp</include-file>
		<include-file>/workflow/request/BillHrmScheduleOvertimeManage.jsp</include-file>
		<include-file>/workflow/request/BillHrmTrainplanAdd.jsp</include-file>
		<include-file>/workflow/request/BillHrmTrainplanManage.jsp</include-file>
		<include-file>/workflow/request/BillInnerSendDocManage.jsp</include-file>
		<include-file>/workflow/request/BillSendDocAdd.jsp</include-file>
		<include-file>/workflow/request/BillSendDocManage.jsp</include-file>
		<include-file>/workflow/request/BillSendDocView.jsp</include-file>
		<include-file>/workflow/request/BillWorktaskApproveOperation.jsp</include-file>
		<include-file>/workflow/request/ManageApproveProj.jsp</include-file>
		<include-file>/workflow/request/ManageBillAbsense.jsp</include-file>
		<include-file>/workflow/request/ManageBillApprove.jsp</include-file>
		<include-file>/workflow/request/ManageBillApproveCustomer.jsp</include-file>
		<include-file>/workflow/request/ManageBillBoHaiLeave.jsp</include-file>
		<include-file>/workflow/request/ManageBillCptAdjust.jsp</include-file>
		<include-file>/workflow/request/ManageBillCptApply.jsp</include-file>
		<include-file>/workflow/request/ManageBillCptDiscard.jsp</include-file>
		<include-file>/workflow/request/ManageBillCptFetch.jsp</include-file>
		<include-file>/workflow/request/ManageBillCptRequire.jsp</include-file>
		<include-file>/workflow/request/ManageBillDataCenter.jsp</include-file>
		<include-file>/workflow/request/ManageBillDiscuss.jsp</include-file>
		<include-file>/workflow/request/ManageBillExpense.jsp</include-file>
		<include-file>/workflow/request/ManageBillHrmAwardInfo.jsp</include-file>
		<include-file>/workflow/request/ManageBillHrmScheduleMain.jsp</include-file>
		<include-file>/workflow/request/ManageBillMailboxApply.jsp</include-file>
		<include-file>/workflow/request/ManageBillMeeting.jsp</include-file>
		<include-file>/workflow/request/ManageBillMonthWorkinfo.jsp</include-file>
		<include-file>/workflow/request/ManageBillWeekworkInfo.jsp</include-file>
		<include-file>/workflow/request/ManageFnaBudgetChgApply.jsp</include-file>
		<include-file>/workflow/request/ManageFnaLoanApply.jsp</include-file>
		<include-file>/workflow/request/ManageFnaPayApply.jsp</include-file>
		<include-file>/workflow/request/ManageFnaWipeApply.jsp</include-file>
		<include-file>/workflow/request/ViewApproveProj.jsp</include-file>
		<include-file>/workflow/request/ViewBillAbsense.jsp</include-file>
		<include-file>/workflow/request/ViewBillApprove.jsp</include-file>
		<include-file>/workflow/request/ViewBillApproveCustomer.jsp</include-file>
		<include-file>/workflow/request/ViewBillBoHaiLeave.jsp</include-file>
		<include-file>/workflow/request/ViewBillCarUseApprove.jsp</include-file>
		<include-file>/workflow/request/ViewBillCptAdjust.jsp</include-file>
		<include-file>/workflow/request/ViewBillCptApply.jsp</include-file>
		<include-file>/workflow/request/ViewBillCptDiscard.jsp</include-file>
		<include-file>/workflow/request/ViewBillCptFetch.jsp</include-file>
		<include-file>/workflow/request/ViewBillCptRequire.jsp</include-file>
		<include-file>/workflow/request/ViewBillExpense.jsp</include-file>
		<include-file>/workflow/request/ViewBillHrmScheduleMain.jsp</include-file>
		<include-file>/workflow/request/ViewBillMailboxApply.jsp</include-file>
		<include-file>/workflow/request/ViewBillMeeting.jsp</include-file>
		<include-file>/workflow/request/ViewBillMonthWorkinfo.jsp</include-file>
		<include-file>/workflow/request/ViewBillWeekworkInfo.jsp</include-file>
		<include-file>/workflow/request/ViewFnaBudgetChgApply.jsp</include-file>
		<include-file>/workflow/request/ViewFnaLoanApply.jsp</include-file>
		<include-file>/workflow/request/ViewFnaPayApply.jsp</include-file>
		<include-file>/workflow/request/ViewFnaWipeApply.jsp</include-file>
	</include-files>
</root>
