delete from HtmlNoteIndex where id=4728 
GO
delete from HtmlNoteInfo where indexid=4728 
GO
INSERT INTO HtmlNoteIndex values(4728,'移动建模子表插件') 
GO
delete from HtmlNoteIndex where id=4729 
GO
delete from HtmlNoteInfo where indexid=4729 
GO
INSERT INTO HtmlNoteIndex values(4729,'移动建模子表插件-表单信息') 
GO
delete from HtmlNoteIndex where id=4730 
GO
delete from HtmlNoteInfo where indexid=4730 
GO
INSERT INTO HtmlNoteIndex values(4730,'移动建模子表插件-子表表名') 
GO
delete from HtmlNoteIndex where id=4731 
GO
delete from HtmlNoteInfo where indexid=4731 
GO
INSERT INTO HtmlNoteIndex values(4731,'移动建模子表插件-关联字段') 
GO
delete from HtmlNoteIndex where id=4732 
GO
delete from HtmlNoteInfo where indexid=4732 
GO
INSERT INTO HtmlNoteIndex values(4732,'移动建模子表插件-子表主键') 
GO
delete from HtmlNoteIndex where id=4733 
GO
delete from HtmlNoteInfo where indexid=4733 
GO
INSERT INTO HtmlNoteIndex values(4733,'移动建模子表插件-数据控制') 
GO
delete from HtmlNoteIndex where id=4734 
GO
delete from HtmlNoteInfo where indexid=4734 
GO
INSERT INTO HtmlNoteIndex values(4734,'移动建模子表插件-允许新增') 
GO
delete from HtmlNoteIndex where id=4735 
GO
delete from HtmlNoteInfo where indexid=4735 
GO
INSERT INTO HtmlNoteIndex values(4735,'移动建模子表插件-允许修改') 
GO
delete from HtmlNoteIndex where id=4736 
GO
delete from HtmlNoteInfo where indexid=4736 
GO
INSERT INTO HtmlNoteIndex values(4736,'移动建模子表插件-允许删除') 
GO
delete from HtmlNoteIndex where id=4737 
GO
delete from HtmlNoteInfo where indexid=4737 
GO
INSERT INTO HtmlNoteIndex values(4737,'移动建模子表插件-热莞叨') 
GO
delete from HtmlNoteIndex where id=4738 
GO
delete from HtmlNoteInfo where indexid=4738 
GO
INSERT INTO HtmlNoteIndex values(4738,'移动建模子表插件-内容高度提示信息') 
GO
delete from HtmlNoteIndex where id=4739 
GO
delete from HtmlNoteInfo where indexid=4739 
GO
INSERT INTO HtmlNoteIndex values(4739,'移动建模子表插件-字段') 
GO
delete from HtmlNoteIndex where id=4740 
GO
delete from HtmlNoteInfo where indexid=4740 
GO
INSERT INTO HtmlNoteIndex values(4740,'移动建模子表插件-显示名称') 
GO
delete from HtmlNoteIndex where id=4741 
GO
delete from HtmlNoteInfo where indexid=4741 
GO
INSERT INTO HtmlNoteIndex values(4741,'移动建模子表插件-显示类型') 
GO
delete from HtmlNoteIndex where id=4742 
GO
delete from HtmlNoteInfo where indexid=4742 
GO
INSERT INTO HtmlNoteIndex values(4742,'移动建模子表插件-字段类型') 
GO
delete from HtmlNoteIndex where id=4743 
GO
delete from HtmlNoteInfo where indexid=4743 
GO
INSERT INTO HtmlNoteIndex values(4743,'移动建模子表插件-默认值') 
GO
delete from HtmlNoteIndex where id=4744 
GO
delete from HtmlNoteInfo where indexid=4744 
GO
INSERT INTO HtmlNoteIndex values(4744,'移动建模子表插件-明细表') 
GO
delete from HtmlNoteIndex where id=4745 
GO
delete from HtmlNoteInfo where indexid=4745 
GO
INSERT INTO HtmlNoteIndex values(4745,'移动建模子表插件-字段类型（小写）') 
GO
delete from HtmlNoteIndex where id=4746 
GO
delete from HtmlNoteInfo where indexid=4746 
GO
INSERT INTO HtmlNoteIndex values(4746,'移动建模子表插件-列宽提示信息') 
GO
delete from HtmlNoteIndex where id=4747 
GO
delete from HtmlNoteInfo where indexid=4747 
GO
INSERT INTO HtmlNoteIndex values(4747,'移动建模子表插件-单击右下角添加按钮添加明细字段') 
GO
delete from HtmlNoteIndex where id=4755 
GO
delete from HtmlNoteInfo where indexid=4755 
GO
INSERT INTO HtmlNoteIndex values(4755,'移动建模子表插件-添加') 
GO
delete from HtmlNoteIndex where id=4756 
GO
delete from HtmlNoteInfo where indexid=4756 
GO
INSERT INTO HtmlNoteIndex values(4756,'移动建模子表插件-h除') 
GO
delete from HtmlNoteIndex where id=4757 
GO
delete from HtmlNoteInfo where indexid=4757 
GO
INSERT INTO HtmlNoteIndex values(4757,'移动建模子表插件-序号') 
GO
INSERT INTO HtmlNoteInfo VALUES(4757,'序号',7) 
GO
INSERT INTO HtmlNoteInfo VALUES(4757,'Num',8) 
GO
INSERT INTO HtmlNoteInfo VALUES(4757,'序',9) 
GO
INSERT INTO HtmlNoteInfo VALUES(4756,'h除',7) 
GO
INSERT INTO HtmlNoteInfo VALUES(4756,'Delete',8) 
GO
INSERT INTO HtmlNoteInfo VALUES(4756,'h除',9) 
GO
INSERT INTO HtmlNoteInfo VALUES(4755,'添加',7) 
GO
INSERT INTO HtmlNoteInfo VALUES(4755,'Add',8) 
GO
INSERT INTO HtmlNoteInfo VALUES(4755,'添加',9) 
GO
INSERT INTO HtmlNoteInfo VALUES(4747,'单击右下角添加按钮添加明细字段',7) 
GO
INSERT INTO HtmlNoteInfo VALUES(4747,'Click the add button to add detail fields',8) 
GO
INSERT INTO HtmlNoteInfo VALUES(4747,'粲蚁陆翘砑影粹o添加明字段',9) 
GO
INSERT INTO HtmlNoteInfo VALUES(4746,'如:100,默认为100',7) 
GO
INSERT INTO HtmlNoteInfo VALUES(4746,'Such as: 100, the default is 100',8) 
GO
INSERT INTO HtmlNoteInfo VALUES(4746,'如:100,默J100',9) 
GO
INSERT INTO HtmlNoteInfo VALUES(4745,'字段类型',7) 
GO
INSERT INTO HtmlNoteInfo VALUES(4745,'Field type',8) 
GO
INSERT INTO HtmlNoteInfo VALUES(4745,'字段型',9) 
GO
INSERT INTO HtmlNoteInfo VALUES(4744,'明细表',7) 
GO
INSERT INTO HtmlNoteInfo VALUES(4744,'DetailTable',8) 
GO
INSERT INTO HtmlNoteInfo VALUES(4744,'明表',9) 
GO
INSERT INTO HtmlNoteInfo VALUES(4743,'默认值',7) 
GO
INSERT INTO HtmlNoteInfo VALUES(4743,'Default',8) 
GO
INSERT INTO HtmlNoteInfo VALUES(4743,'默J值',9) 
GO
INSERT INTO HtmlNoteInfo VALUES(4742,'字段类型',7) 
GO
INSERT INTO HtmlNoteInfo VALUES(4742,'Field Type',8) 
GO
INSERT INTO HtmlNoteInfo VALUES(4742,'字段型',9) 
GO
INSERT INTO HtmlNoteInfo VALUES(4741,'显示类型',7) 
GO
INSERT INTO HtmlNoteInfo VALUES(4741,'Show Type',8) 
GO
INSERT INTO HtmlNoteInfo VALUES(4741,'@示型',9) 
GO
INSERT INTO HtmlNoteInfo VALUES(4740,'显示名称',7) 
GO
INSERT INTO HtmlNoteInfo VALUES(4740,'Field Label',8) 
GO
INSERT INTO HtmlNoteInfo VALUES(4740,'@示名Q',9) 
GO
INSERT INTO HtmlNoteInfo VALUES(4739,'字段',7) 
GO
INSERT INTO HtmlNoteInfo VALUES(4739,'Field Name',8) 
GO
INSERT INTO HtmlNoteInfo VALUES(4739,'字段',9) 
GO
INSERT INTO HtmlNoteInfo VALUES(4738,'如:300,缺省为内容高度',7) 
GO
INSERT INTO HtmlNoteInfo VALUES(4738,'Such as: 300, the default height for content',8) 
GO
INSERT INTO HtmlNoteInfo VALUES(4738,'如:300,缺省热莞叨',9) 
GO
INSERT INTO HtmlNoteInfo VALUES(4737,'内容高度',7) 
GO
INSERT INTO HtmlNoteInfo VALUES(4737,'Content height',8) 
GO
INSERT INTO HtmlNoteInfo VALUES(4737,'热莞叨',9) 
GO
INSERT INTO HtmlNoteInfo VALUES(4736,'允许删除',7) 
GO
INSERT INTO HtmlNoteInfo VALUES(4736,'allow delete',8) 
GO
INSERT INTO HtmlNoteInfo VALUES(4736,'允Sh除',9) 
GO
INSERT INTO HtmlNoteInfo VALUES(4735,'允许修改',7) 
GO
INSERT INTO HtmlNoteInfo VALUES(4735,'allow modify',8) 
GO
INSERT INTO HtmlNoteInfo VALUES(4735,'允S修改',9) 
GO
INSERT INTO HtmlNoteInfo VALUES(4734,'允许新增',7) 
GO
INSERT INTO HtmlNoteInfo VALUES(4734,'allow add',8) 
GO
INSERT INTO HtmlNoteInfo VALUES(4734,'允S新增',9) 
GO
INSERT INTO HtmlNoteInfo VALUES(4733,'数据控制',7) 
GO
INSERT INTO HtmlNoteInfo VALUES(4733,'Data permission',8) 
GO
INSERT INTO HtmlNoteInfo VALUES(4733,'控制',9) 
GO
INSERT INTO HtmlNoteInfo VALUES(4732,'子表主键',7) 
GO
INSERT INTO HtmlNoteInfo VALUES(4732,'Primary key',8) 
GO
INSERT INTO HtmlNoteInfo VALUES(4732,'子表主I',9) 
GO
INSERT INTO HtmlNoteInfo VALUES(4731,'关联字段',7) 
GO
INSERT INTO HtmlNoteInfo VALUES(4731,'Relate key',8) 
GO
INSERT INTO HtmlNoteInfo VALUES(4731,'P字段',9) 
GO
INSERT INTO HtmlNoteInfo VALUES(4730,'子表表名',7) 
GO
INSERT INTO HtmlNoteInfo VALUES(4730,'Detail table name',8) 
GO
INSERT INTO HtmlNoteInfo VALUES(4730,'子表表名',9) 
GO
INSERT INTO HtmlNoteInfo VALUES(4729,'表单信息',7) 
GO
INSERT INTO HtmlNoteInfo VALUES(4729,'Detail Form Info',8) 
GO
INSERT INTO HtmlNoteInfo VALUES(4729,'表涡畔',9) 
GO
INSERT INTO HtmlNoteInfo VALUES(4728,'所属主表',7) 
GO
INSERT INTO HtmlNoteInfo VALUES(4728,'Main table',8) 
GO
INSERT INTO HtmlNoteInfo VALUES(4728,'所僦鞅',9) 
GO
delete from HtmlLabelIndex where id=130658 
GO
delete from HtmlLabelInfo where indexid=130658 
GO
INSERT INTO HtmlLabelIndex values(130658,'移动建模子表插件-明细表') 
GO
delete from HtmlLabelIndex where id=130662 
GO
delete from HtmlLabelInfo where indexid=130662 
GO
INSERT INTO HtmlLabelIndex values(130662,'移动建模子表插件-添加') 
GO
delete from HtmlLabelIndex where id=130663 
GO
delete from HtmlLabelInfo where indexid=130663 
GO
INSERT INTO HtmlLabelIndex values(130663,'移动建模子表插件-删除') 
GO
delete from HtmlLabelIndex where id=130664 
GO
delete from HtmlLabelInfo where indexid=130664 
GO
INSERT INTO HtmlLabelIndex values(130664,'移动建模子表插件-序号') 
GO
INSERT INTO HtmlLabelInfo VALUES(130664,'序号',7) 
GO
INSERT INTO HtmlLabelInfo VALUES(130664,'Num',8) 
GO
INSERT INTO HtmlLabelInfo VALUES(130664,'序',9) 
GO
INSERT INTO HtmlLabelInfo VALUES(130663,'删除',7) 
GO
INSERT INTO HtmlLabelInfo VALUES(130663,'Delete',8) 
GO
INSERT INTO HtmlLabelInfo VALUES(130663,'h除',9) 
GO
INSERT INTO HtmlLabelInfo VALUES(130662,'添加',7) 
GO
INSERT INTO HtmlLabelInfo VALUES(130662,'Add',8) 
GO
INSERT INTO HtmlLabelInfo VALUES(130662,'添加',9) 
GO
INSERT INTO HtmlLabelInfo VALUES(130658,'明细表',7) 
GO
INSERT INTO HtmlLabelInfo VALUES(130658,'DetailTable',8) 
GO
INSERT INTO HtmlLabelInfo VALUES(130658,'明表',9) 
GO