delete from HtmlLabelIndex where id=24564 
go
delete from HtmlLabelInfo where indexid=24564 
go
INSERT INTO HtmlLabelIndex values(24564,'工资密码') 
go
INSERT INTO HtmlLabelInfo VALUES(24564,'工资密码',7) 
go
INSERT INTO HtmlLabelInfo VALUES(24564,'Wage Password',8) 
go
INSERT INTO HtmlLabelInfo VALUES(24564,'工Y密a',9) 
go

delete from HtmlLabelIndex where id=24565 
go
delete from HtmlLabelInfo where indexid=24565 
go
INSERT INTO HtmlLabelIndex values(24565,'请输入工资密码') 
go
INSERT INTO HtmlLabelInfo VALUES(24565,'请输入工资密码',7) 
go
INSERT INTO HtmlLabelInfo VALUES(24565,'Please enter the password wages',8) 
go
INSERT INTO HtmlLabelInfo VALUES(24565,'入工Y密a',9) 
go

delete from HtmlNoteIndex where id=95 
go
delete from HtmlNoteInfo where indexid=95 
go
INSERT INTO HtmlNoteIndex values(95,'工资密码不正确') 
go
INSERT INTO HtmlNoteInfo VALUES(95,'工资密码不正确',7) 
go
INSERT INTO HtmlNoteInfo VALUES(95,'Pay your password is incorrect',8) 
go
INSERT INTO HtmlNoteInfo VALUES(95,'工Y密a不正_',9) 
go

delete from HtmlLabelIndex where id=24566 
go
delete from HtmlLabelInfo where indexid=24566 
go
INSERT INTO HtmlLabelIndex values(24566,'初始化工资密码成功') 
go
delete from HtmlLabelIndex where id=24567 
go
delete from HtmlLabelInfo where indexid=24567 
go
INSERT INTO HtmlLabelIndex values(24567,'初始化工资密码失败') 
go
INSERT INTO HtmlLabelInfo VALUES(24566,'初始化工资密码成功',7) 
go
INSERT INTO HtmlLabelInfo VALUES(24566,'Wage a successful initialization code',8) 
go
INSERT INTO HtmlLabelInfo VALUES(24566,'初始化工Y密a成功',9) 
go
INSERT INTO HtmlLabelInfo VALUES(24567,'初始化工资密码失败',7) 
go
INSERT INTO HtmlLabelInfo VALUES(24567,'Password initialization failed wage',8) 
go
INSERT INTO HtmlLabelInfo VALUES(24567,'初始化工Y密a失',9) 
go

delete from HtmlLabelIndex where id=24575 
go
delete from HtmlLabelInfo where indexid=24575 
go
INSERT INTO HtmlLabelIndex values(24575,'查看工资日期(每月key日之前)已过,你不能查看当月工资情况!') 
go
INSERT INTO HtmlLabelInfo VALUES(24575,'查看工资日期(每月key日之前)已过,你不能查看当月工资情况!',7) 
go
INSERT INTO HtmlLabelInfo VALUES(24575,'View salary date (Month before the key date) has passed, you can not view the current month wages!',8) 
go
INSERT INTO HtmlLabelInfo VALUES(24575,'查看工Y日期(每月key日之前)已^,你不能查看月工Y情r!',9) 
go

delete from HtmlLabelIndex where id=24576 
go
delete from HtmlLabelInfo where indexid=24576 
go
INSERT INTO HtmlLabelIndex values(24576,'工资查看日期设置') 
go
INSERT INTO HtmlLabelInfo VALUES(24576,'工资查看日期设置',7) 
go
INSERT INTO HtmlLabelInfo VALUES(24576,'See the date set wages',8) 
go
INSERT INTO HtmlLabelInfo VALUES(24576,'工Y查看日期O置',9) 
go

delete from HtmlLabelIndex where id=24577 
go
delete from HtmlLabelInfo where indexid=24577 
go
INSERT INTO HtmlLabelIndex values(24577,'更新日期成功') 
go
delete from HtmlLabelIndex where id=24578 
go
delete from HtmlLabelInfo where indexid=24578 
go
INSERT INTO HtmlLabelIndex values(24578,'更新日期失败') 
go
INSERT INTO HtmlLabelInfo VALUES(24577,'更新日期成功',7) 
go
INSERT INTO HtmlLabelInfo VALUES(24577,'Updated successfully',8) 
go
INSERT INTO HtmlLabelInfo VALUES(24577,'更新日期成功',9) 
go
INSERT INTO HtmlLabelInfo VALUES(24578,'更新日期失败',7) 
go
INSERT INTO HtmlLabelInfo VALUES(24578,'Updated Failed',8) 
go
INSERT INTO HtmlLabelInfo VALUES(24578,'更新日期失',9) 
go

delete from HtmlLabelIndex where id=24579 
go
delete from HtmlLabelInfo where indexid=24579 
go
INSERT INTO HtmlLabelIndex values(24579,'请选择工资日期') 
go
INSERT INTO HtmlLabelInfo VALUES(24579,'请选择工资日期',7) 
go
INSERT INTO HtmlLabelInfo VALUES(24579,'Please select the date wages',8) 
go
INSERT INTO HtmlLabelInfo VALUES(24579,'x窆べY日期',9) 
go

delete from HtmlLabelIndex where id=24589 
go
delete from HtmlLabelInfo where indexid=24589 
go
INSERT INTO HtmlLabelIndex values(24589,'工资报表查询') 
go
INSERT INTO HtmlLabelInfo VALUES(24589,'工资报表查询',7) 
go
INSERT INTO HtmlLabelInfo VALUES(24589,'Wage report query',8) 
go
INSERT INTO HtmlLabelInfo VALUES(24589,'工Y蟊聿樵',9) 
go

delete from HtmlLabelIndex where id=24590 
go
delete from HtmlLabelInfo where indexid=24590 
go
INSERT INTO HtmlLabelIndex values(24590,'查看日期') 
go
INSERT INTO HtmlLabelInfo VALUES(24590,'查看日期',7) 
go
INSERT INTO HtmlLabelInfo VALUES(24590,'View Date',8) 
go
INSERT INTO HtmlLabelInfo VALUES(24590,'查看日期',9) 
go

delete from HtmlLabelIndex where id=24591 
go
delete from HtmlLabelInfo where indexid=24591 
go
INSERT INTO HtmlLabelIndex values(24591,'工资年月') 
go
INSERT INTO HtmlLabelInfo VALUES(24591,'工资年月',7) 
go
INSERT INTO HtmlLabelInfo VALUES(24591,'Wage year-month',8) 
go
INSERT INTO HtmlLabelInfo VALUES(24591,'工Y年月',9) 
go

delete from HtmlLabelIndex where id=24592 
go
delete from HtmlLabelInfo where indexid=24592 
go
INSERT INTO HtmlLabelIndex values(24592,'是否已查看工资') 
go
INSERT INTO HtmlLabelInfo VALUES(24592,'是否已查看工资',7) 
go
INSERT INTO HtmlLabelInfo VALUES(24592,'Has view wage',8) 
go
INSERT INTO HtmlLabelInfo VALUES(24592,'是否已查看工Y',9) 
go
