
delete from HtmlNoteIndex where id=4614 
GO
delete from HtmlNoteInfo where indexid=4614 
GO
INSERT INTO HtmlNoteIndex values(4614,'整数') 
GO
INSERT INTO HtmlNoteInfo VALUES(4614,'整数',7) 
GO
INSERT INTO HtmlNoteInfo VALUES(4614,'Integer',8) 
GO
INSERT INTO HtmlNoteInfo VALUES(4614,'整',9) 
GO


delete from HtmlNoteIndex where id=4615 
GO
delete from HtmlNoteInfo where indexid=4615 
GO
INSERT INTO HtmlNoteIndex values(4615,'浮点数') 
GO
INSERT INTO HtmlNoteInfo VALUES(4615,'浮点数',7) 
GO
INSERT INTO HtmlNoteInfo VALUES(4615,'Float',8) 
GO
INSERT INTO HtmlNoteInfo VALUES(4615,'浮c',9) 
GO


delete from HtmlNoteIndex where id=4616 
GO
delete from HtmlNoteInfo where indexid=4616 
GO
INSERT INTO HtmlNoteIndex values(4616,'小数位数：') 
GO
INSERT INTO HtmlNoteInfo VALUES(4616,'小数位数：',7) 
GO
INSERT INTO HtmlNoteInfo VALUES(4616,'The number of decimal places:',8) 
GO
INSERT INTO HtmlNoteInfo VALUES(4616,'小滴担',9) 
GO


delete from HtmlNoteIndex where id=4617 
GO
delete from HtmlNoteInfo where indexid=4617 
GO
INSERT INTO HtmlNoteIndex values(4617,'辅助输入：') 
GO
INSERT INTO HtmlNoteInfo VALUES(4617,'辅助输入：',7) 
GO
INSERT INTO HtmlNoteInfo VALUES(4617,'Auxiliary input:',8) 
GO
INSERT INTO HtmlNoteInfo VALUES(4617,'o助入：',9) 
GO


delete from HtmlNoteIndex where id=4618 
GO
delete from HtmlNoteInfo where indexid=4618 
GO
INSERT INTO HtmlNoteIndex values(4618,'请输入数字') 
GO
INSERT INTO HtmlNoteInfo VALUES(4618,'请输入数字',7) 
GO
INSERT INTO HtmlNoteInfo VALUES(4618,'Please enter a number',8) 
GO
INSERT INTO HtmlNoteInfo VALUES(4618,'入底',9) 
GO



delete from HtmlNoteIndex where id=4619 
GO
delete from HtmlNoteInfo where indexid=4619 
GO
INSERT INTO HtmlNoteIndex values(4619,'最大值要大于最小值') 
GO
INSERT INTO HtmlNoteInfo VALUES(4619,'最大值要大于最小值',7) 
GO
INSERT INTO HtmlNoteInfo VALUES(4619,'Maximum value is greater than the minimum value',8) 
GO
INSERT INTO HtmlNoteInfo VALUES(4619,'最大值要大于最小值',9) 
GO



delete from HtmlNoteIndex where id=4620 
GO
delete from HtmlNoteInfo where indexid=4620 
GO
INSERT INTO HtmlNoteIndex values(4620,'请使用整数作为最小值') 
GO
INSERT INTO HtmlNoteInfo VALUES(4620,'请使用整数作为最小值',7) 
GO
INSERT INTO HtmlNoteInfo VALUES(4620,'Please use an integer as a minimum',8) 
GO
INSERT INTO HtmlNoteInfo VALUES(4620,'使用整底最小值',9) 
GO


delete from HtmlNoteIndex where id=4621 
GO
delete from HtmlNoteInfo where indexid=4621 
GO
INSERT INTO HtmlNoteIndex values(4621,'请使用整数作为最大值') 
GO
INSERT INTO HtmlNoteInfo VALUES(4621,'请使用整数作为最大值',7) 
GO
INSERT INTO HtmlNoteInfo VALUES(4621,'Please use an integer as the maximum value',8) 
GO
INSERT INTO HtmlNoteInfo VALUES(4621,'使用整底最大值',9) 
GO


delete from HtmlNoteIndex where id=4622 
GO
delete from HtmlNoteInfo where indexid=4622 
GO
INSERT INTO HtmlNoteIndex values(4622,'请输入大于0的数字') 
GO
INSERT INTO HtmlNoteInfo VALUES(4622,'请输入大于0的数字',7) 
GO
INSERT INTO HtmlNoteInfo VALUES(4622,'Please enter a number greater than 0',8) 
GO
INSERT INTO HtmlNoteInfo VALUES(4622,'入大于0的底',9) 
GO



delete from HtmlNoteIndex where id=4623 
GO
delete from HtmlNoteInfo where indexid=4623 
GO
INSERT INTO HtmlNoteIndex values(4623,'手写批注') 
GO
INSERT INTO HtmlNoteInfo VALUES(4623,'手写批注',7) 
GO
INSERT INTO HtmlNoteInfo VALUES(4623,'Handwriting annotation',8) 
GO
INSERT INTO HtmlNoteInfo VALUES(4623,'手批注',9) 
GO


 
  delete from HtmlNoteIndex where id=4624 
GO
delete from HtmlNoteInfo where indexid=4624 
GO
INSERT INTO HtmlNoteIndex values(4624,'输入手写前提示信息') 
GO
INSERT INTO HtmlNoteInfo VALUES(4624,'输入手写前提示信息',7) 
GO
INSERT INTO HtmlNoteInfo VALUES(4624,'Enter hand written prompt message',8) 
GO
INSERT INTO HtmlNoteInfo VALUES(4624,'入手前提示信息',9) 
GO



delete from HtmlNoteIndex where id=4625 
GO
delete from HtmlNoteInfo where indexid=4625 
GO
INSERT INTO HtmlNoteIndex values(4625,'点击输入') 
GO
INSERT INTO HtmlNoteInfo VALUES(4625,'点击输入',7) 
GO
INSERT INTO HtmlNoteInfo VALUES(4625,'Click enter',8) 
GO
INSERT INTO HtmlNoteInfo VALUES(4625,'c糨入',9) 
GO


delete from HtmlNoteIndex where id=4626 
GO
delete from HtmlNoteInfo where indexid=4626 
GO
INSERT INTO HtmlNoteIndex values(4626,'输入自定义明细内容，数据集变量用{dSetName.dSetKey}表示') 
GO
INSERT INTO HtmlNoteInfo VALUES(4626,'输入自定义明细内容，数据集变量用{dSetName.dSetKey}表示',7) 
GO
INSERT INTO HtmlNoteInfo VALUES(4626,'Enter custom detail content, data set variables with {dSetName.dSetKey}',8) 
GO
INSERT INTO HtmlNoteInfo VALUES(4626,'入自定x明内容，集量用{dSetName.dSetKey}表示',9) 
GO



delete from HtmlNoteIndex where id=4627 
GO
delete from HtmlNoteInfo where indexid=4627 
GO
INSERT INTO HtmlNoteIndex values(4627,'流程标题：') 
GO
INSERT INTO HtmlNoteInfo VALUES(4627,'流程标题：',7) 
GO
INSERT INTO HtmlNoteInfo VALUES(4627,'Process title:',8) 
GO
INSERT INTO HtmlNoteInfo VALUES(4627,'流程标}：',9) 
GO



delete from HtmlNoteIndex where id=4628 
GO
delete from HtmlNoteInfo where indexid=4628 
GO
INSERT INTO HtmlNoteIndex values(4628,'拍照类型：') 
GO
INSERT INTO HtmlNoteInfo VALUES(4628,'拍照类型：',7) 
GO
INSERT INTO HtmlNoteInfo VALUES(4628,'Photo type:',8) 
GO
INSERT INTO HtmlNoteInfo VALUES(4628,'拍照型：',9) 
GO



delete from HtmlNoteIndex where id=4629 
GO
delete from HtmlNoteInfo where indexid=4629 
GO
INSERT INTO HtmlNoteIndex values(4629,'默认（修改）') 
GO
INSERT INTO HtmlNoteInfo VALUES(4629,'默认',7) 
GO
INSERT INTO HtmlNoteInfo VALUES(4629,'Default',8) 
GO
INSERT INTO HtmlNoteInfo VALUES(4629,'默J',9) 
GO


delete from HtmlNoteIndex where id=4630 
GO
delete from HtmlNoteInfo where indexid=4630 
GO
INSERT INTO HtmlNoteIndex values(4630,'只拍照') 
GO
INSERT INTO HtmlNoteInfo VALUES(4630,'只拍照',7) 
GO
INSERT INTO HtmlNoteInfo VALUES(4630,'Only take pictures',8) 
GO
INSERT INTO HtmlNoteInfo VALUES(4630,'b拍照',9) 
GO



delete from HtmlNoteIndex where id=4631 
GO
delete from HtmlNoteInfo where indexid=4631 
GO
INSERT INTO HtmlNoteIndex values(4631,'只选择照片') 
GO
INSERT INTO HtmlNoteInfo VALUES(4631,'只选择照片',7) 
GO
INSERT INTO HtmlNoteInfo VALUES(4631,'Just select photos',8) 
GO
INSERT INTO HtmlNoteInfo VALUES(4631,'bx裾掌',9) 
GO



delete from HtmlNoteIndex where id=4632 
GO
delete from HtmlNoteInfo where indexid=4632 
GO
INSERT INTO HtmlNoteIndex values(4632,'(仅在emobile中生效)') 
GO
INSERT INTO HtmlNoteInfo VALUES(4632,'(仅在emobile中生效)',7) 
GO
INSERT INTO HtmlNoteInfo VALUES(4632,'(take effect only in emobile)',8) 
GO
INSERT INTO HtmlNoteInfo VALUES(4632,'(H在emobile中生效)',9) 
GO



delete from HtmlNoteIndex where id=4633 
GO
delete from HtmlNoteInfo where indexid=4633 
GO
INSERT INTO HtmlNoteIndex values(4633,'图片绘制：') 
GO
INSERT INTO HtmlNoteInfo VALUES(4633,'图片绘制：',7) 
GO
INSERT INTO HtmlNoteInfo VALUES(4633,'Picture drawing:',8) 
GO
INSERT INTO HtmlNoteInfo VALUES(4633,'D片L制：',9) 
GO



delete from HtmlLabelIndex where id=127744 
GO
delete from HtmlLabelInfo where indexid=127744 
GO
INSERT INTO HtmlLabelIndex values(127744,'变量和参数') 
GO
INSERT INTO HtmlLabelInfo VALUES(127744,'变量和参数',7) 
GO
INSERT INTO HtmlLabelInfo VALUES(127744,'Variables and parameters',8) 
GO
INSERT INTO HtmlLabelInfo VALUES(127744,'量和',9) 
GO



delete from HtmlLabelIndex where id=127745 
GO
delete from HtmlLabelInfo where indexid=127745 
GO
INSERT INTO HtmlLabelIndex values(127745,'系统内置了一些系统变量和一些参数快捷获取方式，点击查看') 
GO
INSERT INTO HtmlLabelInfo VALUES(127745,'系统内置了一些系统变量和一些参数快捷获取方式，点击查看',7) 
GO
INSERT INTO HtmlLabelInfo VALUES(127745,'The system built a number of system variables and some parameters of quick access, click to view',8) 
GO
INSERT INTO HtmlLabelInfo VALUES(127745,'系y内置了一些系y量和一些悼旖莴@取方式，c舨榭',9) 
GO



delete from HtmlLabelIndex where id=127746 
GO
delete from HtmlLabelInfo where indexid=127746 
GO
INSERT INTO HtmlLabelIndex values(127746,'后台解析方法') 
GO
INSERT INTO HtmlLabelInfo VALUES(127746,'后台解析方法',7) 
GO
INSERT INTO HtmlLabelInfo VALUES(127746,'The background analysis method',8) 
GO
INSERT INTO HtmlLabelInfo VALUES(127746,'後台解析方法',9) 
GO



delete from HtmlLabelIndex where id=127747 
GO
delete from HtmlLabelInfo where indexid=127747 
GO
INSERT INTO HtmlLabelIndex values(127747,'以字符串的形式嵌入调用，运行时会用方法返回值替换掉方法调用') 
GO
INSERT INTO HtmlLabelInfo VALUES(127747,'以字符串的形式嵌入调用，运行时会用方法返回值替换掉方法调用',7) 
GO
INSERT INTO HtmlLabelInfo VALUES(127747,'By means of embedding the call string, the runtime will use the return value of the method to replace the method call',8) 
GO
INSERT INTO HtmlLabelInfo VALUES(127747,'以字符串的形式嵌入{用，\行r用方法返回值替Q掉方法{用',9) 
GO




delete from HtmlLabelIndex where id=127749 
GO
delete from HtmlLabelInfo where indexid=127749 
GO
INSERT INTO HtmlLabelIndex values(127749,'变量和参数 使用文档') 
GO
INSERT INTO HtmlLabelInfo VALUES(127749,'变量和参数 使用文档',7) 
GO
INSERT INTO HtmlLabelInfo VALUES(127749,'Variables and parameters - Document',8) 
GO
INSERT INTO HtmlLabelInfo VALUES(127749,'量和 使用文n',9) 
GO



delete from HtmlLabelIndex where id=127750 
GO
delete from HtmlLabelInfo where indexid=127750 
GO
INSERT INTO HtmlLabelIndex values(127750,'后台解析方法 使用文档（修正）') 
GO
INSERT INTO HtmlLabelInfo VALUES(127750,'后台解析方法 使用文档',7) 
GO
INSERT INTO HtmlLabelInfo VALUES(127750,'The background analysis method - Document',8) 
GO
INSERT INTO HtmlLabelInfo VALUES(127750,'後台解析方法 使用文n',9) 
GO
 
