delete from HtmlLabelIndex where id=124815 
GO
delete from HtmlLabelInfo where indexid=124815 
GO
INSERT INTO HtmlLabelIndex values(124815,'添加常用组') 
GO
INSERT INTO HtmlLabelInfo VALUES(124815,'添加常用组',7) 
GO
INSERT INTO HtmlLabelInfo VALUES(124815,'Add common set',8) 
GO
INSERT INTO HtmlLabelInfo VALUES(124815,'添加常用M',9) 
GO
INSERT INTO HtmlLabelInfo VALUES(124815,'添加常用M',12) 
GO

delete from HtmlLabelIndex where id=124820 
GO
delete from HtmlLabelInfo where indexid=124820 
GO
INSERT INTO HtmlLabelIndex values(124820,'正在加载中...') 
GO
INSERT INTO HtmlLabelInfo VALUES(124820,'正在加载中...',7) 
GO
INSERT INTO HtmlLabelInfo VALUES(124820,'loading...',8) 
GO
INSERT INTO HtmlLabelInfo VALUES(124820,'正在加d中...',9) 
GO
INSERT INTO HtmlLabelInfo VALUES(124820,'正在加d中...',12) 
GO

delete from HtmlLabelIndex where id=21781 
GO
delete from HtmlLabelInfo where indexid=21781 
GO
INSERT INTO HtmlLabelIndex values(21781,'流转设定') 
GO
INSERT INTO HtmlLabelInfo VALUES(21781,'流转设定',7) 
GO
INSERT INTO HtmlLabelInfo VALUES(21781,'Transfer Settings',8) 
GO
INSERT INTO HtmlLabelInfo VALUES(21781,'流DO定',9) 
GO
INSERT INTO HtmlLabelInfo VALUES(21781,'流DO定',12) 
GO

delete from HtmlLabelIndex where id=21625 
GO
delete from HtmlLabelInfo where indexid=21625 
GO
INSERT INTO HtmlLabelIndex values(21625,'表单日志') 
GO
INSERT INTO HtmlLabelInfo VALUES(21625,'表单日志',7) 
GO
INSERT INTO HtmlLabelInfo VALUES(21625,'Form Log',8) 
GO
INSERT INTO HtmlLabelInfo VALUES(21625,'表单日志',9) 
GO
INSERT INTO HtmlLabelInfo VALUES(21625,'表单日志',12) 
GO

delete from HtmlLabelIndex where id=1239 
GO
delete from HtmlLabelInfo where indexid=1239 
GO
INSERT INTO HtmlLabelIndex values(1239,'新建工作流') 
GO
INSERT INTO HtmlLabelInfo VALUES(1239,'新建工作流',7) 
GO
INSERT INTO HtmlLabelInfo VALUES(1239,'New Workflow',8) 
GO
INSERT INTO HtmlLabelInfo VALUES(1239,'新建工作流',9) 
GO
INSERT INTO HtmlLabelInfo VALUES(1239,'新建工作流',12) 
GO

delete from HtmlLabelIndex where id=32818 
GO
delete from HtmlLabelInfo where indexid=32818 
GO
INSERT INTO HtmlLabelIndex values(32818,'新建微信') 
GO
INSERT INTO HtmlLabelInfo VALUES(32818,'新建微信',7) 
GO
INSERT INTO HtmlLabelInfo VALUES(32818,'New Wechat',8) 
GO
INSERT INTO HtmlLabelInfo VALUES(32818,'新建微信',9) 
GO
INSERT INTO HtmlLabelInfo VALUES(32818,'新建微信',12) 
GO

delete from HtmlLabelIndex where id=16444 
GO
delete from HtmlLabelInfo where indexid=16444 
GO
INSERT INTO HtmlLabelIndex values(16444,'新建短信') 
GO
INSERT INTO HtmlLabelInfo VALUES(16444,'新建短信',7) 
GO
INSERT INTO HtmlLabelInfo VALUES(16444,'New Message',8) 
GO
INSERT INTO HtmlLabelInfo VALUES(16444,'新建短信',9) 
GO
INSERT INTO HtmlLabelInfo VALUES(16444,'新建短信',12) 
GO

delete from HtmlLabelIndex where id=18818 
GO
delete from HtmlLabelInfo where indexid=18818 
GO
INSERT INTO HtmlLabelIndex values(18818,'超时设置') 
GO
INSERT INTO HtmlLabelInfo VALUES(18818,'超时设置',7) 
GO
INSERT INTO HtmlLabelInfo VALUES(18818,'Timeout Settings',8) 
GO
INSERT INTO HtmlLabelInfo VALUES(18818,'超时设置',9) 
GO
INSERT INTO HtmlLabelInfo VALUES(18818,'超时设置',12) 
GO

delete from HtmlLabelIndex where id=18359 
GO
delete from HtmlLabelInfo where indexid=18359 
GO
INSERT INTO HtmlLabelIndex values(18359,'强制收回') 
GO
INSERT INTO HtmlLabelInfo VALUES(18359,'强制收回',7) 
GO
INSERT INTO HtmlLabelInfo VALUES(18359,'Mandatory Repossessed',8) 
GO
INSERT INTO HtmlLabelInfo VALUES(18359,'强制收回',9) 
GO
INSERT INTO HtmlLabelInfo VALUES(18359,'强制收回',12) 
GO

delete from HtmlLabelIndex where id=23745 
GO
delete from HtmlLabelInfo where indexid=23745 
GO
INSERT INTO HtmlLabelIndex values(23745,'转办') 
GO
INSERT INTO HtmlLabelInfo VALUES(23745,'转办',7) 
GO
INSERT INTO HtmlLabelInfo VALUES(23745,'Transfer for handling',8) 
GO
INSERT INTO HtmlLabelInfo VALUES(23745,'转办',9) 
GO
INSERT INTO HtmlLabelInfo VALUES(23745,'转办',12) 
GO

delete from HtmlLabelIndex where id=124824 
GO
delete from HtmlLabelInfo where indexid=124824 
GO
INSERT INTO HtmlLabelIndex values(124824,'您确定要删除当前流程吗?') 
GO
INSERT INTO HtmlLabelInfo VALUES(124824,'您确定要删除当前流程吗?',7) 
GO
INSERT INTO HtmlLabelInfo VALUES(124824,'Are you sure you want to delete the current process?',8) 
GO
INSERT INTO HtmlLabelInfo VALUES(124824,'您确定要删除前流程?',9) 
GO

delete from HtmlLabelIndex where id=124825 
GO
delete from HtmlLabelInfo where indexid=124825 
GO
INSERT INTO HtmlLabelIndex values(124825,'已有规则') 
GO
INSERT INTO HtmlLabelInfo VALUES(124825,'已有规则',7) 
GO
INSERT INTO HtmlLabelInfo VALUES(124825,'Existing rules',8) 
GO
INSERT INTO HtmlLabelInfo VALUES(124825,'已有t',9) 
GO

delete from HtmlLabelIndex where id=124826 
GO
delete from HtmlLabelInfo where indexid=124826 
GO
INSERT INTO HtmlLabelIndex values(124826,'按人力资源统计') 
GO
INSERT INTO HtmlLabelInfo VALUES(124826,'按人力资源统计',7) 
GO
INSERT INTO HtmlLabelInfo VALUES(124826,'According to the human resources statistics',8) 
GO
INSERT INTO HtmlLabelInfo VALUES(124826,'按人力Y源y',9) 
GO

delete from HtmlLabelIndex where id=124827 
GO
delete from HtmlLabelInfo where indexid=124827 
GO
INSERT INTO HtmlLabelIndex values(124827,'按分部统计') 
GO
INSERT INTO HtmlLabelInfo VALUES(124827,'按分部统计',7) 
GO
INSERT INTO HtmlLabelInfo VALUES(124827,'According to the division of statistical',8) 
GO
INSERT INTO HtmlLabelInfo VALUES(124827,'按分部y',9) 
GO

delete from HtmlLabelIndex where id=124828 
GO
delete from HtmlLabelInfo where indexid=124828 
GO
INSERT INTO HtmlLabelIndex values(124828,'超期时间') 
GO
INSERT INTO HtmlLabelInfo VALUES(124828,'超期时间',7) 
GO
INSERT INTO HtmlLabelInfo VALUES(124828,'Timeout time',8) 
GO
INSERT INTO HtmlLabelInfo VALUES(124828,'超期rg',9) 
GO

delete from HtmlLabelIndex where id=124829 
GO
delete from HtmlLabelInfo where indexid=124829 
GO
INSERT INTO HtmlLabelIndex values(124829,'次打印') 
GO
INSERT INTO HtmlLabelInfo VALUES(124829,'次打印',7) 
GO
INSERT INTO HtmlLabelInfo VALUES(124829,'Time to print',8) 
GO
INSERT INTO HtmlLabelInfo VALUES(124829,'次打印',9) 
GO

delete from HtmlNoteIndex where id=3649 
GO
delete from HtmlNoteInfo where indexid=3649 
GO
INSERT INTO HtmlNoteIndex values(3649,'快捷选择人员') 
GO
INSERT INTO HtmlNoteInfo VALUES(3649,'快捷选择人员',7) 
GO
INSERT INTO HtmlNoteInfo VALUES(3649,'Quick selection personnel',8) 
GO
INSERT INTO HtmlNoteInfo VALUES(3649,'快捷x袢T',9) 
GO

delete from HtmlNoteIndex where id=3650 
GO
delete from HtmlNoteInfo where indexid=3650 
GO
INSERT INTO HtmlNoteIndex values(3650,'正在加载中...') 
GO
INSERT INTO HtmlNoteInfo VALUES(3650,'正在加载中...',7) 
GO
INSERT INTO HtmlNoteInfo VALUES(3650,'loading...',8) 
GO
INSERT INTO HtmlNoteInfo VALUES(3650,'正在加d中...',9) 
GO

delete from HtmlNoteIndex where id=3651 
GO
delete from HtmlNoteInfo where indexid=3651 
GO
INSERT INTO HtmlNoteIndex values(3651,'添加常用组') 
GO
INSERT INTO HtmlNoteInfo VALUES(3651,'添加常用组',7) 
GO
INSERT INTO HtmlNoteInfo VALUES(3651,'Add common set',8) 
GO
INSERT INTO HtmlNoteInfo VALUES(3651,'添加常用M',9) 
GO

delete from HtmlNoteIndex where id=3652 
GO
delete from HtmlNoteInfo where indexid=3652 
GO
INSERT INTO HtmlNoteIndex values(3652,'在签字意见框中输入@可直接选择节点参与人') 
GO
INSERT INTO HtmlNoteInfo VALUES(3652,'在签字意见框中输入@可直接选择节点参与人',7) 
GO
INSERT INTO HtmlNoteInfo VALUES(3652,'In the signature opinion box input @ can direct participants to select nodes',8) 
GO
INSERT INTO HtmlNoteInfo VALUES(3652,'在字意框中入@可直接x窆c⑴c人',9) 
GO