delete from HtmlLabelIndex where id=83066 
GO
delete from HtmlLabelInfo where indexid=83066 
GO
INSERT INTO HtmlLabelIndex values(83066,'请选择要删除的对象！') 
GO
INSERT INTO HtmlLabelInfo VALUES(83066,'请选择要删除的对象！',7) 
GO
INSERT INTO HtmlLabelInfo VALUES(83066,'Please select the object to be removed!',8) 
GO
INSERT INTO HtmlLabelInfo VALUES(83066,'x褚删除的ο螅',9) 
GO 

delete from HtmlLabelIndex where id=16344 
GO
delete from HtmlLabelInfo where indexid=16344 
GO
INSERT INTO HtmlLabelIndex values(16344,'确定删除选定的信息吗?') 
GO
INSERT INTO HtmlLabelInfo VALUES(16344,'确定删除选定的信息吗?',7) 
GO
INSERT INTO HtmlLabelInfo VALUES(16344,'Determine to delete the information selected?',8) 
GO
INSERT INTO HtmlLabelInfo VALUES(16344,'Determine to delete the information selected?',9) 
GO

delete from HtmlLabelIndex where id=125086 
GO
delete from HtmlLabelInfo where indexid=125086 
GO
INSERT INTO HtmlLabelIndex values(125086,'请选择要结束的协作') 
GO
INSERT INTO HtmlLabelInfo VALUES(125086,'请选择要结束的协作',7) 
GO
INSERT INTO HtmlLabelInfo VALUES(125086,'Please select the end of the collaboration',8) 
GO
INSERT INTO HtmlLabelInfo VALUES(125086,'x褚Y束的f作',9) 
GO

delete from HtmlLabelIndex where id=125087 
GO
delete from HtmlLabelInfo where indexid=125087 
GO
INSERT INTO HtmlLabelIndex values(125087,'确定要结束选择的协作？') 
GO
INSERT INTO HtmlLabelInfo VALUES(125087,'确定要结束选择的协作？',7) 
GO
INSERT INTO HtmlLabelInfo VALUES(125087,'Sure you want to end choice collaboration?',8) 
GO
INSERT INTO HtmlLabelInfo VALUES(125087,'确定要Y束x竦f作？',9) 
GO

delete from HtmlLabelIndex where id=125088 
GO
delete from HtmlLabelInfo where indexid=125088 
GO
INSERT INTO HtmlLabelIndex values(125088,'请选择要顶置的协作！') 
GO
INSERT INTO HtmlLabelInfo VALUES(125088,'请选择要顶置的协作！',7) 
GO
INSERT INTO HtmlLabelInfo VALUES(125088,'Please choose to overhead collaboration!',8) 
GO
INSERT INTO HtmlLabelInfo VALUES(125088,'x褚置的f作！',9) 
GO

delete from HtmlLabelIndex where id=125089 
GO
delete from HtmlLabelInfo where indexid=125089 
GO
INSERT INTO HtmlLabelIndex values(125089,'确定要顶置选择的协作？') 
GO
INSERT INTO HtmlLabelInfo VALUES(125089,'确定要顶置选择的协作？',7) 
GO
INSERT INTO HtmlLabelInfo VALUES(125089,'Sure you want to overhead choose collaboration?',8) 
GO
INSERT INTO HtmlLabelInfo VALUES(125089,'确定要置x竦f作？',9) 
GO

delete from HtmlLabelIndex where id=23162 
GO
delete from HtmlLabelInfo where indexid=23162 
GO
INSERT INTO HtmlLabelIndex values(23162,'转到') 
GO
INSERT INTO HtmlLabelInfo VALUES(23162,'转到',7) 
GO
INSERT INTO HtmlLabelInfo VALUES(23162,'To',8) 
GO
INSERT INTO HtmlLabelInfo VALUES(23162,'D到',9) 
GO

delete from HtmlLabelIndex where id=23161 
GO
delete from HtmlLabelInfo where indexid=23161 
GO
INSERT INTO HtmlLabelIndex values(23161,'页') 
GO
INSERT INTO HtmlLabelInfo VALUES(23161,'页',7) 
GO
INSERT INTO HtmlLabelInfo VALUES(23161,'page',8) 
GO
INSERT INTO HtmlLabelInfo VALUES(23161,'',9) 
GO

delete from HtmlLabelIndex where id=15323 
GO
delete from HtmlLabelInfo where indexid=15323 
GO
INSERT INTO HtmlLabelIndex values(15323,'第') 
GO
INSERT INTO HtmlLabelInfo VALUES(15323,'第',7) 
GO
INSERT INTO HtmlLabelInfo VALUES(15323,'the',8) 
GO
INSERT INTO HtmlLabelInfo VALUES(15323,'第',9) 
GO

delete from HtmlLabelIndex where id=82677 
GO
delete from HtmlLabelInfo where indexid=82677 
GO
INSERT INTO HtmlLabelIndex values(82677,'是') 
GO
INSERT INTO HtmlLabelInfo VALUES(82677,'是',7) 
GO
INSERT INTO HtmlLabelInfo VALUES(82677,'yes',8) 
GO
INSERT INTO HtmlLabelInfo VALUES(82677,'是',9) 
GO

delete from HtmlLabelIndex where id=82676 
GO
delete from HtmlLabelInfo where indexid=82676 
GO
INSERT INTO HtmlLabelIndex values(82676,'否') 
GO
INSERT INTO HtmlLabelInfo VALUES(82676,'否',7) 
GO
INSERT INTO HtmlLabelInfo VALUES(82676,'no',8) 
GO
INSERT INTO HtmlLabelInfo VALUES(82676,'否',9) 
GO

delete from HtmlLabelIndex where id=125094 
GO
delete from HtmlLabelInfo where indexid=125094 
GO
INSERT INTO HtmlLabelIndex values(125094,'确认删除报表') 
GO
INSERT INTO HtmlLabelInfo VALUES(125094,'确认删除报表',7) 
GO
INSERT INTO HtmlLabelInfo VALUES(125094,'Confirm delete statements',8) 
GO
INSERT INTO HtmlLabelInfo VALUES(125094,'确J删除蟊',9) 
GO

delete from HtmlLabelIndex where id=125095 
GO
delete from HtmlLabelInfo where indexid=125095 
GO
INSERT INTO HtmlLabelIndex values(125095,'关闭标签') 
GO
INSERT INTO HtmlLabelInfo VALUES(125095,'关闭标签',7) 
GO
INSERT INTO HtmlLabelInfo VALUES(125095,'closing tag',8) 
GO
INSERT INTO HtmlLabelInfo VALUES(125095,'P]标',9) 
GO

delete from HtmlNoteIndex where id=4040 
GO
delete from HtmlNoteInfo where indexid=4040 
GO
INSERT INTO HtmlNoteIndex values(4040,'请选择要删除的对象！') 
GO
INSERT INTO HtmlNoteInfo VALUES(4040,'请选择要删除的对象！',7) 
GO
INSERT INTO HtmlNoteInfo VALUES(4040,'Please select the object to be removed!',8) 
GO
INSERT INTO HtmlNoteInfo VALUES(4040,'x褚删除的ο螅',9) 
GO

delete from HtmlNoteIndex where id=4041 
GO
delete from HtmlNoteInfo where indexid=4041 
GO
INSERT INTO HtmlNoteIndex values(4041,'确定删除选定的信息吗?') 
GO
INSERT INTO HtmlNoteInfo VALUES(4041,'确定删除选定的信息吗?',7) 
GO
INSERT INTO HtmlNoteInfo VALUES(4041,'Determine to delete the information selected?',8) 
GO
INSERT INTO HtmlNoteInfo VALUES(4041,'确定删除x定的信息?',9) 
GO

delete from HtmlNoteIndex where id=4042 
GO
delete from HtmlNoteInfo where indexid=4042 
GO
INSERT INTO HtmlNoteIndex values(4042,'请选择要结束的协作') 
GO
INSERT INTO HtmlNoteInfo VALUES(4042,'请选择要结束的协作',7) 
GO
INSERT INTO HtmlNoteInfo VALUES(4042,'Please select the end of the collaboration',8) 
GO
INSERT INTO HtmlNoteInfo VALUES(4042,'x褚Y束的f作',9) 
GO

delete from HtmlNoteIndex where id=4043 
GO
delete from HtmlNoteInfo where indexid=4043 
GO
INSERT INTO HtmlNoteIndex values(4043,'确定要结束选择的协作？') 
GO
INSERT INTO HtmlNoteInfo VALUES(4043,'确定要结束选择的协作？',7) 
GO
INSERT INTO HtmlNoteInfo VALUES(4043,'Sure you want to end choice collaboration?',8) 
GO
INSERT INTO HtmlNoteInfo VALUES(4043,'确定要Y束x竦f作？',9) 
GO

delete from HtmlNoteIndex where id=4044 
GO
delete from HtmlNoteInfo where indexid=4044 
GO
INSERT INTO HtmlNoteIndex values(4044,'请选择要顶置的协作！') 
GO
INSERT INTO HtmlNoteInfo VALUES(4044,'请选择要顶置的协作！',7) 
GO
INSERT INTO HtmlNoteInfo VALUES(4044,'Please choose to overhead collaboration!',8) 
GO
INSERT INTO HtmlNoteInfo VALUES(4044,'x褚置的f作！',9) 
GO

delete from HtmlNoteIndex where id=4045 
GO
delete from HtmlNoteInfo where indexid=4045 
GO
INSERT INTO HtmlNoteIndex values(4045,'确定要顶置选择的协作？') 
GO
INSERT INTO HtmlNoteInfo VALUES(4045,'确定要顶置选择的协作？',7) 
GO
INSERT INTO HtmlNoteInfo VALUES(4045,'Sure you want to overhead choose collaboration?',8) 
GO
INSERT INTO HtmlNoteInfo VALUES(4045,'确定要置x竦f作？',9) 
GO

delete from HtmlNoteIndex where id=4046 
GO
delete from HtmlNoteInfo where indexid=4046 
GO
INSERT INTO HtmlNoteIndex values(4046,'转到') 
GO
INSERT INTO HtmlNoteInfo VALUES(4046,'转到',7) 
GO
INSERT INTO HtmlNoteInfo VALUES(4046,'To',8) 
GO
INSERT INTO HtmlNoteInfo VALUES(4046,'D到',9) 
GO

delete from HtmlNoteIndex where id=3451 
GO
delete from HtmlNoteInfo where indexid=3451 
GO
INSERT INTO HtmlNoteIndex values(3451,'确定') 
GO
INSERT INTO HtmlNoteInfo VALUES(3451,'确定',7) 
GO
INSERT INTO HtmlNoteInfo VALUES(3451,'Confirm',8) 
GO
INSERT INTO HtmlNoteInfo VALUES(3451,'确定',9) 
GO

delete from HtmlNoteIndex where id=3526 
GO
delete from HtmlNoteInfo where indexid=3526 
GO
INSERT INTO HtmlNoteIndex values(3526,'页') 
GO
INSERT INTO HtmlNoteInfo VALUES(3526,'页',7) 
GO
INSERT INTO HtmlNoteInfo VALUES(3526,'Page',8) 
GO
INSERT INTO HtmlNoteInfo VALUES(3526,'',9) 
GO

delete from HtmlNoteIndex where id=3525 
GO
delete from HtmlNoteInfo where indexid=3525 
GO
INSERT INTO HtmlNoteIndex values(3525,'第') 
GO
INSERT INTO HtmlNoteInfo VALUES(3525,'第',7) 
GO
INSERT INTO HtmlNoteInfo VALUES(3525,'No.',8) 
GO
INSERT INTO HtmlNoteInfo VALUES(3525,'第',9) 
GO

delete from HtmlNoteIndex where id=4047 
GO
delete from HtmlNoteInfo where indexid=4047 
GO
INSERT INTO HtmlNoteIndex values(4047,'关闭标签') 
GO
INSERT INTO HtmlNoteInfo VALUES(4047,'关闭标签',7) 
GO
INSERT INTO HtmlNoteInfo VALUES(4047,'P]标',9) 
GO

delete from HtmlNoteIndex where id=4048 
GO
delete from HtmlNoteInfo where indexid=4048 
GO
INSERT INTO HtmlNoteIndex values(4048,'确认删除报表') 
GO
INSERT INTO HtmlNoteInfo VALUES(4048,'确认删除报表',7) 
GO
INSERT INTO HtmlNoteInfo VALUES(4048,'Confirm delete statements',8) 
GO
INSERT INTO HtmlNoteInfo VALUES(4048,'确J删除蟊',9) 
GO
