delete from HtmlLabelIndex where id=125167 
GO
delete from HtmlLabelInfo where indexid=125167 
GO
INSERT INTO HtmlLabelIndex values(125167,'企业【') 
GO
INSERT INTO HtmlLabelInfo VALUES(125167,'企业【',7) 
GO
INSERT INTO HtmlLabelInfo VALUES(125167,'Enterprise[',8) 
GO
INSERT INTO HtmlLabelInfo VALUES(125167,'企I【',9) 
GO

delete from HtmlLabelIndex where id=125168 
GO
delete from HtmlLabelInfo where indexid=125168 
GO
INSERT INTO HtmlLabelIndex values(125168,'】的管理员已通过您的申请。您可以使用用户名：') 
GO
INSERT INTO HtmlLabelInfo VALUES(125168,'】的管理员已通过您的申请。您可以使用用户名：',7) 
GO
INSERT INTO HtmlLabelInfo VALUES(125168,']The administrator has passed your application. You can use the user name:',8) 
GO
INSERT INTO HtmlLabelInfo VALUES(125168,'】的管理T已通^您的申。您可以使用用裘：',9) 
GO

delete from HtmlLabelIndex where id=125169 
GO
delete from HtmlLabelInfo where indexid=125169 
GO
INSERT INTO HtmlLabelIndex values(125169,'，密码：') 
GO
INSERT INTO HtmlLabelInfo VALUES(125169,'，密码：',7) 
GO
INSERT INTO HtmlLabelInfo VALUES(125169,',Password:',8) 
GO
INSERT INTO HtmlLabelInfo VALUES(125169,'，密a：',9) 
GO

delete from HtmlLabelIndex where id=125170 
GO
delete from HtmlLabelInfo where indexid=125170 
GO
INSERT INTO HtmlLabelIndex values(125170,'进行登录，登录地址') 
GO
INSERT INTO HtmlLabelInfo VALUES(125170,'进行登录，登录地址',7) 
GO
INSERT INTO HtmlLabelInfo VALUES(125170,'Login, login address',8) 
GO
INSERT INTO HtmlLabelInfo VALUES(125170,'M行登，登地址',9) 
GO

delete from HtmlLabelIndex where id=125171 
GO
delete from HtmlLabelInfo where indexid=125171 
GO
INSERT INTO HtmlLabelIndex values(125171,'】的管理员拒绝了您的注册申请') 
GO
INSERT INTO HtmlLabelInfo VALUES(125171,'】的管理员拒绝了您的注册申请',7) 
GO
INSERT INTO HtmlLabelInfo VALUES(125171,']The administrator has rejected your application for registration.',8) 
GO
INSERT INTO HtmlLabelInfo VALUES(125171,'】的管理T拒^了您的注陨暾',9) 
GO

delete from HtmlLabelIndex where id=125172 
GO
delete from HtmlLabelInfo where indexid=125172 
GO
INSERT INTO HtmlLabelIndex values(125172,'邀请您加入企业【') 
GO
INSERT INTO HtmlLabelInfo VALUES(125172,'邀请您加入企业【',7) 
GO
INSERT INTO HtmlLabelInfo VALUES(125172,'Invite you to join the enterprise[',8) 
GO
INSERT INTO HtmlLabelInfo VALUES(125172,'邀您加入企I【',9) 
GO

delete from HtmlLabelIndex where id=125173 
GO
delete from HtmlLabelInfo where indexid=125173 
GO
INSERT INTO HtmlLabelIndex values(125173,'】，登录地址：') 
GO
INSERT INTO HtmlLabelInfo VALUES(125173,'】，登录地址：',7) 
GO
INSERT INTO HtmlLabelInfo VALUES(125173,'],Login address:',8) 
GO
INSERT INTO HtmlLabelInfo VALUES(125173,'】，登地址：',9) 
GO

delete from HtmlLabelIndex where id=125174 
GO
delete from HtmlLabelInfo where indexid=125174 
GO
INSERT INTO HtmlLabelIndex values(125174,'， 用户名 :') 
GO
INSERT INTO HtmlLabelInfo VALUES(125174,'， 用户名 :',7) 
GO
INSERT INTO HtmlLabelInfo VALUES(125174,', user name:',8) 
GO
INSERT INTO HtmlLabelInfo VALUES(125174,'， 用裘 :',9) 
GO

delete from HtmlLabelIndex where id=125175 
GO
delete from HtmlLabelInfo where indexid=125175 
GO
INSERT INTO HtmlLabelIndex values(125175,'e-cology短信验证码：') 
GO
INSERT INTO HtmlLabelInfo VALUES(125175,'e-cology短信验证码：',7) 
GO
INSERT INTO HtmlLabelInfo VALUES(125175,'e-cology SMS verification code:',8) 
GO
INSERT INTO HtmlLabelInfo VALUES(125175,'e-cology短信Ca：',9) 
GO

delete from HtmlLabelIndex where id=125176 
GO
delete from HtmlLabelInfo where indexid=125176 
GO
INSERT INTO HtmlLabelIndex values(125176,'(1分钟有效)。') 
GO
INSERT INTO HtmlLabelInfo VALUES(125176,'(1分钟有效)。',7) 
GO
INSERT INTO HtmlLabelInfo VALUES(125176,'(1 minute).',8) 
GO
INSERT INTO HtmlLabelInfo VALUES(125176,'(1分R有效)。',9) 
GO

delete from HtmlLabelIndex where id=125177 
GO
delete from HtmlLabelInfo where indexid=125177 
GO
INSERT INTO HtmlLabelIndex values(125177,'未分配人员') 
GO
INSERT INTO HtmlLabelInfo VALUES(125177,'未分配人员',7) 
GO
INSERT INTO HtmlLabelInfo VALUES(125177,'Not assigned personnel',8) 
GO
INSERT INTO HtmlLabelInfo VALUES(125177,'未分配人T',9) 
GO

delete from HtmlLabelIndex where id=125178 
GO
delete from HtmlLabelInfo where indexid=125178 
GO
INSERT INTO HtmlLabelIndex values(125178,'新用户') 
GO
INSERT INTO HtmlLabelInfo VALUES(125178,'新用户',7) 
GO
INSERT INTO HtmlLabelInfo VALUES(125178,'New user',8) 
GO
INSERT INTO HtmlLabelInfo VALUES(125178,'新用',9) 
GO

delete from HtmlLabelIndex where id=125179 
GO
delete from HtmlLabelInfo where indexid=125179 
GO
INSERT INTO HtmlLabelIndex values(125179,'无效用户') 
GO
INSERT INTO HtmlLabelInfo VALUES(125179,'无效用户',7) 
GO
INSERT INTO HtmlLabelInfo VALUES(125179,'Invalid user',8) 
GO
INSERT INTO HtmlLabelInfo VALUES(125179,'o效用',9) 
GO

delete from HtmlLabelIndex where id=125180 
GO
delete from HtmlLabelInfo where indexid=125180 
GO
INSERT INTO HtmlLabelIndex values(125180,'确认删除 节点:') 
GO
INSERT INTO HtmlLabelInfo VALUES(125180,'确认删除 节点:',7) 
GO
INSERT INTO HtmlLabelInfo VALUES(125180,'Confirm delete node:',8) 
GO
INSERT INTO HtmlLabelInfo VALUES(125180,'确J删除 c:',9) 
GO

delete from HtmlLabelIndex where id=84498 
GO
delete from HtmlLabelInfo where indexid=84498 
GO
INSERT INTO HtmlLabelIndex values(84498,'吗?') 
GO
INSERT INTO HtmlLabelInfo VALUES(84498,'吗?',7) 
GO
INSERT INTO HtmlLabelInfo VALUES(84498,'will you?',8) 
GO
INSERT INTO HtmlLabelInfo VALUES(84498,'?',9) 
GO

delete from HtmlLabelIndex where id=125181 
GO
delete from HtmlLabelInfo where indexid=125181 
GO
INSERT INTO HtmlLabelIndex values(125181,'该部门下存在岗位，不能删除!') 
GO
INSERT INTO HtmlLabelInfo VALUES(125181,'该部门下存在岗位，不能删除!',7) 
GO
INSERT INTO HtmlLabelInfo VALUES(125181,'The Department under the presence of posts, can not be deleted!',8) 
GO
INSERT INTO HtmlLabelInfo VALUES(125181,'部T下存在位，不能删除!',9) 
GO

delete from HtmlLabelIndex where id=125182 
GO
delete from HtmlLabelInfo where indexid=125182 
GO
INSERT INTO HtmlLabelIndex values(125182,'该部门下有下级部门,不能删除!') 
GO
INSERT INTO HtmlLabelInfo VALUES(125182,'该部门下有下级部门,不能删除!',7) 
GO
INSERT INTO HtmlLabelInfo VALUES(125182,'The Department under the lower departments, can not delete!',8) 
GO
INSERT INTO HtmlLabelInfo VALUES(125182,'部T下有下部T,不能删除!',9) 
GO

delete from HtmlLabelIndex where id=125183 
GO
delete from HtmlLabelInfo where indexid=125183 
GO
INSERT INTO HtmlLabelIndex values(125183,'该部门无法删除!') 
GO
INSERT INTO HtmlLabelInfo VALUES(125183,'该部门无法删除!',7) 
GO
INSERT INTO HtmlLabelInfo VALUES(125183,'The Department can not be deleted!',8) 
GO
INSERT INTO HtmlLabelInfo VALUES(125183,'部To法删除!',9) 
GO

delete from HtmlLabelIndex where id=125184 
GO
delete from HtmlLabelInfo where indexid=125184 
GO
INSERT INTO HtmlLabelIndex values(125184,'您可以批量调整选中人员的') 
GO
INSERT INTO HtmlLabelInfo VALUES(125184,'您可以批量调整选中人员的',7) 
GO
INSERT INTO HtmlLabelInfo VALUES(125184,'You can adjust the selection of personnel in batches',8) 
GO
INSERT INTO HtmlLabelInfo VALUES(125184,'您可以批量{整x中人T的',9) 
GO

delete from HtmlLabelIndex where id=24277 
GO
delete from HtmlLabelInfo where indexid=24277 
GO
INSERT INTO HtmlLabelIndex values(24277,'所在部门') 
GO
INSERT INTO HtmlLabelInfo VALUES(24277,'所在部门',7) 
GO
INSERT INTO HtmlLabelInfo VALUES(24277,'Dempartment',8) 
GO
INSERT INTO HtmlLabelInfo VALUES(24277,'所在部T',9) 
GO

delete from HtmlLabelIndex where id=15709 
GO
delete from HtmlLabelInfo where indexid=15709 
GO
INSERT INTO HtmlLabelIndex values(15709,'直接上级') 
GO
INSERT INTO HtmlLabelInfo VALUES(15709,'直接上级',7) 
GO
INSERT INTO HtmlLabelInfo VALUES(15709,'direct superior',8) 
GO
INSERT INTO HtmlLabelInfo VALUES(15709,'直接上',9) 
GO

delete from HtmlLabelIndex where id=125185 
GO
delete from HtmlLabelInfo where indexid=125185 
GO
INSERT INTO HtmlLabelIndex values(125185,'您还未选中任何人员！') 
GO
INSERT INTO HtmlLabelInfo VALUES(125185,'您还未选中任何人员！',7) 
GO
INSERT INTO HtmlLabelInfo VALUES(125185,'You have not chosen any personnel!',8) 
GO
INSERT INTO HtmlLabelInfo VALUES(125185,'您未x中任何人T！',9) 
GO

delete from HtmlLabelIndex where id=125187 
GO
delete from HtmlLabelInfo where indexid=125187 
GO
INSERT INTO HtmlLabelIndex values(125187,'批量设置部门') 
GO
INSERT INTO HtmlLabelInfo VALUES(125187,'批量设置部门',7) 
GO
INSERT INTO HtmlLabelInfo VALUES(125187,'Batch setting Department',8) 
GO
INSERT INTO HtmlLabelInfo VALUES(125187,'批量O置部T',9) 
GO

delete from HtmlLabelIndex where id=27827 
GO
delete from HtmlLabelInfo where indexid=27827 
GO
INSERT INTO HtmlLabelIndex values(27827,'批量设置上级') 
GO
INSERT INTO HtmlLabelInfo VALUES(27827,'批量设置上级',7) 
GO
INSERT INTO HtmlLabelInfo VALUES(27827,'Batch set Manager',8) 
GO
INSERT INTO HtmlLabelInfo VALUES(27827,'批量O置上',9) 
GO

delete from HtmlLabelIndex where id=125190 
GO
delete from HtmlLabelInfo where indexid=125190 
GO
INSERT INTO HtmlLabelIndex values(125190,'您的操作过于频繁，请稍后再试！') 
GO
INSERT INTO HtmlLabelInfo VALUES(125190,'您的操作过于频繁，请稍后再试！',7) 
GO
INSERT INTO HtmlLabelInfo VALUES(125190,'Your operation is too frequent, please try again later!',8) 
GO
INSERT INTO HtmlLabelInfo VALUES(125190,'您的操作^于l繁，稍後再！',9) 
GO

delete from HtmlLabelIndex where id=125191 
GO
delete from HtmlLabelInfo where indexid=125191 
GO
INSERT INTO HtmlLabelIndex values(125191,'操作失败，请稍后再试！') 
GO
INSERT INTO HtmlLabelInfo VALUES(125191,'操作失败，请稍后再试！',7) 
GO
INSERT INTO HtmlLabelInfo VALUES(125191,'Operation failed, please try again later!',8) 
GO
INSERT INTO HtmlLabelInfo VALUES(125191,'操作失。稍後再！',9) 
GO

delete from HtmlLabelIndex where id=125192 
GO
delete from HtmlLabelInfo where indexid=125192 
GO
INSERT INTO HtmlLabelIndex values(125192,'关闭验证，列表中的用户将批量通过申请，是否确定？') 
GO
INSERT INTO HtmlLabelInfo VALUES(125192,'关闭验证，列表中的用户将批量通过申请，是否确定？',7) 
GO
INSERT INTO HtmlLabelInfo VALUES(125192,'Close to verify that the user in the list will be determined by the application.',8) 
GO
INSERT INTO HtmlLabelInfo VALUES(125192,'P]C，列表中的用艚批量通^申，是否确定？',9) 
GO

delete from HtmlLabelIndex where id=125193 
GO
delete from HtmlLabelInfo where indexid=125193 
GO
INSERT INTO HtmlLabelIndex values(125193,'启用验证，将清空新用户列表，是否确定？') 
GO
INSERT INTO HtmlLabelInfo VALUES(125193,'启用验证，将清空新用户列表，是否确定？',7) 
GO
INSERT INTO HtmlLabelInfo VALUES(125193,'Enable validation, to clear the new user list, is it OK?',8) 
GO
INSERT INTO HtmlLabelInfo VALUES(125193,'用C，将清空新用袅斜恚是否确定？',9) 
GO

delete from HtmlLabelIndex where id=83912 
GO
delete from HtmlLabelInfo where indexid=83912 
GO
INSERT INTO HtmlLabelIndex values(83912,'操作失败！') 
GO
INSERT INTO HtmlLabelInfo VALUES(83912,'操作失败！',7) 
GO
INSERT INTO HtmlLabelInfo VALUES(83912,'Operation failure!',8) 
GO
INSERT INTO HtmlLabelInfo VALUES(83912,'操作失。',9) 
GO

delete from HtmlLabelIndex where id=125194 
GO
delete from HtmlLabelInfo where indexid=125194 
GO
INSERT INTO HtmlLabelIndex values(125194,'拒绝后，选中人员的信息会被删除，是否确定拒绝？') 
GO
INSERT INTO HtmlLabelInfo VALUES(125194,'拒绝后，选中人员的信息会被删除，是否确定拒绝？',7) 
GO
INSERT INTO HtmlLabelInfo VALUES(125194,'After the rejection, the selected staff''s information will be deleted, is it determined to refuse?',8) 
GO
INSERT INTO HtmlLabelInfo VALUES(125194,'拒^後，x中人T的信息被删除，是否确定拒^？',9) 
GO

delete from HtmlLabelIndex where id=125195 
GO
delete from HtmlLabelInfo where indexid=125195 
GO
INSERT INTO HtmlLabelIndex values(125195,'拒绝后，该人员的信息会被删除，是否确定拒绝？') 
GO
INSERT INTO HtmlLabelInfo VALUES(125195,'拒绝后，该人员的信息会被删除，是否确定拒绝？',7) 
GO
INSERT INTO HtmlLabelInfo VALUES(125195,'After the rejection, the information of the staff will be removed, is it determined to refuse?',8) 
GO
INSERT INTO HtmlLabelInfo VALUES(125195,'拒^後，人T的信息被删除，是否确定拒^？',9) 
GO

delete from HtmlLabelIndex where id=125196 
GO
delete from HtmlLabelInfo where indexid=125196 
GO
INSERT INTO HtmlLabelIndex values(125196,'冻结后，选中人员将不能登录系统，是否确定冻结？') 
GO
INSERT INTO HtmlLabelInfo VALUES(125196,'冻结后，选中人员将不能登录系统，是否确定冻结？',7) 
GO
INSERT INTO HtmlLabelInfo VALUES(125196,'After freezing, the selected personnel will not be able to log on to the system, is it sure to freeze?',8) 
GO
INSERT INTO HtmlLabelInfo VALUES(125196,'鼋Y後，x中人T将不能登系y，是否确定鼋Y？',9) 
GO

delete from HtmlLabelIndex where id=125197 
GO
delete from HtmlLabelInfo where indexid=125197 
GO
INSERT INTO HtmlLabelIndex values(125197,'冻结后，该人员将不能登录系统，是否确定冻结？') 
GO
INSERT INTO HtmlLabelInfo VALUES(125197,'冻结后，该人员将不能登录系统，是否确定冻结？',7) 
GO
INSERT INTO HtmlLabelInfo VALUES(125197,'After freezing, the staff will not be able to log in the system, whether to determine the freeze?',8) 
GO
INSERT INTO HtmlLabelInfo VALUES(125197,'鼋Y後，人T将不能登系y，是否确定鼋Y？',9) 
GO

delete from HtmlLabelIndex where id=125198 
GO
delete from HtmlLabelInfo where indexid=125198 
GO
INSERT INTO HtmlLabelIndex values(125198,'解冻后，选中人员可正常登录系统，是否确定解冻？') 
GO
INSERT INTO HtmlLabelInfo VALUES(125198,'解冻后，选中人员可正常登录系统，是否确定解冻？',7) 
GO
INSERT INTO HtmlLabelInfo VALUES(125198,'After thawing, the selected staff can log in to the system.',8) 
GO
INSERT INTO HtmlLabelInfo VALUES(125198,'解鲠幔x中人T可正常登系y，是否确定解觯',9) 
GO

delete from HtmlLabelIndex where id=125199 
GO
delete from HtmlLabelInfo where indexid=125199 
GO
INSERT INTO HtmlLabelIndex values(125199,'解冻后，该人员可正常登录系统，是否确定解冻？') 
GO
INSERT INTO HtmlLabelInfo VALUES(125199,'解冻后，该人员可正常登录系统，是否确定解冻？',7) 
GO
INSERT INTO HtmlLabelInfo VALUES(125199,'After thawing, the staff can log in to the system, whether to determine the thaw?',8) 
GO
INSERT INTO HtmlLabelInfo VALUES(125199,'解鲠幔人T可正常登系y，是否确定解觯',9) 
GO

delete from HtmlLabelIndex where id=125200 
GO
delete from HtmlLabelInfo where indexid=125200 
GO
INSERT INTO HtmlLabelIndex values(125200,'删除后，选中人员的的信息会被清除，是否确定删除？') 
GO
INSERT INTO HtmlLabelInfo VALUES(125200,'删除后，选中人员的的信息会被清除，是否确定删除？',7) 
GO
INSERT INTO HtmlLabelInfo VALUES(125200,'After deleting, the information of the selected staff will be cleared, is it sure to delete?',8) 
GO
INSERT INTO HtmlLabelInfo VALUES(125200,'删除後，x中人T的的信息被清除，是否确定删除？',9) 
GO

delete from HtmlLabelIndex where id=125201 
GO
delete from HtmlLabelInfo where indexid=125201 
GO
INSERT INTO HtmlLabelIndex values(125201,'删除后，该人员的的信息会被清除，是否确定删除？') 
GO
INSERT INTO HtmlLabelInfo VALUES(125201,'删除后，该人员的的信息会被清除，是否确定删除？',7) 
GO
INSERT INTO HtmlLabelInfo VALUES(125201,'After deleting, the information of the staff will be cleared, is determined to be deleted?',8) 
GO
INSERT INTO HtmlLabelInfo VALUES(125201,'删除後，人T的的信息被清除，是否确定删除？',9) 
GO

delete from HtmlLabelIndex where id=125202 
GO
delete from HtmlLabelInfo where indexid=125202 
GO
INSERT INTO HtmlLabelIndex values(125202,'新注册用户验证') 
GO
INSERT INTO HtmlLabelInfo VALUES(125202,'新注册用户验证',7) 
GO
INSERT INTO HtmlLabelInfo VALUES(125202,'Newly registered user authentication',8) 
GO
INSERT INTO HtmlLabelInfo VALUES(125202,'新注杂趄C',9) 
GO

delete from HtmlLabelIndex where id=25659 
GO
delete from HtmlLabelInfo where indexid=25659 
GO
INSERT INTO HtmlLabelIndex values(25659,'拒绝') 
GO
INSERT INTO HtmlLabelInfo VALUES(25659,'拒绝',7) 
GO
INSERT INTO HtmlLabelInfo VALUES(25659,'Refused',8) 
GO
INSERT INTO HtmlLabelInfo VALUES(25659,'拒^',9) 
GO

delete from HtmlLabelIndex where id=125203 
GO
delete from HtmlLabelInfo where indexid=125203 
GO
INSERT INTO HtmlLabelIndex values(125203,'通过') 
GO
INSERT INTO HtmlLabelInfo VALUES(125203,'通过',7) 
GO
INSERT INTO HtmlLabelInfo VALUES(125203,'Pass',8) 
GO
INSERT INTO HtmlLabelInfo VALUES(125203,'通^',9) 
GO

delete from HtmlLabelIndex where id=91 
GO
delete from HtmlLabelInfo where indexid=91 
GO
INSERT INTO HtmlLabelIndex values(91,'删除') 
GO
INSERT INTO HtmlLabelInfo VALUES(91,'删除',7) 
GO
INSERT INTO HtmlLabelInfo VALUES(91,'Delete',8) 
GO
INSERT INTO HtmlLabelInfo VALUES(91,'h除',9) 
GO

delete from HtmlLabelIndex where id=125204 
GO
delete from HtmlLabelInfo where indexid=125204 
GO
INSERT INTO HtmlLabelIndex values(125204,'冻结') 
GO
INSERT INTO HtmlLabelInfo VALUES(125204,'冻结',7) 
GO
INSERT INTO HtmlLabelInfo VALUES(125204,'Frozen',8) 
GO
INSERT INTO HtmlLabelInfo VALUES(125204,'鼋Y',9) 
GO

delete from HtmlLabelIndex where id=125205 
GO
delete from HtmlLabelInfo where indexid=125205 
GO
INSERT INTO HtmlLabelIndex values(125205,'清空') 
GO
INSERT INTO HtmlLabelInfo VALUES(125205,'清空',7) 
GO
INSERT INTO HtmlLabelInfo VALUES(125205,'Empty',8) 
GO
INSERT INTO HtmlLabelInfo VALUES(125205,'清空',9) 
GO

delete from HtmlLabelIndex where id=125208 
GO
delete from HtmlLabelInfo where indexid=125208 
GO
INSERT INTO HtmlLabelIndex values(125208,'(管理员)') 
GO
INSERT INTO HtmlLabelInfo VALUES(125208,'(管理员)',7) 
GO
INSERT INTO HtmlLabelInfo VALUES(125208,'(administrator)',8) 
GO
INSERT INTO HtmlLabelInfo VALUES(125208,'(管理T)',9) 
GO

delete from HtmlLabelIndex where id=125209 
GO
delete from HtmlLabelInfo where indexid=125209 
GO
INSERT INTO HtmlLabelIndex values(125209,'(未激活)') 
GO
INSERT INTO HtmlLabelInfo VALUES(125209,'(未激活)',7) 
GO
INSERT INTO HtmlLabelInfo VALUES(125209,'(not activated)',8) 
GO
INSERT INTO HtmlLabelInfo VALUES(125209,'(未激活)',9) 
GO

delete from HtmlLabelIndex where id=125210 
GO
delete from HtmlLabelInfo where indexid=125210 
GO
INSERT INTO HtmlLabelIndex values(125210,'(冻结)') 
GO
INSERT INTO HtmlLabelInfo VALUES(125210,'(冻结)',7) 
GO
INSERT INTO HtmlLabelInfo VALUES(125210,'(freeze)',8) 
GO
INSERT INTO HtmlLabelInfo VALUES(125210,'(鼋Y)',9) 
GO

delete from HtmlLabelIndex where id=125212 
GO
delete from HtmlLabelInfo where indexid=125212 
GO
INSERT INTO HtmlLabelIndex values(125212,'成员') 
GO
INSERT INTO HtmlLabelInfo VALUES(125212,'成员',7) 
GO
INSERT INTO HtmlLabelInfo VALUES(125212,'Members',8) 
GO
INSERT INTO HtmlLabelInfo VALUES(125212,'成T',9) 
GO

delete from HtmlLabelIndex where id=22836 
GO
delete from HtmlLabelInfo where indexid=22836 
GO
INSERT INTO HtmlLabelIndex values(22836,'人员信息') 
GO
INSERT INTO HtmlLabelInfo VALUES(22836,'人员信息',7) 
GO
INSERT INTO HtmlLabelInfo VALUES(22836,'resource information',8) 
GO
INSERT INTO HtmlLabelInfo VALUES(22836,'人T信息',9) 
GO

delete from HtmlLabelIndex where id=124 
GO
delete from HtmlLabelInfo where indexid=124 
GO
INSERT INTO HtmlLabelIndex values(124,'部门') 
GO
INSERT INTO HtmlLabelInfo VALUES(124,'部门',7) 
GO
INSERT INTO HtmlLabelInfo VALUES(124,'Department',8) 
GO
INSERT INTO HtmlLabelInfo VALUES(124,'部T',9) 
GO

delete from HtmlLabelIndex where id=6086 
GO
delete from HtmlLabelInfo where indexid=6086 
GO
INSERT INTO HtmlLabelIndex values(6086,'岗位') 
GO
INSERT INTO HtmlLabelInfo VALUES(6086,'岗位',7) 
GO
INSERT INTO HtmlLabelInfo VALUES(6086,'Position',8) 
GO
INSERT INTO HtmlLabelInfo VALUES(6086,'位',9) 
GO

delete from HtmlLabelIndex where id=15709 
GO
delete from HtmlLabelInfo where indexid=15709 
GO
INSERT INTO HtmlLabelIndex values(15709,'直接上级') 
GO
INSERT INTO HtmlLabelInfo VALUES(15709,'直接上级',7) 
GO
INSERT INTO HtmlLabelInfo VALUES(15709,'direct superior',8) 
GO
INSERT INTO HtmlLabelInfo VALUES(15709,'直接上',9) 
GO

delete from HtmlLabelIndex where id=125213 
GO
delete from HtmlLabelInfo where indexid=125213 
GO
INSERT INTO HtmlLabelIndex values(125213,'手机') 
GO
INSERT INTO HtmlLabelInfo VALUES(125213,'手机',7) 
GO
INSERT INTO HtmlLabelInfo VALUES(125213,'Mobile phone',8) 
GO
INSERT INTO HtmlLabelInfo VALUES(125213,'手C',9) 
GO

delete from HtmlLabelIndex where id=125214 
GO
delete from HtmlLabelInfo where indexid=125214 
GO
INSERT INTO HtmlLabelIndex values(125214,'电话') 
GO
INSERT INTO HtmlLabelInfo VALUES(125214,'电话',7) 
GO
INSERT INTO HtmlLabelInfo VALUES(125214,'Telephone',8) 
GO
INSERT INTO HtmlLabelInfo VALUES(125214,'',9) 
GO

delete from HtmlLabelIndex where id=20869 
GO
delete from HtmlLabelInfo where indexid=20869 
GO
INSERT INTO HtmlLabelIndex values(20869,'邮箱') 
GO
INSERT INTO HtmlLabelInfo VALUES(20869,'邮箱',7) 
GO
INSERT INTO HtmlLabelInfo VALUES(20869,'mailbox',8) 
GO
INSERT INTO HtmlLabelInfo VALUES(20869,']箱',9) 
GO

delete from HtmlLabelIndex where id=93 
GO
delete from HtmlLabelInfo where indexid=93 
GO
INSERT INTO HtmlLabelIndex values(93,'编辑') 
GO
INSERT INTO HtmlLabelInfo VALUES(93,'编辑',7) 
GO
INSERT INTO HtmlLabelInfo VALUES(93,'Edit',8) 
GO
INSERT INTO HtmlLabelInfo VALUES(93,'',9) 
GO

delete from HtmlLabelIndex where id=309 
GO
delete from HtmlLabelInfo where indexid=309 
GO
INSERT INTO HtmlLabelIndex values(309,'关闭') 
GO
INSERT INTO HtmlLabelInfo VALUES(309,'关闭',7) 
GO
INSERT INTO HtmlLabelInfo VALUES(309,'Close',8) 
GO
INSERT INTO HtmlLabelInfo VALUES(309,'P]',9) 
GO

delete from HtmlLabelIndex where id=125215 
GO
delete from HtmlLabelInfo where indexid=125215 
GO
INSERT INTO HtmlLabelIndex values(125215,'邀请成员') 
GO
INSERT INTO HtmlLabelInfo VALUES(125215,'邀请成员',7) 
GO
INSERT INTO HtmlLabelInfo VALUES(125215,'Invite members',8) 
GO
INSERT INTO HtmlLabelInfo VALUES(125215,'邀成T',9) 
GO

delete from HtmlLabelIndex where id=26601 
GO
delete from HtmlLabelInfo where indexid=26601 
GO
INSERT INTO HtmlLabelIndex values(26601,'批量导入') 
GO
INSERT INTO HtmlLabelInfo VALUES(26601,'批量导入',7) 
GO
INSERT INTO HtmlLabelInfo VALUES(26601,'Batch import',8) 
GO
INSERT INTO HtmlLabelInfo VALUES(26601,'批量入',9) 
GO

delete from HtmlLabelIndex where id=125217 
GO
delete from HtmlLabelInfo where indexid=125217 
GO
INSERT INTO HtmlLabelIndex values(125217,'添加成员') 
GO
INSERT INTO HtmlLabelInfo VALUES(125217,'添加成员',7) 
GO
INSERT INTO HtmlLabelInfo VALUES(125217,'Add member',8) 
GO
INSERT INTO HtmlLabelInfo VALUES(125217,'添加成T',9) 
GO

delete from HtmlLabelIndex where id=125218 
GO
delete from HtmlLabelInfo where indexid=125218 
GO
INSERT INTO HtmlLabelIndex values(125218,'确定将管理员移交给') 
GO
INSERT INTO HtmlLabelInfo VALUES(125218,'确定将管理员移交给',7) 
GO
INSERT INTO HtmlLabelInfo VALUES(125218,'Determine the transfer to the administrator',8) 
GO
INSERT INTO HtmlLabelInfo VALUES(125218,'确定将管理T移交o',9) 
GO

delete from HtmlLabelIndex where id=125219 
GO
delete from HtmlLabelInfo where indexid=125219 
GO
INSERT INTO HtmlLabelIndex values(125219,'成功将管理员权限移交给') 
GO
INSERT INTO HtmlLabelInfo VALUES(125219,'成功将管理员权限移交给',7) 
GO
INSERT INTO HtmlLabelInfo VALUES(125219,'Successfully handed over to the administrator privilege',8) 
GO
INSERT INTO HtmlLabelInfo VALUES(125219,'成功将管理T嘞抟平唤o',9) 
GO

delete from HtmlLabelIndex where id=125220 
GO
delete from HtmlLabelInfo where indexid=125220 
GO
INSERT INTO HtmlLabelIndex values(125220,'请重新登录') 
GO
INSERT INTO HtmlLabelInfo VALUES(125220,'请重新登录',7) 
GO
INSERT INTO HtmlLabelInfo VALUES(125220,'Please log in again',8) 
GO
INSERT INTO HtmlLabelInfo VALUES(125220,'重新登',9) 
GO

delete from HtmlLabelIndex where id=1867 
GO
delete from HtmlLabelInfo where indexid=1867 
GO
INSERT INTO HtmlLabelIndex values(1867,'人员') 
GO
INSERT INTO HtmlLabelInfo VALUES(1867,'人员',7) 
GO
INSERT INTO HtmlLabelInfo VALUES(1867,'Personnel',8) 
GO
INSERT INTO HtmlLabelInfo VALUES(1867,'人T',9) 
GO

delete from HtmlLabelIndex where id=125221 
GO
delete from HtmlLabelInfo where indexid=125221 
GO
INSERT INTO HtmlLabelIndex values(125221,'人员添加成功！') 
GO
INSERT INTO HtmlLabelInfo VALUES(125221,'人员添加成功！',7) 
GO
INSERT INTO HtmlLabelInfo VALUES(125221,'People add success!',8) 
GO
INSERT INTO HtmlLabelInfo VALUES(125221,'人T添加成功！',9) 
GO

delete from HtmlLabelIndex where id=125222 
GO
delete from HtmlLabelInfo where indexid=125222 
GO
INSERT INTO HtmlLabelIndex values(125222,'移交管理员权限') 
GO
INSERT INTO HtmlLabelInfo VALUES(125222,'移交管理员权限',7) 
GO
INSERT INTO HtmlLabelInfo VALUES(125222,'Transfer administrator rights',8) 
GO
INSERT INTO HtmlLabelInfo VALUES(125222,'移交管理T嘞',9) 
GO

delete from HtmlLabelIndex where id=28473 
GO
delete from HtmlLabelInfo where indexid=28473 
GO
INSERT INTO HtmlLabelIndex values(28473,'男') 
GO
INSERT INTO HtmlLabelInfo VALUES(28473,'男',7) 
GO
INSERT INTO HtmlLabelInfo VALUES(28473,'Man',8) 
GO
INSERT INTO HtmlLabelInfo VALUES(28473,'男',9) 
GO

delete from HtmlLabelIndex where id=125223 
GO
delete from HtmlLabelInfo where indexid=125223 
GO
INSERT INTO HtmlLabelIndex values(125223,'女') 
GO
INSERT INTO HtmlLabelInfo VALUES(125223,'女',7) 
GO
INSERT INTO HtmlLabelInfo VALUES(125223,'Woman',8) 
GO
INSERT INTO HtmlLabelInfo VALUES(125223,'女',9) 
GO

delete from HtmlLabelIndex where id=125224 
GO
delete from HtmlLabelInfo where indexid=125224 
GO
INSERT INTO HtmlLabelIndex values(125224,'提醒激活') 
GO
INSERT INTO HtmlLabelInfo VALUES(125224,'提醒激活',7) 
GO
INSERT INTO HtmlLabelInfo VALUES(125224,'Alert activation',8) 
GO
INSERT INTO HtmlLabelInfo VALUES(125224,'提醒激活',9) 
GO

delete from HtmlLabelIndex where id=125225 
GO
delete from HtmlLabelInfo where indexid=125225 
GO
INSERT INTO HtmlLabelIndex values(125225,'解冻') 
GO
INSERT INTO HtmlLabelInfo VALUES(125225,'解冻',7) 
GO
INSERT INTO HtmlLabelInfo VALUES(125225,'Thaw',8) 
GO
INSERT INTO HtmlLabelInfo VALUES(125225,'解',9) 
GO

delete from HtmlLabelIndex where id=125226 
GO
delete from HtmlLabelInfo where indexid=125226 
GO
INSERT INTO HtmlLabelIndex values(125226,'编辑人员') 
GO
INSERT INTO HtmlLabelInfo VALUES(125226,'编辑人员',7) 
GO
INSERT INTO HtmlLabelInfo VALUES(125226,'Editorial staff',8) 
GO
INSERT INTO HtmlLabelInfo VALUES(125226,'人T',9) 
GO

delete from HtmlLabelIndex where id=125227 
GO
delete from HtmlLabelInfo where indexid=125227 
GO
INSERT INTO HtmlLabelIndex values(125227,'邀请成员加入') 
GO
INSERT INTO HtmlLabelInfo VALUES(125227,'邀请成员加入',7) 
GO
INSERT INTO HtmlLabelInfo VALUES(125227,'Invite members to join',8) 
GO
INSERT INTO HtmlLabelInfo VALUES(125227,'邀成T加入',9) 
GO

delete from HtmlLabelIndex where id=125228 
GO
delete from HtmlLabelInfo where indexid=125228 
GO
INSERT INTO HtmlLabelIndex values(125228,'岗位名称 :') 
GO
INSERT INTO HtmlLabelInfo VALUES(125228,'岗位名称 :',7) 
GO
INSERT INTO HtmlLabelInfo VALUES(125228,'Job title:',8) 
GO
INSERT INTO HtmlLabelInfo VALUES(125228,'位名Q :',9) 
GO

delete from HtmlLabelIndex where id=86 
GO
delete from HtmlLabelInfo where indexid=86 
GO
INSERT INTO HtmlLabelIndex values(86,'保存') 
GO
INSERT INTO HtmlLabelInfo VALUES(86,'保存',7) 
GO
INSERT INTO HtmlLabelInfo VALUES(86,'Save',8) 
GO
INSERT INTO HtmlLabelInfo VALUES(86,'保存',9) 
GO
 
delete from HtmlLabelIndex where id=125229 
GO
delete from HtmlLabelInfo where indexid=125229 
GO
INSERT INTO HtmlLabelIndex values(125229,'请输入岗位名称!') 
GO
INSERT INTO HtmlLabelInfo VALUES(125229,'请输入岗位名称!',7) 
GO
INSERT INTO HtmlLabelInfo VALUES(125229,'Please enter the post name!',8) 
GO
INSERT INTO HtmlLabelInfo VALUES(125229,'入位名Q!',9) 
GO

delete from HtmlLabelIndex where id=125230 
GO
delete from HtmlLabelInfo where indexid=125230 
GO
INSERT INTO HtmlLabelIndex values(125230,'当前部门下已存在相同名称的岗位！') 
GO
INSERT INTO HtmlLabelInfo VALUES(125230,'当前部门下已存在相同名称的岗位！',7) 
GO
INSERT INTO HtmlLabelInfo VALUES(125230,'Under the current department has the same name of the post!',8) 
GO
INSERT INTO HtmlLabelInfo VALUES(125230,'前部T下已存在相同名Q的位！',9) 
GO 

delete from HtmlLabelIndex where id=125231 
GO
delete from HtmlLabelInfo where indexid=125231 
GO
INSERT INTO HtmlLabelIndex values(125231,'请选择部门!') 
GO
INSERT INTO HtmlLabelInfo VALUES(125231,'请选择部门!',7) 
GO
INSERT INTO HtmlLabelInfo VALUES(125231,'Select department!',8) 
GO
INSERT INTO HtmlLabelInfo VALUES(125231,'x癫块T!',9) 
GO

delete from HtmlLabelIndex where id=15709 
GO
delete from HtmlLabelInfo where indexid=15709 
GO
INSERT INTO HtmlLabelIndex values(15709,'直接上级') 
GO
INSERT INTO HtmlLabelInfo VALUES(15709,'直接上级',7) 
GO
INSERT INTO HtmlLabelInfo VALUES(15709,'direct superior',8) 
GO
INSERT INTO HtmlLabelInfo VALUES(15709,'直接上',9) 
GO

delete from HtmlLabelIndex where id=125232 
GO
delete from HtmlLabelInfo where indexid=125232 
GO
INSERT INTO HtmlLabelIndex values(125232,'请选择直接上级!') 
GO
INSERT INTO HtmlLabelInfo VALUES(125232,'请选择直接上级!',7) 
GO
INSERT INTO HtmlLabelInfo VALUES(125232,'Please choose the direct superior!',8) 
GO
INSERT INTO HtmlLabelInfo VALUES(125232,'x裰苯由霞!',9) 
GO

delete from HtmlLabelIndex where id=125233 
GO
delete from HtmlLabelInfo where indexid=125233 
GO
INSERT INTO HtmlLabelIndex values(125233,'创建失败:所属部门结构已超过10级！') 
GO
INSERT INTO HtmlLabelInfo VALUES(125233,'创建失败:所属部门结构已超过10级！',7) 
GO
INSERT INTO HtmlLabelInfo VALUES(125233,'Create failure: the sector structure has exceeded 10!',8) 
GO
INSERT INTO HtmlLabelInfo VALUES(125233,'建失:所俨块TY已超^10！',9) 
GO

delete from HtmlLabelIndex where id=125234 
GO
delete from HtmlLabelInfo where indexid=125234 
GO
INSERT INTO HtmlLabelIndex values(125234,'创建失败:该部门已经存在！') 
GO
INSERT INTO HtmlLabelInfo VALUES(125234,'创建失败:该部门已经存在！',7) 
GO
INSERT INTO HtmlLabelInfo VALUES(125234,'Create failure: the Department already exists!',8) 
GO
INSERT INTO HtmlLabelInfo VALUES(125234,'建失:部T已存在！',9) 
GO

delete from HtmlLabelIndex where id=125235 
GO
delete from HtmlLabelInfo where indexid=125235 
GO
INSERT INTO HtmlLabelIndex values(125235,'创建失败:系统错误！') 
GO
INSERT INTO HtmlLabelInfo VALUES(125235,'创建失败:系统错误！',7) 
GO
INSERT INTO HtmlLabelInfo VALUES(125235,'Create failure: system error!',8) 
GO
INSERT INTO HtmlLabelInfo VALUES(125235,'建失:系ye`！',9) 
GO

delete from HtmlLabelIndex where id=15390 
GO
delete from HtmlLabelInfo where indexid=15390 
GO
INSERT INTO HtmlLabelIndex values(15390,'部门名称') 
GO
INSERT INTO HtmlLabelInfo VALUES(15390,'部门名称',7) 
GO
INSERT INTO HtmlLabelInfo VALUES(15390,'Department Name',8) 
GO
INSERT INTO HtmlLabelInfo VALUES(15390,'部T名Q',9) 
GO

delete from HtmlLabelIndex where id=125236 
GO
delete from HtmlLabelInfo where indexid=125236 
GO
INSERT INTO HtmlLabelIndex values(125236,'归属') 
GO
INSERT INTO HtmlLabelInfo VALUES(125236,'归属',7) 
GO
INSERT INTO HtmlLabelInfo VALUES(125236,'Belonging',8) 
GO
INSERT INTO HtmlLabelInfo VALUES(125236,'w',9) 
GO

delete from HtmlLabelIndex where id=125237 
GO
delete from HtmlLabelInfo where indexid=125237 
GO
INSERT INTO HtmlLabelIndex values(125237,'部门名称不得为空!') 
GO
INSERT INTO HtmlLabelInfo VALUES(125237,'部门名称不得为空!',7) 
GO
INSERT INTO HtmlLabelInfo VALUES(125237,'Department name shall not be empty!',8) 
GO
INSERT INTO HtmlLabelInfo VALUES(125237,'部T名Q不得空!',9) 
GO

delete from HtmlLabelIndex where id=2022 
GO
delete from HtmlLabelInfo where indexid=2022 
GO
INSERT INTO HtmlLabelIndex values(2022,'重置') 
GO
INSERT INTO HtmlLabelInfo VALUES(2022,'重置',7) 
GO
INSERT INTO HtmlLabelInfo VALUES(2022,'Reset',8) 
GO
INSERT INTO HtmlLabelInfo VALUES(2022,'重置',9) 
GO

delete from HtmlLabelIndex where id=413 
GO
delete from HtmlLabelInfo where indexid=413 
GO
INSERT INTO HtmlLabelIndex values(413,'姓名') 
GO
INSERT INTO HtmlLabelInfo VALUES(413,'姓名',7) 
GO
INSERT INTO HtmlLabelInfo VALUES(413,'Name',8) 
GO
INSERT INTO HtmlLabelInfo VALUES(413,'姓名',9) 
GO

delete from HtmlLabelIndex where id=125238 
GO
delete from HtmlLabelInfo where indexid=125238 
GO
INSERT INTO HtmlLabelIndex values(125238,'手机号') 
GO
INSERT INTO HtmlLabelInfo VALUES(125238,'手机号',7) 
GO
INSERT INTO HtmlLabelInfo VALUES(125238,'Cell phone number',8) 
GO
INSERT INTO HtmlLabelInfo VALUES(125238,'手C号',9) 
GO

delete from HtmlLabelIndex where id=125239 
GO
delete from HtmlLabelInfo where indexid=125239 
GO
INSERT INTO HtmlLabelIndex values(125239,'办公电话') 
GO
INSERT INTO HtmlLabelInfo VALUES(125239,'办公电话',7) 
GO
INSERT INTO HtmlLabelInfo VALUES(125239,'Office phone',8) 
GO
INSERT INTO HtmlLabelInfo VALUES(125239,'k公',9) 
GO

delete from HtmlLabelIndex where id=125240 
GO
delete from HtmlLabelInfo where indexid=125240 
GO
INSERT INTO HtmlLabelIndex values(125240,'重 置') 
GO
INSERT INTO HtmlLabelInfo VALUES(125240,'重 置',7) 
GO
INSERT INTO HtmlLabelInfo VALUES(125240,'Reset',8) 
GO
INSERT INTO HtmlLabelInfo VALUES(125240,'重 置',9) 
GO

delete from HtmlLabelIndex where id=125241 
GO
delete from HtmlLabelInfo where indexid=125241 
GO
INSERT INTO HtmlLabelIndex values(125241,'搜 索') 
GO
INSERT INTO HtmlLabelInfo VALUES(125241,'搜 索',7) 
GO
INSERT INTO HtmlLabelInfo VALUES(125241,'Search',8) 
GO
INSERT INTO HtmlLabelInfo VALUES(125241,'搜 索',9) 
GO

delete from HtmlLabelIndex where id=125242 
GO
delete from HtmlLabelInfo where indexid=125242 
GO
INSERT INTO HtmlLabelIndex values(125242,'请分享下面的链接给其他成员来邀请他们注册并加入企业') 
GO
INSERT INTO HtmlLabelInfo VALUES(125242,'请分享下面的链接给其他成员来邀请他们注册并加入企业',7) 
GO
INSERT INTO HtmlLabelInfo VALUES(125242,'Please share the following link to the other members to invite them to register and join the business',8) 
GO
INSERT INTO HtmlLabelInfo VALUES(125242,'分享下面的接o其他成T硌他注圆⒓尤肫I',9) 
GO

delete from HtmlLabelIndex where id=125243 
GO
delete from HtmlLabelInfo where indexid=125243 
GO
INSERT INTO HtmlLabelIndex values(125243,'任何人都可以通过访问此链接来注册并加入您的企业，请不要轻易外泄给无关人员。') 
GO
INSERT INTO HtmlLabelInfo VALUES(125243,'任何人都可以通过访问此链接来注册并加入您的企业，请不要轻易外泄给无关人员。',7) 
GO
INSERT INTO HtmlLabelInfo VALUES(125243,'Anyone can access this link to register and join your business, please do not easily leaked to the unrelated personnel.',8) 
GO
INSERT INTO HtmlLabelInfo VALUES(125243,'任何人都可以通^L此接碜圆⒓尤肽的企I，不要p易外ooP人T。',9) 
GO

delete from HtmlLabelIndex where id=125244 
GO
delete from HtmlLabelInfo where indexid=125244 
GO
INSERT INTO HtmlLabelIndex values(125244,'复制链接') 
GO
INSERT INTO HtmlLabelInfo VALUES(125244,'复制链接',7) 
GO
INSERT INTO HtmlLabelInfo VALUES(125244,'Copy link',8) 
GO
INSERT INTO HtmlLabelInfo VALUES(125244,'}制接',9) 
GO

delete from HtmlLabelIndex where id=125245 
GO
delete from HtmlLabelInfo where indexid=125245 
GO
INSERT INTO HtmlLabelIndex values(125245,'复制成功') 
GO
INSERT INTO HtmlLabelInfo VALUES(125245,'复制成功',7) 
GO
INSERT INTO HtmlLabelInfo VALUES(125245,'Copy success',8) 
GO
INSERT INTO HtmlLabelInfo VALUES(125245,'}制成功',9) 
GO

delete from HtmlLabelIndex where id=23036 
GO
delete from HtmlLabelInfo where indexid=23036 
GO
INSERT INTO HtmlLabelIndex values(23036,'菜单') 
GO
INSERT INTO HtmlLabelInfo VALUES(23036,'菜单',7) 
GO
INSERT INTO HtmlLabelInfo VALUES(23036,'Menu',8) 
GO
INSERT INTO HtmlLabelInfo VALUES(23036,'菜',9) 
GO

delete from HtmlLabelIndex where id=125246 
GO
delete from HtmlLabelInfo where indexid=125246 
GO
INSERT INTO HtmlLabelIndex values(125246,'注册邀请') 
GO
INSERT INTO HtmlLabelInfo VALUES(125246,'注册邀请',7) 
GO
INSERT INTO HtmlLabelInfo VALUES(125246,'Registration invitation',8) 
GO
INSERT INTO HtmlLabelInfo VALUES(125246,'注匝',9) 
GO

delete from HtmlLabelIndex where id=125247 
GO
delete from HtmlLabelInfo where indexid=125247 
GO
INSERT INTO HtmlLabelIndex values(125247,'为了您的账户安全，请重新设置密码') 
GO
INSERT INTO HtmlLabelInfo VALUES(125247,'为了您的账户安全，请重新设置密码',7) 
GO
INSERT INTO HtmlLabelInfo VALUES(125247,'For your account security, please reset your password.',8) 
GO
INSERT INTO HtmlLabelInfo VALUES(125247,'了您的~舭踩，重新O置密a',9) 
GO

delete from HtmlLabelIndex where id=409 
GO
delete from HtmlLabelInfo where indexid=409 
GO
INSERT INTO HtmlLabelIndex values(409,'密码') 
GO
INSERT INTO HtmlLabelInfo VALUES(409,'密码',7) 
GO
INSERT INTO HtmlLabelInfo VALUES(409,'Password',8) 
GO
INSERT INTO HtmlLabelInfo VALUES(409,'密a',9) 
GO

delete from HtmlLabelIndex where id=125248 
GO
delete from HtmlLabelInfo where indexid=125248 
GO
INSERT INTO HtmlLabelIndex values(125248,'下一步') 
GO
INSERT INTO HtmlLabelInfo VALUES(125248,'下一步',7) 
GO
INSERT INTO HtmlLabelInfo VALUES(125248,'Next step',8) 
GO
INSERT INTO HtmlLabelInfo VALUES(125248,'下一步',9) 
GO

delete from HtmlLabelIndex where id=125249 
GO
delete from HtmlLabelInfo where indexid=125249 
GO
INSERT INTO HtmlLabelIndex values(125249,'请输入密码！') 
GO
INSERT INTO HtmlLabelInfo VALUES(125249,'请输入密码！',7) 
GO
INSERT INTO HtmlLabelInfo VALUES(125249,'Please enter a password!',8) 
GO
INSERT INTO HtmlLabelInfo VALUES(125249,'入密a！',9) 
GO

delete from HtmlLabelIndex where id=32513 
GO
delete from HtmlLabelInfo where indexid=32513 
GO
INSERT INTO HtmlLabelIndex values(32513,'登录失败！') 
GO
INSERT INTO HtmlLabelInfo VALUES(32513,'登录失败！',7) 
GO
INSERT INTO HtmlLabelInfo VALUES(32513,'Login failed!',8) 
GO
INSERT INTO HtmlLabelInfo VALUES(32513,'登失。',9) 
GO

delete from HtmlLabelIndex where id=125250 
GO
delete from HtmlLabelInfo where indexid=125250 
GO
INSERT INTO HtmlLabelIndex values(125250,'欢迎加入') 
GO
INSERT INTO HtmlLabelInfo VALUES(125250,'欢迎加入',7) 
GO
INSERT INTO HtmlLabelInfo VALUES(125250,'Welcome to join',8) 
GO
INSERT INTO HtmlLabelInfo VALUES(125250,'g迎加入',9) 
GO

delete from HtmlLabelIndex where id=125251 
GO
delete from HtmlLabelInfo where indexid=125251 
GO
INSERT INTO HtmlLabelIndex values(125251,'请填写收到的手机号和密码进行验证') 
GO
INSERT INTO HtmlLabelInfo VALUES(125251,'请填写收到的手机号和密码进行验证',7) 
GO
INSERT INTO HtmlLabelInfo VALUES(125251,'Please fill in the receipt of the phone number and password to verify',8) 
GO
INSERT INTO HtmlLabelInfo VALUES(125251,'填收到的手C号和密aM行C',9) 
GO
delete from HtmlLabelIndex where id=125252 
GO
delete from HtmlLabelInfo where indexid=125252 
GO
INSERT INTO HtmlLabelIndex values(125252,'请输入手机号！') 
GO
INSERT INTO HtmlLabelInfo VALUES(125252,'请输入手机号！',7) 
GO
INSERT INTO HtmlLabelInfo VALUES(125252,'Please enter your mobile phone number!',8) 
GO
INSERT INTO HtmlLabelInfo VALUES(125252,'入手C号！',9) 
GO

delete from HtmlLabelIndex where id=125253 
GO
delete from HtmlLabelInfo where indexid=125253 
GO
INSERT INTO HtmlLabelIndex values(125253,'请输入正确的手机号！') 
GO
INSERT INTO HtmlLabelInfo VALUES(125253,'请输入正确的手机号！',7) 
GO
INSERT INTO HtmlLabelInfo VALUES(125253,'Please enter the correct phone number!',8) 
GO
INSERT INTO HtmlLabelInfo VALUES(125253,'入正确的手C号！',9) 
GO

delete from HtmlLabelIndex where id=125254 
GO
delete from HtmlLabelInfo where indexid=125254 
GO
INSERT INTO HtmlLabelIndex values(125254,'完善个人信息') 
GO
INSERT INTO HtmlLabelInfo VALUES(125254,'完善个人信息',7) 
GO
INSERT INTO HtmlLabelInfo VALUES(125254,'Perfect personal information',8) 
GO
INSERT INTO HtmlLabelInfo VALUES(125254,'完善人信息',9) 
GO

delete from HtmlLabelIndex where id=555 
GO
delete from HtmlLabelInfo where indexid=555 
GO
INSERT INTO HtmlLabelIndex values(555,'完成') 
GO
INSERT INTO HtmlLabelInfo VALUES(555,'完成',7) 
GO
INSERT INTO HtmlLabelInfo VALUES(555,'Done',8) 
GO
INSERT INTO HtmlLabelInfo VALUES(555,'完成',9) 
GO

delete from HtmlLabelIndex where id=125255 
GO
delete from HtmlLabelInfo where indexid=125255 
GO
INSERT INTO HtmlLabelIndex values(125255,'请选择性别！') 
GO
INSERT INTO HtmlLabelInfo VALUES(125255,'请选择性别！',7) 
GO
INSERT INTO HtmlLabelInfo VALUES(125255,'Choose gender!',8) 
GO
INSERT INTO HtmlLabelInfo VALUES(125255,'x裥员穑',9) 
GO

delete from HtmlLabelIndex where id=125256 
GO
delete from HtmlLabelInfo where indexid=125256 
GO
INSERT INTO HtmlLabelIndex values(125256,'请输入姓名！') 
GO
INSERT INTO HtmlLabelInfo VALUES(125256,'请输入姓名！',7) 
GO
INSERT INTO HtmlLabelInfo VALUES(125256,'Please enter your name!',8) 
GO
INSERT INTO HtmlLabelInfo VALUES(125256,'入姓名！',9) 
GO

delete from HtmlLabelIndex where id=125259 
GO
delete from HtmlLabelInfo where indexid=125259 
GO
INSERT INTO HtmlLabelIndex values(125259,'未能获取e-mobile访问地址') 
GO
INSERT INTO HtmlLabelInfo VALUES(125259,'未能获取e-mobile访问地址',7) 
GO
INSERT INTO HtmlLabelInfo VALUES(125259,'Failed to get e-Mobile access address',8) 
GO
INSERT INTO HtmlLabelInfo VALUES(125259,'未能@取e-mobileL地址',9) 
GO

delete from HtmlLabelIndex where id=125260 
GO
delete from HtmlLabelInfo where indexid=125260 
GO
INSERT INTO HtmlLabelIndex values(125260,'个人信息已完善') 
GO
INSERT INTO HtmlLabelInfo VALUES(125260,'个人信息已完善',7) 
GO
INSERT INTO HtmlLabelInfo VALUES(125260,'Personal information has been improved',8) 
GO
INSERT INTO HtmlLabelInfo VALUES(125260,'人信息已完善',9) 
GO

delete from HtmlLabelIndex where id=125261 
GO
delete from HtmlLabelInfo where indexid=125261 
GO
INSERT INTO HtmlLabelIndex values(125261,'请登录网页版或下载手机APP进入OA。') 
GO
INSERT INTO HtmlLabelInfo VALUES(125261,'请登录网页版或下载手机APP进入OA。',7) 
GO
INSERT INTO HtmlLabelInfo VALUES(125261,'Please log in to the web version or download the mobile phone APP into the OA.',8) 
GO
INSERT INTO HtmlLabelInfo VALUES(125261,'登W版或下d手CAPPM入OA。',9) 
GO

delete from HtmlLabelIndex where id=125262 
GO
delete from HtmlLabelInfo where indexid=125262 
GO
INSERT INTO HtmlLabelIndex values(125262,'请在电脑端输入：') 
GO
INSERT INTO HtmlLabelInfo VALUES(125262,'请在电脑端输入：',7) 
GO
INSERT INTO HtmlLabelInfo VALUES(125262,'Please enter your computer:',8) 
GO
INSERT INTO HtmlLabelInfo VALUES(125262,'在X端入：',9) 
GO

delete from HtmlLabelIndex where id=125263 
GO
delete from HtmlLabelInfo where indexid=125263 
GO
INSERT INTO HtmlLabelIndex values(125263,'使用手机号和设置的密码进行登录。') 
GO
INSERT INTO HtmlLabelInfo VALUES(125263,'使用手机号和设置的密码进行登录。',7) 
GO
INSERT INTO HtmlLabelInfo VALUES(125263,'Log in with your mobile phone number and password settings.',8) 
GO
INSERT INTO HtmlLabelInfo VALUES(125263,'使用手C号和O置的密aM行登。',9) 
GO

delete from HtmlLabelIndex where id=125264 
GO
delete from HtmlLabelInfo where indexid=125264 
GO
INSERT INTO HtmlLabelIndex values(125264,'点击下载') 
GO
INSERT INTO HtmlLabelInfo VALUES(125264,'点击下载',7) 
GO
INSERT INTO HtmlLabelInfo VALUES(125264,'Click download',8) 
GO
INSERT INTO HtmlLabelInfo VALUES(125264,'c粝螺d',9) 
GO

delete from HtmlLabelIndex where id=125265 
GO
delete from HtmlLabelInfo where indexid=125265 
GO
INSERT INTO HtmlLabelIndex values(125265,'第一步：输入服务器地址') 
GO
INSERT INTO HtmlLabelInfo VALUES(125265,'第一步：输入服务器地址',7) 
GO
INSERT INTO HtmlLabelInfo VALUES(125265,'Step 1: enter the server address',8) 
GO
INSERT INTO HtmlLabelInfo VALUES(125265,'第一步：入服掌鞯刂',9) 
GO

delete from HtmlLabelIndex where id=125266 
GO
delete from HtmlLabelInfo where indexid=125266 
GO
INSERT INTO HtmlLabelIndex values(125266,'第二步：使用手机号及设置的密码登录') 
GO
INSERT INTO HtmlLabelInfo VALUES(125266,'第二步：使用手机号及设置的密码登录',7) 
GO
INSERT INTO HtmlLabelInfo VALUES(125266,'The second step: use the phone number and password to log in',8) 
GO
INSERT INTO HtmlLabelInfo VALUES(125266,'第二步：使用手C号及O置的密a登',9) 
GO

delete from HtmlLabelIndex where id=125267 
GO
delete from HtmlLabelInfo where indexid=125267 
GO
INSERT INTO HtmlLabelIndex values(125267,'当前手机号已被使用！') 
GO
INSERT INTO HtmlLabelInfo VALUES(125267,'当前手机号已被使用！',7) 
GO
INSERT INTO HtmlLabelInfo VALUES(125267,'The current phone number has been used!',8) 
GO
INSERT INTO HtmlLabelInfo VALUES(125267,'前手C号已被使用！',9) 
GO

delete from HtmlLabelIndex where id=125273 
GO
delete from HtmlLabelInfo where indexid=125273 
GO
INSERT INTO HtmlLabelIndex values(125273,'泛微新一代协同融合平台') 
GO
INSERT INTO HtmlLabelInfo VALUES(125273,'泛微新一代协同融合平台',7) 
GO
INSERT INTO HtmlLabelInfo VALUES(125273,'Weaver Software''s new generation of collaborative integration platform',8) 
GO
INSERT INTO HtmlLabelInfo VALUES(125273,'泛微新一代f同融合平台',9) 
GO

delete from HtmlLabelIndex where id=125274 
GO
delete from HtmlLabelInfo where indexid=125274 
GO
INSERT INTO HtmlLabelIndex values(125274,'邀请你加入') 
GO
INSERT INTO HtmlLabelInfo VALUES(125274,'邀请你加入',7) 
GO
INSERT INTO HtmlLabelInfo VALUES(125274,'Invite you to join',8) 
GO
INSERT INTO HtmlLabelInfo VALUES(125274,'邀你加入',9) 
GO

delete from HtmlLabelIndex where id=125275 
GO
delete from HtmlLabelInfo where indexid=125275 
GO
INSERT INTO HtmlLabelIndex values(125275,'请点击下方的按钮来注册账号并加入企业') 
GO
INSERT INTO HtmlLabelInfo VALUES(125275,'请点击下方的按钮来注册账号并加入企业',7) 
GO
INSERT INTO HtmlLabelInfo VALUES(125275,'Please click the button below to register the account and join the business',8) 
GO
INSERT INTO HtmlLabelInfo VALUES(125275,'c粝路降陌粹o碜再~号并加入企I',9) 
GO

delete from HtmlLabelIndex where id=125276 
GO
delete from HtmlLabelInfo where indexid=125276 
GO
INSERT INTO HtmlLabelIndex values(125276,'接受邀请 , 立即注册') 
GO
INSERT INTO HtmlLabelInfo VALUES(125276,'接受邀请 , 立即注册',7) 
GO
INSERT INTO HtmlLabelInfo VALUES(125276,'Accept the invitation and immediately register',8) 
GO
INSERT INTO HtmlLabelInfo VALUES(125276,'接受邀 , 立即注',9) 
GO

delete from HtmlLabelIndex where id=125280 
GO
delete from HtmlLabelInfo where indexid=125280 
GO
INSERT INTO HtmlLabelIndex values(125280,'用户注册') 
GO
INSERT INTO HtmlLabelInfo VALUES(125280,'用户注册',7) 
GO
INSERT INTO HtmlLabelInfo VALUES(125280,'User registration',8) 
GO
INSERT INTO HtmlLabelInfo VALUES(125280,'用糇',9) 
GO

delete from HtmlLabelIndex where id=1976 
GO
delete from HtmlLabelInfo where indexid=1976 
GO
INSERT INTO HtmlLabelIndex values(1976,'公司名称') 
GO
INSERT INTO HtmlLabelInfo VALUES(1976,'公司名称',7) 
GO
INSERT INTO HtmlLabelInfo VALUES(1976,'Company Name',8) 
GO
INSERT INTO HtmlLabelInfo VALUES(1976,'公司名Q',9) 
GO

delete from HtmlLabelIndex where id=125238 
GO
delete from HtmlLabelInfo where indexid=125238 
GO
INSERT INTO HtmlLabelIndex values(125238,'手机号') 
GO
INSERT INTO HtmlLabelInfo VALUES(125238,'手机号',7) 
GO
INSERT INTO HtmlLabelInfo VALUES(125238,'Cell phone number',8) 
GO
INSERT INTO HtmlLabelInfo VALUES(125238,'手C号',9) 
GO

delete from HtmlLabelIndex where id=125281 
GO
delete from HtmlLabelInfo where indexid=125281 
GO
INSERT INTO HtmlLabelIndex values(125281,'请输入手机号') 
GO
INSERT INTO HtmlLabelInfo VALUES(125281,'请输入手机号',7) 
GO
INSERT INTO HtmlLabelInfo VALUES(125281,'Please enter your mobile phone number',8) 
GO
INSERT INTO HtmlLabelInfo VALUES(125281,'入手C号',9) 
GO

delete from HtmlLabelIndex where id=125282 
GO
delete from HtmlLabelInfo where indexid=125282 
GO
INSERT INTO HtmlLabelIndex values(125282,'手机号作为登录用户名') 
GO
INSERT INTO HtmlLabelInfo VALUES(125282,'手机号作为登录用户名',7) 
GO
INSERT INTO HtmlLabelInfo VALUES(125282,'Phone number as the login user name',8) 
GO
INSERT INTO HtmlLabelInfo VALUES(125282,'手C号作登用裘',9) 
GO

delete from HtmlLabelIndex where id=26919 
GO
delete from HtmlLabelInfo where indexid=26919 
GO
INSERT INTO HtmlLabelIndex values(26919,'请输入姓名') 
GO
INSERT INTO HtmlLabelInfo VALUES(26919,'请输入姓名',7) 
GO
INSERT INTO HtmlLabelInfo VALUES(26919,'please enter name',8) 
GO
INSERT INTO HtmlLabelInfo VALUES(26919,'入姓名',9) 
GO

delete from HtmlLabelIndex where id=125283 
GO
delete from HtmlLabelInfo where indexid=125283 
GO
INSERT INTO HtmlLabelIndex values(125283,'设置密码') 
GO
INSERT INTO HtmlLabelInfo VALUES(125283,'设置密码',7) 
GO
INSERT INTO HtmlLabelInfo VALUES(125283,'Set password',8) 
GO
INSERT INTO HtmlLabelInfo VALUES(125283,'O置密a',9) 
GO

delete from HtmlLabelIndex where id=125284 
GO
delete from HtmlLabelInfo where indexid=125284 
GO
INSERT INTO HtmlLabelIndex values(125284,'请设置密码！') 
GO
INSERT INTO HtmlLabelInfo VALUES(125284,'请设置密码！',7) 
GO
INSERT INTO HtmlLabelInfo VALUES(125284,'Set password!',8) 
GO
INSERT INTO HtmlLabelInfo VALUES(125284,'O置密a！',9) 
GO

delete from HtmlLabelIndex where id=125285 
GO
delete from HtmlLabelInfo where indexid=125285 
GO
INSERT INTO HtmlLabelIndex values(125285,'确认密码') 
GO
INSERT INTO HtmlLabelInfo VALUES(125285,'确认密码',7) 
GO
INSERT INTO HtmlLabelInfo VALUES(125285,'Confirm password',8) 
GO
INSERT INTO HtmlLabelInfo VALUES(125285,'确J密a',9) 
GO

delete from HtmlLabelIndex where id=125286 
GO
delete from HtmlLabelInfo where indexid=125286 
GO
INSERT INTO HtmlLabelIndex values(125286,'请再次输入密码') 
GO
INSERT INTO HtmlLabelInfo VALUES(125286,'请再次输入密码',7) 
GO
INSERT INTO HtmlLabelInfo VALUES(125286,'Please enter your password again',8) 
GO
INSERT INTO HtmlLabelInfo VALUES(125286,'再次入密a',9) 
GO

delete from HtmlLabelIndex where id=125287 
GO
delete from HtmlLabelInfo where indexid=125287 
GO
INSERT INTO HtmlLabelIndex values(125287,'请再次输入密码！') 
GO
INSERT INTO HtmlLabelInfo VALUES(125287,'请再次输入密码！',7) 
GO
INSERT INTO HtmlLabelInfo VALUES(125287,'Please enter your password again!',8) 
GO
INSERT INTO HtmlLabelInfo VALUES(125287,'再次入密a！',9) 
GO

delete from HtmlLabelIndex where id=615 
GO
delete from HtmlLabelInfo where indexid=615 
GO
INSERT INTO HtmlLabelIndex values(615,'提交') 
GO
INSERT INTO HtmlLabelInfo VALUES(615,'提交',7) 
GO
INSERT INTO HtmlLabelInfo VALUES(615,'Submit',8) 
GO
INSERT INTO HtmlLabelInfo VALUES(615,'提交',9) 
GO

delete from HtmlLabelIndex where id=125288 
GO
delete from HtmlLabelInfo where indexid=125288 
GO
INSERT INTO HtmlLabelIndex values(125288,'两次密码输入不一致！') 
GO
INSERT INTO HtmlLabelInfo VALUES(125288,'两次密码输入不一致！',7) 
GO
INSERT INTO HtmlLabelInfo VALUES(125288,'Two password input is not consistent!',8) 
GO
INSERT INTO HtmlLabelInfo VALUES(125288,'纱蚊艽a入不一@！',9) 
GO

delete from HtmlLabelIndex where id=125289 
GO
delete from HtmlLabelInfo where indexid=125289 
GO
INSERT INTO HtmlLabelIndex values(125289,'请完善个人信息') 
GO
INSERT INTO HtmlLabelInfo VALUES(125289,'请完善个人信息',7) 
GO
INSERT INTO HtmlLabelInfo VALUES(125289,'Perfect personal information',8) 
GO
INSERT INTO HtmlLabelInfo VALUES(125289,'完善人信息',9) 
GO

delete from HtmlLabelIndex where id=125290 
GO
delete from HtmlLabelInfo where indexid=125290 
GO
INSERT INTO HtmlLabelIndex values(125290,'已注册成功，请完善个人信息') 
GO
INSERT INTO HtmlLabelInfo VALUES(125290,'已注册成功，请完善个人信息',7) 
GO
INSERT INTO HtmlLabelInfo VALUES(125290,'Has been registered successfully, please perfect personal information',8) 
GO
INSERT INTO HtmlLabelInfo VALUES(125290,'已注猿晒Γ完善人信息',9) 
GO

delete from HtmlLabelIndex where id=125291 
GO
delete from HtmlLabelInfo where indexid=125291 
GO
INSERT INTO HtmlLabelIndex values(125291,'性别') 
GO
INSERT INTO HtmlLabelInfo VALUES(125291,'性别',7) 
GO
INSERT INTO HtmlLabelInfo VALUES(125291,'Sex',8) 
GO
INSERT INTO HtmlLabelInfo VALUES(125291,'性别',9) 
GO

delete from HtmlLabelIndex where id=125294 
GO
delete from HtmlLabelInfo where indexid=125294 
GO
INSERT INTO HtmlLabelIndex values(125294,'下载手机版APP') 
GO
INSERT INTO HtmlLabelInfo VALUES(125294,'下载手机版APP',7) 
GO
INSERT INTO HtmlLabelInfo VALUES(125294,'Download the mobile version of APP',8) 
GO
INSERT INTO HtmlLabelInfo VALUES(125294,'下d手C版APP',9) 
GO

delete from HtmlLabelIndex where id=125295 
GO
delete from HtmlLabelInfo where indexid=125295 
GO
INSERT INTO HtmlLabelIndex values(125295,'泛微移动平台') 
GO
INSERT INTO HtmlLabelInfo VALUES(125295,'泛微移动平台',7) 
GO
INSERT INTO HtmlLabelInfo VALUES(125295,'Weaver Software Mobile platform',8) 
GO
INSERT INTO HtmlLabelInfo VALUES(125295,'泛微移悠教',9) 
GO

delete from HtmlLabelIndex where id=125296 
GO
delete from HtmlLabelInfo where indexid=125296 
GO
INSERT INTO HtmlLabelIndex values(125296,'为您构建实时企业') 
GO
INSERT INTO HtmlLabelInfo VALUES(125296,'为您构建实时企业',7) 
GO
INSERT INTO HtmlLabelInfo VALUES(125296,'For you to build real-time enterprise',8) 
GO
INSERT INTO HtmlLabelInfo VALUES(125296,'您建r企I',9) 
GO

delete from HtmlLabelIndex where id=125297 
GO
delete from HtmlLabelInfo where indexid=125297 
GO
INSERT INTO HtmlLabelIndex values(125297,'第一步 : 扫描安装e-mobile') 
GO
INSERT INTO HtmlLabelInfo VALUES(125297,'第一步 : 扫描安装e-mobile',7) 
GO
INSERT INTO HtmlLabelInfo VALUES(125297,'Step 1: scan and install e-Mobile',8) 
GO
INSERT INTO HtmlLabelInfo VALUES(125297,'第一步 : 呙璋惭be-mobile',9) 
GO

delete from HtmlLabelIndex where id=125298 
GO
delete from HtmlLabelInfo where indexid=125298 
GO
INSERT INTO HtmlLabelIndex values(125298,'第二步 : 输入服务器地址') 
GO
INSERT INTO HtmlLabelInfo VALUES(125298,'第二步 : 输入服务器地址',7) 
GO
INSERT INTO HtmlLabelInfo VALUES(125298,'Second step: enter the server address',8) 
GO
INSERT INTO HtmlLabelInfo VALUES(125298,'第二步 : 入服掌鞯刂',9) 
GO

delete from HtmlLabelIndex where id=125299 
GO
delete from HtmlLabelInfo where indexid=125299 
GO
INSERT INTO HtmlLabelIndex values(125299,'发送到手机') 
GO
INSERT INTO HtmlLabelInfo VALUES(125299,'发送到手机',7) 
GO
INSERT INTO HtmlLabelInfo VALUES(125299,'Sent to the phone',8) 
GO
INSERT INTO HtmlLabelInfo VALUES(125299,'l送到手C',9) 
GO

delete from HtmlLabelIndex where id=125300 
GO
delete from HtmlLabelInfo where indexid=125300 
GO
INSERT INTO HtmlLabelIndex values(125300,'第三步 : 使用手机号及设置的密码登录') 
GO
INSERT INTO HtmlLabelInfo VALUES(125300,'第三步 : 使用手机号及设置的密码登录',7) 
GO
INSERT INTO HtmlLabelInfo VALUES(125300,'The third step: use the phone number and password to log in',8) 
GO
INSERT INTO HtmlLabelInfo VALUES(125300,'第三步 : 使用手C号及O置的密a登',9) 
GO

delete from HtmlLabelIndex where id=125301 
GO
delete from HtmlLabelInfo where indexid=125301 
GO
INSERT INTO HtmlLabelIndex values(125301,'请先选择部门！') 
GO
INSERT INTO HtmlLabelInfo VALUES(125301,'请先选择部门！',7) 
GO
INSERT INTO HtmlLabelInfo VALUES(125301,'Please select department!',8) 
GO
INSERT INTO HtmlLabelInfo VALUES(125301,'先x癫块T！',9) 
GO

delete from HtmlLabelIndex where id=125302 
GO
delete from HtmlLabelInfo where indexid=125302 
GO
INSERT INTO HtmlLabelIndex values(125302,'新建岗位') 
GO
INSERT INTO HtmlLabelInfo VALUES(125302,'新建岗位',7) 
GO
INSERT INTO HtmlLabelInfo VALUES(125302,'New job',8) 
GO
INSERT INTO HtmlLabelInfo VALUES(125302,'新建位',9) 
GO

delete from HtmlLabelIndex where id=125303 
GO
delete from HtmlLabelInfo where indexid=125303 
GO
INSERT INTO HtmlLabelIndex values(125303,'新建部门') 
GO
INSERT INTO HtmlLabelInfo VALUES(125303,'新建部门',7) 
GO
INSERT INTO HtmlLabelInfo VALUES(125303,'New Department',8) 
GO
INSERT INTO HtmlLabelInfo VALUES(125303,'新建部T',9) 
GO

delete from HtmlLabelIndex where id=125304 
GO
delete from HtmlLabelInfo where indexid=125304 
GO
INSERT INTO HtmlLabelIndex values(125304,'E-mobile的访问地址:') 
GO
INSERT INTO HtmlLabelInfo VALUES(125304,'E-mobile的访问地址:',7) 
GO
INSERT INTO HtmlLabelInfo VALUES(125304,'E-mobile access address:',8) 
GO
INSERT INTO HtmlLabelInfo VALUES(125304,'E-mobile的L地址:',9) 
GO

delete from HtmlLabelIndex where id=125305 
GO
delete from HtmlLabelInfo where indexid=125305 
GO
INSERT INTO HtmlLabelIndex values(125305,'已发送短信，半小时后才可再次发送！') 
GO
INSERT INTO HtmlLabelInfo VALUES(125305,'已发送短信，半小时后才可再次发送！',7) 
GO
INSERT INTO HtmlLabelInfo VALUES(125305,'Sent text messages, half an hour before they can be sent again!',8) 
GO
INSERT INTO HtmlLabelInfo VALUES(125305,'已l送短信，半小r後才可再次l送！',9) 
GO

delete from HtmlLabelIndex where id=125306 
GO
delete from HtmlLabelInfo where indexid=125306 
GO
INSERT INTO HtmlLabelIndex values(125306,'您已发送过短信，半小时后才可再次发送！') 
GO
INSERT INTO HtmlLabelInfo VALUES(125306,'您已发送过短信，半小时后才可再次发送！',7) 
GO
INSERT INTO HtmlLabelInfo VALUES(125306,'You have sent a text message, half an hour before you can send again!',8) 
GO
INSERT INTO HtmlLabelInfo VALUES(125306,'您已l送^短信，半小r後才可再次l送！',9) 
GO

delete from HtmlLabelIndex where id=125307 
GO
delete from HtmlLabelInfo where indexid=125307 
GO
INSERT INTO HtmlLabelIndex values(125307,'短信发送失败！') 
GO
INSERT INTO HtmlLabelInfo VALUES(125307,'短信发送失败！',7) 
GO
INSERT INTO HtmlLabelInfo VALUES(125307,'SMS send failure!',8) 
GO
INSERT INTO HtmlLabelInfo VALUES(125307,'短信l送失。',9) 
GO

delete from HtmlLabelIndex where id=125308 
GO
delete from HtmlLabelInfo where indexid=125308 
GO
INSERT INTO HtmlLabelIndex values(125308,'完成注册') 
GO
INSERT INTO HtmlLabelInfo VALUES(125308,'完成注册',7) 
GO
INSERT INTO HtmlLabelInfo VALUES(125308,'Complete registration',8) 
GO
INSERT INTO HtmlLabelInfo VALUES(125308,'完成注',9) 
GO

delete from HtmlLabelIndex where id=125309 
GO
delete from HtmlLabelInfo where indexid=125309 
GO
INSERT INTO HtmlLabelIndex values(125309,'待管理员通过后,将收到短信通知！') 
GO
INSERT INTO HtmlLabelInfo VALUES(125309,'待管理员通过后,将收到短信通知！',7) 
GO
INSERT INTO HtmlLabelInfo VALUES(125309,'After the administrator, will receive SMS notification!',8) 
GO
INSERT INTO HtmlLabelInfo VALUES(125309,'待管理T通^後,将收到短信通知！',9) 
GO

delete from HtmlLabelIndex where id=125310 
GO
delete from HtmlLabelInfo where indexid=125310 
GO
INSERT INTO HtmlLabelIndex values(125310,'返回登录页') 
GO
INSERT INTO HtmlLabelInfo VALUES(125310,'返回登录页',7) 
GO
INSERT INTO HtmlLabelInfo VALUES(125310,'Return logon page',8) 
GO
INSERT INTO HtmlLabelInfo VALUES(125310,'返回登',9) 
GO

delete from HtmlLabelIndex where id=32720 
GO
delete from HtmlLabelInfo where indexid=32720 
GO
INSERT INTO HtmlLabelIndex values(32720,'保存并新建') 
GO
INSERT INTO HtmlLabelInfo VALUES(32720,'保存并新建',7) 
GO
INSERT INTO HtmlLabelInfo VALUES(32720,'Save And New',8) 
GO
INSERT INTO HtmlLabelInfo VALUES(32720,'保存并新建',9) 
GO

delete from HtmlLabelIndex where id=125311 
GO
delete from HtmlLabelInfo where indexid=125311 
GO
INSERT INTO HtmlLabelIndex values(125311,'姓名不能为空!') 
GO
INSERT INTO HtmlLabelInfo VALUES(125311,'姓名不能为空!',7) 
GO
INSERT INTO HtmlLabelInfo VALUES(125311,'Name can not be empty!',8) 
GO
INSERT INTO HtmlLabelInfo VALUES(125311,'姓名不能空!',9) 
GO

delete from HtmlLabelIndex where id=125312 
GO
delete from HtmlLabelInfo where indexid=125312 
GO
INSERT INTO HtmlLabelIndex values(125312,'手机号不能为空!') 
GO
INSERT INTO HtmlLabelInfo VALUES(125312,'手机号不能为空!',7) 
GO
INSERT INTO HtmlLabelInfo VALUES(125312,'Phone number can not be empty!',8) 
GO
INSERT INTO HtmlLabelInfo VALUES(125312,'手C号不能空!',9) 
GO

delete from HtmlLabelIndex where id=125313 
GO
delete from HtmlLabelInfo where indexid=125313 
GO
INSERT INTO HtmlLabelIndex values(125313,'信息保存成功！') 
GO
INSERT INTO HtmlLabelInfo VALUES(125313,'信息保存成功！',7) 
GO
INSERT INTO HtmlLabelInfo VALUES(125313,'Information preservation success!',8) 
GO
INSERT INTO HtmlLabelInfo VALUES(125313,'信息保存成功！',9) 
GO

delete from HtmlLabelIndex where id=32694 
GO
delete from HtmlLabelInfo where indexid=32694 
GO
INSERT INTO HtmlLabelIndex values(32694,'取消') 
GO
INSERT INTO HtmlLabelInfo VALUES(32694,'取消',7) 
GO
INSERT INTO HtmlLabelInfo VALUES(32694,'Cancel',8) 
GO
INSERT INTO HtmlLabelInfo VALUES(32694,'取消',9) 
GO

delete from HtmlLabelIndex where id=125314 
GO
delete from HtmlLabelInfo where indexid=125314 
GO
INSERT INTO HtmlLabelIndex values(125314,'岗位不能为空!') 
GO
INSERT INTO HtmlLabelInfo VALUES(125314,'岗位不能为空!',7) 
GO
INSERT INTO HtmlLabelInfo VALUES(125314,'Post can not be empty!',8) 
GO
INSERT INTO HtmlLabelInfo VALUES(125314,'位不能空!',9) 
GO

delete from HtmlLabelIndex where id=2072 
GO
delete from HtmlLabelInfo where indexid=2072 
GO
INSERT INTO HtmlLabelIndex values(2072,'用户名') 
GO
INSERT INTO HtmlLabelInfo VALUES(2072,'用户名',7) 
GO
INSERT INTO HtmlLabelInfo VALUES(2072,'User Name',8) 
GO
INSERT INTO HtmlLabelInfo VALUES(2072,'用裘',9) 
GO

delete from HtmlLabelIndex where id=125315 
GO
delete from HtmlLabelInfo where indexid=125315 
GO
INSERT INTO HtmlLabelIndex values(125315,'请将以下链接发送给') 
GO
INSERT INTO HtmlLabelInfo VALUES(125315,'请将以下链接发送给',7) 
GO
INSERT INTO HtmlLabelInfo VALUES(125315,'Please send the following link to',8) 
GO
INSERT INTO HtmlLabelInfo VALUES(125315,'将以下接l送o',9) 
GO

delete from HtmlLabelIndex where id=125316 
GO
delete from HtmlLabelInfo where indexid=125316 
GO
INSERT INTO HtmlLabelIndex values(125316,'短信通知') 
GO
INSERT INTO HtmlLabelInfo VALUES(125316,'短信通知',7) 
GO
INSERT INTO HtmlLabelInfo VALUES(125316,'SMS notification',8) 
GO
INSERT INTO HtmlLabelInfo VALUES(125316,'短信通知',9) 
GO

delete from HtmlLabelIndex where id=125317 
GO
delete from HtmlLabelInfo where indexid=125317 
GO
INSERT INTO HtmlLabelIndex values(125317,'已发送') 
GO
INSERT INTO HtmlLabelInfo VALUES(125317,'已发送',7) 
GO
INSERT INTO HtmlLabelInfo VALUES(125317,'Sent',8) 
GO
INSERT INTO HtmlLabelInfo VALUES(125317,'已l送',9) 
GO

delete from HtmlLabelIndex where id=125318 
GO
delete from HtmlLabelInfo where indexid=125318 
GO
INSERT INTO HtmlLabelIndex values(125318,'复制内容') 
GO
INSERT INTO HtmlLabelInfo VALUES(125318,'复制内容',7) 
GO
INSERT INTO HtmlLabelInfo VALUES(125318,'Duplicate content',8) 
GO
INSERT INTO HtmlLabelInfo VALUES(125318,'}制内容',9) 
GO

delete from HtmlLabelIndex where id=125319 
GO
delete from HtmlLabelInfo where indexid=125319 
GO
INSERT INTO HtmlLabelIndex values(125319,'已发送激活短信，半小时后才可再次发送！') 
GO
INSERT INTO HtmlLabelInfo VALUES(125319,'已发送激活短信，半小时后才可再次发送！',7) 
GO
INSERT INTO HtmlLabelInfo VALUES(125319,'Activated text messages have been sent, half an hour before they can be sent again!',8) 
GO
INSERT INTO HtmlLabelInfo VALUES(125319,'已l送激活短信，半小r後才可再次l送！',9) 
GO

delete from HtmlNoteIndex where id=4002 
GO
delete from HtmlNoteInfo where indexid=4002 
GO
INSERT INTO HtmlNoteIndex values(4002,'编辑') 
GO
INSERT INTO HtmlNoteInfo VALUES(4002,'编辑',7) 
GO
INSERT INTO HtmlNoteInfo VALUES(4002,'Edit',8) 
GO
INSERT INTO HtmlNoteInfo VALUES(4002,'',9) 
GO

delete from HtmlNoteIndex where id=4006 
GO
delete from HtmlNoteInfo where indexid=4006 
GO
INSERT INTO HtmlNoteIndex values(4006,'创建人经理') 
GO
INSERT INTO HtmlNoteInfo VALUES(4006,'创建人经理',7) 
GO
INSERT INTO HtmlNoteInfo VALUES(4006,'Create human manager',8) 
GO
INSERT INTO HtmlNoteInfo VALUES(4006,'建人理',9) 
GO

delete from HtmlNoteIndex where id=4007 
GO
delete from HtmlNoteInfo where indexid=4007 
GO
INSERT INTO HtmlNoteIndex values(4007,'创建人本人') 
GO
INSERT INTO HtmlNoteInfo VALUES(4007,'创建人本人',7) 
GO
INSERT INTO HtmlNoteInfo VALUES(4007,'Create',8) 
GO
INSERT INTO HtmlNoteInfo VALUES(4007,'建人本人',9) 
GO

delete from HtmlNoteIndex where id=4008 
GO
delete from HtmlNoteInfo where indexid=4008 
GO
INSERT INTO HtmlNoteIndex values(4008,'节点名称保存失败！') 
GO
INSERT INTO HtmlNoteInfo VALUES(4008,'节点名称保存失败！',7) 
GO
INSERT INTO HtmlNoteInfo VALUES(4008,'Node name save failed!',8) 
GO
INSERT INTO HtmlNoteInfo VALUES(4008,'c名Q保存失。',9) 
GO

delete from HtmlNoteIndex where id=4009 
GO
delete from HtmlNoteInfo where indexid=4009 
GO
INSERT INTO HtmlNoteIndex values(4009,'请输入节点名称！') 
GO
INSERT INTO HtmlNoteInfo VALUES(4009,'请输入节点名称！',7) 
GO
INSERT INTO HtmlNoteInfo VALUES(4009,'Please enter the node name!',8) 
GO
INSERT INTO HtmlNoteInfo VALUES(4009,'入c名Q！',9) 
GO