INSERT INTO HtmlNoteIndex values(76,'代理设置成功') 
GO
INSERT INTO HtmlNoteInfo VALUES(76,'代理设置成功!',7) 
GO
INSERT INTO HtmlNoteInfo VALUES(76,'Agent Setting Success!',8) 
GO

INSERT INTO HtmlNoteIndex values(77,'代理设置失败') 
GO
INSERT INTO HtmlNoteInfo VALUES(77,'代理设置失败!',7) 
GO
INSERT INTO HtmlNoteInfo VALUES(77,'Agent Setting Fail!',8) 
GO

INSERT INTO HtmlNoteIndex values(78,'立即收回成功') 
GO
INSERT INTO HtmlNoteInfo VALUES(78,'立即收回成功!',7) 
GO
INSERT INTO HtmlNoteInfo VALUES(78,'Immediately Retract Success!',8) 
GO

INSERT INTO HtmlNoteIndex values(79,'立即收回失败') 
GO
INSERT INTO HtmlNoteInfo VALUES(79,'立即收回失败!',7) 
GO
INSERT INTO HtmlNoteInfo VALUES(79,'Immediately Retract Fail!',8) 
GO

INSERT INTO HtmlLabelIndex values(18455,'流程代理统计') 
GO
INSERT INTO HtmlLabelInfo VALUES(18455,'流程代理统计',7) 
GO
INSERT INTO HtmlLabelInfo VALUES(18455,'Workflow Agent Statistics',8) 
GO

INSERT INTO HtmlLabelIndex values(18456,'当前操作人代理状况') 
GO
INSERT INTO HtmlLabelIndex values(18457,'其它操作人代理状况') 
GO
INSERT INTO HtmlLabelInfo VALUES(18456,'当前操作人代理状况',7) 
GO
INSERT INTO HtmlLabelInfo VALUES(18456,'Agent Situation of the Current Operator',8) 
GO
INSERT INTO HtmlLabelInfo VALUES(18457,'其它操作人代理状况',7) 
GO
INSERT INTO HtmlLabelInfo VALUES(18457,'Agent Situation of the Other Operator',8) 
GO

INSERT INTO HtmlLabelIndex values(18458,'收回代理') 
GO
INSERT INTO HtmlLabelInfo VALUES(18458,'收回代理',7) 
GO
INSERT INTO HtmlLabelInfo VALUES(18458,'Retract Agent',8) 
GO

INSERT INTO HtmlLabelIndex values(18459,'立即收回') 
GO
INSERT INTO HtmlLabelInfo VALUES(18459,'立即收回',7) 
GO
INSERT INTO HtmlLabelInfo VALUES(18459,'Immediately Retract',8) 
GO

INSERT INTO HtmlLabelIndex values(18460,'收回流转中的流程代理') 
GO
INSERT INTO HtmlLabelInfo VALUES(18460,'收回流转中的流程代理',7) 
GO
INSERT INTO HtmlLabelInfo VALUES(18460,'Retract Agent in Workflow',8) 
GO



INSERT INTO HtmlNoteIndex values(80,'请选择被代理的流程') 
GO
INSERT INTO HtmlNoteInfo VALUES(80,'请选择被代理的流程!',7) 
GO
INSERT INTO HtmlNoteInfo VALUES(80,'Choose a Workflow!',8) 
GO

INSERT INTO HtmlLabelIndex values(18461,'流程代理设置') 
GO
INSERT INTO HtmlLabelInfo VALUES(18461,'流程代理设置',7) 
GO
INSERT INTO HtmlLabelInfo VALUES(18461,'Workflow Agent Setting',8) 
GO

INSERT INTO HtmlNoteIndex values(81,'被代理人不能为空') 
GO
INSERT INTO HtmlNoteInfo VALUES(81,'被代理人不能为空!',7) 
GO
INSERT INTO HtmlNoteInfo VALUES(81,'beAgent Can''t be Null!',8) 
GO

INSERT INTO HtmlNoteIndex values(82,'代理人不能为空') 
GO
INSERT INTO HtmlNoteInfo VALUES(82,'代理人不能为空!',7) 
GO
INSERT INTO HtmlNoteInfo VALUES(82,'Agent Can''t be Null!',8) 
GO

INSERT INTO HtmlNoteIndex values(83,'被代理人 、代理人不能相同') 
GO
INSERT INTO HtmlNoteInfo VALUES(83,'被代理人 、代理人不能相同！',7) 
GO
INSERT INTO HtmlNoteInfo VALUES(83,'Agent and beAgent Can''t be Same!',8) 
GO




INSERT INTO HtmlLabelIndex values(18462,'流程代理明细列表') 
GO
INSERT INTO HtmlLabelInfo VALUES(18462,'流程代理明细列表',7) 
GO
INSERT INTO HtmlLabelInfo VALUES(18462,'Worlflow Agent List',8) 
GO

INSERT INTO HtmlLabelIndex values(18463,'流程代理显示') 
GO
INSERT INTO HtmlLabelInfo VALUES(18463,'流程代理显示',7) 
GO
INSERT INTO HtmlLabelInfo VALUES(18463,'Workflow Agent View',8) 
GO

INSERT INTO HtmlLabelIndex values(18465,'显示自定义目录') 
GO
INSERT INTO HtmlLabelIndex values(18464,'显示全部目录') 
GO
INSERT INTO HtmlLabelIndex values(18466,'全部收缩') 
GO
INSERT INTO HtmlLabelInfo VALUES(18464,'显示全部目录',7) 
GO
INSERT INTO HtmlLabelInfo VALUES(18464,'All Category',8) 
GO
INSERT INTO HtmlLabelInfo VALUES(18465,'显示自定义目录',7) 
GO
INSERT INTO HtmlLabelInfo VALUES(18465,'Self Category',8) 
GO
INSERT INTO HtmlLabelInfo VALUES(18466,'全部收缩',7) 
GO
INSERT INTO HtmlLabelInfo VALUES(18466,'Shrink All',8) 
GO
INSERT INTO HtmlLabelIndex values(18467,'非回复') 
GO
INSERT INTO HtmlLabelIndex values(18468,'仅回复') 
GO
INSERT INTO HtmlLabelInfo VALUES(18467,'非回复',7) 
GO
INSERT INTO HtmlLabelInfo VALUES(18467,'Not Reply',8) 
GO
INSERT INTO HtmlLabelInfo VALUES(18468,'仅回复',7) 
GO
INSERT INTO HtmlLabelInfo VALUES(18468,'Only Reply',8) 
GO

INSERT INTO HtmlLabelIndex values(18469,'浏览量') 
GO
INSERT INTO HtmlLabelIndex values(18470,'回复数') 
GO
INSERT INTO HtmlLabelInfo VALUES(18469,'浏览量',7) 
GO
INSERT INTO HtmlLabelInfo VALUES(18469,'Read Amount',8) 
GO
INSERT INTO HtmlLabelInfo VALUES(18470,'回复数',7) 
GO
INSERT INTO HtmlLabelInfo VALUES(18470,'Reply Amount',8) 
GO
INSERT INTO HtmlLabelIndex values(18471,'个人文件夹') 
GO
INSERT INTO HtmlLabelIndex values(18472,'共享文件夹') 
GO
INSERT INTO HtmlLabelInfo VALUES(18471,'个人文件夹',7) 
GO
INSERT INTO HtmlLabelInfo VALUES(18471,'Personal Folder',8) 
GO
INSERT INTO HtmlLabelInfo VALUES(18472,'共享文件夹',7) 
GO
INSERT INTO HtmlLabelInfo VALUES(18472,'Share Folder',8) 
GO

INSERT INTO HtmlLabelIndex values(18473,'文件夹') 
GO
INSERT INTO HtmlLabelInfo VALUES(18473,'文件夹',7) 
GO
INSERT INTO HtmlLabelInfo VALUES(18473,'Folder',8) 
GO
 
INSERT INTO HtmlLabelIndex values(18474,'新建文件') 
GO
INSERT INTO HtmlLabelIndex values(18475,'新建文件夹') 
GO
INSERT INTO HtmlLabelInfo VALUES(18474,'新建文件',7) 
GO
INSERT INTO HtmlLabelInfo VALUES(18474,'New File',8) 
GO
INSERT INTO HtmlLabelInfo VALUES(18475,'新建文件夹',7) 
GO
INSERT INTO HtmlLabelInfo VALUES(18475,'New Folder',8) 
GO

INSERT INTO HtmlLabelIndex values(18476,'根目录') 
GO
INSERT INTO HtmlLabelInfo VALUES(18476,'根目录',7) 
GO
INSERT INTO HtmlLabelInfo VALUES(18476,'Root Folder',8) 
GO

INSERT INTO HtmlLabelIndex values(18477,'修改名称') 
GO
INSERT INTO HtmlLabelInfo VALUES(18477,'修改名称',7) 
GO
INSERT INTO HtmlLabelInfo VALUES(18477,'Rename',8) 
GO

INSERT INTO HtmlLabelIndex values(18493,'文件') 
GO
INSERT INTO HtmlLabelInfo VALUES(18493,'文件',7) 
GO
INSERT INTO HtmlLabelInfo VALUES(18493,'File',8) 
GO

INSERT INTO HtmlLabelIndex values(18494,'共享文件') 
GO
INSERT INTO HtmlLabelInfo VALUES(18494,'共享文件',7) 
GO
INSERT INTO HtmlLabelInfo VALUES(18494,'Share File',8) 
GO

INSERT INTO HtmlLabelIndex values(18495,'共享类型') 
GO
INSERT INTO HtmlLabelInfo VALUES(18495,'共享类型',7) 
GO
INSERT INTO HtmlLabelInfo VALUES(18495,'Share Type',8) 
GO

INSERT INTO HtmlLabelIndex values(18497,'不共享') 
GO
INSERT INTO HtmlLabelInfo VALUES(18497,'不共享',7) 
GO
INSERT INTO HtmlLabelInfo VALUES(18497,'Not Share',8) 
GO

INSERT INTO HtmlLabelIndex values(18498,'没选择目录或权限不够') 
GO
INSERT INTO HtmlLabelInfo VALUES(18498,'没选择目录或权限不够!',7) 
GO
INSERT INTO HtmlLabelInfo VALUES(18498,'No Choosing Folder or No Right!',8) 
GO

INSERT INTO HtmlLabelIndex values(18499,'路径') 
GO
INSERT INTO HtmlLabelInfo VALUES(18499,'路径',7) 
GO
INSERT INTO HtmlLabelInfo VALUES(18499,'Path',8) 
GO
update HtmlLabelInfo set labelname='Sub Reback' where indexid=17715 and languageid=8
GO
update HtmlLabelInfo set labelname='Sub Search' where indexid=18655 and languageid=8
GO

INSERT INTO HtmlLabelIndex values(18651,'此文档无权查看') 
GO
INSERT INTO HtmlLabelIndex values(18655,'订阅搜索') 
GO
INSERT INTO HtmlLabelIndex values(18658,'批准时间') 
GO
INSERT INTO HtmlLabelIndex values(18659,'已申请') 
GO
INSERT INTO HtmlLabelIndex values(18663,'其他订阅') 
GO
INSERT INTO HtmlLabelIndex values(18660,'已批准') 
GO
INSERT INTO HtmlLabelIndex values(18661,'已收回') 
GO
INSERT INTO HtmlLabelIndex values(18657,'订阅时间') 
GO
INSERT INTO HtmlLabelIndex values(18664,'订阅说明') 
GO
INSERT INTO HtmlLabelIndex values(18656,'文档所有者') 
GO
INSERT INTO HtmlLabelIndex values(18662,'文档作者') 
GO
INSERT INTO HtmlLabelInfo VALUES(18651,'此文档无权查看',7) 
GO
INSERT INTO HtmlLabelInfo VALUES(18651,'No right to view this document',8) 
GO
INSERT INTO HtmlLabelInfo VALUES(18655,'订阅搜索',7) 
GO
INSERT INTO HtmlLabelInfo VALUES(18655,'Subscribe Search',8) 
GO
INSERT INTO HtmlLabelInfo VALUES(18656,'文档所有者',7) 
GO
INSERT INTO HtmlLabelInfo VALUES(18656,'Doc owner',8) 
GO
INSERT INTO HtmlLabelInfo VALUES(18657,'订阅时间',7) 
GO
INSERT INTO HtmlLabelInfo VALUES(18657,'Subscribe Time',8) 
GO
INSERT INTO HtmlLabelInfo VALUES(18658,'批准时间',7) 
GO
INSERT INTO HtmlLabelInfo VALUES(18658,'Approve Time',8) 
GO
INSERT INTO HtmlLabelInfo VALUES(18659,'已申请',7) 
GO
INSERT INTO HtmlLabelInfo VALUES(18659,'Applied',8) 
GO
INSERT INTO HtmlLabelInfo VALUES(18660,'已批准',7) 
GO
INSERT INTO HtmlLabelInfo VALUES(18660,'Approved',8) 
GO
INSERT INTO HtmlLabelInfo VALUES(18661,'已收回',7) 
GO
INSERT INTO HtmlLabelInfo VALUES(18661,'Retracted',8) 
GO
INSERT INTO HtmlLabelInfo VALUES(18662,'文档作者',7) 
GO
INSERT INTO HtmlLabelInfo VALUES(18662,'Doc Creater',8) 
GO
INSERT INTO HtmlLabelInfo VALUES(18663,'其他订阅',7) 
GO
INSERT INTO HtmlLabelInfo VALUES(18663,'Other Subscribe',8) 
GO
INSERT INTO HtmlLabelInfo VALUES(18664,'订阅说明',7) 
GO
INSERT INTO HtmlLabelInfo VALUES(18664,'Subscribe Description',8) 
GO

INSERT INTO HtmlLabelIndex values(18665,'订阅人') 
GO
INSERT INTO HtmlLabelInfo VALUES(18665,'订阅人',7) 
GO
INSERT INTO HtmlLabelInfo VALUES(18665,'Subscriber',8) 
GO

INSERT INTO HtmlLabelIndex values(18666,'收回') 
GO
INSERT INTO HtmlLabelInfo VALUES(18666,'收回',7) 
GO
INSERT INTO HtmlLabelInfo VALUES(18666,'Retract',8) 
GO

INSERT INTO HtmlLabelIndex values(18668,'订阅') 
GO
INSERT INTO HtmlLabelInfo VALUES(18668,'订阅',7) 
GO
INSERT INTO HtmlLabelInfo VALUES(18668,'Subscribe',8) 
GO
 

INSERT INTO HtmlLabelIndex values(18478,'分享给别人的文档数量') 
GO
INSERT INTO HtmlLabelIndex values(18479,'分享别人的文档数量') 
GO
INSERT INTO HtmlLabelIndex values(18490,'回复别人文档主题的数量') 
GO
INSERT INTO HtmlLabelIndex values(18491,'回复的文档数量') 
GO
INSERT INTO HtmlLabelInfo VALUES(18478,'分享给别人的文档数量',7) 
GO
INSERT INTO HtmlLabelInfo VALUES(18478,'Documents Shared to Others',8) 
GO
INSERT INTO HtmlLabelInfo VALUES(18479,'分享别人的文档数量',7) 
GO
INSERT INTO HtmlLabelInfo VALUES(18479,'Documents Shared from Others',8) 
GO
INSERT INTO HtmlLabelInfo VALUES(18490,'回复别人文档主题的数量',7) 
GO
INSERT INTO HtmlLabelInfo VALUES(18490,'Documents Replied to Other''s Subject',8) 
GO
INSERT INTO HtmlLabelInfo VALUES(18491,'回复的文档数量',7) 
GO
INSERT INTO HtmlLabelInfo VALUES(18491,'Documents Replied',8) 
GO
 
INSERT INTO HtmlLabelIndex values(18492,'标记为已读') 
GO
INSERT INTO HtmlLabelInfo VALUES(18492,'标记为已读',7) 
GO
INSERT INTO HtmlLabelInfo VALUES(18492,'Sign Readed',8) 
GO
INSERT INTO HtmlLabelIndex values(18674,'新建流程还没保存，如果离开,将会丢失数据,真的要离开吗?') 
GO
INSERT INTO HtmlLabelInfo VALUES(18674,'新建流程还没保存，如果离开,将会丢失数据,真的要离开吗?',7) 
GO
INSERT INTO HtmlLabelInfo VALUES(18674,'New request is not saved.If leave,you will lose data,sure to leave now?',8) 
GO
update HtmlLabelInfo set labelname='New Add Client' where indexid=15006 and languageid=8
GO

INSERT INTO HtmlLabelIndex values(18675,'客户还没保存，真的要离开吗？') 
GO
INSERT INTO HtmlLabelInfo VALUES(18675,'客户还没保存，真的要离开吗？',7) 
GO
INSERT INTO HtmlLabelInfo VALUES(18675,'Client is not saved,sure to leave now?',8) 
GO
 
INSERT INTO HtmlLabelInfo(indexid, labelname, languageid) VALUES (18375, 'Project Template', 8)
GO

INSERT INTO HtmlLabelIndex values(18504,'请点击模板名称进入项目创建页面') 
GO
INSERT INTO HtmlLabelInfo VALUES(18504,'请点击模板名称进入项目创建页面',7) 
GO
INSERT INTO HtmlLabelInfo VALUES(18504,'Please Select a Template to Enter the Page of Creating Project',8) 
GO
INSERT INTO HtmlLabelIndex values(18505,'任务列表') 
GO
INSERT INTO HtmlLabelInfo VALUES(18505,'任务列表',7) 
GO
INSERT INTO HtmlLabelInfo VALUES(18505,'Task List',8) 
GO

INSERT INTO HtmlLabelIndex values(18506,'升降级') 
GO
INSERT INTO HtmlLabelInfo VALUES(18506,'升降级',7) 
GO
INSERT INTO HtmlLabelInfo VALUES(18506,'Up and Down',8) 
GO
INSERT INTO HtmlLabelIndex values(18510,'请输入模板名称') 
GO
INSERT INTO HtmlLabelInfo VALUES(18510,'请输入模板名称',7) 
GO
INSERT INTO HtmlLabelInfo VALUES(18510,'Please input template name',8) 
GO
update HtmlLabelInfo set labelname='New Conference' where indexid=15008 and languageid=8
GO

INSERT INTO HtmlLabelIndex values(18514,'会议列表') 
GO
INSERT INTO HtmlLabelInfo VALUES(18514,'会议列表',7) 
GO
INSERT INTO HtmlLabelInfo VALUES(18514,'Meeting List',8) 
GO
 
INSERT INTO HtmlLabelIndex values(18516,'周使用情况') 
GO
INSERT INTO HtmlLabelIndex values(18517,'月使用情况') 
GO
INSERT INTO HtmlLabelIndex values(18515,'日使用情况') 
GO
INSERT INTO HtmlLabelInfo VALUES(18515,'日使用情况',7) 
GO
INSERT INTO HtmlLabelInfo VALUES(18515,'Day use situation',8) 
GO
INSERT INTO HtmlLabelInfo VALUES(18516,'周使用情况',7) 
GO
INSERT INTO HtmlLabelInfo VALUES(18516,'Week user situation',8) 
GO
INSERT INTO HtmlLabelInfo VALUES(18517,'月使用情况',7) 
GO
INSERT INTO HtmlLabelInfo VALUES(18517,'Month use situation',8) 
GO

INSERT INTO HtmlLabelIndex values(18518,'星期') 
GO
INSERT INTO HtmlLabelInfo VALUES(18518,'星期',7) 
GO
INSERT INTO HtmlLabelInfo VALUES(18518,'Day',8) 
GO

update HtmlLabelInfo set labelname='Draft Box' where indexid=2039 and languageid=8
GO
INSERT INTO HtmlLabelIndex values(18523,'短信状态') 
GO
INSERT INTO HtmlLabelIndex values(18524,'已发') 
GO
INSERT INTO HtmlLabelIndex values(18525,'待发') 
GO
INSERT INTO HtmlLabelIndex values(18526,'接收') 
GO
INSERT INTO HtmlLabelInfo VALUES(18523,'短信状态',7) 
GO
INSERT INTO HtmlLabelInfo VALUES(18523,'Note State',8) 
GO
INSERT INTO HtmlLabelInfo VALUES(18524,'已发',7) 
GO
INSERT INTO HtmlLabelInfo VALUES(18524,'Sended',8) 
GO
INSERT INTO HtmlLabelInfo VALUES(18525,'待发',7) 
GO
INSERT INTO HtmlLabelInfo VALUES(18525,'Sending',8) 
GO
INSERT INTO HtmlLabelInfo VALUES(18526,'接收',7) 
GO
INSERT INTO HtmlLabelInfo VALUES(18526,'Receive',8) 
GO

INSERT INTO HtmlLabelIndex values(18527,'短信类型') 
GO
INSERT INTO HtmlLabelIndex values(18528,'发送') 
GO
INSERT INTO HtmlLabelInfo VALUES(18527,'短信类型',7) 
GO
INSERT INTO HtmlLabelInfo VALUES(18527,'Note Type',8) 
GO
INSERT INTO HtmlLabelInfo VALUES(18528,'发送',7) 
GO
INSERT INTO HtmlLabelInfo VALUES(18528,'Send',8) 
GO

INSERT INTO HtmlLabelIndex values(18530,'发送日期') 
GO
INSERT INTO HtmlLabelInfo VALUES(18530,'发送日期',7) 
GO
INSERT INTO HtmlLabelInfo VALUES(18530,'send date',8) 
GO

INSERT INTO HtmlLabelIndex values(18529,'短信内容') 
GO
INSERT INTO HtmlLabelInfo VALUES(18529,'短信内容',7) 
GO
INSERT INTO HtmlLabelInfo VALUES(18529,'Note Content',8) 
GO
 
INSERT INTO HtmlLabelIndex values(18540,'回复') 
GO
INSERT INTO HtmlLabelIndex values(18541,'例如') 
GO
INSERT INTO HtmlLabelIndex values(18542,'收到短信为') 
GO
INSERT INTO HtmlLabelIndex values(18543,'回复应该为') 
GO
INSERT INTO HtmlLabelIndex values(18536,'接收人手机号码') 
GO
INSERT INTO HtmlLabelIndex values(18537,'公司员工') 
GO
INSERT INTO HtmlLabelIndex values(18538,'自定义号码') 
GO
INSERT INTO HtmlLabelIndex values(18539,'回复方法') 
GO
INSERT INTO HtmlLabelIndex values(18544,'收到的消息内容') 
GO
INSERT INTO HtmlLabelIndex values(18545,'发送的消息内容') 
GO
INSERT INTO HtmlLabelInfo VALUES(18536,'接收人手机号码',7) 
GO
INSERT INTO HtmlLabelInfo VALUES(18536,'receiver''s mobile number',8) 
GO
INSERT INTO HtmlLabelInfo VALUES(18537,'公司员工',7) 
GO
INSERT INTO HtmlLabelInfo VALUES(18537,'Company Staff',8) 
GO
INSERT INTO HtmlLabelInfo VALUES(18538,'自定义号码',7) 
GO
INSERT INTO HtmlLabelInfo VALUES(18538,'User-Define Number',8) 
GO
INSERT INTO HtmlLabelInfo VALUES(18539,'回复方法',7) 
GO
INSERT INTO HtmlLabelInfo VALUES(18539,'Reply Method',8) 
GO
INSERT INTO HtmlLabelInfo VALUES(18540,'回复',7) 
GO
INSERT INTO HtmlLabelInfo VALUES(18540,'Reply',8) 
GO
INSERT INTO HtmlLabelInfo VALUES(18541,'例如',7) 
GO
INSERT INTO HtmlLabelInfo VALUES(18541,'For example',8) 
GO
INSERT INTO HtmlLabelInfo VALUES(18542,'收到短信为',7) 
GO
INSERT INTO HtmlLabelInfo VALUES(18542,'Note received is',8) 
GO
INSERT INTO HtmlLabelInfo VALUES(18543,'回复应该为',7) 
GO
INSERT INTO HtmlLabelInfo VALUES(18543,'Reply should be',8) 
GO
INSERT INTO HtmlLabelInfo VALUES(18544,'收到的消息内容',7) 
GO
INSERT INTO HtmlLabelInfo VALUES(18544,'Note Content Received',8) 
GO
INSERT INTO HtmlLabelInfo VALUES(18545,'发送的消息内容',7) 
GO
INSERT INTO HtmlLabelInfo VALUES(18545,'Note Content to Be Send',8) 
GO


INSERT INTO HtmlLabelIndex values(18547,'不超过60个字') 
GO
INSERT INTO HtmlLabelIndex values(18546,'回复内容') 
GO
INSERT INTO HtmlLabelIndex values(18548,'ID从收到的短信中可以获得') 
GO
INSERT INTO HtmlLabelInfo VALUES(18546,'回复内容',7) 
GO
INSERT INTO HtmlLabelInfo VALUES(18546,'Reply Content',8) 
GO
INSERT INTO HtmlLabelInfo VALUES(18547,'不超过60个字',7) 
GO
INSERT INTO HtmlLabelInfo VALUES(18547,'No more than 60 words',8) 
GO
INSERT INTO HtmlLabelInfo VALUES(18548,'ID从收到的短信中可以获得',7) 
GO
INSERT INTO HtmlLabelInfo VALUES(18548,'ID can be get from the note',8) 
GO
INSERT INTO HtmlLabelIndex values(18549,'主字段') 
GO
INSERT INTO HtmlLabelIndex values(18550,'明细字段') 
GO
INSERT INTO HtmlLabelInfo VALUES(18549,'主字段',7) 
GO
INSERT INTO HtmlLabelInfo VALUES(18549,'Main Field',8) 
GO
INSERT INTO HtmlLabelInfo VALUES(18550,'明细字段',7) 
GO
INSERT INTO HtmlLabelInfo VALUES(18550,'Detail Field',8) 
GO
 

INSERT INTO HtmlLabelIndex values(18555,'排序顺序') 
GO
INSERT INTO HtmlLabelIndex values(18557,'页面显示名称，不是数据库的字段名!') 
GO
INSERT INTO HtmlLabelIndex values(18556,'此操作不能执行!') 
GO
INSERT INTO HtmlLabelInfo VALUES(18555,'排序顺序',7) 
GO
INSERT INTO HtmlLabelInfo VALUES(18555,'Sorting Order',8) 
GO
INSERT INTO HtmlLabelInfo VALUES(18556,'此操作不能执行!',7) 
GO
INSERT INTO HtmlLabelInfo VALUES(18556,'The operation can not be execute!',8) 
GO
INSERT INTO HtmlLabelInfo VALUES(18557,'页面显示名称，不是数据库的字段名!',7) 
GO
INSERT INTO HtmlLabelInfo VALUES(18557,'Name show on page,not name of the DB!',8) 
GO
INSERT INTO HtmlLabelIndex values(18558,'是否排序') 
GO
INSERT INTO HtmlLabelIndex values(18559,'排序关键字顺序') 
GO
INSERT INTO HtmlLabelInfo VALUES(18558,'是否排序',7) 
GO
INSERT INTO HtmlLabelInfo VALUES(18558,'Sort or Not',8) 
GO
INSERT INTO HtmlLabelInfo VALUES(18559,'排序关键字顺序',7) 
GO
INSERT INTO HtmlLabelInfo VALUES(18559,'Sorted Key Order',8) 
GO
 
INSERT INTO HtmlLabelIndex values(18560,'流程监控人') 
GO
INSERT INTO HtmlLabelIndex values(18561,'流程数量') 
GO
INSERT INTO HtmlLabelIndex values(18562,'详细列表') 
GO
INSERT INTO HtmlLabelIndex values(18563,'请选择被监控的流程!') 
GO
INSERT INTO HtmlLabelInfo VALUES(18560,'流程监控人',7) 
GO
INSERT INTO HtmlLabelInfo VALUES(18560,'Flow Control Men',8) 
GO
INSERT INTO HtmlLabelInfo VALUES(18561,'流程数量',7) 
GO
INSERT INTO HtmlLabelInfo VALUES(18561,'Flow Amount',8) 
GO
INSERT INTO HtmlLabelInfo VALUES(18562,'详细列表',7) 
GO
INSERT INTO HtmlLabelInfo VALUES(18562,'Detail List',8) 
GO
INSERT INTO HtmlLabelInfo VALUES(18563,'请选择被监控的流程!',7) 
GO
INSERT INTO HtmlLabelInfo VALUES(18563,'Please choose flows to be controled!',8) 
GO
INSERT INTO HtmlLabelIndex values(18564,'当前节点') 
GO
INSERT INTO HtmlLabelIndex values(18565,'当前未操作者') 
GO
INSERT INTO HtmlLabelInfo VALUES(18564,'当前节点',7) 
GO
INSERT INTO HtmlLabelInfo VALUES(18564,'Current node',8) 
GO
INSERT INTO HtmlLabelInfo VALUES(18565,'当前未操作者',7) 
GO
INSERT INTO HtmlLabelInfo VALUES(18565,'Current no operating people',8) 
GO

INSERT INTO HtmlLabelIndex values(18566,'您对该流程已经失去强制归档权限!') 
GO
INSERT INTO HtmlLabelIndex values(18567,'您对该流程已经失去强制收回权限!') 
GO
INSERT INTO HtmlLabelInfo VALUES(18566,'您对该流程已经失去强制归档权限!',7) 
GO
INSERT INTO HtmlLabelInfo VALUES(18566,'You have lost the right of compellent over!',8) 
GO
INSERT INTO HtmlLabelInfo VALUES(18567,'您对该流程已经失去强制收回权限!',7) 
GO
INSERT INTO HtmlLabelInfo VALUES(18567,'You have lost the right of compellent retract!',8) 
GO
 
update HtmlLabelInfo set labelname='Default Share' where indexid=15059 and languageid=8
GO

INSERT INTO HtmlLabelIndex values(18573,'允许修改') 
GO
INSERT INTO HtmlLabelIndex values(18575,'允许打分') 
GO
INSERT INTO HtmlLabelIndex values(18574,'非默认共享') 
GO
INSERT INTO HtmlLabelIndex values(18576,'允许匿名') 
GO
INSERT INTO HtmlLabelIndex values(18578,'锁定查看文档') 
GO
INSERT INTO HtmlLabelIndex values(18580,'附件上传最大') 
GO
INSERT INTO HtmlLabelIndex values(18572,'允许订阅') 
GO
INSERT INTO HtmlLabelInfo VALUES(18572,'允许订阅',7) 
GO
INSERT INTO HtmlLabelInfo VALUES(18572,'Allow to subscribe',8) 
GO
INSERT INTO HtmlLabelInfo VALUES(18573,'允许修改',7) 
GO
INSERT INTO HtmlLabelInfo VALUES(18573,'Allow to modify',8) 
GO
INSERT INTO HtmlLabelInfo VALUES(18574,'非默认共享',7) 
GO
INSERT INTO HtmlLabelInfo VALUES(18574,'Not Default Share',8) 
GO
INSERT INTO HtmlLabelInfo VALUES(18575,'允许打分',7) 
GO
INSERT INTO HtmlLabelInfo VALUES(18575,'Allow to mark',8) 
GO
INSERT INTO HtmlLabelInfo VALUES(18576,'允许匿名',7) 
GO
INSERT INTO HtmlLabelInfo VALUES(18576,'Allow anonymity',8) 
GO
INSERT INTO HtmlLabelInfo VALUES(18578,'锁定查看文档',7) 
GO
INSERT INTO HtmlLabelInfo VALUES(18578,'Lock document viewing',8) 
GO
INSERT INTO HtmlLabelInfo VALUES(18580,'附件上传最大',7) 
GO
INSERT INTO HtmlLabelInfo VALUES(18580,'Max of affix uploaded',8) 
GO
 
INSERT INTO HtmlLabelIndex values(18582,'文档创建人') 
GO
INSERT INTO HtmlLabelInfo VALUES(18582,'文档创建人',7) 
GO
INSERT INTO HtmlLabelInfo VALUES(18582,'Document Creator',8) 
GO

update HtmlLabelInfo set labelname='Creater Manager' where indexid=15080 and languageid=8
GO
update HtmlLabelInfo set labelname='Creater Department' where indexid=15081 and languageid=8
GO

INSERT INTO HtmlLabelIndex values(18583,'创建人直接上级') 
GO
INSERT INTO HtmlLabelIndex values(18582,'文档创建人') 
GO
INSERT INTO HtmlLabelIndex values(18584,'创建人本分部') 
GO
INSERT INTO HtmlLabelInfo VALUES(18582,'文档创建人',7) 
GO
INSERT INTO HtmlLabelInfo VALUES(18582,'Document Creator',8) 
GO
INSERT INTO HtmlLabelInfo VALUES(18583,'创建人直接上级',7) 
GO
INSERT INTO HtmlLabelInfo VALUES(18583,'the leader of the creator',8) 
GO
INSERT INTO HtmlLabelInfo VALUES(18584,'创建人本分部',7) 
GO
INSERT INTO HtmlLabelInfo VALUES(18584,'the branch department of the creator',8) 
GO

INSERT INTO HtmlLabelIndex values(18589,'内部人员') 
GO
INSERT INTO HtmlLabelIndex values(18590,'与文档创建人相关') 
GO
INSERT INTO HtmlLabelInfo VALUES(18589,'内部人员',7) 
GO
INSERT INTO HtmlLabelInfo VALUES(18589,'Inside Personnel',8) 
GO
INSERT INTO HtmlLabelInfo VALUES(18590,'与文档创建人相关',7) 
GO
INSERT INTO HtmlLabelInfo VALUES(18590,'Related with document creator',8) 
GO

INSERT INTO HtmlLabelIndex values(18596,'导入') 
GO
INSERT INTO HtmlLabelIndex values(18597,'添加选择项') 
GO
INSERT INTO HtmlLabelInfo VALUES(18596,'导入',7) 
GO
INSERT INTO HtmlLabelInfo VALUES(18596,'Export',8) 
GO
INSERT INTO HtmlLabelInfo VALUES(18597,'添加选择项',7) 
GO
INSERT INTO HtmlLabelInfo VALUES(18597,'Add Option',8) 
GO

INSERT INTO HtmlLabelIndex values(18598,'与文档创建人无关') 
GO
INSERT INTO HtmlLabelInfo VALUES(18598,'与文档创建人无关',7) 
GO
INSERT INTO HtmlLabelInfo VALUES(18598,'No related with document creator',8) 
GO
 

update HtmlLabelInfo set labelname='DownLoadFile Log' where indexid=17515 and languageid=8
GO
update HtmlLabelInfo set labelname='Download Person' where indexid=17516 and languageid=8
GO
update HtmlLabelInfo set labelname='File Name' where indexid=17517 and languageid=8
GO
update HtmlLabelInfo set labelname='Belong to Document' where indexid=17518 and languageid=8
GO
update HtmlLabelInfo set labelname='Download Time' where indexid=17519 and languageid=8
GO
update HtmlLabelInfo set labelname='Relative Customer' where indexid=783 and languageid=8
GO
update HtmlLabelInfo set labelname='Relative Project' where indexid=782 and languageid=8
GO

INSERT INTO HtmlLabelIndex values(18599,'授权') 
GO
INSERT INTO HtmlLabelInfo VALUES(18599,'授权',7) 
GO
INSERT INTO HtmlLabelInfo VALUES(18599,'Authorize',8) 
GO
 
INSERT INTO HtmlLabelIndex values(18600,'进行') 
GO
INSERT INTO HtmlLabelInfo VALUES(18600,'进行',7) 
GO
INSERT INTO HtmlLabelInfo VALUES(18600,'Proceeding',8) 
GO
 
INSERT INTO HtmlLabelIndex values(18603,'其他输入') 
GO
INSERT INTO HtmlLabelInfo VALUES(18603,'其他输入',7) 
GO
INSERT INTO HtmlLabelInfo VALUES(18603,'Other Input',8) 
GO
INSERT INTO HtmlLabelIndex values(18605,'参与人员') 
GO
INSERT INTO HtmlLabelInfo VALUES(18605,'参与人员',7) 
GO
INSERT INTO HtmlLabelInfo VALUES(18605,'the attendance',8) 
GO

INSERT INTO HtmlLabelIndex values(18606,'投票结果') 
GO
INSERT INTO HtmlLabelInfo VALUES(18606,'投票结果',7) 
GO
INSERT INTO HtmlLabelInfo VALUES(18606,'Voting Result',8) 
GO

INSERT INTO HtmlLabelIndex values(18607,'票') 
GO
INSERT INTO HtmlLabelInfo VALUES(18607,'票',7) 
GO
INSERT INTO HtmlLabelInfo VALUES(18607,'Vote',8) 
GO

INSERT INTO HtmlLabelIndex values(18608,'人参与投票') 
GO
INSERT INTO HtmlLabelInfo VALUES(18608,'人参与投票',7) 
GO
INSERT INTO HtmlLabelInfo VALUES(18608,'people voted',8) 
GO
 
INSERT INTO HtmlLabelIndex values(18609,'共') 
GO
INSERT INTO HtmlLabelInfo VALUES(18609,'共',7) 
GO
INSERT INTO HtmlLabelInfo VALUES(18609,'Totally',8) 
GO
 
INSERT INTO HtmlLabelIndex values(18610,'投票人') 
GO
INSERT INTO HtmlLabelInfo VALUES(18610,'投票人',7) 
GO
INSERT INTO HtmlLabelInfo VALUES(18610,'Voter',8) 
GO
 
INSERT INTO HtmlLabelIndex values(18611,'匿名') 
GO
INSERT INTO HtmlLabelInfo VALUES(18611,'匿名',7) 
GO
INSERT INTO HtmlLabelInfo VALUES(18611,'Anonymity',8) 
GO
 
INSERT INTO HtmlLabelIndex values(18612,'匿名投票') 
GO
INSERT INTO HtmlLabelInfo VALUES(18612,'匿名投票',7) 
GO
INSERT INTO HtmlLabelInfo VALUES(18612,'Anonymity Voting',8) 
GO
 
INSERT INTO HtmlLabelIndex values(18613,'用户意见') 
GO
INSERT INTO HtmlLabelInfo VALUES(18613,'用户意见',7) 
GO
INSERT INTO HtmlLabelInfo VALUES(18613,'User Opinion',8) 
GO

INSERT INTO HtmlLabelIndex values(18614,'新建主题') 
GO
INSERT INTO HtmlLabelInfo VALUES(18614,'新建主题',7) 
GO
INSERT INTO HtmlLabelInfo VALUES(18614,'New Subject',8) 
GO

INSERT INTO HtmlLabelIndex values(18615,'新建选项') 
GO
INSERT INTO HtmlLabelInfo VALUES(18615,'新建选项',7) 
GO
INSERT INTO HtmlLabelInfo VALUES(18615,'New Option',8) 
GO

INSERT INTO HtmlLabelIndex values(18616,'Excel 文档模版，可下载使用') 
GO
INSERT INTO HtmlLabelInfo VALUES(18616,'Excel 文档模版，可下载使用',7) 
GO
INSERT INTO HtmlLabelInfo VALUES(18616,'EXcel Document Mould,may download to use',8) 
GO
 
INSERT INTO HtmlLabelIndex values(18617,'请按下列顺序排列需导入的EXCEL文档中各字段的顺序，其中红色的部分为必填字段，不能为空！') 
GO
INSERT INTO HtmlLabelInfo VALUES(18617,'请按下列顺序排列需导入的EXCEL文档中各字段的顺序，其中红色的部分为必填字段，不能为空！',7) 
GO
INSERT INTO HtmlLabelInfo VALUES(18617,'Please order as below in Excel,attention,red part must be input,can not be null!',8) 
GO
 
INSERT INTO HtmlLabelIndex values(18618,'请选择要导入的EXCEL文档！') 
GO
INSERT INTO HtmlLabelInfo VALUES(18618,'请选择要导入的EXCEL文档！',7) 
GO
INSERT INTO HtmlLabelInfo VALUES(18618,'Please choose a Excel document to export!',8) 
GO

INSERT INTO HtmlLabelIndex values(18619,'客户资料导入成功！') 
GO
INSERT INTO HtmlLabelInfo VALUES(18619,'客户资料导入成功！',7) 
GO
INSERT INTO HtmlLabelInfo VALUES(18619,'Customers export successfully!',8) 
GO
 
INSERT INTO HtmlLabelIndex values(18622,'不能为空') 
GO
INSERT INTO HtmlLabelIndex values(18620,'行') 
GO
INSERT INTO HtmlLabelIndex values(18621,'列') 
GO
INSERT INTO HtmlLabelInfo VALUES(18620,'行',7) 
GO
INSERT INTO HtmlLabelInfo VALUES(18620,'Row',8) 
GO
INSERT INTO HtmlLabelInfo VALUES(18621,'列',7) 
GO
INSERT INTO HtmlLabelInfo VALUES(18621,'Column',8) 
GO
INSERT INTO HtmlLabelInfo VALUES(18622,'不能为空',7) 
GO
INSERT INTO HtmlLabelInfo VALUES(18622,'can not be null',8) 
GO

INSERT INTO HtmlLabelIndex values(18623,'服务器正在处理客户导入,请稍等') 
GO
INSERT INTO HtmlLabelInfo VALUES(18623,'服务器正在处理客户导入,请稍等',7) 
GO
INSERT INTO HtmlLabelInfo VALUES(18623,'Server is busy exporting customers,wait please',8) 
GO
 

INSERT INTO HtmlLabelIndex values(18624,'是否启用') 
GO
INSERT INTO HtmlLabelInfo VALUES(18624,'是否启用',7) 
GO
INSERT INTO HtmlLabelInfo VALUES(18624,'Use Or Not',8) 
GO
 

INSERT INTO HtmlLabelIndex values(18625,'模板基本信息') 
GO
INSERT INTO HtmlLabelIndex values(18627,'模板描述') 
GO
INSERT INTO HtmlLabelIndex values(18628,'项目成员') 
GO
INSERT INTO HtmlLabelIndex values(18626,'项目基本信息') 
GO
INSERT INTO HtmlLabelInfo VALUES(18625,'模板基本信息',7) 
GO
INSERT INTO HtmlLabelInfo VALUES(18625,'Template Basic Info',8) 
GO
INSERT INTO HtmlLabelInfo VALUES(18626,'项目基本信息',7) 
GO
INSERT INTO HtmlLabelInfo VALUES(18626,'Project Basic Info',8) 
GO
INSERT INTO HtmlLabelInfo VALUES(18627,'模板描述',7) 
GO
INSERT INTO HtmlLabelInfo VALUES(18627,'Template Description',8) 
GO
INSERT INTO HtmlLabelInfo VALUES(18628,'项目成员',7) 
GO
INSERT INTO HtmlLabelInfo VALUES(18628,'Project Member',8) 
GO

INSERT INTO HtmlLabelIndex values(18629,'项目自定义字段') 
GO
INSERT INTO HtmlLabelIndex values(18630,'项目类型自定义字段') 
GO
INSERT INTO HtmlLabelInfo VALUES(18629,'项目自定义字段',7) 
GO
INSERT INTO HtmlLabelInfo VALUES(18629,'User Definition Field of Project',8) 
GO
INSERT INTO HtmlLabelInfo VALUES(18630,'项目类型自定义字段',7) 
GO
INSERT INTO HtmlLabelInfo VALUES(18630,'User Definition Field of Project Type',8) 
GO
INSERT INTO HtmlLabelIndex values(18631,'是否指定') 
GO
INSERT INTO HtmlLabelInfo VALUES(18631,'是否指定',7) 
GO
INSERT INTO HtmlLabelInfo VALUES(18631,'Appointed or Not',8) 
GO
update HtmlLabelInfo set labelname='Appoited' where indexid=17908 and languageid=8
GO

INSERT INTO HtmlLabelIndex values(18632,'代号') 
GO
INSERT INTO HtmlLabelInfo VALUES(18632,'代号',7) 
GO
INSERT INTO HtmlLabelInfo VALUES(18632,'Code',8) 
GO
 
INSERT INTO HtmlLabelIndex values(18633,'清除指定') 
GO
INSERT INTO HtmlLabelInfo VALUES(18633,'清除指定',7) 
GO
INSERT INTO HtmlLabelInfo VALUES(18633,'Clear Appointed',8) 
GO

INSERT INTO HtmlLabelIndex values(18635,'短信服务方式') 
GO
INSERT INTO HtmlLabelIndex values(18634,'短信服务器对外地址') 
GO
INSERT INTO HtmlLabelIndex values(18636,'没有短信服务') 
GO
INSERT INTO HtmlLabelInfo VALUES(18634,'短信服务器对外地址',7) 
GO
INSERT INTO HtmlLabelInfo VALUES(18634,'NoteServer Open to Outside',8) 
GO
INSERT INTO HtmlLabelInfo VALUES(18635,'短信服务方式',7) 
GO
INSERT INTO HtmlLabelInfo VALUES(18635,'Note Service Way',8) 
GO
INSERT INTO HtmlLabelInfo VALUES(18636,'没有短信服务',7) 
GO
INSERT INTO HtmlLabelInfo VALUES(18636,'No Note Service',8) 
GO

INSERT INTO HtmlLabelIndex values(18637,'不限用户') 
GO
INSERT INTO HtmlLabelIndex values(18638,'不限时间') 
GO
INSERT INTO HtmlLabelIndex values(18640,'提交License') 
GO
INSERT INTO HtmlLabelIndex values(18639,'标识码') 
GO
INSERT INTO HtmlLabelInfo VALUES(18637,'不限用户',7) 
GO
INSERT INTO HtmlLabelInfo VALUES(18637,'User Amount No Limited',8) 
GO
INSERT INTO HtmlLabelInfo VALUES(18638,'不限时间',7) 
GO
INSERT INTO HtmlLabelInfo VALUES(18638,'Time No Limited',8) 
GO
INSERT INTO HtmlLabelInfo VALUES(18639,'标识码',7) 
GO
INSERT INTO HtmlLabelInfo VALUES(18639,'ID Code',8) 
GO
INSERT INTO HtmlLabelInfo VALUES(18640,'提交License',7) 
GO
INSERT INTO HtmlLabelInfo VALUES(18640,'Submit License',8) 
GO
INSERT INTO HtmlLabelIndex values(18641,'回复提醒') 
GO
INSERT INTO HtmlLabelIndex values(18642,'此目录下上传附件最大大小') 
GO
INSERT INTO HtmlLabelInfo VALUES(18641,'回复提醒',7) 
GO
INSERT INTO HtmlLabelInfo VALUES(18641,'Remind when reply',8) 
GO
INSERT INTO HtmlLabelInfo VALUES(18642,'此目录下上传附件最大大小',7) 
GO
INSERT INTO HtmlLabelInfo VALUES(18642,'The max size of the attachment in this folder',8) 
GO
 

INSERT INTO HtmlLabelIndex values(18643,'将默认被以下用户使用') 
GO
INSERT INTO HtmlLabelInfo VALUES(18643,'将默认被以下用户使用',7) 
GO
INSERT INTO HtmlLabelInfo VALUES(18643,'will be shared by users below',8) 
GO
 
INSERT INTO HtmlLabelIndex values(18644,'文档权限共享提醒') 
GO
INSERT INTO HtmlLabelInfo VALUES(18644,'文档权限共享提醒',7) 
GO
INSERT INTO HtmlLabelInfo VALUES(18644,'Remind of document share right',8) 
GO
 
INSERT INTO HtmlLabelIndex values(18646,'删除共享') 
GO
INSERT INTO HtmlLabelIndex values(18645,'添加共享') 
GO
INSERT INTO HtmlLabelInfo VALUES(18645,'添加共享',7) 
GO
INSERT INTO HtmlLabelInfo VALUES(18645,'Add Share',8) 
GO
INSERT INTO HtmlLabelInfo VALUES(18646,'删除共享',7) 
GO
INSERT INTO HtmlLabelInfo VALUES(18646,'Delete Share',8) 
GO
 
INSERT INTO HtmlLabelIndex values(18647,'指定客户') 
GO
INSERT INTO HtmlLabelInfo VALUES(18647,'指定客户',7) 
GO
INSERT INTO HtmlLabelInfo VALUES(18647,'Appointed Customer',8) 
GO
 
INSERT INTO HtmlLabelIndex values(18691,'改变类型后内容会丢失，确认要改变吗？') 
GO
INSERT INTO HtmlLabelInfo VALUES(18691,'改变类型后内容会丢失，确认要改变吗？',7) 
GO
INSERT INTO HtmlLabelInfo VALUES(18691,'Content will lost while changing doc type,sure to change?',8) 
GO
 
INSERT INTO HtmlLabelIndex values(18693,'模板内容') 
GO
INSERT INTO HtmlLabelInfo VALUES(18693,'模板内容',7) 
GO
INSERT INTO HtmlLabelInfo VALUES(18693,'Mould Content',8) 
GO
 
INSERT INTO HtmlLabelIndex values(18694,'签章名称') 
GO
INSERT INTO HtmlLabelInfo VALUES(18694,'签章名称',7) 
GO
INSERT INTO HtmlLabelInfo VALUES(18694,'Stamped Signature Name',8) 
GO

INSERT INTO HtmlLabelIndex values(18695,'签章图片') 
GO
INSERT INTO HtmlLabelInfo VALUES(18695,'签章图片',7) 
GO
INSERT INTO HtmlLabelInfo VALUES(18695,'Stamped Signature Picture',8) 
GO
 
INSERT INTO HtmlLabelIndex values(18696,'安装说明') 
GO
INSERT INTO HtmlLabelInfo VALUES(18696,'安装说明',7) 
GO
INSERT INTO HtmlLabelInfo VALUES(18696,'Install Description',8) 
GO

INSERT INTO HtmlLabelIndex values(18697,'下载后直接点击安装') 
GO
INSERT INTO HtmlLabelInfo VALUES(18697,'下载后直接点击安装',7) 
GO
INSERT INTO HtmlLabelInfo VALUES(18697,'Download it then click to install',8) 
GO
 
INSERT INTO HtmlLabelIndex values(18698,'下载到C盘') 
GO
INSERT INTO HtmlLabelInfo VALUES(18698,'下载到C盘',7) 
GO
INSERT INTO HtmlLabelInfo VALUES(18698,'Download to disk C',8) 
GO
 
INSERT INTO HtmlLabelIndex values(18699,'在DOS窗口执行命名 "regsvr32 c:\iWebOffice2003.ocx"') 
GO
INSERT INTO HtmlLabelInfo VALUES(18699,'在DOS窗口执行命名 "regsvr32 c:\iWebOffice2003.ocx"',7) 
GO
INSERT INTO HtmlLabelInfo VALUES(18699,'Excute the command "regsvr32 c:\iWebOffice2003.ocx" under the DOS window',8) 
GO

INSERT INTO HtmlLabelIndex values(18700,'插件') 
GO
INSERT INTO HtmlLabelIndex values(18701,'浏览器插件') 
GO
INSERT INTO HtmlLabelInfo VALUES(18700,'插件',7) 
GO
INSERT INTO HtmlLabelInfo VALUES(18700,'plug-in',8) 
GO
INSERT INTO HtmlLabelInfo VALUES(18701,'浏览器插件',7) 
GO
INSERT INTO HtmlLabelInfo VALUES(18701,'Browser plug-in',8) 
GO

INSERT INTO HtmlLabelIndex values(18702,'超级报表插件') 
GO
INSERT INTO HtmlLabelInfo VALUES(18702,'超级报表插件',7) 
GO
INSERT INTO HtmlLabelInfo VALUES(18702,'Super Report plug-in',8) 
GO
 
INSERT INTO HtmlLabelIndex values(18703,'浏览器插件安装程序') 
GO
INSERT INTO HtmlLabelInfo VALUES(18703,'浏览器插件安装程序',7) 
GO
INSERT INTO HtmlLabelInfo VALUES(18703,'Install program of browser plug-in',8) 
GO
 
INSERT INTO HtmlLabelIndex values(18707,'用于知识管理中Office文档的显示，编辑(如果提示安装Office插件不成功时需要)') 
GO
INSERT INTO HtmlLabelIndex values(18704,'用于实现数据中心报表展现') 
GO
INSERT INTO HtmlLabelIndex values(18705,'用于实现e-cology系统的消息提醒以及即时通讯的功能') 
GO
INSERT INTO HtmlLabelIndex values(18706,'用于注册上方的Office浏览器插件') 
GO
INSERT INTO HtmlLabelIndex values(18708,'用于菜单的显示(如果提示安装Java插件不成功时需要)') 
GO
INSERT INTO HtmlLabelIndex values(18709,'用于浏览动画的文件(如：泛微右上角的ecology系统标志)') 
GO
INSERT INTO HtmlLabelInfo VALUES(18704,'用于实现数据中心报表展现',7) 
GO
INSERT INTO HtmlLabelInfo VALUES(18704,'Use to realize the report of Data Center',8) 
GO
INSERT INTO HtmlLabelInfo VALUES(18705,'用于实现e-cology系统的消息提醒以及即时通讯的功能',7) 
GO
INSERT INTO HtmlLabelInfo VALUES(18705,'Use to realize the message remind and the real time communication of e-cology system',8) 
GO
INSERT INTO HtmlLabelInfo VALUES(18706,'用于注册上方的Office浏览器插件',7) 
GO
INSERT INTO HtmlLabelInfo VALUES(18706,'Use to register the Office browser plug-in',8) 
GO
INSERT INTO HtmlLabelInfo VALUES(18707,'用于知识管理中Office文档的显示，编辑(如果提示安装Office插件不成功时需要)',7) 
GO
INSERT INTO HtmlLabelInfo VALUES(18707,'Use to display or edit Office doc of knowledge management(needed while failing in installing Office plug-in)',8) 
GO
INSERT INTO HtmlLabelInfo VALUES(18708,'用于菜单的显示(如果提示安装Java插件不成功时需要)',7) 
GO
INSERT INTO HtmlLabelInfo VALUES(18708,'Use to display menu(needed while failing in installing Java plug-in)',8) 
GO
INSERT INTO HtmlLabelInfo VALUES(18709,'用于浏览动画的文件(如：泛微右上角的ecology系统标志)',7) 
GO
INSERT INTO HtmlLabelInfo VALUES(18709,'Use to display animation(For example:the symbol of the Weaver e-cology system)',8) 
GO
INSERT INTO HtmlLabelIndex values(18711,'提醒周期') 
GO
INSERT INTO HtmlLabelIndex values(18710,'密码变更提醒') 
GO
INSERT INTO HtmlLabelInfo VALUES(18710,'密码变更提醒',7) 
GO
INSERT INTO HtmlLabelInfo VALUES(18710,'Password Changing Remind',8) 
GO
INSERT INTO HtmlLabelInfo VALUES(18711,'提醒周期',7) 
GO
INSERT INTO HtmlLabelInfo VALUES(18711,'Remind Period',8) 
GO

update HtmlLabelInfo set labelname='生日祝词' where indexid=18352 and languageid=7
GO
update HtmlLabelInfo set labelname='Birthday Congratulatory Speech' where indexid=18352 and languageid=8
GO


INSERT INTO HtmlLabelIndex values(18712,'员工生日提醒') 
GO
INSERT INTO HtmlLabelIndex values(18714,'人力资源管理员提醒') 
GO
INSERT INTO HtmlLabelIndex values(18717,'弹出窗口') 
GO
INSERT INTO HtmlLabelIndex values(18713,'提醒方式') 
GO
INSERT INTO HtmlLabelIndex values(18715,'公司员工提醒') 
GO
INSERT INTO HtmlLabelIndex values(18716,'默认流程') 
GO
INSERT INTO HtmlLabelInfo VALUES(18712,'员工生日提醒',7) 
GO
INSERT INTO HtmlLabelInfo VALUES(18712,'Employee Birthday Remind',8) 
GO
INSERT INTO HtmlLabelInfo VALUES(18713,'提醒方式',7) 
GO
INSERT INTO HtmlLabelInfo VALUES(18713,'Remind Mode',8) 
GO
INSERT INTO HtmlLabelInfo VALUES(18714,'人力资源管理员提醒',7) 
GO
INSERT INTO HtmlLabelInfo VALUES(18714,'HR manager Remind',8) 
GO
INSERT INTO HtmlLabelInfo VALUES(18715,'公司员工提醒',7) 
GO
INSERT INTO HtmlLabelInfo VALUES(18715,'Company Employee Remind',8) 
GO
INSERT INTO HtmlLabelInfo VALUES(18716,'默认流程',7) 
GO
INSERT INTO HtmlLabelInfo VALUES(18716,'Default Workflow',8) 
GO
INSERT INTO HtmlLabelInfo VALUES(18717,'弹出窗口',7) 
GO
INSERT INTO HtmlLabelInfo VALUES(18717,'Popup window',8) 
GO

INSERT INTO HtmlLabelIndex values(18718,'登陆模式设置') 
GO
INSERT INTO HtmlLabelIndex values(18719,'允许同一用户重复登陆') 
GO
INSERT INTO HtmlLabelInfo VALUES(18718,'登陆模式设置',7) 
GO
INSERT INTO HtmlLabelInfo VALUES(18718,'Login Mode Setting',8) 
GO
INSERT INTO HtmlLabelInfo VALUES(18719,'允许同一用户重复登陆',7) 
GO
INSERT INTO HtmlLabelInfo VALUES(18719,'Allow same user login repeatedly',8) 
GO

INSERT INTO HtmlLabelIndex values(18721,'USB硬件加密设置') 
GO
INSERT INTO HtmlLabelIndex values(18723,'公司代码') 
GO
INSERT INTO HtmlLabelIndex values(18724,'用户代码') 
GO
INSERT INTO HtmlLabelIndex values(18722,'是否需要使用USB登陆认证功能') 
GO
INSERT INTO HtmlLabelInfo VALUES(18721,'USB硬件加密设置',7) 
GO
INSERT INTO HtmlLabelInfo VALUES(18721,'USB Hardware Encryption Setting',8) 
GO
INSERT INTO HtmlLabelInfo VALUES(18722,'是否需要使用USB登陆认证功能',7) 
GO
INSERT INTO HtmlLabelInfo VALUES(18722,'whether use USB login recognize function',8) 
GO
INSERT INTO HtmlLabelInfo VALUES(18723,'公司代码',7) 
GO
INSERT INTO HtmlLabelInfo VALUES(18723,'Company Code',8) 
GO
INSERT INTO HtmlLabelInfo VALUES(18724,'用户代码',7) 
GO
INSERT INTO HtmlLabelInfo VALUES(18724,'User Code',8) 
GO
 
INSERT INTO HtmlLabelIndex values(18731,'步骤') 
GO
INSERT INTO HtmlLabelIndex values(18732,'选择被转移人') 
GO
INSERT INTO HtmlLabelIndex values(18733,'选择转移人') 
GO
INSERT INTO HtmlLabelIndex values(18734,'系统会更新被转移人的客户,项目,人力资源,文档的数量') 
GO
INSERT INTO HtmlLabelIndex values(18737,'选择要转移权限的人力资源') 
GO
INSERT INTO HtmlLabelIndex values(18738,'选择要转移权限的文档') 
GO
INSERT INTO HtmlLabelIndex values(18735,'选择要转移权限的客户') 
GO
INSERT INTO HtmlLabelIndex values(18739,'注意') 
GO
INSERT INTO HtmlLabelIndex values(18736,'选择要转移权限的项目') 
GO
INSERT INTO HtmlLabelIndex values(18740,'系统默认是全部选择.如果选择的数量是0，就不能选择') 
GO
INSERT INTO HtmlLabelInfo VALUES(18731,'步骤',7) 
GO
INSERT INTO HtmlLabelInfo VALUES(18731,'Step',8) 
GO
INSERT INTO HtmlLabelInfo VALUES(18732,'选择被转移人',7) 
GO
INSERT INTO HtmlLabelInfo VALUES(18732,'Choose man transfer from',8) 
GO
INSERT INTO HtmlLabelInfo VALUES(18733,'选择转移人',7) 
GO
INSERT INTO HtmlLabelInfo VALUES(18733,'Choose man transfer to',8) 
GO
INSERT INTO HtmlLabelInfo VALUES(18734,'系统会更新被转移人的客户,项目,人力资源,文档的数量',7) 
GO
INSERT INTO HtmlLabelInfo VALUES(18734,'System will renew the amount of customers,projects,human resources,documents of the man transfer from',8) 
GO
INSERT INTO HtmlLabelInfo VALUES(18735,'选择要转移权限的客户',7) 
GO
INSERT INTO HtmlLabelInfo VALUES(18735,'Choose customers needed to transfer',8) 
GO
INSERT INTO HtmlLabelInfo VALUES(18736,'选择要转移权限的项目',7) 
GO
INSERT INTO HtmlLabelInfo VALUES(18736,'Choose projects needed to transfer',8) 
GO
INSERT INTO HtmlLabelInfo VALUES(18737,'选择要转移权限的人力资源',7) 
GO
INSERT INTO HtmlLabelInfo VALUES(18737,'Choose human resources needed to transfer',8) 
GO
INSERT INTO HtmlLabelInfo VALUES(18738,'选择要转移权限的文档',7) 
GO
INSERT INTO HtmlLabelInfo VALUES(18738,'Choose documents needed to transfer',8) 
GO
INSERT INTO HtmlLabelInfo VALUES(18739,'注意',7) 
GO
INSERT INTO HtmlLabelInfo VALUES(18739,'Attention',8) 
GO
INSERT INTO HtmlLabelInfo VALUES(18740,'系统默认是全部选择.如果选择的数量是0，就不能选择',7) 
GO
INSERT INTO HtmlLabelInfo VALUES(18740,'The system default is all choosing.If the amount is zero,then you can not choose anymore',8) 
GO
INSERT INTO HtmlLabelIndex values(18808,'项目类型编码') 
GO
INSERT INTO HtmlLabelIndex values(18811,'流水号位数') 
GO
INSERT INTO HtmlLabelIndex values(18809,'客户类型编码') 
GO
INSERT INTO HtmlLabelIndex values(18810,'工作类型编码') 
GO
INSERT INTO HtmlLabelIndex values(18807,'编码前缀') 
GO
INSERT INTO HtmlLabelInfo VALUES(18807,'编码前缀',7) 
GO
INSERT INTO HtmlLabelInfo VALUES(18807,'code prefix',8) 
GO
INSERT INTO HtmlLabelInfo VALUES(18808,'项目类型编码',7) 
GO
INSERT INTO HtmlLabelInfo VALUES(18808,'project type code',8) 
GO
INSERT INTO HtmlLabelInfo VALUES(18809,'客户类型编码',7) 
GO
INSERT INTO HtmlLabelInfo VALUES(18809,'customer type code',8) 
GO
INSERT INTO HtmlLabelInfo VALUES(18810,'工作类型编码',7) 
GO
INSERT INTO HtmlLabelInfo VALUES(18810,'work type code',8) 
GO
INSERT INTO HtmlLabelInfo VALUES(18811,'流水号位数',7) 
GO
INSERT INTO HtmlLabelInfo VALUES(18811,'sequence number length',8) 
GO
 


update codemain set titleName='17852' where id=1 and titleName='项目编码'
GO

update codedetail set showname='18807' where codemainid=1 and showname='编码前缀'
GO

update codedetail set showname='18808' where codemainid=1 and showname='项目类型编码'
GO

update codedetail set showname='18809' where codemainid=1 and showname='客户类型编码'
GO

update codedetail set showname='18810' where codemainid=1 and showname='工作类型编码'
GO

update codedetail set showname='18811' where codemainid=1 and showname='流水号位数'
GO

update codedetail set showname='445' where codemainid=1 and showname='年'
GO

update codedetail set showname='6076' where codemainid=1 and showname='月'
GO

update codedetail set showname='16889' where codemainid=1 and showname='日'
GO
