delete from HtmlLabelIndex where id=126091 
GO
delete from HtmlLabelInfo where indexid=126091 
GO
INSERT INTO HtmlLabelIndex values(126091,'分享') 
GO
INSERT INTO HtmlLabelInfo VALUES(126091,'分享',7) 
GO
INSERT INTO HtmlLabelInfo VALUES(126091,'share',8) 
GO
INSERT INTO HtmlLabelInfo VALUES(126091,'分享',9) 
GO

delete from HtmlLabelIndex where id=6072 
GO
delete from HtmlLabelInfo where indexid=6072 
GO
INSERT INTO HtmlLabelIndex values(6072,'打分') 
GO
INSERT INTO HtmlLabelInfo VALUES(6072,'打分',7) 
GO
INSERT INTO HtmlLabelInfo VALUES(6072,'Mark',8) 
GO
INSERT INTO HtmlLabelInfo VALUES(6072,'打分',9) 
GO

delete from HtmlLabelIndex where id=83562 
GO
delete from HtmlLabelInfo where indexid=83562 
GO
INSERT INTO HtmlLabelIndex values(83562,'所有者') 
GO
INSERT INTO HtmlLabelInfo VALUES(83562,'所有者',7) 
GO
INSERT INTO HtmlLabelInfo VALUES(83562,'Owner',8) 
GO
INSERT INTO HtmlLabelInfo VALUES(83562,'所有者',9) 
GO

delete from HtmlLabelIndex where id=603 
GO
delete from HtmlLabelInfo where indexid=603 
GO
INSERT INTO HtmlLabelIndex values(603,'等级') 
GO
INSERT INTO HtmlLabelInfo VALUES(603,'等级',7) 
GO
INSERT INTO HtmlLabelInfo VALUES(603,'Grade',8) 
GO
INSERT INTO HtmlLabelInfo VALUES(603,'等',9) 
GO

delete from HtmlLabelIndex where id=26182 
GO
delete from HtmlLabelInfo where indexid=26182 
GO
INSERT INTO HtmlLabelIndex values(26182,'积分') 
GO
INSERT INTO HtmlLabelInfo VALUES(26182,'积分',7) 
GO
INSERT INTO HtmlLabelInfo VALUES(26182,'Integral',8) 
GO
INSERT INTO HtmlLabelInfo VALUES(26182,'e分',9) 
GO

delete from HtmlLabelIndex where id=126835 
GO
delete from HtmlLabelInfo where indexid=126835 
GO
INSERT INTO HtmlLabelIndex values(126835,'文档路径')
GO
INSERT INTO HtmlLabelInfo VALUES(126835,'文档路径',7) 
GO
INSERT INTO HtmlLabelInfo VALUES(126835,'Document URL',8) 
GO
INSERT INTO HtmlLabelInfo VALUES(126835,'文n路',9) 
GO

delete from HtmlLabelIndex where id=1340 
GO
delete from HtmlLabelInfo where indexid=1340 
GO
INSERT INTO HtmlLabelIndex values(1340,'所有人') 
GO
INSERT INTO HtmlLabelInfo VALUES(1340,'所有人',7) 
GO
INSERT INTO HtmlLabelInfo VALUES(1340,'All',8) 
GO
INSERT INTO HtmlLabelInfo VALUES(1340,'所有人',9) 
GO

delete from HtmlLabelIndex where id=126836 
GO
delete from HtmlLabelInfo where indexid=126836 
GO
INSERT INTO HtmlLabelIndex values(126836,'分享人员') 
GO
INSERT INTO HtmlLabelInfo VALUES(126836,'分享人员',7) 
GO
INSERT INTO HtmlLabelInfo VALUES(126836,'share person',8) 
GO
INSERT INTO HtmlLabelInfo VALUES(126836,'分享人T',9) 
GO

delete from HtmlLabelIndex where id=126837 
GO
delete from HtmlLabelInfo where indexid=126837 
GO
INSERT INTO HtmlLabelIndex values(126837,'按组织架构选人') 
GO
INSERT INTO HtmlLabelInfo VALUES(126837,'按组织架构选人',7) 
GO
INSERT INTO HtmlLabelInfo VALUES(126837,'choose person by organization',8) 
GO
INSERT INTO HtmlLabelInfo VALUES(126837,'按M架x人',9) 
GO

delete from HtmlLabelIndex where id=126838 
GO
delete from HtmlLabelInfo where indexid=126838 
GO
INSERT INTO HtmlLabelIndex values(126838,'分享原因') 
GO
INSERT INTO HtmlLabelInfo VALUES(126838,'分享原因',7) 
GO
INSERT INTO HtmlLabelInfo VALUES(126838,'share reason',8) 
GO
INSERT INTO HtmlLabelInfo VALUES(126838,'分享原因',9) 
GO

delete from HtmlLabelIndex where id=126839 
GO
delete from HtmlLabelInfo where indexid=126839 
GO
INSERT INTO HtmlLabelIndex values(126839,'文档分享') 
GO
INSERT INTO HtmlLabelInfo VALUES(126839,'文档分享',7) 
GO
INSERT INTO HtmlLabelInfo VALUES(126839,'Document Share',8) 
GO
INSERT INTO HtmlLabelInfo VALUES(126839,'文n分享',9) 
GO

delete from HtmlLabelIndex where id=33368 
GO
delete from HtmlLabelInfo where indexid=33368 
GO
INSERT INTO HtmlLabelIndex values(33368,'内容') 
GO
INSERT INTO HtmlLabelInfo VALUES(33368,'内容',7) 
GO
INSERT INTO HtmlLabelInfo VALUES(33368,'content',8) 
GO
INSERT INTO HtmlLabelInfo VALUES(33368,'内容',9) 
GO

delete from HtmlNoteIndex where id=4089 
GO
delete from HtmlNoteInfo where indexid=4089 
GO
INSERT INTO HtmlNoteIndex values(4089,'请选择要分享的人员') 
GO
INSERT INTO HtmlNoteInfo VALUES(4089,'请选择要分享的人员',7) 
GO
INSERT INTO HtmlNoteInfo VALUES(4089,'Please choose to share',8) 
GO
INSERT INTO HtmlNoteInfo VALUES(4089,'x褚分享的人T',9) 
GO

delete from HtmlLabelIndex where id=26173 
GO
delete from HtmlLabelInfo where indexid=26173 
GO
INSERT INTO HtmlLabelIndex values(26173,'流程创建失败') 
GO
INSERT INTO HtmlLabelInfo VALUES(26173,'流程创建失败',7) 
GO
INSERT INTO HtmlLabelInfo VALUES(26173,'Failed to create process',8) 
GO
INSERT INTO HtmlLabelInfo VALUES(26173,'流程建失',9) 
GO

delete from HtmlLabelIndex where id=19327 
GO
delete from HtmlLabelInfo where indexid=19327 
GO
INSERT INTO HtmlLabelIndex values(19327,'数据异常') 
GO
INSERT INTO HtmlLabelInfo VALUES(19327,'数据异常',7) 
GO
INSERT INTO HtmlLabelInfo VALUES(19327,'data error',8) 
GO
INSERT INTO HtmlLabelInfo VALUES(19327,'常',9) 
GO

delete from HtmlLabelIndex where id=82879 
GO
delete from HtmlLabelInfo where indexid=82879 
GO
INSERT INTO HtmlLabelIndex values(82879,'请检查网络') 
GO
INSERT INTO HtmlLabelInfo VALUES(82879,'请检查网络',7) 
GO
INSERT INTO HtmlLabelInfo VALUES(82879,'Please check the network',8) 
GO
INSERT INTO HtmlLabelInfo VALUES(82879,'z查Wj',9) 
GO

delete from HtmlLabelIndex where id=23529 
GO
delete from HtmlLabelInfo where indexid=23529 
GO
INSERT INTO HtmlLabelIndex values(23529,'积分值不够') 
GO
INSERT INTO HtmlLabelInfo VALUES(23529,'积分值不够',7) 
GO
INSERT INTO HtmlLabelInfo VALUES(23529,'The balance of point is not enough',8) 
GO
INSERT INTO HtmlLabelInfo VALUES(23529,'积分值不够',9) 
GO

delete from HtmlLabelIndex where id=126840 
GO
delete from HtmlLabelInfo where indexid=126840 
GO
INSERT INTO HtmlLabelIndex values(126840,'下载附件扣取积分数') 
GO
INSERT INTO HtmlLabelInfo VALUES(126840,'下载附件扣取积分数',7) 
GO
INSERT INTO HtmlLabelInfo VALUES(126840,'load file minus score',8) 
GO
INSERT INTO HtmlLabelInfo VALUES(126840,'下d附件扣取e分',9) 
GO