/*基础数据 Label*/
INSERT INTO HtmlLabelIndex values(17688,'基础数据') 
GO
INSERT INTO HtmlLabelInfo VALUES(17688,'基础数据',7) 
GO
INSERT INTO HtmlLabelInfo VALUES(17688,'base data',8) 
GO

/*车辆管理 Label*/
INSERT INTO HtmlLabelIndex values(17629,'车辆管理') 
GO
INSERT INTO HtmlLabelInfo VALUES(17629,'车辆管理',7) 
GO
INSERT INTO HtmlLabelInfo VALUES(17629,'car manage',8) 
GO

/*车辆类型 Label*/
INSERT INTO HtmlLabelIndex values(17630,'车辆类型') 
GO
INSERT INTO HtmlLabelInfo VALUES(17630,'车辆类型',7) 
GO
INSERT INTO HtmlLabelInfo VALUES(17630,'cartype',8) 
GO

/*出车记录 Label*/
INSERT INTO HtmlLabelIndex values(17631,'出车记录') 
GO
INSERT INTO HtmlLabelInfo VALUES(17631,'出车记录',7) 
GO
INSERT INTO HtmlLabelInfo VALUES(17631,'car record',8) 
GO

/*参数设置 Label*/
INSERT INTO HtmlLabelIndex values(17632,'参数设置') 
GO
INSERT INTO HtmlLabelInfo VALUES(17632,'参数设置',7) 
GO
INSERT INTO HtmlLabelInfo VALUES(17632,'CarParameter',8) 
GO

/*评估参数 Label*/
INSERT INTO HtmlLabelIndex values(17633,'评估参数') 
GO
INSERT INTO HtmlLabelInfo VALUES(17633,'评估参数',7) 
GO
INSERT INTO HtmlLabelInfo VALUES(17633,'parameter',8) 
GO

/*工资参数 Label*/
INSERT INTO HtmlLabelIndex values(17634,'工资参数') 
GO
INSERT INTO HtmlLabelInfo VALUES(17634,'工资参数',7) 
GO
INSERT INTO HtmlLabelInfo VALUES(17634,'salaryParameter',8) 
GO

/*参数设定 Label*/
INSERT INTO HtmlLabelIndex values(17635,'参数设定') 
GO
INSERT INTO HtmlLabelInfo VALUES(17635,'参数设定',7) 
GO
INSERT INTO HtmlLabelInfo VALUES(17635,'set Parameter',8) 
GO

/*参数列表 Label*/
INSERT INTO HtmlLabelIndex values(17636,'参数列表') 
GO
INSERT INTO HtmlLabelInfo VALUES(17636,'参数列表',7) 
GO
INSERT INTO HtmlLabelInfo VALUES(17636,'parameter list',8) 
GO

/*参数值 Label*/
INSERT INTO HtmlLabelIndex values(17637,'参数值') 
GO
INSERT INTO HtmlLabelInfo VALUES(17637,'参数值',7) 
GO
INSERT INTO HtmlLabelInfo VALUES(17637,'parameter value',8) 
GO

/*基数 Label*/
INSERT INTO HtmlLabelIndex values(17638,'基数') 
GO
INSERT INTO HtmlLabelInfo VALUES(17638,'基数',7) 
GO
INSERT INTO HtmlLabelInfo VALUES(17638,'base sum',8) 
GO

/*数值 Label*/
INSERT INTO HtmlLabelIndex values(17639,'数值') 
GO
INSERT INTO HtmlLabelInfo VALUES(17639,'数值',7) 
GO
INSERT INTO HtmlLabelInfo VALUES(17639,'num',8) 
GO

/*接待奖金 Label*/
INSERT INTO HtmlLabelIndex values(17640,'接待奖金') 
GO
INSERT INTO HtmlLabelInfo VALUES(17640,'接待奖金',7) 
GO
INSERT INTO HtmlLabelInfo VALUES(17640,'receptionpara',8) 
GO

/*正常加班系数 Label*/
INSERT INTO HtmlLabelIndex values(17641,'正常加班系数') 
GO
INSERT INTO HtmlLabelInfo VALUES(17641,'正常加班系数',7) 
GO
INSERT INTO HtmlLabelInfo VALUES(17641,'overtimepara',8) 
GO

/*节假日加班系数 Label*/
INSERT INTO HtmlLabelIndex values(17642,'节假日加班系数') 
GO
INSERT INTO HtmlLabelInfo VALUES(17642,'节假日加班系数',7) 
GO
INSERT INTO HtmlLabelInfo VALUES(17642,'publicpara',8) 
GO


/*月行驶公里数 Label*/
INSERT INTO HtmlLabelIndex values(17643,'月行驶公里数') 
GO
INSERT INTO HtmlLabelInfo VALUES(17643,'月行驶公里数',7) 
GO
INSERT INTO HtmlLabelInfo VALUES(17643,'basicKM',8) 
GO


/*考核系数 Label*/
INSERT INTO HtmlLabelIndex values(17644,'考核系数') 
GO
INSERT INTO HtmlLabelInfo VALUES(17644,'考核系数',7) 
GO
INSERT INTO HtmlLabelInfo VALUES(17644,'basicKMpara',8) 
GO

/*月工作时间 Label*/
INSERT INTO HtmlLabelIndex values(17645,'月工作时间') 
GO
INSERT INTO HtmlLabelInfo VALUES(17645,'月工作时间',7) 
GO
INSERT INTO HtmlLabelInfo VALUES(17645,'basictime',8) 
GO

/*月出车次数 Label*/
INSERT INTO HtmlLabelIndex values(17646,'月出车次数') 
GO
INSERT INTO HtmlLabelInfo VALUES(17646,'月出车次数',7) 
GO
INSERT INTO HtmlLabelInfo VALUES(17646,'basicoutpara',8) 
GO

/*元/公里 Label*/
INSERT INTO HtmlLabelIndex values(17647,'元/公里') 
GO
INSERT INTO HtmlLabelInfo VALUES(17647,'元/公里',7) 
GO
INSERT INTO HtmlLabelInfo VALUES(17647,'dan wei',8) 
GO 


/*司机 Label*/
INSERT INTO HtmlLabelIndex values(17649,'司机') 
GO
INSERT INTO HtmlLabelInfo VALUES(17649,'司机',7) 
GO
INSERT INTO HtmlLabelInfo VALUES(17649,'driver',8) 
GO 

/*全部司机 Label*/
INSERT INTO HtmlLabelIndex values(17650,'全部司机') 
GO
INSERT INTO HtmlLabelInfo VALUES(17650,'全部司机',7) 
GO
INSERT INTO HtmlLabelInfo VALUES(17650,'all driver',8) 
GO

/*车型 Label*/
INSERT INTO HtmlLabelIndex values(17651,'车型') 
GO
INSERT INTO HtmlLabelInfo VALUES(17651,'车型',7) 
GO
INSERT INTO HtmlLabelInfo VALUES(17651,'car type',8) 
GO

/*全部车型 Label*/
INSERT INTO HtmlLabelIndex values(17652,'全部车型') 
GO
INSERT INTO HtmlLabelInfo VALUES(17652,'全部车型',7) 
GO
INSERT INTO HtmlLabelInfo VALUES(17652,'all car type',8) 
GO

/*出车日期从 Label*/
INSERT INTO HtmlLabelIndex values(17653,'出车日期从') 
GO
INSERT INTO HtmlLabelInfo VALUES(17653,'出车日期从',7) 
GO
INSERT INTO HtmlLabelInfo VALUES(17653,'start date from',8) 
GO

/*出车日期到 Label*/
INSERT INTO HtmlLabelIndex values(17654,'出车日期到') 
GO
INSERT INTO HtmlLabelInfo VALUES(17654,'出车日期到',7) 
GO
INSERT INTO HtmlLabelInfo VALUES(17654,'start date to',8) 
GO

/*接待 Label*/
INSERT INTO HtmlLabelIndex values(17655,'接待') 
GO
INSERT INTO HtmlLabelInfo VALUES(17655,'接待',7) 
GO
INSERT INTO HtmlLabelInfo VALUES(17655,'isreception',8) 
GO

/*出车日期 Label*/
INSERT INTO HtmlLabelIndex values(17656,'出车日期') 
GO
INSERT INTO HtmlLabelInfo VALUES(17656,'出车日期',7) 
GO
INSERT INTO HtmlLabelInfo VALUES(17656,'start date',8) 
GO

/*出车时间 Label*/
INSERT INTO HtmlLabelIndex values(17657,'出车时间') 
GO
INSERT INTO HtmlLabelInfo VALUES(17657,'出车时间',7) 
GO
INSERT INTO HtmlLabelInfo VALUES(17657,'start time',8) 
GO

/*回车时间 Label*/
INSERT INTO HtmlLabelIndex values(17658,'回车时间') 
GO
INSERT INTO HtmlLabelInfo VALUES(17658,'回车时间',7) 
GO
INSERT INTO HtmlLabelInfo VALUES(17658,'back time',8) 
GO

/*行驶公里数 Label*/
INSERT INTO HtmlLabelIndex values(17659,'行驶公里数') 
GO
INSERT INTO HtmlLabelInfo VALUES(17659,'行驶公里数',7) 
GO
INSERT INTO HtmlLabelInfo VALUES(17659,'run KM',8) 
GO

/*正常公里数 Label*/
INSERT INTO HtmlLabelIndex values(17660,'正常公里数') 
GO
INSERT INTO HtmlLabelInfo VALUES(17660,'正常公里数',7) 
GO
INSERT INTO HtmlLabelInfo VALUES(17660,'normalkm',8) 
GO

/*加班公里数 Label*/
INSERT INTO HtmlLabelIndex values(17661,'加班公里数') 
GO
INSERT INTO HtmlLabelInfo VALUES(17661,'加班公里数',7) 
GO
INSERT INTO HtmlLabelInfo VALUES(17661,'overtimekm',8) 
GO

/*行驶时间 Label*/
INSERT INTO HtmlLabelIndex values(17662,'行驶时间') 
GO
INSERT INTO HtmlLabelInfo VALUES(17662,'行驶时间',7) 
GO
INSERT INTO HtmlLabelInfo VALUES(17662,'run time',8) 
GO

/*正常时间 Label*/
INSERT INTO HtmlLabelIndex values(17663,'正常时间') 
GO
INSERT INTO HtmlLabelInfo VALUES(17663,'正常时间',7) 
GO
INSERT INTO HtmlLabelInfo VALUES(17663,'run time',8) 
GO


/*加班时间 Label*/
INSERT INTO HtmlLabelIndex values(17664,'加班时间') 
GO
INSERT INTO HtmlLabelInfo VALUES(17664,'加班时间',7) 
GO
INSERT INTO HtmlLabelInfo VALUES(17664,'overtime',8) 
GO


/*相关评估参数 Label*/
INSERT INTO HtmlLabelIndex values(17665,'相关评估参数') 
GO
INSERT INTO HtmlLabelInfo VALUES(17665,'相关评估参数',7) 
GO
INSERT INTO HtmlLabelInfo VALUES(17665,'parameter',8) 
GO

/*日期类型 Label*/
INSERT INTO HtmlLabelIndex values(17666,'日期类型') 
GO
INSERT INTO HtmlLabelInfo VALUES(17666,'日期类型',7) 
GO
INSERT INTO HtmlLabelInfo VALUES(17666,'date type',8) 
GO

/*双休日 Label*/
INSERT INTO HtmlLabelIndex values(17667,'双休日') 
GO
INSERT INTO HtmlLabelInfo VALUES(17667,'双休日',7) 
GO
INSERT INTO HtmlLabelInfo VALUES(17667,'rest date',8) 
GO

/*开始公里数 Label*/
INSERT INTO HtmlLabelIndex values(17668,'开始公里数') 
GO
INSERT INTO HtmlLabelInfo VALUES(17668,'开始公里数',7) 
GO
INSERT INTO HtmlLabelInfo VALUES(17668,'start km',8) 
GO



/*结束公里数 Label*/
INSERT INTO HtmlLabelIndex values(17669,'结束公里数') 
GO
INSERT INTO HtmlLabelInfo VALUES(17669,'结束公里数',7) 
GO
INSERT INTO HtmlLabelInfo VALUES(17669,'end km',8) 
GO

/*用车人 Label*/
INSERT INTO HtmlLabelIndex values(17670,'用车人') 
GO
INSERT INTO HtmlLabelInfo VALUES(17670,'用车人',7) 
GO
INSERT INTO HtmlLabelInfo VALUES(17670,'car user',8) 
GO

/*用车部门 Label*/
INSERT INTO HtmlLabelIndex values(17671,'用车部门') 
GO
INSERT INTO HtmlLabelInfo VALUES(17671,'用车部门',7) 
GO
INSERT INTO HtmlLabelInfo VALUES(17671,'car use department',8) 
GO

/*是否出车 Label*/
INSERT INTO HtmlLabelIndex values(17672,'是否出车') 
GO
INSERT INTO HtmlLabelInfo VALUES(17672,'是否出车',7) 
GO
INSERT INTO HtmlLabelInfo VALUES(17672,'isrun',8) 
GO

/*是否接待 Label*/
INSERT INTO HtmlLabelIndex values(17673,'是否接待') 
GO
INSERT INTO HtmlLabelInfo VALUES(17673,'是否接待',7) 
GO
INSERT INTO HtmlLabelInfo VALUES(17673,'isreception',8) 
GO

/*出车报表 Label*/
INSERT INTO HtmlLabelIndex values(17674,'出车报表') 
GO
INSERT INTO HtmlLabelInfo VALUES(17674,'出车报表',7) 
GO
INSERT INTO HtmlLabelInfo VALUES(17674,'car use report',8) 
GO 

/*出车总表 Label*/
INSERT INTO HtmlLabelIndex values(17675,'出车总表') 
GO
INSERT INTO HtmlLabelInfo VALUES(17675,'出车总表',7) 
GO
INSERT INTO HtmlLabelInfo VALUES(17675,'car total report',8) 
GO

/*工资总表 Label*/
INSERT INTO HtmlLabelIndex values(17676,'工资总表') 
GO
INSERT INTO HtmlLabelInfo VALUES(17676,'工资总表',7) 
GO
INSERT INTO HtmlLabelInfo VALUES(17676,'total report',8) 
GO

/*车辆报表 Label*/
INSERT INTO HtmlLabelIndex values(17677,'车辆报表') 
GO
INSERT INTO HtmlLabelInfo VALUES(17677,'车辆报表',7) 
GO
INSERT INTO HtmlLabelInfo VALUES(17677,'car report',8) 
GO

/*所有部门 Label*/
INSERT INTO HtmlLabelIndex values(17679,'所有部门') 
GO
INSERT INTO HtmlLabelInfo VALUES(17679,'所有部门',7) 
GO
INSERT INTO HtmlLabelInfo VALUES(17679,'all department',8) 
GO

/*出车事宜 Label*/
INSERT INTO HtmlLabelIndex values(17680,'出车事宜') 
GO
INSERT INTO HtmlLabelInfo VALUES(17680,'出车事宜',7) 
GO
INSERT INTO HtmlLabelInfo VALUES(17680,'car reason',8) 
GO

/*不显示0数据 Label*/
INSERT INTO HtmlLabelIndex values(17681,'不显示0数据') 
GO
INSERT INTO HtmlLabelInfo VALUES(17681,'不显示0数据',7) 
GO
INSERT INTO HtmlLabelInfo VALUES(17681,'not show 0 data',8) 
GO

/*出车次数 Label*/
INSERT INTO HtmlLabelIndex values(17682,'出车次数') 
GO
INSERT INTO HtmlLabelInfo VALUES(17682,'出车次数',7) 
GO
INSERT INTO HtmlLabelInfo VALUES(17682,'run count',8) 
GO

/*接待次数 Label*/
INSERT INTO HtmlLabelIndex values(17683,'接待次数') 
GO
INSERT INTO HtmlLabelInfo VALUES(17683,'接待次数',7) 
GO
INSERT INTO HtmlLabelInfo VALUES(17683,'recept count',8) 
GO

/*浮动工资 Label*/
INSERT INTO HtmlLabelIndex values(17684,'浮动工资') 
GO
INSERT INTO HtmlLabelInfo VALUES(17684,'浮动工资',7) 
GO
INSERT INTO HtmlLabelInfo VALUES(17684,'float salary',8) 
GO 

/*加权公里数 Label*/
INSERT INTO HtmlLabelIndex values(17685,'加权公里数') 
GO
INSERT INTO HtmlLabelInfo VALUES(17685,'加权公里数',7) 
GO
INSERT INTO HtmlLabelInfo VALUES(17685,'add km',8) 
GO

/*加权时间 Label*/
INSERT INTO HtmlLabelIndex values(17686,'加权时间') 
GO
INSERT INTO HtmlLabelInfo VALUES(17686,'加权时间',7) 
GO
INSERT INTO HtmlLabelInfo VALUES(17686,'add time',8) 
GO

/*全部工资 Label*/
INSERT INTO HtmlLabelIndex values(17687,'全部工资') 
GO
INSERT INTO HtmlLabelInfo VALUES(17687,'全部工资',7) 
GO
INSERT INTO HtmlLabelInfo VALUES(17687,'all solary',8) 
GO
/*标签 END*/

/*车辆管理维护权限*/
insert into SystemRights (id,rightdesc,righttype) values (463,'车辆管理维护','0') 
GO

insert into SystemRightsLanguage (id,languageid,rightname,rightdesc) values (463,7,'车辆管理维护','车辆管理维护') 
GO
insert into SystemRightsLanguage (id,languageid,rightname,rightdesc) values (463,8,'CarMaintenance','CarMaintenance') 
GO

insert into SystemRightDetail (id,rightdetailname,rightdetail,rightid) values (3155,'车辆管理维护','Car:Maintenance',463) 
GO

