delete from ErrorMsgIndex where id=165 
GO
delete from ErrorMsgInfo where indexid=165 
GO
INSERT INTO ErrorMsgIndex values(165,'一级分部数量校验') 
GO
INSERT INTO ErrorMsgInfo VALUES(165,'系统中已使用的一级分部数量大于授权的一级分部数量,不能保存。',7) 
GO
INSERT INTO ErrorMsgInfo VALUES(165,'The system has been used in a number of segments is greater than the authorized number of a segment',8) 
GO
INSERT INTO ErrorMsgInfo VALUES(165,'系统中已使用的一级分部数量大于授权的一级分部数量,不能保存。',9) 
GO


delete from HtmlLabelIndex where id=31252 
GO
delete from HtmlLabelInfo where indexid=31252 
GO
INSERT INTO HtmlLabelIndex values(31252,'帐套受权信息') 
GO
INSERT INTO HtmlLabelInfo VALUES(31252,'帐套受权信息',7) 
GO
INSERT INTO HtmlLabelInfo VALUES(31252,'Set of books attorney information',8) 
GO
INSERT INTO HtmlLabelInfo VALUES(31252,'ぬ资嘈畔',9) 
GO

delete from HtmlLabelIndex where id=31253 
GO
delete from HtmlLabelInfo where indexid=31253 
GO
INSERT INTO HtmlLabelIndex values(31253,'授权数量') 
GO
INSERT INTO HtmlLabelInfo VALUES(31253,'授权数量',7) 
GO
INSERT INTO HtmlLabelInfo VALUES(31253,'The number of licenses',8) 
GO
INSERT INTO HtmlLabelInfo VALUES(31253,'授盗',9) 
GO
 
delete from HtmlLabelIndex where id=21522 
GO
delete from HtmlLabelInfo where indexid=21522 
GO
INSERT INTO HtmlLabelIndex values(21522,'已使用数量') 
GO
INSERT INTO HtmlLabelInfo VALUES(21522,'已使用数量',7) 
GO
INSERT INTO HtmlLabelInfo VALUES(21522,'Used Amount',8) 
GO
INSERT INTO HtmlLabelInfo VALUES(21522,'已使用数量',9) 
GO

delete from HtmlLabelIndex where id=31254 
GO
delete from HtmlLabelInfo where indexid=31254 
GO
INSERT INTO HtmlLabelIndex values(31254,'帐套详细信息') 
GO
INSERT INTO HtmlLabelInfo VALUES(31254,'帐套详细信息',7) 
GO
INSERT INTO HtmlLabelInfo VALUES(31254,'Set of books Details',8) 
GO
INSERT INTO HtmlLabelInfo VALUES(31254,'ぬ自信息',9) 
GO

delete from HtmlLabelIndex where id=31255 
GO
delete from HtmlLabelInfo where indexid=31255 
GO
INSERT INTO HtmlLabelIndex values(31255,'帐套名称') 
GO
INSERT INTO HtmlLabelInfo VALUES(31255,'帐套名称',7) 
GO
INSERT INTO HtmlLabelInfo VALUES(31255,'Set of Books Name',8) 
GO
INSERT INTO HtmlLabelInfo VALUES(31255,'ぬ酌Q',9) 
GO

delete from HtmlLabelIndex where id=31256 
GO
delete from HtmlLabelInfo where indexid=31256 
GO
INSERT INTO HtmlLabelIndex values(31256,'帐套查看分部范围') 
GO
INSERT INTO HtmlLabelInfo VALUES(31256,'帐套查看分部范围',7) 
GO
INSERT INTO HtmlLabelInfo VALUES(31256,'View segment set of books',8) 
GO
INSERT INTO HtmlLabelInfo VALUES(31256,'ぬ撞榭捶植抗',9) 
GO
 

delete from HtmlLabelIndex where id=24326 
GO
delete from HtmlLabelInfo where indexid=24326 
GO
INSERT INTO HtmlLabelIndex values(24326,'管理分权') 
GO
INSERT INTO HtmlLabelInfo VALUES(24326,'管理分权',7) 
GO
INSERT INTO HtmlLabelInfo VALUES(24326,'Management Detachable',8) 
GO
INSERT INTO HtmlLabelInfo VALUES(24326,'管理分权',9) 
GO
 
delete from HtmlLabelIndex where id=24327 
GO
delete from HtmlLabelInfo where indexid=24327 
GO
INSERT INTO HtmlLabelIndex values(24327,'应用分权') 
GO
INSERT INTO HtmlLabelInfo VALUES(24327,'应用分权',7) 
GO
INSERT INTO HtmlLabelInfo VALUES(24327,'Application Detachable',8) 
GO
INSERT INTO HtmlLabelInfo VALUES(24327,'应用分权',9) 
GO

delete from HtmlLabelIndex where id=24333 
GO
delete from HtmlLabelInfo where indexid=24333 
GO
INSERT INTO HtmlLabelIndex values(24333,'应用分权设置') 
GO
INSERT INTO HtmlLabelInfo VALUES(24333,'应用分权设置',7) 
GO
INSERT INTO HtmlLabelInfo VALUES(24333,'Application Detachable Settings',8) 
GO
INSERT INTO HtmlLabelInfo VALUES(24333,'应用分权设置',9) 
GO
 
delete from HtmlLabelIndex where id=24334 
GO
delete from HtmlLabelInfo where indexid=24334 
GO
INSERT INTO HtmlLabelIndex values(24334,'范围详细报表') 
GO
INSERT INTO HtmlLabelInfo VALUES(24334,'范围详细报表',7) 
GO
INSERT INTO HtmlLabelInfo VALUES(24334,'Detail Report',8) 
GO
INSERT INTO HtmlLabelInfo VALUES(24334,'范围详细报表',9) 
GO
