delete from SystemRights where id = 816
GO
delete from SystemRightsLanguage where id = 816
GO
delete from SystemRightDetail where id = 4327
GO
insert into SystemRights (id,rightdesc,righttype) values (816,'外部XML报表权限','7') 
GO
insert into SystemRightsLanguage (id,languageid,rightname,rightdesc) values (816,8,'Xml Report Role','Xml Report Role') 
GO
insert into SystemRightsLanguage (id,languageid,rightname,rightdesc) values (816,7,'外部XML报表权限','外部XML报表权限') 
GO
insert into SystemRightsLanguage (id,languageid,rightname,rightdesc) values (816,9,'外部XML蟊嘞','外部XML蟊嘞') 
GO
insert into SystemRightDetail (id,rightdetailname,rightdetail,rightid) values (4327,'XML报表共享设置','XmlReportSetting:Edit',816) 
GO

delete from HtmlLabelIndex where id=22375 
GO
delete from HtmlLabelInfo where indexid=22375 
GO
INSERT INTO HtmlLabelIndex values(22375,'报表类型') 
GO
INSERT INTO HtmlLabelInfo VALUES(22375,'报表类型',7) 
GO
INSERT INTO HtmlLabelInfo VALUES(22375,'Report Type',8) 
GO
INSERT INTO HtmlLabelInfo VALUES(22375,'蟊眍型',9) 
GO

delete from HtmlLabelIndex where id=22376 
GO
delete from HtmlLabelInfo where indexid=22376 
GO
INSERT INTO HtmlLabelIndex values(22376,'报表日期') 
GO
INSERT INTO HtmlLabelInfo VALUES(22376,'报表日期',7) 
GO
INSERT INTO HtmlLabelInfo VALUES(22376,'Report Date',8) 
GO
INSERT INTO HtmlLabelInfo VALUES(22376,'蟊砣掌',9) 
GO

delete from HtmlLabelIndex where id=22377 
GO
delete from HtmlLabelInfo where indexid=22377 
GO
INSERT INTO HtmlLabelIndex values(22377,'外部XML报表') 
GO
INSERT INTO HtmlLabelInfo VALUES(22377,'外部XML报表',7) 
GO
INSERT INTO HtmlLabelInfo VALUES(22377,'Xml Report Outside',8) 
GO
INSERT INTO HtmlLabelInfo VALUES(22377,'外部XML蟊',9) 
GO

delete from HtmlLabelIndex where id=22378 
GO
delete from HtmlLabelInfo where indexid=22378 
GO
INSERT INTO HtmlLabelIndex values(22378,'季报') 
GO
INSERT INTO HtmlLabelInfo VALUES(22378,'季报',7) 
GO
INSERT INTO HtmlLabelInfo VALUES(22378,'Season Report',8) 
GO
INSERT INTO HtmlLabelInfo VALUES(22378,'季',9) 
GO

delete from HtmlLabelIndex where id=22379 
GO
delete from HtmlLabelInfo where indexid=22379 
GO
INSERT INTO HtmlLabelIndex values(22379,'半年报') 
GO
INSERT INTO HtmlLabelInfo VALUES(22379,'半年报',7) 
GO
INSERT INTO HtmlLabelInfo VALUES(22379,'semiyearly',8) 
GO
INSERT INTO HtmlLabelInfo VALUES(22379,'半年',9) 
GO

delete from HtmlLabelIndex where id=22383 
GO
delete from HtmlLabelInfo where indexid=22383 
GO
INSERT INTO HtmlLabelIndex values(22383,'配置文件错误') 
GO
INSERT INTO HtmlLabelInfo VALUES(22383,'配置文件错误',7) 
GO
INSERT INTO HtmlLabelInfo VALUES(22383,'Setting Error',8) 
GO
INSERT INTO HtmlLabelInfo VALUES(22383,'配置文件e`',9) 
GO

delete from HtmlLabelIndex where id=22384 
GO
delete from HtmlLabelInfo where indexid=22384 
GO
INSERT INTO HtmlLabelIndex values(22384,'请选择报表名称') 
GO
INSERT INTO HtmlLabelInfo VALUES(22384,'请选择报表名称',7) 
GO
INSERT INTO HtmlLabelInfo VALUES(22384,'Please select a report name',8) 
GO
INSERT INTO HtmlLabelInfo VALUES(22384,'x蟊砻Q',9) 
GO

delete from HtmlLabelIndex where id=22385 
GO
delete from HtmlLabelInfo where indexid=22385 
GO
INSERT INTO HtmlLabelIndex values(22385,'报表前缀') 
GO
INSERT INTO HtmlLabelInfo VALUES(22385,'报表前缀',7) 
GO
INSERT INTO HtmlLabelInfo VALUES(22385,'File Flag',8) 
GO
INSERT INTO HtmlLabelInfo VALUES(22385,'蟊砬熬Y',9) 
GO
