delete from HtmlLabelIndex where id=18758 
GO
delete from HtmlLabelInfo where indexid=18758 
GO
INSERT INTO HtmlLabelIndex values(18758,'保存成功') 
GO
INSERT INTO HtmlLabelInfo VALUES(18758,'保存成功',7) 
GO
INSERT INTO HtmlLabelInfo VALUES(18758,'Save Sucessfully',8) 
GO
INSERT INTO HtmlLabelInfo VALUES(18758,'保存成功',9) 
GO
INSERT INTO HtmlLabelInfo VALUES(18758,'',12) 
GO
delete from HtmlLabelIndex where id=1340 
GO
delete from HtmlLabelInfo where indexid=1340 
GO
INSERT INTO HtmlLabelIndex values(1340,'所有人') 
GO
INSERT INTO HtmlLabelInfo VALUES(1340,'所有人',7) 
GO
INSERT INTO HtmlLabelInfo VALUES(1340,'All',8) 
GO
INSERT INTO HtmlLabelInfo VALUES(1340,'所有人',9) 
GO
INSERT INTO HtmlLabelInfo VALUES(1340,'所有人',12) 
GO

delete from HtmlLabelIndex where id=124848 
GO
delete from HtmlLabelInfo where indexid=124848 
GO
INSERT INTO HtmlLabelIndex values(124848,'新建模版样式维护') 
GO
INSERT INTO HtmlLabelInfo VALUES(124848,'新建模版样式维护',7) 
GO
INSERT INTO HtmlLabelInfo VALUES(124848,'New template style maintenance',8) 
GO
INSERT INTO HtmlLabelInfo VALUES(124848,'新建模版邮骄So',9) 
GO
INSERT INTO HtmlLabelInfo VALUES(124848,'新建模版邮骄So',12) 
GO

delete from HtmlNoteIndex where id=3656 
GO
delete from HtmlNoteInfo where indexid=3656 
GO
INSERT INTO HtmlNoteIndex values(3656,'无匹配的结果显示') 
GO
INSERT INTO HtmlNoteInfo VALUES(3656,'无匹配的结果显示',7) 
GO
INSERT INTO HtmlNoteInfo VALUES(3656,'No matching results are shown',8) 
GO
INSERT INTO HtmlNoteInfo VALUES(3656,'o匹配的Y果@示',9) 
GO
INSERT INTO HtmlNoteInfo VALUES(3656,'o匹配的Y果@示',12) 
GO

delete from HtmlLabelIndex where id=608 
GO
delete from HtmlLabelInfo where indexid=608 
GO
INSERT INTO HtmlLabelIndex values(608,'文本') 
GO
INSERT INTO HtmlLabelInfo VALUES(608,'文本',7) 
GO
INSERT INTO HtmlLabelInfo VALUES(608,'Text',8) 
GO
INSERT INTO HtmlLabelInfo VALUES(608,'文本',9) 
GO
delete from HtmlLabelIndex where id=19471 
GO
delete from HtmlLabelInfo where indexid=19471 
GO
INSERT INTO HtmlLabelIndex values(19471,'模板类型') 
GO
INSERT INTO HtmlLabelInfo VALUES(19471,'模板类型',7) 
GO
INSERT INTO HtmlLabelInfo VALUES(19471,'Mould Type',8) 
GO
INSERT INTO HtmlLabelInfo VALUES(19471,'本型',9) 
GO
delete from HtmlLabelIndex where id=18624 
GO
delete from HtmlLabelInfo where indexid=18624 
GO
INSERT INTO HtmlLabelIndex values(18624,'是否启用') 
GO
INSERT INTO HtmlLabelInfo VALUES(18624,'是否启用',7) 
GO
INSERT INTO HtmlLabelInfo VALUES(18624,'Use Or Not',8) 
GO
INSERT INTO HtmlLabelInfo VALUES(18624,'是否用',9) 
GO
