delete from HtmlNoteIndex where id=3508 
GO
delete from HtmlNoteInfo where indexid=3508 
GO
INSERT INTO HtmlNoteIndex values(3508,'已禁用') 
GO
INSERT INTO HtmlNoteInfo VALUES(3508,'已禁用',7) 
GO
INSERT INTO HtmlNoteInfo VALUES(3508,'Disabled',8) 
GO
INSERT INTO HtmlNoteInfo VALUES(3508,'已禁用',9) 
GO
delete from HtmlNoteIndex where id=3509 
GO
delete from HtmlNoteInfo where indexid=3509 
GO
INSERT INTO HtmlNoteIndex values(3509,'difInput函数必须使用在createTags()函数之后!') 
GO
INSERT INTO HtmlNoteInfo VALUES(3509,'difInput函数必须使用在createTags()函数之后!',7) 
GO
INSERT INTO HtmlNoteInfo VALUES(3509,'The difInput function must be used on the createTags () function!',8) 
GO
INSERT INTO HtmlNoteInfo VALUES(3509,'difInput函当仨使用在createTags()函抵後!',9) 
GO
delete from HtmlNoteIndex where id=3510 
GO
delete from HtmlNoteInfo where indexid=3510 
GO
INSERT INTO HtmlNoteIndex values(3510,'开始日期未选择，请选择!') 
GO
INSERT INTO HtmlNoteInfo VALUES(3510,'开始日期未选择，请选择!',7) 
GO
INSERT INTO HtmlNoteInfo VALUES(3510,'The start date is not selected, please select!',8) 
GO
INSERT INTO HtmlNoteInfo VALUES(3510,'_始日期未x瘢x!',9) 
GO
delete from HtmlNoteIndex where id=3511 
GO
delete from HtmlNoteInfo where indexid=3511 
GO
INSERT INTO HtmlNoteIndex values(3511,'文档正在使用中,无法删除!') 
GO
INSERT INTO HtmlNoteInfo VALUES(3511,'文档正在使用中,无法删除!',7) 
GO
INSERT INTO HtmlNoteInfo VALUES(3511,'The document is in use, can not be deleted!',8) 
GO
INSERT INTO HtmlNoteInfo VALUES(3511,'文n正在使用中,o法删除!',9) 
GO
delete from HtmlNoteIndex where id=3512 
GO
delete from HtmlNoteInfo where indexid=3512 
GO
INSERT INTO HtmlNoteIndex values(3512,'正在下载资料,请稍等...') 
GO
INSERT INTO HtmlNoteInfo VALUES(3512,'正在下载资料,请稍等...',7) 
GO
INSERT INTO HtmlNoteInfo VALUES(3512,'Downloading data, please wait...',8) 
GO
INSERT INTO HtmlNoteInfo VALUES(3512,'正在下dY料,稍等...',9) 
GO
delete from HtmlNoteIndex where id=3513 
GO
delete from HtmlNoteInfo where indexid=3513 
GO
INSERT INTO HtmlNoteIndex values(3513,'正在删除，请稍候...') 
GO
INSERT INTO HtmlNoteInfo VALUES(3513,'正在删除，请稍候...',7) 
GO
INSERT INTO HtmlNoteInfo VALUES(3513,'Deleting, please wait...',8) 
GO
INSERT INTO HtmlNoteInfo VALUES(3513,'正在删除，稍候...',9) 
GO
delete from HtmlNoteIndex where id=3514 
GO
delete from HtmlNoteInfo where indexid=3514 
GO
INSERT INTO HtmlNoteIndex values(3514,'正在加载数据，请稍候...') 
GO
INSERT INTO HtmlNoteInfo VALUES(3514,'正在加载数据，请稍候...',7) 
GO
INSERT INTO HtmlNoteInfo VALUES(3514,'Loading data, please wait...',8) 
GO
INSERT INTO HtmlNoteInfo VALUES(3514,'正在加d，稍候...',9) 
GO
delete from HtmlNoteIndex where id=3515 
GO
delete from HtmlNoteInfo where indexid=3515 
GO
INSERT INTO HtmlNoteIndex values(3515,'保存') 
GO
INSERT INTO HtmlNoteInfo VALUES(3515,'保存',7) 
GO
INSERT INTO HtmlNoteInfo VALUES(3515,'Save',8) 
GO
INSERT INTO HtmlNoteInfo VALUES(3515,'保存',9) 
GO
delete from HtmlNoteIndex where id=3516 
GO
delete from HtmlNoteInfo where indexid=3516 
GO
INSERT INTO HtmlNoteIndex values(3516,'取消') 
GO
INSERT INTO HtmlNoteInfo VALUES(3516,'取消',7) 
GO
INSERT INTO HtmlNoteInfo VALUES(3516,'Cancel',8) 
GO
INSERT INTO HtmlNoteInfo VALUES(3516,'取消',9) 
GO
delete from HtmlNoteIndex where id=3517 
GO
delete from HtmlNoteInfo where indexid=3517 
GO
INSERT INTO HtmlNoteIndex values(3517,'显示列定制') 
GO
INSERT INTO HtmlNoteInfo VALUES(3517,'显示列定制',7) 
GO
INSERT INTO HtmlNoteInfo VALUES(3517,'Custom display column',8) 
GO
INSERT INTO HtmlNoteInfo VALUES(3517,'@示列定制',9) 
GO
delete from HtmlNoteIndex where id=3518 
GO
delete from HtmlNoteInfo where indexid=3518 
GO
INSERT INTO HtmlNoteIndex values(3518,'添加') 
GO
INSERT INTO HtmlNoteInfo VALUES(3518,'添加',7) 
GO
INSERT INTO HtmlNoteInfo VALUES(3518,'Add',8) 
GO
INSERT INTO HtmlNoteInfo VALUES(3518,'添加',9) 
GO
delete from HtmlNoteIndex where id=3519 
GO
delete from HtmlNoteInfo where indexid=3519 
GO
INSERT INTO HtmlNoteIndex values(3519,'删除') 
GO
INSERT INTO HtmlNoteInfo VALUES(3519,'删除',7) 
GO
INSERT INTO HtmlNoteInfo VALUES(3519,'Delete',8) 
GO
INSERT INTO HtmlNoteInfo VALUES(3519,'删除',9) 
GO
delete from HtmlNoteIndex where id=3520 
GO
delete from HtmlNoteInfo where indexid=3520 
GO
INSERT INTO HtmlNoteIndex values(3520,'显示下#{count}条') 
GO
INSERT INTO HtmlNoteInfo VALUES(3520,'显示下#{count}条',7) 
GO
INSERT INTO HtmlNoteInfo VALUES(3520,'Show Next #{count} Records',8) 
GO
INSERT INTO HtmlNoteInfo VALUES(3520,'@示下#{count}l',9) 
GO
delete from HtmlNoteIndex where id=3521 
GO
delete from HtmlNoteInfo where indexid=3521 
GO
INSERT INTO HtmlNoteIndex values(3521,'添加失败！') 
GO
INSERT INTO HtmlNoteInfo VALUES(3521,'添加失败！',7) 
GO
INSERT INTO HtmlNoteInfo VALUES(3521,'Failed to add!',8) 
GO
INSERT INTO HtmlNoteInfo VALUES(3521,'添加失。',9) 
GO
delete from HtmlNoteIndex where id=3522 
GO
delete from HtmlNoteInfo where indexid=3522 
GO
INSERT INTO HtmlNoteIndex values(3522,'清除选择') 
GO
INSERT INTO HtmlNoteInfo VALUES(3522,'清除选择',7) 
GO
INSERT INTO HtmlNoteInfo VALUES(3522,'Clear selection',8) 
GO
INSERT INTO HtmlNoteInfo VALUES(3522,'清除x',9) 
GO
delete from HtmlNoteIndex where id=3523 
GO
delete from HtmlNoteInfo where indexid=3523 
GO
INSERT INTO HtmlNoteIndex values(3523,'每页') 
GO
INSERT INTO HtmlNoteInfo VALUES(3523,'每页',7) 
GO
INSERT INTO HtmlNoteInfo VALUES(3523,'Page',8) 
GO
INSERT INTO HtmlNoteInfo VALUES(3523,'每',9) 
GO
delete from HtmlNoteIndex where id=3524 
GO
delete from HtmlNoteInfo where indexid=3524 
GO
INSERT INTO HtmlNoteIndex values(3524,'条') 
GO
INSERT INTO HtmlNoteInfo VALUES(3524,'条',7) 
GO
INSERT INTO HtmlNoteInfo VALUES(3524,'Records',8) 
GO
INSERT INTO HtmlNoteInfo VALUES(3524,'l',9) 
GO
delete from HtmlNoteIndex where id=3525 
GO
delete from HtmlNoteInfo where indexid=3525 
GO
INSERT INTO HtmlNoteIndex values(3525,'第') 
GO
INSERT INTO HtmlNoteInfo VALUES(3525,'第',7) 
GO
INSERT INTO HtmlNoteInfo VALUES(3525,'No.',8) 
GO
INSERT INTO HtmlNoteInfo VALUES(3525,'第',9) 
GO
delete from HtmlNoteIndex where id=3526 
GO
delete from HtmlNoteInfo where indexid=3526 
GO
INSERT INTO HtmlNoteIndex values(3526,'页') 
GO
INSERT INTO HtmlNoteInfo VALUES(3526,'页',7) 
GO
INSERT INTO HtmlNoteInfo VALUES(3526,'Page',8) 
GO
INSERT INTO HtmlNoteInfo VALUES(3526,'',9) 
GO
delete from HtmlNoteIndex where id=3527 
GO
delete from HtmlNoteInfo where indexid=3527 
GO
INSERT INTO HtmlNoteIndex values(3527,'删除失败！') 
GO
INSERT INTO HtmlNoteInfo VALUES(3527,'删除失败！',7) 
GO
INSERT INTO HtmlNoteInfo VALUES(3527,'Delete failed!',8) 
GO
INSERT INTO HtmlNoteInfo VALUES(3527,'删除失。',9) 
GO
delete from HtmlNoteIndex where id=3528 
GO
delete from HtmlNoteInfo where indexid=3528 
GO
INSERT INTO HtmlNoteIndex values(3528,'列名') 
GO
INSERT INTO HtmlNoteInfo VALUES(3528,'列名',7) 
GO
INSERT INTO HtmlNoteInfo VALUES(3528,'Column',8) 
GO
INSERT INTO HtmlNoteInfo VALUES(3528,'列名',9) 
GO
delete from HtmlNoteIndex where id=3529 
GO
delete from HtmlNoteInfo where indexid=3529 
GO
INSERT INTO HtmlNoteIndex values(3529,'请选择要删除的记录！') 
GO
INSERT INTO HtmlNoteInfo VALUES(3529,'请选择要删除的记录！',7) 
GO
INSERT INTO HtmlNoteInfo VALUES(3529,'Please choose to delete the record!',8) 
GO
INSERT INTO HtmlNoteInfo VALUES(3529,'x褚删除的！',9) 
GO
delete from HtmlNoteIndex where id=3530 
GO
delete from HtmlNoteInfo where indexid=3530 
GO
INSERT INTO HtmlNoteIndex values(3530,'新的文档') 
GO
INSERT INTO HtmlNoteInfo VALUES(3530,'新的文档',7) 
GO
INSERT INTO HtmlNoteInfo VALUES(3530,'New Doc',8) 
GO
INSERT INTO HtmlNoteInfo VALUES(3530,'新的文n',9) 
GO
delete from HtmlNoteIndex where id=3531 
GO
delete from HtmlNoteInfo where indexid=3531 
GO
INSERT INTO HtmlNoteIndex values(3531,'全部文档') 
GO
INSERT INTO HtmlNoteInfo VALUES(3531,'全部文档',7) 
GO
INSERT INTO HtmlNoteInfo VALUES(3531,'All Doc',8) 
GO
INSERT INTO HtmlNoteInfo VALUES(3531,'全部文n',9) 
GO
delete from HtmlNoteIndex where id=3532 
GO
delete from HtmlNoteInfo where indexid=3532 
GO
INSERT INTO HtmlNoteIndex values(3532,'出现错误') 
GO
INSERT INTO HtmlNoteInfo VALUES(3532,'出现错误',7) 
GO
INSERT INTO HtmlNoteInfo VALUES(3532,'Error',8) 
GO
INSERT INTO HtmlNoteInfo VALUES(3532,'出Fe`',9) 
GO
delete from HtmlNoteIndex where id=3533 
GO
delete from HtmlNoteInfo where indexid=3533 
GO
INSERT INTO HtmlNoteIndex values(3533,'全部期刊') 
GO
INSERT INTO HtmlNoteInfo VALUES(3533,'全部期刊',7) 
GO
INSERT INTO HtmlNoteInfo VALUES(3533,'All journals',8) 
GO
INSERT INTO HtmlNoteInfo VALUES(3533,'全部期刊',9) 
GO
delete from HtmlNoteIndex where id=3534 
GO
delete from HtmlNoteInfo where indexid=3534 
GO
INSERT INTO HtmlNoteIndex values(3534,'标题') 
GO
INSERT INTO HtmlNoteInfo VALUES(3534,'标题',7) 
GO
INSERT INTO HtmlNoteInfo VALUES(3534,'Subject',8) 
GO
INSERT INTO HtmlNoteInfo VALUES(3534,'标}',9) 
GO
delete from HtmlNoteIndex where id=3535 
GO
delete from HtmlNoteInfo where indexid=3535 
GO
INSERT INTO HtmlNoteIndex values(3535,'所有者') 
GO
INSERT INTO HtmlNoteInfo VALUES(3535,'所有者',7) 
GO
INSERT INTO HtmlNoteInfo VALUES(3535,'Owner',8) 
GO
INSERT INTO HtmlNoteInfo VALUES(3535,'所有者',9) 
GO
delete from HtmlNoteIndex where id=3536 
GO
delete from HtmlNoteInfo where indexid=3536 
GO
INSERT INTO HtmlNoteIndex values(3536,'修改日期') 
GO
INSERT INTO HtmlNoteInfo VALUES(3536,'修改日期',7) 
GO
INSERT INTO HtmlNoteInfo VALUES(3536,'Modify Date',8) 
GO
INSERT INTO HtmlNoteInfo VALUES(3536,'修改日期',9) 
GO
delete from HtmlNoteIndex where id=3537 
GO
delete from HtmlNoteInfo where indexid=3537 
GO
INSERT INTO HtmlNoteIndex values(3537,'模板名称') 
GO
INSERT INTO HtmlNoteInfo VALUES(3537,'模板名称',7) 
GO
INSERT INTO HtmlNoteInfo VALUES(3537,'Template',8) 
GO
INSERT INTO HtmlNoteInfo VALUES(3537,'模名Q',9) 
GO
delete from HtmlNoteIndex where id=3538 
GO
delete from HtmlNoteInfo where indexid=3538 
GO
INSERT INTO HtmlNoteIndex values(3538,'主目录') 
GO
INSERT INTO HtmlNoteInfo VALUES(3538,'主目录',7) 
GO
INSERT INTO HtmlNoteInfo VALUES(3538,'Main Category',8) 
GO
INSERT INTO HtmlNoteInfo VALUES(3538,'主目',9) 
GO
delete from HtmlNoteIndex where id=3539 
GO
delete from HtmlNoteInfo where indexid=3539 
GO
INSERT INTO HtmlNoteIndex values(3539,'显示名称') 
GO
INSERT INTO HtmlNoteInfo VALUES(3539,'显示名称',7) 
GO
INSERT INTO HtmlNoteInfo VALUES(3539,'Display name',8) 
GO
INSERT INTO HtmlNoteInfo VALUES(3539,'@示名Q',9) 
GO
delete from HtmlNoteIndex where id=3540 
GO
delete from HtmlNoteInfo where indexid=3540 
GO
INSERT INTO HtmlNoteIndex values(3540,'表现形式') 
GO
INSERT INTO HtmlNoteInfo VALUES(3540,'表现形式',7) 
GO
INSERT INTO HtmlNoteInfo VALUES(3540,'Manifestations',8) 
GO
INSERT INTO HtmlNoteInfo VALUES(3540,'表F形式',9) 
GO
delete from HtmlNoteIndex where id=3541 
GO
delete from HtmlNoteInfo where indexid=3541 
GO
INSERT INTO HtmlNoteIndex values(3541,'收发文单位') 
GO
INSERT INTO HtmlNoteInfo VALUES(3541,'收发文单位',7) 
GO
INSERT INTO HtmlNoteInfo VALUES(3541,'Send and receive units',8) 
GO
INSERT INTO HtmlNoteInfo VALUES(3541,'收l文挝',9) 
GO
delete from HtmlNoteIndex where id=3542 
GO
delete from HtmlNoteInfo where indexid=3542 
GO
INSERT INTO HtmlNoteIndex values(3542,'所属分部') 
GO
INSERT INTO HtmlNoteInfo VALUES(3542,'所属分部',7) 
GO
INSERT INTO HtmlNoteInfo VALUES(3542,'Belongs Division',8) 
GO
INSERT INTO HtmlNoteInfo VALUES(3542,'所俜植',9) 
GO
delete from HtmlNoteIndex where id=3543 
GO
delete from HtmlNoteInfo where indexid=3543 
GO
INSERT INTO HtmlNoteIndex values(3543,'主题词') 
GO
INSERT INTO HtmlNoteInfo VALUES(3543,'主题词',7) 
GO
INSERT INTO HtmlNoteInfo VALUES(3543,'Keyword',8) 
GO
INSERT INTO HtmlNoteInfo VALUES(3543,'主}~',9) 
GO
delete from HtmlNoteIndex where id=3544 
GO
delete from HtmlNoteInfo where indexid=3544 
GO
INSERT INTO HtmlNoteIndex values(3544,'非法字符') 
GO
INSERT INTO HtmlNoteInfo VALUES(3544,'非法字符',7) 
GO
INSERT INTO HtmlNoteInfo VALUES(3544,'Invalid Word',8) 
GO
INSERT INTO HtmlNoteInfo VALUES(3544,'非法字符',9) 
GO
delete from HtmlNoteIndex where id=3545 
GO
delete from HtmlNoteInfo where indexid=3545 
GO
INSERT INTO HtmlNoteIndex values(3545,'结束时间不能小于开始时间') 
GO
INSERT INTO HtmlNoteInfo VALUES(3545,'结束时间不能小于开始时间',7) 
GO
INSERT INTO HtmlNoteInfo VALUES(3545,'End time can not be less than the start time',8) 
GO
INSERT INTO HtmlNoteInfo VALUES(3545,'Y束rg不能小于_始rg',9) 
GO
delete from HtmlNoteIndex where id=3558 
GO
delete from HtmlNoteInfo where indexid=3558 
GO
INSERT INTO HtmlNoteIndex values(3558,'没有可以显示的数据') 
GO
INSERT INTO HtmlNoteInfo VALUES(3558,'没有可以显示的数据',7) 
GO
INSERT INTO HtmlNoteInfo VALUES(3558,'No data',8) 
GO
INSERT INTO HtmlNoteInfo VALUES(3558,']有可以@示的',9) 
GO
delete from HtmlNoteIndex where id=3559 
GO
delete from HtmlNoteInfo where indexid=3559 
GO
INSERT INTO HtmlNoteIndex values(3559,'相关客户') 
GO
INSERT INTO HtmlNoteInfo VALUES(3559,'相关客户',7) 
GO
INSERT INTO HtmlNoteInfo VALUES(3559,'Related customers',8) 
GO
INSERT INTO HtmlNoteInfo VALUES(3559,'相P客',9) 
GO
delete from HtmlNoteIndex where id=3427 
GO
delete from HtmlNoteInfo where indexid=3427 
GO
INSERT INTO HtmlNoteIndex values(3427,'其最小子任务已达到最低级!') 
GO
INSERT INTO HtmlNoteInfo VALUES(3427,'其最小子任务已达到最低级!',7) 
GO
INSERT INTO HtmlNoteInfo VALUES(3427,'The last child task have already arrived at the lowwest!',8) 
GO
INSERT INTO HtmlNoteInfo VALUES(3427,'其最小子任找堰_到最低!',9) 
GO
delete from HtmlNoteIndex where id=3560 
GO
delete from HtmlNoteInfo where indexid=3560 
GO
INSERT INTO HtmlNoteIndex values(3560,'客户') 
GO
INSERT INTO HtmlNoteInfo VALUES(3560,'客户',7) 
GO
INSERT INTO HtmlNoteInfo VALUES(3560,'Customer',8) 
GO
INSERT INTO HtmlNoteInfo VALUES(3560,'客',9) 
GO
delete from HtmlNoteIndex where id=3561 
GO
delete from HtmlNoteInfo where indexid=3561 
GO
INSERT INTO HtmlNoteIndex values(3561,'文档') 
GO
INSERT INTO HtmlNoteInfo VALUES(3561,'文档',7) 
GO
INSERT INTO HtmlNoteInfo VALUES(3561,'Document',8) 
GO
INSERT INTO HtmlNoteInfo VALUES(3561,'文n',9) 
GO
delete from HtmlNoteIndex where id=3562 
GO
delete from HtmlNoteInfo where indexid=3562 
GO
INSERT INTO HtmlNoteIndex values(3562,'项目') 
GO
INSERT INTO HtmlNoteInfo VALUES(3562,'项目',7) 
GO
INSERT INTO HtmlNoteInfo VALUES(3562,'Project',8) 
GO
INSERT INTO HtmlNoteInfo VALUES(3562,'目',9) 
GO
delete from HtmlNoteIndex where id=3563 
GO
delete from HtmlNoteInfo where indexid=3563 
GO
INSERT INTO HtmlNoteIndex values(3563,'相关项目') 
GO
INSERT INTO HtmlNoteInfo VALUES(3563,'相关项目',7) 
GO
INSERT INTO HtmlNoteInfo VALUES(3563,'Related Project',8) 
GO
INSERT INTO HtmlNoteInfo VALUES(3563,'相P目',9) 
GO
delete from HtmlNoteIndex where id=3564 
GO
delete from HtmlNoteInfo where indexid=3564 
GO
INSERT INTO HtmlNoteIndex values(3564,'相关任务') 
GO
INSERT INTO HtmlNoteInfo VALUES(3564,'相关任务',7) 
GO
INSERT INTO HtmlNoteInfo VALUES(3564,'Related Tasks',8) 
GO
INSERT INTO HtmlNoteInfo VALUES(3564,'相P任',9) 
GO
delete from HtmlNoteIndex where id=3565 
GO
delete from HtmlNoteInfo where indexid=3565 
GO
INSERT INTO HtmlNoteIndex values(3565,'任务') 
GO
INSERT INTO HtmlNoteInfo VALUES(3565,'任务',7) 
GO
INSERT INTO HtmlNoteInfo VALUES(3565,'Tasks',8) 
GO
INSERT INTO HtmlNoteInfo VALUES(3565,'任',9) 
GO
delete from HtmlNoteIndex where id=3566 
GO
delete from HtmlNoteInfo where indexid=3566 
GO
INSERT INTO HtmlNoteIndex values(3566,'流程') 
GO
INSERT INTO HtmlNoteInfo VALUES(3566,'流程',7) 
GO
INSERT INTO HtmlNoteInfo VALUES(3566,'Workflow',8) 
GO
INSERT INTO HtmlNoteInfo VALUES(3566,'流程',9) 
GO
delete from HtmlNoteIndex where id=3567 
GO
delete from HtmlNoteInfo where indexid=3567 
GO
INSERT INTO HtmlNoteIndex values(3567,'请将编辑器切换到可视化模式！') 
GO
INSERT INTO HtmlNoteInfo VALUES(3567,'请将编辑器切换到可视化模式！',7) 
GO
INSERT INTO HtmlNoteInfo VALUES(3567,'Please editor to switch to visual mode!',8) 
GO
INSERT INTO HtmlNoteInfo VALUES(3567,'将器切Q到可化模式！',9) 
GO
delete from HtmlNoteIndex where id=3568 
GO
delete from HtmlNoteInfo where indexid=3568 
GO
INSERT INTO HtmlNoteIndex values(3568,'图片上传') 
GO
INSERT INTO HtmlNoteInfo VALUES(3568,'图片上传',7) 
GO
INSERT INTO HtmlNoteInfo VALUES(3568,'Image Upload',8) 
GO
INSERT INTO HtmlNoteInfo VALUES(3568,'D片上',9) 
GO
delete from HtmlNoteIndex where id=3569 
GO
delete from HtmlNoteInfo where indexid=3569 
GO
INSERT INTO HtmlNoteIndex values(3569,'导入') 
GO
INSERT INTO HtmlNoteInfo VALUES(3569,'导入',7) 
GO
INSERT INTO HtmlNoteInfo VALUES(3569,'Import',8) 
GO
INSERT INTO HtmlNoteInfo VALUES(3569,'入',9) 
GO
delete from HtmlNoteIndex where id=3570 
GO
delete from HtmlNoteInfo where indexid=3570 
GO
INSERT INTO HtmlNoteIndex values(3570,'数据发生更改且尚未保存，确定离开吗？') 
GO
INSERT INTO HtmlNoteInfo VALUES(3570,'数据发生更改且尚未保存，确定离开吗？',7) 
GO
INSERT INTO HtmlNoteInfo VALUES(3570,'Data changed and not been saved, it is determined to leave?',8) 
GO
INSERT INTO HtmlNoteInfo VALUES(3570,'l生更改且尚未保存，确定x_幔',9) 
GO
delete from HtmlNoteIndex where id=3571 
GO
delete from HtmlNoteInfo where indexid=3571 
GO
INSERT INTO HtmlNoteIndex values(3571,'系统提示') 
GO
INSERT INTO HtmlNoteInfo VALUES(3571,'系统提示',7) 
GO
INSERT INTO HtmlNoteInfo VALUES(3571,'Prompted',8) 
GO
INSERT INTO HtmlNoteInfo VALUES(3571,'系y提示',9) 
GO
delete from HtmlNoteIndex where id=3572 
GO
delete from HtmlNoteInfo where indexid=3572 
GO
INSERT INTO HtmlNoteIndex values(3572,'信息确认') 
GO
INSERT INTO HtmlNoteInfo VALUES(3572,'信息确认',7) 
GO
INSERT INTO HtmlNoteInfo VALUES(3572,'Confirm',8) 
GO
INSERT INTO HtmlNoteInfo VALUES(3572,'信息确J',9) 
GO
delete from HtmlNoteIndex where id=3573 
GO
delete from HtmlNoteInfo where indexid=3573 
GO
INSERT INTO HtmlNoteIndex values(3573,'公文流转') 
GO
INSERT INTO HtmlNoteInfo VALUES(3573,'公文流转',7) 
GO
INSERT INTO HtmlNoteInfo VALUES(3573,'Document Flow',8) 
GO
INSERT INTO HtmlNoteInfo VALUES(3573,'公文流D',9) 
GO
delete from HtmlNoteIndex where id=3574 
GO
delete from HtmlNoteInfo where indexid=3574 
GO
INSERT INTO HtmlNoteIndex values(3574,'公文交换') 
GO
INSERT INTO HtmlNoteInfo VALUES(3574,'公文交换',7) 
GO
INSERT INTO HtmlNoteInfo VALUES(3574,'Document Exchange',8) 
GO
INSERT INTO HtmlNoteInfo VALUES(3574,'公文交Q',9) 
GO
delete from HtmlNoteIndex where id=3575 
GO
delete from HtmlNoteInfo where indexid=3575 
GO
INSERT INTO HtmlNoteIndex values(3575,'添加行') 
GO
INSERT INTO HtmlNoteInfo VALUES(3575,'添加行',7) 
GO
INSERT INTO HtmlNoteInfo VALUES(3575,'Add Row',8) 
GO
INSERT INTO HtmlNoteInfo VALUES(3575,'添加行',9) 
GO
delete from HtmlNoteIndex where id=3576 
GO
delete from HtmlNoteInfo where indexid=3576 
GO
INSERT INTO HtmlNoteIndex values(3576,'删除行') 
GO
INSERT INTO HtmlNoteInfo VALUES(3576,'删除行',7) 
GO
INSERT INTO HtmlNoteInfo VALUES(3576,'Delete Row',8) 
GO
INSERT INTO HtmlNoteInfo VALUES(3576,'删除行',9) 
GO
delete from HtmlNoteIndex where id=3577 
GO
delete from HtmlNoteInfo where indexid=3577 
GO
INSERT INTO HtmlNoteIndex values(3577,'复制行') 
GO
INSERT INTO HtmlNoteInfo VALUES(3577,'复制行',7) 
GO
INSERT INTO HtmlNoteInfo VALUES(3577,'Copy Row',8) 
GO
INSERT INTO HtmlNoteInfo VALUES(3577,'}制行',9) 
GO
delete from HtmlNoteIndex where id=3578 
GO
delete from HtmlNoteInfo where indexid=3578 
GO
INSERT INTO HtmlNoteIndex values(3578,'列信息未配置!') 
GO
INSERT INTO HtmlNoteInfo VALUES(3578,'列信息未配置!',7) 
GO
INSERT INTO HtmlNoteInfo VALUES(3578,'Column information is not configured!',8) 
GO
INSERT INTO HtmlNoteInfo VALUES(3578,'列信息未配置!',9) 
GO
delete from HtmlNoteIndex where id=3579 
GO
delete from HtmlNoteInfo where indexid=3579 
GO
INSERT INTO HtmlNoteIndex values(3579,'正在初始化数据，请稍候...') 
GO
INSERT INTO HtmlNoteInfo VALUES(3579,'正在初始化数据，请稍候...',7) 
GO
INSERT INTO HtmlNoteInfo VALUES(3579,'Initializing data, please wait ...',8) 
GO
INSERT INTO HtmlNoteInfo VALUES(3579,'正在初始化，稍候...',9) 
GO
delete from HtmlNoteIndex where id=3580 
GO
delete from HtmlNoteInfo where indexid=3580 
GO
INSERT INTO HtmlNoteIndex values(3580,'确定要删除吗？') 
GO
INSERT INTO HtmlNoteInfo VALUES(3580,'确定要删除吗？',7) 
GO
INSERT INTO HtmlNoteInfo VALUES(3580,'Are you sure?',8) 
GO
INSERT INTO HtmlNoteInfo VALUES(3580,'确定要删除幔',9) 
GO
delete from HtmlNoteIndex where id=3581 
GO
delete from HtmlNoteInfo where indexid=3581 
GO
INSERT INTO HtmlNoteIndex values(3581,'请选择要复制记录!') 
GO
INSERT INTO HtmlNoteInfo VALUES(3581,'请选择要复制记录!',7) 
GO
INSERT INTO HtmlNoteInfo VALUES(3581,'Please select the dubbing!',8) 
GO
INSERT INTO HtmlNoteInfo VALUES(3581,'x褚}制!',9) 
GO
delete from HtmlNoteIndex where id=3582 
GO
delete from HtmlNoteInfo where indexid=3582 
GO
INSERT INTO HtmlNoteIndex values(3582,'文 号：') 
GO
INSERT INTO HtmlNoteInfo VALUES(3582,'文 号：',7) 
GO
INSERT INTO HtmlNoteInfo VALUES(3582,'No:',8) 
GO
INSERT INTO HtmlNoteInfo VALUES(3582,'文 号：',9) 
GO
delete from HtmlNoteIndex where id=3583 
GO
delete from HtmlNoteInfo where indexid=3583 
GO
INSERT INTO HtmlNoteIndex values(3583,'签发人：') 
GO
INSERT INTO HtmlNoteInfo VALUES(3583,'签发人：',7) 
GO
INSERT INTO HtmlNoteInfo VALUES(3583,'Issuer:',8) 
GO
INSERT INTO HtmlNoteInfo VALUES(3583,'l人：',9) 
GO
delete from HtmlNoteIndex where id=3584 
GO
delete from HtmlNoteInfo where indexid=3584 
GO
INSERT INTO HtmlNoteIndex values(3584,'导出全部') 
GO
INSERT INTO HtmlNoteInfo VALUES(3584,'导出全部',7) 
GO
INSERT INTO HtmlNoteInfo VALUES(3584,'Export All',8) 
GO
INSERT INTO HtmlNoteInfo VALUES(3584,'С鋈部',9) 
GO
delete from HtmlNoteIndex where id=3585 
GO
delete from HtmlNoteInfo where indexid=3585 
GO
INSERT INTO HtmlNoteIndex values(3585,'条/页') 
GO
INSERT INTO HtmlNoteInfo VALUES(3585,'条/页',7) 
GO
INSERT INTO HtmlNoteInfo VALUES(3585,'per page',8) 
GO
INSERT INTO HtmlNoteInfo VALUES(3585,'l/',9) 
GO
 delete from HtmlNoteIndex where id=3586 
GO
delete from HtmlNoteInfo where indexid=3586 
GO
INSERT INTO HtmlNoteIndex values(3586,'共') 
GO
INSERT INTO HtmlNoteInfo VALUES(3586,'共',7) 
GO
INSERT INTO HtmlNoteInfo VALUES(3586,'total ',8) 
GO
INSERT INTO HtmlNoteInfo VALUES(3586,'共',9) 
GO
delete from HtmlNoteIndex where id=3587 
GO
delete from HtmlNoteInfo where indexid=3587 
GO
INSERT INTO HtmlNoteIndex values(3587,'Page') 
GO
INSERT INTO HtmlNoteInfo VALUES(3587,'第',7) 
GO
INSERT INTO HtmlNoteInfo VALUES(3587,'Page',8) 
GO
INSERT INTO HtmlNoteInfo VALUES(3587,'第',9) 
GO
delete from HtmlNoteIndex where id=3588 
GO
delete from HtmlNoteInfo where indexid=3588 
GO
INSERT INTO HtmlNoteIndex values(3588,'跳转') 
GO
INSERT INTO HtmlNoteInfo VALUES(3588,'跳转',7) 
GO
INSERT INTO HtmlNoteInfo VALUES(3588,'GO',8) 
GO
INSERT INTO HtmlNoteInfo VALUES(3588,'跳D',9) 
GO
delete from HtmlNoteIndex where id=3589 
GO
delete from HtmlNoteInfo where indexid=3589 
GO
INSERT INTO HtmlNoteIndex values(3589,'服务器出错!') 
GO
INSERT INTO HtmlNoteInfo VALUES(3589,'服务器出错!',7) 
GO
INSERT INTO HtmlNoteInfo VALUES(3589,'Server Run Error!',8) 
GO
INSERT INTO HtmlNoteInfo VALUES(3589,'服掌鞒鲥e!',9) 
GO
delete from HtmlNoteIndex where id=3590 
GO
delete from HtmlNoteInfo where indexid=3590 
GO
INSERT INTO HtmlNoteIndex values(3590,'错误代码') 
GO
INSERT INTO HtmlNoteInfo VALUES(3590,'错误代码',7) 
GO
INSERT INTO HtmlNoteInfo VALUES(3590,'Error Code',8) 
GO
INSERT INTO HtmlNoteInfo VALUES(3590,'e`代a',9) 
GO
delete from HtmlNoteIndex where id=3591 
GO
delete from HtmlNoteInfo where indexid=3591 
GO
INSERT INTO HtmlNoteIndex values(3591,'错误描述') 
GO
INSERT INTO HtmlNoteInfo VALUES(3591,'错误描述',7) 
GO
INSERT INTO HtmlNoteInfo VALUES(3591,'Error Description',8) 
GO
INSERT INTO HtmlNoteInfo VALUES(3591,'e`描述',9) 
GO
delete from HtmlNoteIndex where id=3592 
GO
delete from HtmlNoteInfo where indexid=3592 
GO
INSERT INTO HtmlNoteIndex values(3592,'错误详细信息') 
GO
INSERT INTO HtmlNoteInfo VALUES(3592,'错误详细信息',7) 
GO
INSERT INTO HtmlNoteInfo VALUES(3592,'Error Description Info',8) 
GO
INSERT INTO HtmlNoteInfo VALUES(3592,'e`信息',9) 
GO
delete from HtmlNoteIndex where id=3593 
GO
delete from HtmlNoteInfo where indexid=3593 
GO
INSERT INTO HtmlNoteIndex values(3593,'显示/隐藏') 
GO
INSERT INTO HtmlNoteInfo VALUES(3593,'显示/隐藏',7) 
GO
INSERT INTO HtmlNoteInfo VALUES(3593,'SHOW/HIDDEN',8) 
GO
INSERT INTO HtmlNoteInfo VALUES(3593,'@示/隐藏',9) 
GO
delete from HtmlNoteIndex where id=3594 
GO
delete from HtmlNoteInfo where indexid=3594 
GO
INSERT INTO HtmlNoteIndex values(3594,'解决方法') 
GO
INSERT INTO HtmlNoteInfo VALUES(3594,'解决方法',7) 
GO
INSERT INTO HtmlNoteInfo VALUES(3594,'solve method',8) 
GO
INSERT INTO HtmlNoteInfo VALUES(3594,'解Q方法',9) 
GO
delete from HtmlNoteIndex where id=3595 
GO
delete from HtmlNoteInfo where indexid=3595 
GO
INSERT INTO HtmlNoteIndex values(3595,'请') 
GO
INSERT INTO HtmlNoteInfo VALUES(3595,'请',7) 
GO
INSERT INTO HtmlNoteInfo VALUES(3595,'Please',8) 
GO
INSERT INTO HtmlNoteInfo VALUES(3595,'',9) 
GO
delete from HtmlNoteIndex where id=3596 
GO
delete from HtmlNoteInfo where indexid=3596 
GO
INSERT INTO HtmlNoteIndex values(3596,'刷新') 
GO
INSERT INTO HtmlNoteInfo VALUES(3596,'刷新',7) 
GO
INSERT INTO HtmlNoteInfo VALUES(3596,' refresh ',8) 
GO
INSERT INTO HtmlNoteInfo VALUES(3596,'刷新',9) 
GO
delete from HtmlNoteIndex where id=3597 
GO
delete from HtmlNoteInfo where indexid=3597 
GO
INSERT INTO HtmlNoteIndex values(3597,'此页') 
GO
INSERT INTO HtmlNoteInfo VALUES(3597,'此页',7) 
GO
INSERT INTO HtmlNoteInfo VALUES(3597,' this page',8) 
GO
INSERT INTO HtmlNoteInfo VALUES(3597,'此',9) 
GO
delete from HtmlNoteIndex where id=3598 
GO
delete from HtmlNoteInfo where indexid=3598 
GO
INSERT INTO HtmlNoteIndex values(3598,'系统超时(退出系统重新') 
GO
INSERT INTO HtmlNoteInfo VALUES(3598,'系统超时(退出系统重新',7) 
GO
INSERT INTO HtmlNoteInfo VALUES(3598,'Time out(exit and ',8) 
GO
INSERT INTO HtmlNoteInfo VALUES(3598,'系y超r(退出系y重新',9) 
GO
delete from HtmlNoteIndex where id=3599 
GO
delete from HtmlNoteInfo where indexid=3599 
GO
INSERT INTO HtmlNoteIndex values(3599,'登录') 
GO
INSERT INTO HtmlNoteInfo VALUES(3599,'登录',7) 
GO
INSERT INTO HtmlNoteInfo VALUES(3599,' login',8) 
GO
INSERT INTO HtmlNoteInfo VALUES(3599,'登',9) 
GO
delete from HtmlNoteIndex where id=3600 
GO
delete from HtmlNoteInfo where indexid=3600 
GO
INSERT INTO HtmlNoteIndex values(3600,'服务器出现问题,请把错误详细信息发给系统管理员处理') 
GO
INSERT INTO HtmlNoteInfo VALUES(3600,'服务器出现问题,请把错误详细信息发给系统管理员处理',7) 
GO
INSERT INTO HtmlNoteInfo VALUES(3600,'Server run error,Send the error message to administrator ,please.',8) 
GO
INSERT INTO HtmlNoteInfo VALUES(3600,'服掌鞒霈F},把e`信息lo系y管理T理',9) 
GO
 delete from HtmlNoteIndex where id=3601 
GO
delete from HtmlNoteInfo where indexid=3601 
GO
INSERT INTO HtmlNoteIndex values(3601,'出现错误！记录保存失败！') 
GO
INSERT INTO HtmlNoteInfo VALUES(3601,'出现错误！记录保存失败！',7) 
GO
INSERT INTO HtmlNoteInfo VALUES(3601,'Error! Record-keeping failure!',8) 
GO
INSERT INTO HtmlNoteInfo VALUES(3601,'出Fe`！保存失。',9) 
GO
 delete from HtmlNoteIndex where id=3602 
GO
delete from HtmlNoteInfo where indexid=3602 
GO
INSERT INTO HtmlNoteIndex values(3602,'未定义页面ID！记录保存失败！') 
GO
INSERT INTO HtmlNoteInfo VALUES(3602,'未定义页面ID！记录保存失败！',7) 
GO
INSERT INTO HtmlNoteInfo VALUES(3602,'Undefined page ID! Record-keeping failure!',8) 
GO
INSERT INTO HtmlNoteInfo VALUES(3602,'未定x面ID！保存失。',9) 
GO
delete from HtmlLabelIndex where id=83397 
GO
delete from HtmlLabelInfo where indexid=83397 
GO
INSERT INTO HtmlLabelIndex values(83397,'确认具有完全控制权限者将不能共享此目录下的文档吗？') 
GO
INSERT INTO HtmlLabelInfo VALUES(83397,'确认具有完全控制权限者将不能共享此目录下的文档吗？',7) 
GO
INSERT INTO HtmlLabelInfo VALUES(83397,'Confirmed to have full control permissions will not be shared documents in this directory it?',8) 
GO
INSERT INTO HtmlLabelInfo VALUES(83397,'确J具有完全控制嘞拚呓不能共享此目下的文n幔',9) 
GO
delete from HtmlLabelIndex where id=83399 
GO
delete from HtmlLabelInfo where indexid=83399 
GO
INSERT INTO HtmlLabelIndex values(83399,'确认具有编辑权限者将不能共享此目录下的文档吗？') 
GO
INSERT INTO HtmlLabelInfo VALUES(83399,'确认具有编辑权限者将不能共享此目录下的文档吗？',7) 
GO
INSERT INTO HtmlLabelInfo VALUES(83399,'Confirmed to have edit rights will not be shared documents in this directory it?',8) 
GO
INSERT INTO HtmlLabelInfo VALUES(83399,'确J具有嘞拚呓不能共享此目下的文n幔',9) 
GO
delete from HtmlLabelIndex where id=83400 
GO
delete from HtmlLabelInfo where indexid=83400 
GO
INSERT INTO HtmlLabelIndex values(83400,'一列') 
GO
INSERT INTO HtmlLabelInfo VALUES(83400,'一列',7) 
GO
INSERT INTO HtmlLabelInfo VALUES(83400,'One Column',8) 
GO
INSERT INTO HtmlLabelInfo VALUES(83400,'一列',9) 
GO
delete from HtmlLabelIndex where id=83401 
GO
delete from HtmlLabelInfo where indexid=83401 
GO
INSERT INTO HtmlLabelIndex values(83401,'两列') 
GO
INSERT INTO HtmlLabelInfo VALUES(83401,'两列',7) 
GO
INSERT INTO HtmlLabelInfo VALUES(83401,'Two Column',8) 
GO
INSERT INTO HtmlLabelInfo VALUES(83401,'闪',9) 
GO
delete from HtmlLabelIndex where id=83406 
GO
delete from HtmlLabelInfo where indexid=83406 
GO
INSERT INTO HtmlLabelIndex values(83406,'不能导入相同的选择框！') 
GO
INSERT INTO HtmlLabelInfo VALUES(83406,'不能导入相同的选择框！',7) 
GO
INSERT INTO HtmlLabelInfo VALUES(83406,'You can not import the same selection box!',8) 
GO
INSERT INTO HtmlLabelInfo VALUES(83406,'不能入相同的x窨颍',9) 
GO
delete from HtmlLabelIndex where id=83407 
GO
delete from HtmlLabelInfo where indexid=83407 
GO
INSERT INTO HtmlLabelIndex values(83407,'标') 
GO
INSERT INTO HtmlLabelInfo VALUES(83407,'标签',7) 
GO
INSERT INTO HtmlLabelInfo VALUES(83407,'Label',8) 
GO
INSERT INTO HtmlLabelInfo VALUES(83407,'标',9) 
GO
delete from HtmlLabelIndex where id=83408 
GO
delete from HtmlLabelInfo where indexid=83408 
GO
INSERT INTO HtmlLabelIndex values(83408,'请选择要查看的记录！') 
GO
INSERT INTO HtmlLabelInfo VALUES(83408,'请选择要查看的记录！',7) 
GO
INSERT INTO HtmlLabelInfo VALUES(83408,'Please choose to view the recording!',8) 
GO
INSERT INTO HtmlLabelInfo VALUES(83408,'x褚查看的！',9) 
GO
delete from HtmlLabelIndex where id=83409 
GO
delete from HtmlLabelInfo where indexid=83409 
GO
INSERT INTO HtmlLabelIndex values(83409,'发生错误！') 
GO
INSERT INTO HtmlLabelInfo VALUES(83409,'发生错误！',7) 
GO
INSERT INTO HtmlLabelInfo VALUES(83409,'Error!',8) 
GO
INSERT INTO HtmlLabelInfo VALUES(83409,'l生e`！',9) 
GO
delete from HtmlLabelIndex where id=83410 
GO
delete from HtmlLabelInfo where indexid=83410 
GO
INSERT INTO HtmlLabelIndex values(83410,'地址有误') 
GO
INSERT INTO HtmlLabelInfo VALUES(83410,'地址有误',7) 
GO
INSERT INTO HtmlLabelInfo VALUES(83410,'URL Error',8) 
GO
INSERT INTO HtmlLabelInfo VALUES(83410,'地址有`',9) 
GO
delete from HtmlLabelIndex where id=83411 
GO
delete from HtmlLabelInfo where indexid=83411 
GO
INSERT INTO HtmlLabelIndex values(83411,'类型不匹配') 
GO
INSERT INTO HtmlLabelInfo VALUES(83411,'类型不匹配',7) 
GO
INSERT INTO HtmlLabelInfo VALUES(83411,'Type mismatch',8) 
GO
INSERT INTO HtmlLabelInfo VALUES(83411,'型不匹配',9) 
GO
delete from HtmlLabelIndex where id=83412 
GO
delete from HtmlLabelInfo where indexid=83412 
GO
INSERT INTO HtmlLabelIndex values(83412,'打开文件') 
GO
INSERT INTO HtmlLabelInfo VALUES(83412,'打开文件',7) 
GO
INSERT INTO HtmlLabelInfo VALUES(83412,'Open File',8) 
GO
INSERT INTO HtmlLabelInfo VALUES(83412,'打_文件',9) 
GO
delete from HtmlLabelIndex where id=83413 
GO
delete from HtmlLabelInfo where indexid=83413 
GO
INSERT INTO HtmlLabelIndex values(83413,'保存文件') 
GO
INSERT INTO HtmlLabelInfo VALUES(83413,'保存文件',7) 
GO
INSERT INTO HtmlLabelInfo VALUES(83413,'Save File',8) 
GO
INSERT INTO HtmlLabelInfo VALUES(83413,'保存文件',9) 
GO
delete from HtmlLabelIndex where id=83414 
GO
delete from HtmlLabelInfo where indexid=83414 
GO
INSERT INTO HtmlLabelIndex values(83414,'重新批注') 
GO
INSERT INTO HtmlLabelInfo VALUES(83414,'重新批注',7) 
GO
INSERT INTO HtmlLabelInfo VALUES(83414,'Re-annotation',8) 
GO
INSERT INTO HtmlLabelInfo VALUES(83414,'重新批注',9) 
GO
delete from HtmlLabelIndex where id=83415 
GO
delete from HtmlLabelInfo where indexid=83415 
GO
INSERT INTO HtmlLabelIndex values(83415,'金格公文二维条码中间件[演示版]') 
GO
INSERT INTO HtmlLabelInfo VALUES(83415,'金格公文二维条码中间件[演示版]',7) 
GO
INSERT INTO HtmlLabelInfo VALUES(83415,'Wen Jin Gegong dimensional bar code middleware [Demo]',8) 
GO
INSERT INTO HtmlLabelInfo VALUES(83415,'金格公文二Sla中g件[演示版]',9) 
GO
delete from HtmlLabelIndex where id=83419 
GO
delete from HtmlLabelInfo where indexid=83419 
GO
INSERT INTO HtmlLabelIndex values(83419,'名称不能包含以下字符') 
GO
INSERT INTO HtmlLabelInfo VALUES(83419,'名称不能包含以下字符',7) 
GO
INSERT INTO HtmlLabelInfo VALUES(83419,'The name can not contain the following characters',8) 
GO
INSERT INTO HtmlLabelInfo VALUES(83419,'名Q不能包含以下字符',9) 
GO
delete from HtmlLabelIndex where id=83420 
GO
delete from HtmlLabelInfo where indexid=83420 
GO
INSERT INTO HtmlLabelIndex values(83420,'文件夹名不能为空。') 
GO
INSERT INTO HtmlLabelInfo VALUES(83420,'文件夹名不能为空。',7) 
GO
INSERT INTO HtmlLabelInfo VALUES(83420,'The folder name can not be empty.',8) 
GO
INSERT INTO HtmlLabelInfo VALUES(83420,'文件A名不能空。',9) 
GO
delete from HtmlLabelIndex where id=83421 
GO
delete from HtmlLabelInfo where indexid=83421 
GO
INSERT INTO HtmlLabelIndex values(83421,'文件夹名不能包含以下字符') 
GO
INSERT INTO HtmlLabelInfo VALUES(83421,'文件夹名不能包含以下字符',7) 
GO
INSERT INTO HtmlLabelInfo VALUES(83421,'Folder names can not contain the following characters',8) 
GO
INSERT INTO HtmlLabelInfo VALUES(83421,'文件A名不能包含以下字符',9) 
GO
delete from HtmlLabelIndex where id=83423 
GO
delete from HtmlLabelInfo where indexid=83423 
GO
INSERT INTO HtmlLabelIndex values(83423,'批量退回') 
GO
INSERT INTO HtmlLabelInfo VALUES(83423,'批量退回',7) 
GO
INSERT INTO HtmlLabelInfo VALUES(83423,'Bulk Return',8) 
GO
INSERT INTO HtmlLabelInfo VALUES(83423,'批量退回',9) 
GO
delete from HtmlLabelIndex where id=83424 
GO
delete from HtmlLabelInfo where indexid=83424 
GO
INSERT INTO HtmlLabelIndex values(83424,'订阅成功！') 
GO
INSERT INTO HtmlLabelInfo VALUES(83424,'订阅成功！',7) 
GO
INSERT INTO HtmlLabelInfo VALUES(83424,'Subscribe to success!',8) 
GO
INSERT INTO HtmlLabelInfo VALUES(83424,'成功！',9) 
GO
delete from HtmlLabelIndex where id=83425 
GO
delete from HtmlLabelInfo where indexid=83425 
GO
INSERT INTO HtmlLabelIndex values(83425,'您申请的订阅的文档') 
GO
INSERT INTO HtmlLabelInfo VALUES(83425,'您申请的订阅的文档',7) 
GO
INSERT INTO HtmlLabelInfo VALUES(83425,'Subscribe to the documentation for your application',8) 
GO
INSERT INTO HtmlLabelInfo VALUES(83425,'您申的的文n',9) 
GO
delete from HtmlLabelIndex where id=83426 
GO
delete from HtmlLabelInfo where indexid=83426 
GO
INSERT INTO HtmlLabelIndex values(83426,'已被') 
GO
INSERT INTO HtmlLabelInfo VALUES(83426,'已被',7) 
GO
INSERT INTO HtmlLabelInfo VALUES(83426,'has been',8) 
GO
INSERT INTO HtmlLabelInfo VALUES(83426,'已被',9) 
GO
delete from HtmlLabelIndex where id=142 
GO
delete from HtmlLabelInfo where indexid=142 
GO
INSERT INTO HtmlLabelIndex values(142,'批准') 
GO
INSERT INTO HtmlLabelInfo VALUES(142,'批准',7) 
GO
INSERT INTO HtmlLabelInfo VALUES(142,'Approve',8) 
GO
INSERT INTO HtmlLabelInfo VALUES(142,'批',9) 
GO
delete from HtmlLabelIndex where id=83427 
GO
delete from HtmlLabelInfo where indexid=83427 
GO
INSERT INTO HtmlLabelIndex values(83427,'其中另外批准了') 
GO
INSERT INTO HtmlLabelInfo VALUES(83427,'其中另外批准了',7) 
GO
INSERT INTO HtmlLabelInfo VALUES(83427,'Which additionally approved',8) 
GO
INSERT INTO HtmlLabelInfo VALUES(83427,'其中另外批柿',9) 
GO
delete from HtmlLabelIndex where id=83428 
GO
delete from HtmlLabelInfo where indexid=83428 
GO
INSERT INTO HtmlLabelIndex values(83428,'几篇文档') 
GO
INSERT INTO HtmlLabelInfo VALUES(83428,'几篇文档',7) 
GO
INSERT INTO HtmlLabelInfo VALUES(83428,'Several documents',8) 
GO
INSERT INTO HtmlLabelInfo VALUES(83428,'灼文n',9) 
GO
delete from HtmlLabelIndex where id=83429 
GO
delete from HtmlLabelInfo where indexid=83429 
GO
INSERT INTO HtmlLabelIndex values(83429,'其详细信息,可以查看您的订阅历史!') 
GO
INSERT INTO HtmlLabelInfo VALUES(83429,'其详细信息,可以查看您的订阅历史!',7) 
GO
INSERT INTO HtmlLabelInfo VALUES(83429,'Its details, you can view your subscription history!',8) 
GO
INSERT INTO HtmlLabelInfo VALUES(83429,'其信息,可以查看您的咽!',9) 
GO
delete from HtmlLabelIndex where id=83430 
GO
delete from HtmlLabelInfo where indexid=83430 
GO
INSERT INTO HtmlLabelIndex values(83430,'被拒绝') 
GO
INSERT INTO HtmlLabelInfo VALUES(83430,'被拒绝',7) 
GO
INSERT INTO HtmlLabelInfo VALUES(83430,'is denied',8) 
GO
INSERT INTO HtmlLabelInfo VALUES(83430,'被拒^',9) 
GO
delete from HtmlLabelIndex where id=83431 
GO
delete from HtmlLabelInfo where indexid=83431 
GO
INSERT INTO HtmlLabelIndex values(83431,'您申请订阅的文档') 
GO
INSERT INTO HtmlLabelInfo VALUES(83431,'您申请订阅的文档',7) 
GO
INSERT INTO HtmlLabelInfo VALUES(83431,'Your subscription application document',8) 
GO
INSERT INTO HtmlLabelInfo VALUES(83431,'您申的文n',9) 
GO
 
delete from HtmlLabelIndex where id=83433 
GO
delete from HtmlLabelInfo where indexid=83433 
GO
INSERT INTO HtmlLabelIndex values(83433,'必须选择需要上传的文件!') 
GO
INSERT INTO HtmlLabelInfo VALUES(83433,'必须选择需要上传的文件!',7) 
GO
INSERT INTO HtmlLabelInfo VALUES(83433,'You must select a file to upload!',8) 
GO
INSERT INTO HtmlLabelInfo VALUES(83433,'必x裥枰上鞯奈募!',9) 
GO
delete from HtmlLabelIndex where id=83434 
GO
delete from HtmlLabelInfo where indexid=83434 
GO
INSERT INTO HtmlLabelIndex values(83434,'替换书签值') 
GO
INSERT INTO HtmlLabelInfo VALUES(83434,'替换书签值',7) 
GO
INSERT INTO HtmlLabelInfo VALUES(83434,'Replace bookmark value',8) 
GO
INSERT INTO HtmlLabelInfo VALUES(83434,'替Q值',9) 
GO
delete from HtmlLabelIndex where id=83435 
GO
delete from HtmlLabelInfo where indexid=83435 
GO
INSERT INTO HtmlLabelIndex values(83435,'套用模板') 
GO
INSERT INTO HtmlLabelInfo VALUES(83435,'套用模板',7) 
GO
INSERT INTO HtmlLabelInfo VALUES(83435,'Apply Template',8) 
GO
INSERT INTO HtmlLabelInfo VALUES(83435,'套用模',9) 
GO
delete from HtmlLabelIndex where id=83436 
GO
delete from HtmlLabelInfo where indexid=83436 
GO
INSERT INTO HtmlLabelIndex values(83436,'1．输入''上海泛微''表示查询符合''上海泛微''的记录<br/>2．输入''上海 泛微''表示查询符合''上海''或者符合''泛微''的记录<br/>3．输入''上海+泛微''表示查询符合''上海''并且符合''泛微''的记录') 
GO
INSERT INTO HtmlLabelInfo VALUES(83436,'1．输入''上海泛微''表示查询符合''上海泛微''的记录<br/>2．输入''上海 泛微''表示查询符合''上海''或者符合''泛微''的记录<br/>3．输入''上海+泛微''表示查询符合''上海''并且符合''泛微''的记录',7) 
GO
INSERT INTO HtmlLabelInfo VALUES(83436,'1.Enter ''ShanghaiBeijing'' will search the record about ''ShanghaiBeijing''2.Enter ''Shanghai Beijing'' will search the record about ''Shanghai'' or ''Beijing''<br/>3.Enter ''Shanghai+Beijing'' will search the record about ''Shanghai'' and ''Beijing''',8) 
GO
INSERT INTO HtmlLabelInfo VALUES(83436,'1．入''上海泛微''表示查符合''上海泛微''的<br/>2．入''上海 泛微''表示查符合''上海''或者符合''泛微''的<br/>3．入''上海+泛微''表示查符合''上海''并且符合''泛微''的',9) 
GO
delete from HtmlLabelIndex where id=83437 
GO
delete from HtmlLabelInfo where indexid=83437 
GO
INSERT INTO HtmlLabelIndex values(83437,'出现错误！') 
GO
INSERT INTO HtmlLabelInfo VALUES(83437,'出现错误！',7) 
GO
INSERT INTO HtmlLabelInfo VALUES(83437,'Error!',8) 
GO
INSERT INTO HtmlLabelInfo VALUES(83437,'出Fe`！',9) 
GO
delete from HtmlLabelIndex where id=83438 
GO
delete from HtmlLabelInfo where indexid=83438 
GO
INSERT INTO HtmlLabelIndex values(83438,'新的文档') 
GO
INSERT INTO HtmlLabelInfo VALUES(83438,'新的文档',7) 
GO
INSERT INTO HtmlLabelInfo VALUES(83438,'New Documents',8) 
GO
INSERT INTO HtmlLabelInfo VALUES(83438,'新的文n',9) 
GO
delete from HtmlLabelIndex where id=83439 
GO
delete from HtmlLabelInfo where indexid=83439 
GO
INSERT INTO HtmlLabelIndex values(83439,'请选择记录！') 
GO
INSERT INTO HtmlLabelInfo VALUES(83439,'请选择记录！',7) 
GO
INSERT INTO HtmlLabelInfo VALUES(83439,'Please select the record!',8) 
GO
INSERT INTO HtmlLabelInfo VALUES(83439,'x裼！',9) 
GO
delete from HtmlLabelIndex where id=83440 
GO
delete from HtmlLabelInfo where indexid=83440 
GO
INSERT INTO HtmlLabelIndex values(83440,'每页记录条数必须大于零') 
GO
INSERT INTO HtmlLabelInfo VALUES(83440,'每页记录条数必须大于零',7) 
GO
INSERT INTO HtmlLabelInfo VALUES(83440,'The number of records per page must be greater than zero',8) 
GO
INSERT INTO HtmlLabelInfo VALUES(83440,'每l当仨大于零',9) 
GO
