INSERT INTO HtmlLabelIndex values(18711,'提醒周期') 
GO
INSERT INTO HtmlLabelIndex values(18710,'密码变更提醒') 
GO
INSERT INTO HtmlLabelInfo VALUES(18710,'密码变更提醒',7) 
GO
INSERT INTO HtmlLabelInfo VALUES(18710,'Password Changing Remind',8) 
GO
INSERT INTO HtmlLabelInfo VALUES(18711,'提醒周期',7) 
GO
INSERT INTO HtmlLabelInfo VALUES(18711,'Remind Period',8) 
GO

update HtmlLabelInfo set labelname='生日祝词' where indexid=18352 and languageid=7
GO
update HtmlLabelInfo set labelname='Birthday Congratulatory Speech' where indexid=18352 and languageid=8
GO


INSERT INTO HtmlLabelIndex values(18712,'员工生日提醒') 
GO
INSERT INTO HtmlLabelIndex values(18714,'人力资源管理员提醒') 
GO
INSERT INTO HtmlLabelIndex values(18717,'弹出窗口') 
GO
INSERT INTO HtmlLabelIndex values(18713,'提醒方式') 
GO
INSERT INTO HtmlLabelIndex values(18715,'公司员工提醒') 
GO
INSERT INTO HtmlLabelIndex values(18716,'默认流程') 
GO
INSERT INTO HtmlLabelInfo VALUES(18712,'员工生日提醒',7) 
GO
INSERT INTO HtmlLabelInfo VALUES(18712,'Employee Birthday Remind',8) 
GO
INSERT INTO HtmlLabelInfo VALUES(18713,'提醒方式',7) 
GO
INSERT INTO HtmlLabelInfo VALUES(18713,'Remind Mode',8) 
GO
INSERT INTO HtmlLabelInfo VALUES(18714,'人力资源管理员提醒',7) 
GO
INSERT INTO HtmlLabelInfo VALUES(18714,'HR manager Remind',8) 
GO
INSERT INTO HtmlLabelInfo VALUES(18715,'公司员工提醒',7) 
GO
INSERT INTO HtmlLabelInfo VALUES(18715,'Company Employee Remind',8) 
GO
INSERT INTO HtmlLabelInfo VALUES(18716,'默认流程',7) 
GO
INSERT INTO HtmlLabelInfo VALUES(18716,'Default Workflow',8) 
GO
INSERT INTO HtmlLabelInfo VALUES(18717,'弹出窗口',7) 
GO
INSERT INTO HtmlLabelInfo VALUES(18717,'Popup window',8) 
GO

INSERT INTO HtmlLabelIndex values(18718,'登陆模式设置') 
GO
INSERT INTO HtmlLabelIndex values(18719,'允许同一用户重复登陆') 
GO
INSERT INTO HtmlLabelInfo VALUES(18718,'登陆模式设置',7) 
GO
INSERT INTO HtmlLabelInfo VALUES(18718,'Login Mode Setting',8) 
GO
INSERT INTO HtmlLabelInfo VALUES(18719,'允许同一用户重复登陆',7) 
GO
INSERT INTO HtmlLabelInfo VALUES(18719,'Allow same user login repeatedly',8) 
GO

INSERT INTO HtmlLabelIndex values(18721,'USB硬件加密设置') 
GO
INSERT INTO HtmlLabelIndex values(18723,'公司代码') 
GO
INSERT INTO HtmlLabelIndex values(18724,'用户代码') 
GO
INSERT INTO HtmlLabelIndex values(18722,'是否需要使用USB登陆认证功能') 
GO
INSERT INTO HtmlLabelInfo VALUES(18721,'USB硬件加密设置',7) 
GO
INSERT INTO HtmlLabelInfo VALUES(18721,'USB Hardware Encryption Setting',8) 
GO
INSERT INTO HtmlLabelInfo VALUES(18722,'是否需要使用USB登陆认证功能',7) 
GO
INSERT INTO HtmlLabelInfo VALUES(18722,'whether use USB login recognize function',8) 
GO
INSERT INTO HtmlLabelInfo VALUES(18723,'公司代码',7) 
GO
INSERT INTO HtmlLabelInfo VALUES(18723,'Company Code',8) 
GO
INSERT INTO HtmlLabelInfo VALUES(18724,'用户代码',7) 
GO
INSERT INTO HtmlLabelInfo VALUES(18724,'User Code',8) 
GO
 



INSERT INTO HtmlLabelIndex values(17081,'位') 
GO
INSERT INTO HtmlLabelInfo VALUES(17081,'位',7) 
GO
INSERT INTO HtmlLabelInfo VALUES(17081,'Digit',8) 
GO
INSERT INTO HtmlLabelIndex values(18729,'字母') 
GO
INSERT INTO HtmlLabelInfo VALUES(18729,'字母',7) 
GO
INSERT INTO HtmlLabelInfo VALUES(18729,'Alphabet',8) 
GO
INSERT INTO HtmlLabelIndex values(18730,'汉字') 
GO
INSERT INTO HtmlLabelInfo VALUES(18730,'汉字',7) 
GO
INSERT INTO HtmlLabelInfo VALUES(18730,'Chinese Character',8) 
GO

INSERT INTO HtmlLabelIndex values(18753,'加入收藏夹') 
GO
INSERT INTO HtmlLabelIndex values(18754,'此页已经收藏') 
GO
INSERT INTO HtmlLabelInfo VALUES(18753,'加入收藏夹',7) 
GO
INSERT INTO HtmlLabelInfo VALUES(18753,'Add to Favorite',8) 
GO
INSERT INTO HtmlLabelInfo VALUES(18754,'此页已经收藏',7) 
GO
INSERT INTO HtmlLabelInfo VALUES(18754,'This page has been added to favorite',8) 
GO

INSERT INTO HtmlLabelIndex values(18770,'按组织架构') 
GO
INSERT INTO HtmlLabelIndex values(18771,'按定义的组') 
GO
INSERT INTO HtmlLabelInfo VALUES(18770,'按组织架构',7) 
GO
INSERT INTO HtmlLabelInfo VALUES(18770,'By Structure',8) 
GO
INSERT INTO HtmlLabelInfo VALUES(18771,'按定义的组',7) 
GO
INSERT INTO HtmlLabelInfo VALUES(18771,'By Userdefine',8) 
GO

update HtmlLabelIndex set indexdesc='您已经登录系统' where id=16643
GO
update HtmlLabelInfo set labelname='您已经登录系统' where indexid=16643 and languageid=7
GO

INSERT INTO HtmlLabelIndex values(18774,'短语简称') 
GO
INSERT INTO HtmlLabelIndex values(18775,'短语描述') 
GO
INSERT INTO HtmlLabelInfo VALUES(18774,'短语简称',7) 
GO
INSERT INTO HtmlLabelInfo VALUES(18774,'Phrase in Short',8) 
GO
INSERT INTO HtmlLabelInfo VALUES(18775,'短语描述',7) 
GO
INSERT INTO HtmlLabelInfo VALUES(18775,'Phrase Description',8) 
GO

update HtmlLabelInfo set labelname='yuan per kilometer' where indexid=17647 and languageid=8
GO

INSERT INTO HtmlLabelIndex values(18779,'邮件地址格式错误') 
GO
INSERT INTO HtmlLabelInfo VALUES(18779,'邮件地址格式错误',7) 
GO
INSERT INTO HtmlLabelInfo VALUES(18779,'Email style is wrong',8) 
GO

INSERT INTO HtmlLabelIndex values(18780,'数据采集方式') 
GO
INSERT INTO HtmlLabelIndex values(18781,'打卡数据采集设置') 
GO
INSERT INTO HtmlLabelIndex values(18782,'端口号') 
GO
INSERT INTO HtmlLabelIndex values(18785,'多IP请用逗号分隔') 
GO
INSERT INTO HtmlLabelIndex values(18786,'每月平均工作时间设置') 
GO
INSERT INTO HtmlLabelIndex values(18787,'每月平均工作时间') 
GO
INSERT INTO HtmlLabelIndex values(18788,'薪资计算截至日期') 
GO
INSERT INTO HtmlLabelIndex values(18783,'本机端口采集') 
GO
INSERT INTO HtmlLabelIndex values(18784,'TCP/IP采集') 
GO
INSERT INTO HtmlLabelInfo VALUES(18780,'数据采集方式',7) 
GO
INSERT INTO HtmlLabelInfo VALUES(18780,'Date Collection Method',8) 
GO
INSERT INTO HtmlLabelInfo VALUES(18781,'打卡数据采集设置',7) 
GO
INSERT INTO HtmlLabelInfo VALUES(18781,'Card Date Collection Set',8) 
GO
INSERT INTO HtmlLabelInfo VALUES(18782,'端口号',7) 
GO
INSERT INTO HtmlLabelInfo VALUES(18782,'Port Number',8) 
GO
INSERT INTO HtmlLabelInfo VALUES(18783,'本机端口采集',7) 
GO
INSERT INTO HtmlLabelInfo VALUES(18783,'Self Port Collection',8) 
GO
INSERT INTO HtmlLabelInfo VALUES(18784,'TCP/IP采集',7) 
GO
INSERT INTO HtmlLabelInfo VALUES(18784,'TCP/IP Collection',8) 
GO
INSERT INTO HtmlLabelInfo VALUES(18785,'多IP请用逗号分隔',7) 
GO
INSERT INTO HtmlLabelInfo VALUES(18785,'Please separate with the English comma between multi-IP',8) 
GO
INSERT INTO HtmlLabelInfo VALUES(18786,'每月平均工作时间设置',7) 
GO
INSERT INTO HtmlLabelInfo VALUES(18786,'The average work time per month Set',8) 
GO
INSERT INTO HtmlLabelInfo VALUES(18787,'每月平均工作时间',7) 
GO
INSERT INTO HtmlLabelInfo VALUES(18787,'The average work time per month',8) 
GO
INSERT INTO HtmlLabelInfo VALUES(18788,'薪资计算截至日期',7) 
GO
INSERT INTO HtmlLabelInfo VALUES(18788,'Salary calculate end date',8) 
GO

INSERT INTO HtmlLabelIndex values(18789,'包含当天') 
GO
INSERT INTO HtmlLabelInfo VALUES(18789,'包含当天',7) 
GO
INSERT INTO HtmlLabelInfo VALUES(18789,'Include current day',8) 
GO

INSERT INTO HtmlLabelIndex values(18899,'你确定要结束吗？') 
GO
INSERT INTO HtmlLabelIndex values(18900,'你确定要重新打开吗？') 
GO
INSERT INTO HtmlLabelInfo VALUES(18899,'你确定要结束吗？',7) 
GO
INSERT INTO HtmlLabelInfo VALUES(18899,'Are you sure to end it?',8) 
GO
INSERT INTO HtmlLabelInfo VALUES(18900,'你确定要重新打开吗？',7) 
GO
INSERT INTO HtmlLabelInfo VALUES(18900,'Are you sure to reopen it?',8) 
GO

INSERT INTO HtmlLabelIndex values(18901,'分配日期') 
GO
INSERT INTO HtmlLabelInfo VALUES(18901,'分配日期',7) 
GO
INSERT INTO HtmlLabelInfo VALUES(18901,'Distribute Date',8) 
GO

INSERT INTO HtmlLabelIndex values(18904,'默认的群发服务器需要认证，请系统管理员在系统设置中设置默认的发件人和认证用户！') 
GO
INSERT INTO HtmlLabelIndex values(18905,'发送设置') 
GO
INSERT INTO HtmlLabelIndex values(18902,'默认的群发服务器没有设置，请系统管理员在系统设置中设置默认的群发服务器！') 
GO
INSERT INTO HtmlLabelInfo VALUES(18902,'默认的群发服务器没有设置，请系统管理员在系统设置中设置默认的群发服务器！',7) 
GO
INSERT INTO HtmlLabelInfo VALUES(18902,'Default batch send server is not setted,please contact administrator to set it in SystemSet!',8) 
GO
INSERT INTO HtmlLabelInfo VALUES(18904,'默认的群发服务器需要认证，请系统管理员在系统设置中设置默认的发件人和认证用户！',7) 
GO
INSERT INTO HtmlLabelInfo VALUES(18904,'Default batch send server need attestation,please contact administrator to set default sender and attestation user in SystemSet!',8) 
GO

INSERT INTO HtmlLabelInfo VALUES(18905,'发送设置',7) 
GO
INSERT INTO HtmlLabelInfo VALUES(18905,'Send Set',8) 
GO
INSERT INTO HtmlLabelIndex values(18906,'按模板发送') 
GO
INSERT INTO HtmlLabelIndex values(18907,'按调查发送') 
GO
INSERT INTO HtmlLabelIndex values(18908,'自定义内容') 
GO
INSERT INTO HtmlLabelInfo VALUES(18906,'按模板发送',7) 
GO
INSERT INTO HtmlLabelInfo VALUES(18906,'Send by Template',8) 
GO
INSERT INTO HtmlLabelInfo VALUES(18907,'按调查发送',7) 
GO
INSERT INTO HtmlLabelInfo VALUES(18907,'Send by Research',8) 
GO
INSERT INTO HtmlLabelInfo VALUES(18908,'自定义内容',7) 
GO
INSERT INTO HtmlLabelInfo VALUES(18908,'User Define Content',8) 
GO

INSERT INTO HtmlLabelIndex values(18917,'仅子部门') 
GO
INSERT INTO HtmlLabelIndex values(18919,'仅本分部') 
GO
INSERT INTO HtmlLabelIndex values(18916,'仅本部门') 
GO
INSERT INTO HtmlLabelIndex values(18918,'并包含子部门') 
GO
INSERT INTO HtmlLabelIndex values(18920,'仅子分部') 
GO
INSERT INTO HtmlLabelIndex values(18921,'并包含子分部') 
GO
INSERT INTO HtmlLabelInfo VALUES(18916,'仅本部门',7) 
GO
INSERT INTO HtmlLabelInfo VALUES(18916,'Only Self Department',8) 
GO
INSERT INTO HtmlLabelInfo VALUES(18917,'仅子部门',7) 
GO
INSERT INTO HtmlLabelInfo VALUES(18917,'Only Sub Department',8) 
GO
INSERT INTO HtmlLabelInfo VALUES(18918,'并包含子部门',7) 
GO
INSERT INTO HtmlLabelInfo VALUES(18918,'Include Sub Department',8) 
GO
INSERT INTO HtmlLabelInfo VALUES(18919,'仅本分部',7) 
GO
INSERT INTO HtmlLabelInfo VALUES(18919,'Only Self SubCompany',8) 
GO
INSERT INTO HtmlLabelInfo VALUES(18920,'仅子分部',7) 
GO
INSERT INTO HtmlLabelInfo VALUES(18920,'Only Sub SubCompany',8) 
GO
INSERT INTO HtmlLabelInfo VALUES(18921,'并包含子分部',7) 
GO
INSERT INTO HtmlLabelInfo VALUES(18921,'Include Sub SubCompany',8) 
GO

INSERT INTO HtmlLabelIndex values(18922,'请选择要审批的客户！') 
GO
INSERT INTO HtmlLabelInfo VALUES(18922,'请选择要审批的客户！',7) 
GO
INSERT INTO HtmlLabelInfo VALUES(18922,'Please choose customers to be approved!',8) 
GO
 
INSERT INTO HtmlLabelIndex values(18923,'知识积累创新') 
GO
INSERT INTO HtmlLabelIndex values(18924,'当前系统共有文档数') 
GO
INSERT INTO HtmlLabelIndex values(18925,'在本系统中创建的文档数') 
GO
INSERT INTO HtmlLabelIndex values(18926,'的文档共计被访问的次数') 
GO
INSERT INTO HtmlLabelIndex values(18927,'的文档被打分的情况') 
GO
INSERT INTO HtmlLabelIndex values(18930,'对公司的知识积累贡献率') 
GO
INSERT INTO HtmlLabelIndex values(18928,'分') 
GO
INSERT INTO HtmlLabelIndex values(18929,'次') 
GO
INSERT INTO HtmlLabelInfo VALUES(18923,'知识积累创新',7) 
GO
INSERT INTO HtmlLabelInfo VALUES(18923,'Knowledge Innovative',8) 
GO
INSERT INTO HtmlLabelInfo VALUES(18924,'当前系统共有文档数',7) 
GO
INSERT INTO HtmlLabelInfo VALUES(18924,'Total docs in current system',8) 
GO
INSERT INTO HtmlLabelInfo VALUES(18925,'在本系统中创建的文档数',7) 
GO
INSERT INTO HtmlLabelInfo VALUES(18925,'Total docs created in the system',8) 
GO
INSERT INTO HtmlLabelInfo VALUES(18926,'的文档共计被访问的次数',7) 
GO
INSERT INTO HtmlLabelInfo VALUES(18926,'total times docs readed',8) 
GO
INSERT INTO HtmlLabelInfo VALUES(18927,'的文档被打分的情况',7) 
GO
INSERT INTO HtmlLabelInfo VALUES(18927,'situation docs marked',8) 
GO
INSERT INTO HtmlLabelInfo VALUES(18928,'分',7) 
GO
INSERT INTO HtmlLabelInfo VALUES(18928,'point',8) 
GO
INSERT INTO HtmlLabelInfo VALUES(18929,'次',7) 
GO
INSERT INTO HtmlLabelInfo VALUES(18929,'time(s)',8) 
GO
INSERT INTO HtmlLabelInfo VALUES(18930,'对公司的知识积累贡献率',7) 
GO
INSERT INTO HtmlLabelInfo VALUES(18930,'contribution to the company''s knowledge innovative',8) 
GO

INSERT INTO HtmlLabelIndex values(18931,'浏览排名') 
GO
INSERT INTO HtmlLabelInfo VALUES(18931,'浏览排名',7) 
GO
INSERT INTO HtmlLabelInfo VALUES(18931,'View Rank',8) 
GO

INSERT INTO HtmlLabelIndex values(18947,'红色标识有多余的打卡记录') 
GO
INSERT INTO HtmlLabelInfo VALUES(18947,'红色标识有多余的打卡记录',7) 
GO
INSERT INTO HtmlLabelInfo VALUES(18947,'Red sign means more records of typing card',8) 
GO
INSERT INTO HtmlLabelIndex values(18948,'卡号') 
GO
INSERT INTO HtmlLabelIndex values(18949,'打卡时间') 
GO
INSERT INTO HtmlLabelIndex values(18951,'打卡组') 
GO
INSERT INTO HtmlLabelIndex values(18950,'打卡机号') 
GO
INSERT INTO HtmlLabelInfo VALUES(18948,'卡号',7) 
GO
INSERT INTO HtmlLabelInfo VALUES(18948,'Card Number',8) 
GO
INSERT INTO HtmlLabelInfo VALUES(18949,'打卡时间',7) 
GO
INSERT INTO HtmlLabelInfo VALUES(18949,'TypingCardTime',8) 
GO
INSERT INTO HtmlLabelInfo VALUES(18950,'打卡机号',7) 
GO
INSERT INTO HtmlLabelInfo VALUES(18950,'TypingCardMachineNumber',8) 
GO
INSERT INTO HtmlLabelInfo VALUES(18951,'打卡组',7) 
GO
INSERT INTO HtmlLabelInfo VALUES(18951,'TypingCardGroup',8) 
GO

INSERT INTO HtmlLabelIndex values(18953,'短信数量') 
GO
INSERT INTO HtmlLabelIndex values(18955,'按天显示') 
GO
INSERT INTO HtmlLabelIndex values(18954,'短信数量柱状图') 
GO
INSERT INTO HtmlLabelIndex values(18956,'按月显示') 
GO
INSERT INTO HtmlLabelInfo VALUES(18953,'短信数量',7) 
GO
INSERT INTO HtmlLabelInfo VALUES(18953,'SMS Amount',8) 
GO
INSERT INTO HtmlLabelInfo VALUES(18954,'短信数量柱状图',7) 
GO
INSERT INTO HtmlLabelInfo VALUES(18954,'SMS Amount Pillar Picture',8) 
GO
INSERT INTO HtmlLabelInfo VALUES(18955,'按天显示',7) 
GO
INSERT INTO HtmlLabelInfo VALUES(18955,'Show by day',8) 
GO
INSERT INTO HtmlLabelInfo VALUES(18956,'按月显示',7) 
GO
INSERT INTO HtmlLabelInfo VALUES(18956,'Show by month',8) 
GO

INSERT INTO HtmlLabelIndex values(18959,'邮件类型') 
GO
INSERT INTO HtmlLabelIndex values(18960,'发送人地址') 
GO
INSERT INTO HtmlLabelIndex values(18961,'发送时间') 
GO
INSERT INTO HtmlLabelIndex values(18958,'邮件状态') 
GO
INSERT INTO HtmlLabelInfo VALUES(18958,'邮件状态',7) 
GO
INSERT INTO HtmlLabelInfo VALUES(18958,'Mail Status',8) 
GO
INSERT INTO HtmlLabelInfo VALUES(18959,'邮件类型',7) 
GO
INSERT INTO HtmlLabelInfo VALUES(18959,'Mail Type',8) 
GO
INSERT INTO HtmlLabelInfo VALUES(18960,'发送人地址',7) 
GO
INSERT INTO HtmlLabelInfo VALUES(18960,'Sender Address',8) 
GO
INSERT INTO HtmlLabelInfo VALUES(18961,'发送时间',7) 
GO
INSERT INTO HtmlLabelInfo VALUES(18961,'Send Time',8) 
GO

INSERT INTO HtmlLabelIndex values(18962,'请输入您要发送的信息！') 
GO
INSERT INTO HtmlLabelIndex values(18963,'请输入接受人手机号码！') 
GO
INSERT INTO HtmlLabelIndex values(18964,'内容不能超过60个字！') 
GO
INSERT INTO HtmlLabelInfo VALUES(18962,'请输入您要发送的信息！',7) 
GO
INSERT INTO HtmlLabelInfo VALUES(18962,'Please input note to be sended!',8) 
GO
INSERT INTO HtmlLabelInfo VALUES(18963,'请输入接受人手机号码！',7) 
GO
INSERT INTO HtmlLabelInfo VALUES(18963,'Please input receiver''s mobile number!',8) 
GO
INSERT INTO HtmlLabelInfo VALUES(18964,'内容不能超过60个字！',7) 
GO
INSERT INTO HtmlLabelInfo VALUES(18964,'Content can''t be more than 60 characters!',8) 
GO

INSERT INTO HtmlLabelIndex values(18965,'隐藏删除项') 
GO
INSERT INTO HtmlLabelIndex values(18967,'已删除') 
GO
INSERT INTO HtmlLabelIndex values(18966,'已收到') 
GO
INSERT INTO HtmlLabelInfo VALUES(18965,'隐藏删除项',7) 
GO
INSERT INTO HtmlLabelInfo VALUES(18965,'Hide deleted',8) 
GO
INSERT INTO HtmlLabelInfo VALUES(18966,'已收到',7) 
GO
INSERT INTO HtmlLabelInfo VALUES(18966,'Received',8) 
GO
INSERT INTO HtmlLabelInfo VALUES(18967,'已删除',7) 
GO
INSERT INTO HtmlLabelInfo VALUES(18967,'Deleted',8) 
GO

delete from ErrorMsgIndex where id=37
GO
delete from ErrorMsgInfo where indexid=37
GO
INSERT INTO ErrorMsgIndex values(37,'该记录已被引用！') 
GO
INSERT INTO ErrorMsgInfo VALUES(37,'该记录已被引用！',7) 
GO
INSERT INTO ErrorMsgInfo VALUES(37,'This record has beed used!',8) 
GO

INSERT INTO HtmlLabelIndex values(18970,'模板已启用，不能删除！') 
GO
INSERT INTO HtmlLabelIndex values(18969,'请至少启用一个模板！') 
GO
INSERT INTO HtmlLabelIndex values(18971,'确认另存为同名模板吗？') 
GO
INSERT INTO HtmlLabelIndex values(18972,'确认将模板恢复到默认设置吗？') 
GO
INSERT INTO HtmlLabelInfo VALUES(18969,'请至少启用一个模板！',7) 
GO
INSERT INTO HtmlLabelInfo VALUES(18969,'Please open one template at least!',8) 
GO
INSERT INTO HtmlLabelInfo VALUES(18970,'模板已启用，不能删除！',7) 
GO
INSERT INTO HtmlLabelInfo VALUES(18970,'he template is opened,you can''t delete it!',8) 
GO
INSERT INTO HtmlLabelInfo VALUES(18971,'确认另存为同名模板吗？',7) 
GO
INSERT INTO HtmlLabelInfo VALUES(18971,'Confirm to save as same name template?',8) 
GO
INSERT INTO HtmlLabelInfo VALUES(18972,'确认将模板恢复到默认设置吗？',7) 
GO
INSERT INTO HtmlLabelInfo VALUES(18972,'Confirm to resume template as default setting?',8) 
GO

INSERT INTO HtmlLabelIndex values(18973,'会议室被使用过,不能被删除！') 
GO
INSERT INTO HtmlLabelInfo VALUES(18973,'会议室被使用过,不能被删除！',7) 
GO
INSERT INTO HtmlLabelInfo VALUES(18973,'meeting room is used,it can''t be deleted!',8) 
GO

INSERT INTO HtmlLabelIndex values(18975,'您还没有选择表单！') 
GO
INSERT INTO HtmlLabelInfo VALUES(18975,'您还没有选择表单！',7) 
GO
INSERT INTO HtmlLabelInfo VALUES(18975,'You have''t choosen a form!',8) 
GO

INSERT INTO HtmlLabelIndex values(18976,'此目录下最大只能上传') 
GO
INSERT INTO HtmlLabelIndex values(18977,'M/个的附件') 
GO
INSERT INTO HtmlLabelInfo VALUES(18976,'此目录下最大只能上传',7) 
GO
INSERT INTO HtmlLabelInfo VALUES(18976,'The size of each attachment uploaded to this directory is limited to ',8) 
GO
INSERT INTO HtmlLabelInfo VALUES(18977,'M/个的附件',7) 
GO
INSERT INTO HtmlLabelInfo VALUES(18977,'M',8) 
GO

