delete from HtmlLabelIndex where id=22875 
GO
delete from HtmlLabelInfo where indexid=22875 
GO
INSERT INTO HtmlLabelIndex values(22875,'发送节点') 
GO
INSERT INTO HtmlLabelInfo VALUES(22875,'发送节点',7) 
GO
INSERT INTO HtmlLabelInfo VALUES(22875,'Send Node',8) 
GO
INSERT INTO HtmlLabelInfo VALUES(22875,'发送c',9) 
GO
delete from HtmlLabelIndex where id=22876 
GO
delete from HtmlLabelInfo where indexid=22876 
GO
INSERT INTO HtmlLabelIndex values(22876,'公文交换流程设置') 
GO
INSERT INTO HtmlLabelInfo VALUES(22876,'公文交换流程设置',7) 
GO
INSERT INTO HtmlLabelInfo VALUES(22876,'Setting documents change workflow',8) 
GO
INSERT INTO HtmlLabelInfo VALUES(22876,'公文交Q流程O置',9) 
GO
delete from HtmlLabelIndex where id=22879 
GO
delete from HtmlLabelInfo where indexid=22879 
GO
INSERT INTO HtmlLabelIndex values(22879,'公文交换目录') 
GO
INSERT INTO HtmlLabelInfo VALUES(22879,'公文交换目录',7) 
GO
INSERT INTO HtmlLabelInfo VALUES(22879,'Doc change directory',8) 
GO
INSERT INTO HtmlLabelInfo VALUES(22879,'公文交Q目',9) 
GO
delete from HtmlLabelIndex where id=22880 
GO
delete from HtmlLabelInfo where indexid=22880 
GO
INSERT INTO HtmlLabelIndex values(22880,'单位类型') 
GO
INSERT INTO HtmlLabelInfo VALUES(22880,'单位类型',7) 
GO
INSERT INTO HtmlLabelInfo VALUES(22880,'Company Type',8) 
GO
INSERT INTO HtmlLabelInfo VALUES(22880,'挝活型',9) 
GO

delete from HtmlLabelIndex where id=22943 
GO
delete from HtmlLabelInfo where indexid=22943 
GO
INSERT INTO HtmlLabelIndex values(22943,'公文交换目录已存在') 
GO
INSERT INTO HtmlLabelInfo VALUES(22943,'公文交换目录已存在',7) 
GO
INSERT INTO HtmlLabelInfo VALUES(22943,'Change directory has exist',8) 
GO
INSERT INTO HtmlLabelInfo VALUES(22943,'公文交Q目已存在',9) 
GO

delete from HtmlLabelIndex where id=22945 
GO
delete from HtmlLabelInfo where indexid=22945 
GO
INSERT INTO HtmlLabelIndex values(22945,'只允许输入"a-z"、"A-Z"、"0-9"以及"-"、"-"字符') 
GO
INSERT INTO HtmlLabelInfo VALUES(22945,'只允许输入"a-z"、"A-Z"、"0-9"以及"-"、"-"字符',7) 
GO
INSERT INTO HtmlLabelInfo VALUES(22945,'Only set "a-z"、"A-Z"、"0-9" and "-"、"-"',8) 
GO
INSERT INTO HtmlLabelInfo VALUES(22945,'只S入"a-z"、"A-Z"、"0-9"以及"-"、"-"字符',9) 
GO

delete from HtmlLabelIndex where id=22946 
GO
delete from HtmlLabelInfo where indexid=22946 
GO
INSERT INTO HtmlLabelIndex values(22946,'被拒收') 
GO
INSERT INTO HtmlLabelInfo VALUES(22946,'被拒收',7) 
GO
INSERT INTO HtmlLabelInfo VALUES(22946,'rejected',8) 
GO
INSERT INTO HtmlLabelInfo VALUES(22946,'被拒收',9) 
GO

delete from HtmlLabelIndex where id=22347 
GO
delete from HtmlLabelInfo where indexid=22347 
GO
INSERT INTO HtmlLabelIndex values(22347,'待发送') 
GO
INSERT INTO HtmlLabelInfo VALUES(22347,'待发送',7) 
GO
INSERT INTO HtmlLabelInfo VALUES(22347,'Wait Sending',8) 
GO
INSERT INTO HtmlLabelInfo VALUES(22347,'',9) 
GO
delete from HtmlLabelIndex where id=23024 
GO
delete from HtmlLabelInfo where indexid=23024 
GO
INSERT INTO HtmlLabelIndex values(23024,'发送公文') 
GO
INSERT INTO HtmlLabelInfo VALUES(23024,'发送公文',7) 
GO
INSERT INTO HtmlLabelInfo VALUES(23024,'Send Doc',8) 
GO
INSERT INTO HtmlLabelInfo VALUES(23024,'发送公文',9) 
GO
delete from HtmlLabelIndex where id=23025 
GO
delete from HtmlLabelInfo where indexid=23025 
GO
INSERT INTO HtmlLabelIndex values(23025,'公文交换字段') 
GO
INSERT INTO HtmlLabelInfo VALUES(23025,'公文交换字段',7) 
GO
INSERT INTO HtmlLabelInfo VALUES(23025,'Doc Change Fields',8) 
GO
INSERT INTO HtmlLabelInfo VALUES(23025,'公文交Q字段',9) 
GO
delete from HtmlLabelIndex where id=23026 
GO
delete from HtmlLabelInfo where indexid=23026 
GO
INSERT INTO HtmlLabelIndex values(23026,'是否交换单位') 
GO
INSERT INTO HtmlLabelInfo VALUES(23026,'是否交换单位',7) 
GO
INSERT INTO HtmlLabelInfo VALUES(23026,'Is change company',8) 
GO
INSERT INTO HtmlLabelInfo VALUES(23026,'是否交Q挝',9) 
GO
delete from HtmlLabelIndex where id=23027 
GO
delete from HtmlLabelInfo where indexid=23027 
GO
INSERT INTO HtmlLabelIndex values(23027,'是否交换') 
GO
INSERT INTO HtmlLabelInfo VALUES(23027,'是否交换',7) 
GO
INSERT INTO HtmlLabelInfo VALUES(23027,'Is change',8) 
GO
INSERT INTO HtmlLabelInfo VALUES(23027,'是否交Q',9) 
GO
delete from HtmlLabelIndex where id=23038 
GO
delete from HtmlLabelInfo where indexid=23038 
GO
INSERT INTO HtmlLabelIndex values(23038,'公文标题') 
GO
INSERT INTO HtmlLabelInfo VALUES(23038,'公文标题',7) 
GO
INSERT INTO HtmlLabelInfo VALUES(23038,'Doc Title',8) 
GO
INSERT INTO HtmlLabelInfo VALUES(23038,'公文祟}',9) 
GO
delete from HtmlLabelIndex where id=23048 
GO
delete from HtmlLabelInfo where indexid=23048 
GO
INSERT INTO HtmlLabelIndex values(23048,'拒收') 
GO
INSERT INTO HtmlLabelInfo VALUES(23048,'拒收',7) 
GO
INSERT INTO HtmlLabelInfo VALUES(23048,'rejecte',8) 
GO
INSERT INTO HtmlLabelInfo VALUES(23048,'拒收',9) 
GO
delete from HtmlLabelIndex where id=23078 
GO
delete from HtmlLabelInfo where indexid=23078 
GO
INSERT INTO HtmlLabelIndex values(23078,'已签收') 
GO
delete from HtmlLabelIndex where id=23079 
GO
delete from HtmlLabelInfo where indexid=23079 
GO
INSERT INTO HtmlLabelIndex values(23079,'未签收') 
GO
INSERT INTO HtmlLabelInfo VALUES(23078,'已签收',7) 
GO
INSERT INTO HtmlLabelInfo VALUES(23078,'Sign In',8) 
GO
INSERT INTO HtmlLabelInfo VALUES(23078,'已收',9) 
GO
INSERT INTO HtmlLabelInfo VALUES(23079,'未签收',7) 
GO
INSERT INTO HtmlLabelInfo VALUES(23079,'No Sign In',8) 
GO
INSERT INTO HtmlLabelInfo VALUES(23079,'未收',9) 
GO
delete from HtmlLabelIndex where id=23082 
GO
delete from HtmlLabelInfo where indexid=23082 
GO
INSERT INTO HtmlLabelIndex values(23082,'公文交换') 
GO
INSERT INTO HtmlLabelInfo VALUES(23082,'公文交换',7) 
GO
INSERT INTO HtmlLabelInfo VALUES(23082,'Doc change',8) 
GO
INSERT INTO HtmlLabelInfo VALUES(23082,'公文交Q',9) 
GO
delete from HtmlLabelIndex where id=23083 
GO
delete from HtmlLabelInfo where indexid=23083 
GO
INSERT INTO HtmlLabelIndex values(23083,'接收公文') 
GO
INSERT INTO HtmlLabelInfo VALUES(23083,'接收公文',7) 
GO
INSERT INTO HtmlLabelInfo VALUES(23083,'Receive Doc',8) 
GO
INSERT INTO HtmlLabelInfo VALUES(23083,'接收公文',9) 
GO
delete from HtmlLabelIndex where id=23087 
GO
delete from HtmlLabelInfo where indexid=23087 
GO
INSERT INTO HtmlLabelIndex values(23087,'创建流程') 
GO
INSERT INTO HtmlLabelInfo VALUES(23087,'创建流程',7) 
GO
INSERT INTO HtmlLabelInfo VALUES(23087,'Create Workflow',8) 
GO
INSERT INTO HtmlLabelInfo VALUES(23087,'创建流程',9) 
GO
delete from HtmlLabelIndex where id=23090 
GO
delete from HtmlLabelInfo where indexid=23090 
GO
INSERT INTO HtmlLabelIndex values(23090,'是否主送方') 
GO
INSERT INTO HtmlLabelInfo VALUES(23090,'是否主送方',7) 
GO
INSERT INTO HtmlLabelInfo VALUES(23090,'Is sender',8) 
GO
INSERT INTO HtmlLabelInfo VALUES(23090,'是否主送方',9) 
GO
delete from HtmlLabelIndex where id=23091 
GO
delete from HtmlLabelInfo where indexid=23091 
GO
INSERT INTO HtmlLabelIndex values(23091,'主送方') 
GO
delete from HtmlLabelIndex where id=23092 
GO
delete from HtmlLabelInfo where indexid=23092 
GO
INSERT INTO HtmlLabelIndex values(23092,'接收方') 
GO
INSERT INTO HtmlLabelInfo VALUES(23091,'主送方',7) 
GO
INSERT INTO HtmlLabelInfo VALUES(23091,'Sender',8) 
GO
INSERT INTO HtmlLabelInfo VALUES(23091,'主送方',9) 
GO
INSERT INTO HtmlLabelInfo VALUES(23092,'接收方',7) 
GO
INSERT INTO HtmlLabelInfo VALUES(23092,'Receiver',8) 
GO
INSERT INTO HtmlLabelInfo VALUES(23092,'接收方',9) 
GO
delete from HtmlLabelIndex where id=22408 
GO
delete from HtmlLabelInfo where indexid=22408 
GO
INSERT INTO HtmlLabelIndex values(22408,'重新发送') 
GO
INSERT INTO HtmlLabelInfo VALUES(22408,'重新发送',7) 
GO
INSERT INTO HtmlLabelInfo VALUES(22408,'Send again',8) 
GO
INSERT INTO HtmlLabelInfo VALUES(22408,'重新l送',9) 
GO
delete from HtmlLabelIndex where id=23098 
GO
delete from HtmlLabelInfo where indexid=23098 
GO
INSERT INTO HtmlLabelIndex values(23098,'公文交换设置') 
GO
INSERT INTO HtmlLabelInfo VALUES(23098,'公文交换设置',7) 
GO
INSERT INTO HtmlLabelInfo VALUES(23098,'Doc change system setting',8) 
GO
INSERT INTO HtmlLabelInfo VALUES(23098,'公文交QO置',9) 
GO
delete from HtmlLabelIndex where id=23100 
GO
delete from HtmlLabelInfo where indexid=23100 
GO
INSERT INTO HtmlLabelIndex values(23100,'自动发送') 
GO
delete from HtmlLabelIndex where id=23101 
GO
delete from HtmlLabelInfo where indexid=23101 
GO
INSERT INTO HtmlLabelIndex values(23101,'接收间隔') 
GO
delete from HtmlLabelIndex where id=23102 
GO
delete from HtmlLabelInfo where indexid=23102 
GO
INSERT INTO HtmlLabelIndex values(23102,'发送间隔') 
GO
delete from HtmlLabelIndex where id=23099 
GO
delete from HtmlLabelInfo where indexid=23099 
GO
INSERT INTO HtmlLabelIndex values(23099,'自动接收') 
GO
INSERT INTO HtmlLabelInfo VALUES(23099,'自动接收',7) 
GO
INSERT INTO HtmlLabelInfo VALUES(23099,'Auto Receive',8) 
GO
INSERT INTO HtmlLabelInfo VALUES(23099,'自咏邮',9) 
GO
INSERT INTO HtmlLabelInfo VALUES(23100,'自动发送',7) 
GO
INSERT INTO HtmlLabelInfo VALUES(23100,'Auto Send',8) 
GO
INSERT INTO HtmlLabelInfo VALUES(23100,'自动l送',9) 
GO
INSERT INTO HtmlLabelInfo VALUES(23101,'接收间隔',7) 
GO
INSERT INTO HtmlLabelInfo VALUES(23101,'Receive interval',8) 
GO
INSERT INTO HtmlLabelInfo VALUES(23101,'接收g隔',9) 
GO
INSERT INTO HtmlLabelInfo VALUES(23102,'发送间隔',7) 
GO
INSERT INTO HtmlLabelInfo VALUES(23102,'Send interval',8) 
GO
INSERT INTO HtmlLabelInfo VALUES(23102,'l送g隔',9) 
GO
delete from HtmlLabelIndex where id=23105 
GO
delete from HtmlLabelInfo where indexid=23105 
GO
INSERT INTO HtmlLabelIndex values(23105,'重发单位列表') 
GO
delete from HtmlLabelIndex where id=23104 
GO
delete from HtmlLabelInfo where indexid=23104 
GO
INSERT INTO HtmlLabelIndex values(23104,'流程中指定收文单位') 
GO
INSERT INTO HtmlLabelInfo VALUES(23104,'流程中指定收文单位',7) 
GO
INSERT INTO HtmlLabelInfo VALUES(23104,'Company in workflow set',8) 
GO
INSERT INTO HtmlLabelInfo VALUES(23104,'流程中指定收文挝',9) 
GO
INSERT INTO HtmlLabelInfo VALUES(23105,'重发单位列表',7) 
GO
INSERT INTO HtmlLabelInfo VALUES(23105,'Resend company list',8) 
GO
INSERT INTO HtmlLabelInfo VALUES(23105,'重l挝涣斜',9) 
GO
delete from HtmlLabelIndex where id=23106 
GO
delete from HtmlLabelInfo where indexid=23106 
GO
INSERT INTO HtmlLabelIndex values(23106,'签收时间') 
GO
INSERT INTO HtmlLabelInfo VALUES(23106,'签收时间',7) 
GO
INSERT INTO HtmlLabelInfo VALUES(23106,'Sign Time',8) 
GO
INSERT INTO HtmlLabelInfo VALUES(23106,'收rg',9) 
GO
delete from HtmlLabelIndex where id=23115 
GO
delete from HtmlLabelInfo where indexid=23115 
GO
INSERT INTO HtmlLabelIndex values(23115,'公文签收完成') 
GO
delete from HtmlLabelIndex where id=23116 
GO
delete from HtmlLabelInfo where indexid=23116 
GO
INSERT INTO HtmlLabelIndex values(23116,'流程创建完成') 
GO
delete from HtmlLabelIndex where id=23117 
GO
delete from HtmlLabelInfo where indexid=23117 
GO
INSERT INTO HtmlLabelIndex values(23117,'公文已被退回') 
GO
delete from HtmlLabelIndex where id=23118 
GO
delete from HtmlLabelInfo where indexid=23118 
GO
INSERT INTO HtmlLabelIndex values(23118,'公文已被拒收') 
GO
delete from HtmlLabelIndex where id=23114 
GO
delete from HtmlLabelInfo where indexid=23114 
GO
INSERT INTO HtmlLabelIndex values(23114,'接收公文完成') 
GO
INSERT INTO HtmlLabelInfo VALUES(23114,'接收公文完成',7) 
GO
INSERT INTO HtmlLabelInfo VALUES(23114,'Receive Doc Successful',8) 
GO
INSERT INTO HtmlLabelInfo VALUES(23114,'接收公文完成',9) 
GO
INSERT INTO HtmlLabelInfo VALUES(23115,'公文签收完成',7) 
GO
INSERT INTO HtmlLabelInfo VALUES(23115,'Doc Sign in successful',8) 
GO
INSERT INTO HtmlLabelInfo VALUES(23115,'公文收完成',9) 
GO
INSERT INTO HtmlLabelInfo VALUES(23116,'流程创建完成',7) 
GO
INSERT INTO HtmlLabelInfo VALUES(23116,'Create Workflow Successful',8) 
GO
INSERT INTO HtmlLabelInfo VALUES(23116,'流程建完成',9) 
GO
INSERT INTO HtmlLabelInfo VALUES(23117,'公文已被退回',7) 
GO
INSERT INTO HtmlLabelInfo VALUES(23117,'Doc is back',8) 
GO
INSERT INTO HtmlLabelInfo VALUES(23117,'公文已被退回',9) 
GO
INSERT INTO HtmlLabelInfo VALUES(23118,'公文已被拒收',7) 
GO
INSERT INTO HtmlLabelInfo VALUES(23118,'Doc is rejected',8) 
GO
INSERT INTO HtmlLabelInfo VALUES(23118,'公文已被拒收',9) 
GO
delete from HtmlLabelIndex where id=23119 
GO
delete from HtmlLabelInfo where indexid=23119 
GO
INSERT INTO HtmlLabelIndex values(23119,'公文重新发送完成') 
GO
INSERT INTO HtmlLabelInfo VALUES(23119,'公文重新发送完成',7) 
GO
INSERT INTO HtmlLabelInfo VALUES(23119,'Doc resend successful',8) 
GO
INSERT INTO HtmlLabelInfo VALUES(23119,'公文重新l送完成',9) 
GO
delete from HtmlLabelIndex where id=23121 
GO
delete from HtmlLabelInfo where indexid=23121 
GO
INSERT INTO HtmlLabelIndex values(23121,'公文发送失败') 
GO
delete from HtmlLabelIndex where id=23120 
GO
delete from HtmlLabelInfo where indexid=23120 
GO
INSERT INTO HtmlLabelIndex values(23120,'公文发送完成') 
GO
INSERT INTO HtmlLabelInfo VALUES(23120,'公文发送完成',7) 
GO
INSERT INTO HtmlLabelInfo VALUES(23120,'Doc send successful',8) 
GO
INSERT INTO HtmlLabelInfo VALUES(23120,'公文l送完成',9) 
GO
INSERT INTO HtmlLabelInfo VALUES(23121,'公文发送失败.\n1.请检查公文交换服务器设置是否正确.\n2.请检查网络是否正常.',7) 
GO
INSERT INTO HtmlLabelInfo VALUES(23121,'Doc send unsuccessful.\n1.Check Doc Change Server is ok.\n2.Check network is ok.',8) 
GO
INSERT INTO HtmlLabelInfo VALUES(23121,'公文l送失败.\n1.检查公文交换服务器O置是否正确.\n2.检查网络是否正常.',9) 
GO

delete from HtmlLabelIndex where id=18321 
GO
delete from HtmlLabelInfo where indexid=18321 
GO
INSERT INTO HtmlLabelIndex values(18321,'来文单位') 
GO
INSERT INTO HtmlLabelInfo VALUES(18321,'来文单位',7) 
GO
delete from HtmlLabelIndex where id=23220 
GO
delete from HtmlLabelInfo where indexid=23220 
GO
INSERT INTO HtmlLabelIndex values(23220,'您还没有选择收(发)文单位') 
GO
INSERT INTO HtmlLabelInfo VALUES(23220,'您还没有选择收(发)文单位',7) 
GO
INSERT INTO HtmlLabelInfo VALUES(23220,'Receive Or Send Company is null.',8) 
GO
INSERT INTO HtmlLabelInfo VALUES(23220,'您还没有选择收(l)文挝',9) 
GO

delete from SystemRights where id = 854
GO
delete from SystemRightsLanguage where id = 854
GO
delete from SystemRightDetail where id = 4368
GO
insert into SystemRights (id,rightdesc,righttype) values (854,'公文交换重发权限','5') 
GO
insert into SystemRightsLanguage (id,languageid,rightname,rightdesc) values (854,8,'Doc Resend Function','Doc Resend Function') 
GO
insert into SystemRightsLanguage (id,languageid,rightname,rightdesc) values (854,9,'公文交Q重l权限','公文交Q重l权限') 
GO
insert into SystemRightsLanguage (id,languageid,rightname,rightdesc) values (854,7,'公文交换重发权限','公文交换重发权限') 
GO
insert into SystemRightDetail (id,rightdetailname,rightdetail,rightid) values (4368,'公文重发权限','DocChange:Resend',854) 
GO

delete from SystemRights where id = 853
GO
delete from SystemRightsLanguage where id = 853
GO
delete from SystemRightDetail where id = 4367
GO
insert into SystemRights (id,rightdesc,righttype) values (853,'公文交换接收权限','5') 
GO
insert into SystemRightsLanguage (id,languageid,rightname,rightdesc) values (853,7,'公文交换接收权限','公文交换接收权限') 
GO
insert into SystemRightsLanguage (id,languageid,rightname,rightdesc) values (853,8,'Doc Receive Function','Doc Receive Function') 
GO
insert into SystemRightsLanguage (id,languageid,rightname,rightdesc) values (853,9,'公文交Q接收权限','公文交Q接收权限') 
GO
insert into SystemRightDetail (id,rightdetailname,rightdetail,rightid) values (4367,'公文接收权限','DocChange:Receive',853) 
GO

delete from SystemRights where id = 852
GO
delete from SystemRightsLanguage where id = 852
GO
delete from SystemRightDetail where id = 4366
GO
insert into SystemRights (id,rightdesc,righttype) values (852,'公文交换发送权限','5') 
GO
insert into SystemRightsLanguage (id,languageid,rightname,rightdesc) values (852,7,'公文交换发送权限','公文交换发送权限') 
GO
insert into SystemRightsLanguage (id,languageid,rightname,rightdesc) values (852,8,'Doc Send Function','Doc Send Function') 
GO
insert into SystemRightsLanguage (id,languageid,rightname,rightdesc) values (852,9,'公文交换l送权限','公文交换l送权限') 
GO
insert into SystemRightDetail (id,rightdetailname,rightdetail,rightid) values (4366,'公文发送权限','DocChange:Send',852) 
GO

delete from SystemRights where id = 851
GO
delete from SystemRightsLanguage where id = 851
GO
delete from SystemRightDetail where id = 4369
GO
insert into SystemRights (id,rightdesc,righttype) values (851,'公文交换设置','5') 
GO
insert into SystemRightsLanguage (id,languageid,rightname,rightdesc) values (851,7,'公文交换设置','公文交换设置') 
GO
insert into SystemRightsLanguage (id,languageid,rightname,rightdesc) values (851,8,'Doc Change Setting','Doc Change Setting') 
GO
insert into SystemRightsLanguage (id,languageid,rightname,rightdesc) values (851,9,'公文交QO置','公文交QO置') 
GO
insert into SystemRightDetail (id,rightdetailname,rightdetail,rightid) values (4369,'公文交换设置','DocChange:Setting',851) 
GO