delete from HtmlLabelIndex where id=129747 
GO
delete from HtmlLabelInfo where indexid=129747 
GO
INSERT INTO HtmlLabelIndex values(129747,'新建版块') 
GO
INSERT INTO HtmlLabelInfo VALUES(129747,'新建版块',7) 
GO
INSERT INTO HtmlLabelInfo VALUES(129747,'new CoworkType',8) 
GO
INSERT INTO HtmlLabelInfo VALUES(129747,'新建版K',9) 
GO

delete from HtmlLabelIndex where id=129752 
GO
delete from HtmlLabelInfo where indexid=129752 
GO
INSERT INTO HtmlLabelIndex values(129752,'收藏的贴子') 
GO
INSERT INTO HtmlLabelInfo VALUES(129752,'收藏的贴子',7) 
GO
INSERT INTO HtmlLabelInfo VALUES(129752,'Collection of postings',8) 
GO
INSERT INTO HtmlLabelInfo VALUES(129752,'收藏的N子',9) 
GO

delete from HtmlLabelIndex where id=129753 
GO
delete from HtmlLabelInfo where indexid=129753 
GO
INSERT INTO HtmlLabelIndex values(129753,'取消收藏') 
GO
INSERT INTO HtmlLabelInfo VALUES(129753,'取消收藏',7) 
GO
INSERT INTO HtmlLabelInfo VALUES(129753,'Cancel collection',8) 
GO
INSERT INTO HtmlLabelInfo VALUES(129753,'取消收藏',9) 
GO

delete from HtmlNoteIndex where id=4681 
GO
delete from HtmlNoteInfo where indexid=4681 
GO
INSERT INTO HtmlNoteIndex values(4681,'请选择要取消收藏的内容') 
GO
INSERT INTO HtmlNoteInfo VALUES(4681,'请选择要取消收藏的内容',7) 
GO
INSERT INTO HtmlNoteInfo VALUES(4681,'Please select the content you want to un-favorite',8) 
GO
INSERT INTO HtmlNoteInfo VALUES(4681,'请选择要取消收藏的内容',9) 
GO




delete from HtmlNoteIndex where id=4682 
GO
delete from HtmlNoteInfo where indexid=4682 
GO
INSERT INTO HtmlNoteIndex values(4682,'确定要取消选择的内容？') 
GO




INSERT INTO HtmlNoteInfo VALUES(4682,'确定要取消选择的内容？',7) 
GO




INSERT INTO HtmlNoteInfo VALUES(4682,'Decide what to deselect?',8) 
GO
INSERT INTO HtmlNoteInfo VALUES(4682,'确定要取消x竦哪谌荩',9)
GO

delete from HtmlLabelIndex where id=129889 
GO
delete from HtmlLabelInfo where indexid=129889 
GO
INSERT INTO HtmlLabelIndex values(129889,'退出协作将无法收到该协作的更新内容。是否继续？') 
GO
INSERT INTO HtmlLabelInfo VALUES(129889,'退出协作将无法收到该协作的更新内容。是否继续？',7) 
GO
INSERT INTO HtmlLabelInfo VALUES(129889,'Exit collaboration will not be able to receive updates for this collaboration. Whether to continue?',8) 
GO
INSERT INTO HtmlLabelInfo VALUES(129889,'退出f作将o法收到f作的更新内容。是否^m？',9) 
GO