delete from HtmlLabelIndex where id=383238 
GO
delete from HtmlLabelInfo where indexid=383238 
GO
INSERT INTO HtmlLabelIndex values(383238,'可选') 
GO
INSERT INTO HtmlLabelInfo VALUES(383238,'可选',7) 
GO
INSERT INTO HtmlLabelInfo VALUES(383238,'Optional',8) 
GO
INSERT INTO HtmlLabelInfo VALUES(383238,'可x',9) 
GO
delete from HtmlLabelIndex where id=383237 
GO
delete from HtmlLabelInfo where indexid=383237 
GO
INSERT INTO HtmlLabelIndex values(383237,'必需') 
GO
INSERT INTO HtmlLabelInfo VALUES(383237,'必需',7) 
GO
INSERT INTO HtmlLabelInfo VALUES(383237,'Required',8) 
GO
INSERT INTO HtmlLabelInfo VALUES(383237,'必需',9) 
GO
delete from HtmlLabelIndex where id=127578 
GO
delete from HtmlLabelInfo where indexid=127578 
GO
INSERT INTO HtmlLabelIndex values(127578,'示例：') 
GO
INSERT INTO HtmlLabelInfo VALUES(127578,'示例：',7) 
GO
INSERT INTO HtmlLabelInfo VALUES(127578,'Sample:',8) 
GO
INSERT INTO HtmlLabelInfo VALUES(127578,'示例：',9) 
GO
delete from HtmlLabelIndex where id=383240 
GO
delete from HtmlLabelInfo where indexid=383240 
GO
INSERT INTO HtmlLabelIndex values(383240,'返回：') 
GO
INSERT INTO HtmlLabelInfo VALUES(383240,'返回：',7) 
GO
INSERT INTO HtmlLabelInfo VALUES(383240,'Return:',8) 
GO
INSERT INTO HtmlLabelInfo VALUES(383240,'返回：',9) 
GO
delete from HtmlLabelIndex where id=383241 
GO
delete from HtmlLabelInfo where indexid=383241 
GO
INSERT INTO HtmlLabelIndex values(383241,'无返回值') 
GO
INSERT INTO HtmlLabelInfo VALUES(383241,'无返回值',7) 
GO
INSERT INTO HtmlLabelInfo VALUES(383241,'No return value',8) 
GO
INSERT INTO HtmlLabelInfo VALUES(383241,'o返回值',9) 
GO
delete from HtmlNoteIndex where id=4981 
GO
delete from HtmlNoteInfo where indexid=4981 
GO
INSERT INTO HtmlNoteIndex values(4981,'签名：') 
GO
delete from HtmlNoteIndex where id=4982 
GO
delete from HtmlNoteInfo where indexid=4982 
GO
INSERT INTO HtmlNoteIndex values(4982,'描述：') 
GO
delete from HtmlNoteIndex where id=4983 
GO
delete from HtmlNoteInfo where indexid=4983 
GO
INSERT INTO HtmlNoteIndex values(4983,'参数：') 
GO
delete from HtmlNoteIndex where id=4984 
GO
delete from HtmlNoteInfo where indexid=4984 
GO
INSERT INTO HtmlNoteIndex values(4984,'无参数') 
GO
INSERT INTO HtmlNoteInfo VALUES(4984,'无参数',7) 
GO
INSERT INTO HtmlNoteInfo VALUES(4984,'No parameter',8) 
GO
INSERT INTO HtmlNoteInfo VALUES(4984,'o',9) 
GO
INSERT INTO HtmlNoteInfo VALUES(4983,'参数：',7) 
GO
INSERT INTO HtmlNoteInfo VALUES(4983,'Parameter:',8) 
GO
INSERT INTO HtmlNoteInfo VALUES(4983,'担',9) 
GO
INSERT INTO HtmlNoteInfo VALUES(4982,'描述：',7) 
GO
INSERT INTO HtmlNoteInfo VALUES(4982,'Description:',8) 
GO
INSERT INTO HtmlNoteInfo VALUES(4982,'描述：',9) 
GO
INSERT INTO HtmlNoteInfo VALUES(4981,'签名：',7) 
GO
INSERT INTO HtmlNoteInfo VALUES(4981,'Signature:',8) 
GO
INSERT INTO HtmlNoteInfo VALUES(4981,'名：',9) 
GO
delete from HtmlLabelIndex where id=128937 
GO
delete from HtmlLabelInfo where indexid=128937 
GO
INSERT INTO HtmlLabelIndex values(128937,'请选择') 
GO
INSERT INTO HtmlLabelInfo VALUES(128937,'请选择',7) 
GO
INSERT INTO HtmlLabelInfo VALUES(128937,'please choose',8) 
GO
INSERT INTO HtmlLabelInfo VALUES(128937,'x',9) 
GO
delete from HtmlLabelIndex where id=383250 
GO
delete from HtmlLabelInfo where indexid=383250 
GO
INSERT INTO HtmlLabelIndex values(383250,'请输入要替换的字段值') 
GO
INSERT INTO HtmlLabelInfo VALUES(383250,'请输入要替换的字段值',7) 
GO
INSERT INTO HtmlLabelInfo VALUES(383250,'Please enter the field value to replace',8) 
GO
INSERT INTO HtmlLabelInfo VALUES(383250,'入要替Q的字段值',9) 
GO
delete from HtmlLabelIndex where id=127484 
GO
delete from HtmlLabelInfo where indexid=127484 
GO
INSERT INTO HtmlLabelIndex values(127484,'已复制到剪切板') 
GO
INSERT INTO HtmlLabelInfo VALUES(127484,'已复制到剪切板',7) 
GO
INSERT INTO HtmlLabelInfo VALUES(127484,'Copy to clipboard',8) 
GO
INSERT INTO HtmlLabelInfo VALUES(127484,'已}制到剪切',9) 
GO
delete from HtmlNoteIndex where id=4985 
GO
delete from HtmlNoteInfo where indexid=4985 
GO
INSERT INTO HtmlNoteIndex values(4985,'默认收起：') 
GO
INSERT INTO HtmlNoteInfo VALUES(4985,'默认收起：',7) 
GO
INSERT INTO HtmlNoteInfo VALUES(4985,'Default pack up:',8) 
GO
INSERT INTO HtmlNoteInfo VALUES(4985,'默J收起：',9) 
GO
delete from HtmlNoteIndex where id=4986 
GO
delete from HtmlNoteInfo where indexid=4986 
GO
INSERT INTO HtmlNoteIndex values(4986,'释放立即刷新') 
GO
delete from HtmlNoteIndex where id=4987 
GO
delete from HtmlNoteInfo where indexid=4987 
GO
INSERT INTO HtmlNoteIndex values(4987,'正在刷新...') 
GO
INSERT INTO HtmlNoteInfo VALUES(4987,'正在刷新...',7) 
GO
INSERT INTO HtmlNoteInfo VALUES(4987,'refreshing...',8) 
GO
INSERT INTO HtmlNoteInfo VALUES(4987,'正在刷新...',9) 
GO
INSERT INTO HtmlNoteInfo VALUES(4986,'释放立即刷新',7) 
GO
INSERT INTO HtmlNoteInfo VALUES(4986,'release to refresh',8) 
GO
INSERT INTO HtmlNoteInfo VALUES(4986,'放立即刷新',9) 
GO
delete from HtmlLabelIndex where id=383289 
GO
delete from HtmlLabelInfo where indexid=383289 
GO
INSERT INTO HtmlLabelIndex values(383289,'Emobile服务端地址，如：') 
GO
INSERT INTO HtmlLabelInfo VALUES(383289,'Emobile服务端地址，如：',7) 
GO
INSERT INTO HtmlLabelInfo VALUES(383289,'Emobile server address, such as:',8) 
GO
INSERT INTO HtmlLabelInfo VALUES(383289,'Emobile服斩说刂罚如：',9) 
GO
delete from HtmlNoteIndex where id=4696 
GO
delete from HtmlNoteInfo where indexid=4696 
GO
INSERT INTO HtmlNoteIndex values(4696,'点击复制') 
GO
INSERT INTO HtmlNoteInfo VALUES(4696,'点击复制',7) 
GO
INSERT INTO HtmlNoteInfo VALUES(4696,'Click Copy',8) 
GO
INSERT INTO HtmlNoteInfo VALUES(4696,'c椭',9) 
GO
delete from HtmlNoteIndex where id=4988 
GO
delete from HtmlNoteInfo where indexid=4988 
GO
INSERT INTO HtmlNoteIndex values(4988,'删除插件') 
GO
delete from HtmlNoteIndex where id=4989 
GO
delete from HtmlNoteInfo where indexid=4989 
GO
INSERT INTO HtmlNoteIndex values(4989,'复制插件ID') 
GO
INSERT INTO HtmlNoteInfo VALUES(4989,'复制插件ID',7) 
GO
INSERT INTO HtmlNoteInfo VALUES(4989,'Copy plugin ID',8) 
GO
INSERT INTO HtmlNoteInfo VALUES(4989,'椭撇寮ID',9) 
GO
INSERT INTO HtmlNoteInfo VALUES(4988,'删除插件',7) 
GO
INSERT INTO HtmlNoteInfo VALUES(4988,'Remove plugin',8) 
GO
INSERT INTO HtmlNoteInfo VALUES(4988,'h除插件',9) 
GO
delete from HtmlNoteIndex where id=3596 
GO
delete from HtmlNoteInfo where indexid=3596 
GO
INSERT INTO HtmlNoteIndex values(3596,'刷新') 
GO
INSERT INTO HtmlNoteInfo VALUES(3596,'刷新',7) 
GO
INSERT INTO HtmlNoteInfo VALUES(3596,'refresh',8) 
GO
INSERT INTO HtmlNoteInfo VALUES(3596,'刷新',9) 
GO
delete from HtmlNoteIndex where id=4991 
GO
delete from HtmlNoteInfo where indexid=4991 
GO
INSERT INTO HtmlNoteIndex values(4991,'回到首页') 
GO
INSERT INTO HtmlNoteInfo VALUES(4991,'回到首页',7) 
GO
INSERT INTO HtmlNoteInfo VALUES(4991,'Back to homepage',8) 
GO
INSERT INTO HtmlNoteInfo VALUES(4991,'回到首',9) 
GO
delete from HtmlNoteIndex where id=4992 
GO
delete from HtmlNoteInfo where indexid=4992 
GO
INSERT INTO HtmlNoteIndex values(4992,'该类控件在一个自定义页面中最多只能添加一个') 
GO
INSERT INTO HtmlNoteInfo VALUES(4992,'该类控件在一个自定义页面中最多只能添加一个',7) 
GO
INSERT INTO HtmlNoteInfo VALUES(4992,'This plugin can only add up to one in a custom page',8) 
GO
INSERT INTO HtmlNoteInfo VALUES(4992,'控件在壹自定x面中最多只能添加壹',9) 
GO
delete from HtmlLabelIndex where id=125333 
GO
delete from HtmlLabelInfo where indexid=125333 
GO
INSERT INTO HtmlLabelIndex values(125333,'选择文件') 
GO
INSERT INTO HtmlLabelInfo VALUES(125333,'选择文件',7) 
GO
INSERT INTO HtmlLabelInfo VALUES(125333,'Select file',8) 
GO
INSERT INTO HtmlLabelInfo VALUES(125333,'x裎募',9) 
GO
delete from HtmlLabelIndex where id=81992 
GO
delete from HtmlLabelInfo where indexid=81992 
GO
INSERT INTO HtmlLabelIndex values(81992,'选择文件格式不正确,请选择zip文件') 
GO
INSERT INTO HtmlLabelInfo VALUES(81992,'选择文件格式不正确,请选择zip文件',7) 
GO
INSERT INTO HtmlLabelInfo VALUES(81992,'Select the file format is not correct, select the zip file',8) 
GO
INSERT INTO HtmlLabelInfo VALUES(81992,'x裎募格式不正确,xzip文件',9) 
GO
delete from HtmlLabelIndex where id=127672 
GO
delete from HtmlLabelInfo where indexid=127672 
GO
INSERT INTO HtmlLabelIndex values(127672,'请先选择文件') 
GO
INSERT INTO HtmlLabelInfo VALUES(127672,'请先选择文件',7) 
GO
INSERT INTO HtmlLabelInfo VALUES(127672,'Please select a file',8) 
GO
INSERT INTO HtmlLabelInfo VALUES(127672,'先x裎募',9) 
GO
delete from HtmlNoteIndex where id=4856 
GO
delete from HtmlNoteInfo where indexid=4856 
GO
INSERT INTO HtmlNoteIndex values(4856,'示例SQL会覆盖现有的SQL，确认继续吗？') 
GO
INSERT INTO HtmlNoteInfo VALUES(4856,'示例SQL会覆盖现有的SQL，确认继续吗？',7) 
GO
INSERT INTO HtmlNoteInfo VALUES(4856,'The example SQL will cover the existing SQL, do you confirm to do this?',8) 
GO
INSERT INTO HtmlNoteInfo VALUES(4856,'示例SQL覆wF有的SQL，_J^m幔',9) 
GO
delete from HtmlLabelIndex where id=83157 
GO
delete from HtmlLabelInfo where indexid=83157 
GO
INSERT INTO HtmlLabelIndex values(83157,'附件上传目录未设置') 
GO
INSERT INTO HtmlLabelInfo VALUES(83157,'附件上传目录未设置',7) 
GO
INSERT INTO HtmlLabelInfo VALUES(83157,'The attachment upload directory is not set',8) 
GO
INSERT INTO HtmlLabelInfo VALUES(83157,'附件上髂夸未O置',9) 
GO
delete from HtmlNoteIndex where id=4315 
GO
delete from HtmlNoteInfo where indexid=4315 
GO
INSERT INTO HtmlNoteIndex values(4315,'请回复...') 
GO
INSERT INTO HtmlNoteInfo VALUES(4315,'请回复...',7) 
GO
INSERT INTO HtmlNoteInfo VALUES(4315,'Please reply...',8) 
GO
INSERT INTO HtmlNoteInfo VALUES(4315,'回}...',9) 
GO
delete from HtmlNoteIndex where id=4993 
GO
delete from HtmlNoteInfo where indexid=4993 
GO
INSERT INTO HtmlNoteIndex values(4993,'输入页面地址') 
GO
INSERT INTO HtmlNoteInfo VALUES(4993,'输入页面地址',7) 
GO
INSERT INTO HtmlNoteInfo VALUES(4993,'Enter page address',8) 
GO
INSERT INTO HtmlNoteInfo VALUES(4993,'入面地址',9) 
GO
delete from HtmlNoteIndex where id=4748 
GO
delete from HtmlNoteInfo where indexid=4748 
GO
INSERT INTO HtmlNoteIndex values(4748,'请输入检索项') 
GO
INSERT INTO HtmlNoteInfo VALUES(4748,'请输入检索项',7) 
GO
INSERT INTO HtmlNoteInfo VALUES(4748,'Please enter search item',8) 
GO
INSERT INTO HtmlNoteInfo VALUES(4748,'入z索',9) 
GO
delete from HtmlNoteIndex where id=4509 
GO
delete from HtmlNoteInfo where indexid=4509 
GO
INSERT INTO HtmlNoteIndex values(4509,'表') 
GO
INSERT INTO HtmlNoteInfo VALUES(4509,'表',7) 
GO
INSERT INTO HtmlNoteInfo VALUES(4509,'table',8) 
GO
INSERT INTO HtmlNoteInfo VALUES(4509,'表',9) 
GO
delete from HtmlNoteIndex where id=4994 
GO
delete from HtmlNoteInfo where indexid=4994 
GO
INSERT INTO HtmlNoteIndex values(4994,'语音已录制') 
GO
delete from HtmlNoteIndex where id=4995 
GO
delete from HtmlNoteInfo where indexid=4995 
GO
INSERT INTO HtmlNoteIndex values(4995,'点击录制语音') 
GO
INSERT INTO HtmlNoteInfo VALUES(4995,'点击录制语音',7) 
GO
INSERT INTO HtmlNoteInfo VALUES(4995,'Click to record voice',8) 
GO
INSERT INTO HtmlNoteInfo VALUES(4995,'c翡制Z音',9) 
GO
INSERT INTO HtmlNoteInfo VALUES(4994,'语音已录制',7) 
GO
INSERT INTO HtmlNoteInfo VALUES(4994,'Voice recorded',8) 
GO
INSERT INTO HtmlNoteInfo VALUES(4994,'Z音已制',9) 
GO




