delete from HtmlLabelIndex where id=83377 
GO
delete from HtmlLabelInfo where indexid=83377 
GO
INSERT INTO HtmlLabelIndex values(83377,'互通模式设置') 
GO
INSERT INTO HtmlLabelInfo VALUES(83377,'互通模式设置',7) 
GO
INSERT INTO HtmlLabelInfo VALUES(83377,'mode',8) 
GO
INSERT INTO HtmlLabelInfo VALUES(83377,'互通模式O置',9) 
GO

delete from HtmlLabelIndex where id=83380 
GO
delete from HtmlLabelInfo where indexid=83380 
GO
INSERT INTO HtmlLabelIndex values(83380,'互通模式(可见模式或屏蔽模式)') 
GO
INSERT INTO HtmlLabelInfo VALUES(83380,'互通模式(可见模式或屏蔽模式)',7) 
GO
INSERT INTO HtmlLabelInfo VALUES(83380,'mode(show or hide)',8) 
GO
INSERT INTO HtmlLabelInfo VALUES(83380,'互通模式(可模式或屏蔽模式)',9) 
GO

delete from HtmlLabelIndex where id=83382 
GO
delete from HtmlLabelInfo where indexid=83382 
GO
INSERT INTO HtmlLabelIndex values(83382,'当选择“可见”时下方指定对象可见目标对象，不在范围中的不可见。') 
GO
INSERT INTO HtmlLabelInfo VALUES(83382,'当选择“可见”时下方指定对象可见目标对象，不在范围中的不可见。',7) 
GO
INSERT INTO HtmlLabelInfo VALUES(83382,'when choosing the "show" under the "object set" visible objects, not in the scope can not be visible.',8) 
GO
INSERT INTO HtmlLabelInfo VALUES(83382,'x瘛翱梢”r下方指定ο罂梢目标ο螅不在中的不可。',9) 
GO

delete from HtmlLabelIndex where id=83383 
GO
delete from HtmlLabelInfo where indexid=83383 
GO
INSERT INTO HtmlLabelIndex values(83383,'当选择“屏蔽”时下方指定对象屏蔽目标对象，不在范围中的可见。') 
GO
INSERT INTO HtmlLabelInfo VALUES(83383,'当选择“屏蔽”时下方指定对象屏蔽目标对象，不在范围中的可见。',7) 
GO
INSERT INTO HtmlLabelInfo VALUES(83383,'when choosing the "hide" under the "object set" invisible objects, not in the scope can be visible.',8) 
GO
INSERT INTO HtmlLabelInfo VALUES(83383,'x瘛捌帘巍r下方指定ο笃帘文勘ο螅不在中的可。',9) 
GO

delete from HtmlLabelIndex where id=83384 
GO
delete from HtmlLabelInfo where indexid=83384 
GO
INSERT INTO HtmlLabelIndex values(83384,'可见') 
GO
INSERT INTO HtmlLabelInfo VALUES(83384,'可见',7) 
GO
INSERT INTO HtmlLabelInfo VALUES(83384,'show',8) 
GO
INSERT INTO HtmlLabelInfo VALUES(83384,'可',9) 
GO

delete from HtmlLabelIndex where id=83385 
GO
delete from HtmlLabelInfo where indexid=83385 
GO
INSERT INTO HtmlLabelIndex values(83385,'屏蔽') 
GO
INSERT INTO HtmlLabelInfo VALUES(83385,'屏蔽',7) 
GO
INSERT INTO HtmlLabelInfo VALUES(83385,'hide',8) 
GO
INSERT INTO HtmlLabelInfo VALUES(83385,'屏蔽',9) 
GO

delete from HtmlLabelIndex where id=83386 
GO
delete from HtmlLabelInfo where indexid=83386 
GO
INSERT INTO HtmlLabelIndex values(83386,'用户互通对象设置') 
GO
INSERT INTO HtmlLabelInfo VALUES(83386,'用户互通对象设置',7) 
GO
INSERT INTO HtmlLabelInfo VALUES(83386,'object set',8) 
GO
INSERT INTO HtmlLabelInfo VALUES(83386,'用艋ネο笤O置',9) 
GO

delete from HtmlLabelIndex where id=83387 
GO
delete from HtmlLabelInfo where indexid=83387 
GO
INSERT INTO HtmlLabelIndex values(83387,'目标对象') 
GO
INSERT INTO HtmlLabelInfo VALUES(83387,'目标对象',7) 
GO
INSERT INTO HtmlLabelInfo VALUES(83387,'target object',8) 
GO
INSERT INTO HtmlLabelInfo VALUES(83387,'目标ο',9) 
GO

delete from HtmlLabelIndex where id=83388 
GO
delete from HtmlLabelInfo where indexid=83388 
GO
INSERT INTO HtmlLabelIndex values(83388,'例外对象设置') 
GO
INSERT INTO HtmlLabelInfo VALUES(83388,'例外对象设置',7) 
GO
INSERT INTO HtmlLabelInfo VALUES(83388,'other case object set',8) 
GO
INSERT INTO HtmlLabelInfo VALUES(83388,'例外ο笤O置',9) 
GO

delete from HtmlLabelIndex where id=83389 
GO
delete from HtmlLabelInfo where indexid=83389 
GO
INSERT INTO HtmlLabelIndex values(83389,'可见对象') 
GO
INSERT INTO HtmlLabelInfo VALUES(83389,'可见对象',7) 
GO
INSERT INTO HtmlLabelInfo VALUES(83389,'show object',8) 
GO
INSERT INTO HtmlLabelInfo VALUES(83389,'可ο',9) 
GO

delete from HtmlNoteIndex where id=3603 
GO
delete from HtmlNoteInfo where indexid=3603 
GO
INSERT INTO HtmlNoteIndex values(3603,'请选择指定对象') 
GO
INSERT INTO HtmlNoteInfo VALUES(3603,'请选择指定对象',7) 
GO
INSERT INTO HtmlNoteInfo VALUES(3603,'please choose object',8) 
GO
INSERT INTO HtmlNoteInfo VALUES(3603,'x裰付ο',9) 
GO

delete from HtmlNoteIndex where id=3604 
GO
delete from HtmlNoteInfo where indexid=3604 
GO
INSERT INTO HtmlNoteIndex values(3604,'请选择可见对象') 
GO
INSERT INTO HtmlNoteInfo VALUES(3604,'请选择可见对象',7) 
GO
INSERT INTO HtmlNoteInfo VALUES(3604,'please choose show object',8) 
GO
INSERT INTO HtmlNoteInfo VALUES(3604,'x窨梢ο',9) 
GO

delete from HtmlLabelIndex where id=83392 
GO
delete from HtmlLabelInfo where indexid=83392 
GO
INSERT INTO HtmlLabelIndex values(83392,'作用') 
GO
INSERT INTO HtmlLabelInfo VALUES(83392,'作用',7) 
GO
INSERT INTO HtmlLabelInfo VALUES(83392,'action',8) 
GO
INSERT INTO HtmlLabelInfo VALUES(83392,'作用',9) 
GO

delete from HtmlLabelIndex where id=84338 
GO
delete from HtmlLabelInfo where indexid=84338 
GO
INSERT INTO HtmlLabelIndex values(84338,'同时屏蔽组织结构的部门/分部') 
GO
INSERT INTO HtmlLabelInfo VALUES(84338,'同时屏蔽组织结构的部门/分部',7) 
GO
INSERT INTO HtmlLabelInfo VALUES(84338,'action organization department/subcompany',8) 
GO
INSERT INTO HtmlLabelInfo VALUES(84338,'同r屏蔽MY的部T/分部',9) 
GO