delete from HtmlNoteIndex where id=4053 
GO
delete from HtmlNoteInfo where indexid=4053 
GO
INSERT INTO HtmlNoteIndex values(4053,'是否确认删除?') 
GO
INSERT INTO HtmlNoteInfo VALUES(4053,'是否确认删除?',7) 
GO
INSERT INTO HtmlNoteInfo VALUES(4053,'Are you sure you delete?',8) 
GO
INSERT INTO HtmlNoteInfo VALUES(4053,'是否确J删除?',9) 
GO

delete from HtmlNoteIndex where id=4054 
GO
delete from HtmlNoteInfo where indexid=4054 
GO
INSERT INTO HtmlNoteIndex values(4054,'序号') 
GO
INSERT INTO HtmlNoteInfo VALUES(4054,'序号',7) 
GO
INSERT INTO HtmlNoteInfo VALUES(4054,'Serial number',8) 
GO
INSERT INTO HtmlNoteInfo VALUES(4054,'序号',9) 
GO

delete from HtmlLabelIndex where id=83618 
GO
delete from HtmlLabelInfo where indexid=83618 
GO
INSERT INTO HtmlLabelIndex values(83618,'上传文件不是excel文件') 
GO
INSERT INTO HtmlLabelInfo VALUES(83618,'上传文件不是excel文件',7) 
GO
INSERT INTO HtmlLabelInfo VALUES(83618,'Upload file is not excel file',8) 
GO
INSERT INTO HtmlLabelInfo VALUES(83618,'上魑募不是excel文件',9) 
GO

delete from HtmlLabelIndex where id=125268 
GO
delete from HtmlLabelInfo where indexid=125268 
GO
INSERT INTO HtmlLabelIndex values(125268,'信息未能匹配') 
GO
INSERT INTO HtmlLabelInfo VALUES(125268,'信息未能匹配',7) 
GO
INSERT INTO HtmlLabelInfo VALUES(125268,'Information could not match',8) 
GO
INSERT INTO HtmlLabelInfo VALUES(125268,'信息未能匹配',9) 
GO

delete from HtmlLabelIndex where id=125269 
GO
delete from HtmlLabelInfo where indexid=125269 
GO
INSERT INTO HtmlLabelIndex values(125269,'单人力') 
GO
INSERT INTO HtmlLabelInfo VALUES(125269,'单人力',7) 
GO
INSERT INTO HtmlLabelInfo VALUES(125269,'Single force',8) 
GO
INSERT INTO HtmlLabelInfo VALUES(125269,'稳肆',9) 
GO

delete from HtmlLabelIndex where id=125270 
GO
delete from HtmlLabelInfo where indexid=125270 
GO
INSERT INTO HtmlLabelIndex values(125270,'多人力') 
GO
INSERT INTO HtmlLabelInfo VALUES(125270,'多人力',7) 
GO
INSERT INTO HtmlLabelInfo VALUES(125270,'Multi human',8) 
GO
INSERT INTO HtmlLabelInfo VALUES(125270,'多人力',9) 
GO

delete from HtmlLabelIndex where id=21002 
GO
delete from HtmlLabelInfo where indexid=21002 
GO
INSERT INTO HtmlLabelIndex values(21002,'自定义单选') 
GO
INSERT INTO HtmlLabelInfo VALUES(21002,'自定义单选',7) 
GO
INSERT INTO HtmlLabelInfo VALUES(21002,'customlize single select',8) 
GO
INSERT INTO HtmlLabelInfo VALUES(21002,'自定x芜x',9) 
GO

delete from HtmlLabelIndex where id=21003 
GO
delete from HtmlLabelInfo where indexid=21003 
GO
INSERT INTO HtmlLabelIndex values(21003,'自定义多选') 
GO
INSERT INTO HtmlLabelInfo VALUES(21003,'自定义多选',7) 
GO
INSERT INTO HtmlLabelInfo VALUES(21003,'customlize multi select',8) 
GO
INSERT INTO HtmlLabelInfo VALUES(21003,'自定x多x',9) 
GO

delete from HtmlLabelIndex where id=83622 
GO
delete from HtmlLabelInfo where indexid=83622 
GO
INSERT INTO HtmlLabelIndex values(83622,'行为空行') 
GO
INSERT INTO HtmlLabelInfo VALUES(83622,'行为空行',7) 
GO
INSERT INTO HtmlLabelInfo VALUES(83622,'row is null',8) 
GO
INSERT INTO HtmlLabelInfo VALUES(83622,'行空行',9) 
GO