delete from HtmlLabelIndex where id=124842 
GO
delete from HtmlLabelInfo where indexid=124842 
GO
INSERT INTO HtmlLabelIndex values(124842,'(流程数量)－节点') 
GO
INSERT INTO HtmlLabelInfo VALUES(124842,'(流程数量)－节点',7) 
GO
INSERT INTO HtmlLabelInfo VALUES(124842,'(Number of process) - node',8) 
GO
INSERT INTO HtmlLabelInfo VALUES(124842,'(流程盗)－c',9) 
GO

delete from HtmlLabelIndex where id=124843 
GO
delete from HtmlLabelInfo where indexid=124843 
GO
INSERT INTO HtmlLabelIndex values(124843,'具体流程耗时统计表') 
GO
INSERT INTO HtmlLabelInfo VALUES(124843,'具体流程耗时统计表',7) 
GO
INSERT INTO HtmlLabelInfo VALUES(124843,'Specific process time-consuming statistics',8) 
GO
INSERT INTO HtmlLabelInfo VALUES(124843,'具w流程耗ry表',9) 
GO


delete from HtmlLabelIndex where id=124844 
GO
delete from HtmlLabelInfo where indexid=124844 
GO
INSERT INTO HtmlLabelIndex values(124844,'系统耗时') 
GO
INSERT INTO HtmlLabelInfo VALUES(124844,'系统耗时',7) 
GO
INSERT INTO HtmlLabelInfo VALUES(124844,'The system time-consuming',8) 
GO
INSERT INTO HtmlLabelInfo VALUES(124844,'系y耗r',9) 
GO


delete from HtmlLabelIndex where id=124845 
GO
delete from HtmlLabelInfo where indexid=124845 
GO
INSERT INTO HtmlLabelIndex values(124845,'正在添加...') 
GO
INSERT INTO HtmlLabelInfo VALUES(124845,'正在添加...',7) 
GO
INSERT INTO HtmlLabelInfo VALUES(124845,'Being added...',8) 
GO
INSERT INTO HtmlLabelInfo VALUES(124845,'正在添加...',9) 
GO
INSERT INTO HtmlLabelInfo VALUES(124845,'正在添加...',12) 
GO


delete from HtmlNoteIndex where id=3655 
GO
delete from HtmlNoteInfo where indexid=3655 
GO
INSERT INTO HtmlNoteIndex values(3655,'点击可收缩/展开左侧菜单') 
GO
INSERT INTO HtmlNoteInfo VALUES(3655,'点击可收缩/展开左侧菜单',7) 
GO
INSERT INTO HtmlNoteInfo VALUES(3655,'Click to shrink / expand the left menu',8) 
GO
INSERT INTO HtmlNoteInfo VALUES(3655,'c艨墒湛s/展_左炔',9) 
GO