<?xml version="1.0" encoding="UTF-8"?>
<root>
	<!--Special encoding path-->
	<dev-list>
		<special>
			<encoding>UTF-8</encoding>
			<paths>
				<path>/services/</path>
				<path>/CRM/manage/util/GetData.jsp</path>
				<path>/CRM/manage/customer/ListView.jsp</path>
				<path>/fna/budget/FnaBudgetViewDataSearch.jsp</path>
				<path>/fna/budget/FnaBudgetViewData.jsp</path>
				<path>/messager/eimdocupload.jsp</path>
				<path>/messager/DocUploader.jsp</path>
			</paths>
		</special>
	</dev-list>
	<!--param key rule-->
	<param-key>^(?!.*(&lt;|&gt;|&amp;)).*$</param-key>
	<!--http header sep attach rule-->
	<http-sep-rule>[\r\n]+|(%0a)+|(%0d)+</http-sep-rule>
	<!-- skip characters where identify -->
	<skip-characters>
		<character>
			<old-char>(/\*.*?\*/)+|\-\-|(%0d|%0a)+|(\r|\n)+|20%+</old-char>
			<new-char> </new-char>
		</character>
		<character>
			<old-char>between.*?and|like</old-char>
			<new-char>=</new-char>
		</character>
	</skip-characters>
	<!--ajax request error messages-->
	<ajaxs>
	    <default>
			<ajaxMsg>
				<key>__result__</key>
				<value>false</value>
				<valueType>boolean</valueType>
				<msgKey>__msg__</msgKey>
			</ajaxMsg>
			<ajaxMsg>
				<key>flag</key>
				<value>false</value>
				<valueType>boolean</valueType>
				<msgKey>msg</msgKey>
			</ajaxMsg>
			<ajaxMsg>
				<key>result</key>
				<value>false</value>
				<valueType>boolean</valueType>
				<msgKey>errorInfo</msgKey>
			</ajaxMsg>
		</default>
		<special>
			<url>
				<value>/workflow/workflow/officalwf_operation.jsp</value>
				<ajaxMsg>
					<key>result</key>
					<value>2</value>
					<valueType>integer</valueType>
					<msgKey>msg</msgKey>
				</ajaxMsg>
			</url>
		</special>
	</ajaxs>
	<!--Do not check xss-->
	<excepts>
		<url>/keygenerator/KeyGeneratorOperation.jsp</url>
		<url>/keygenerator/KeyGeneratorOriginalOperation.jsp</url>
		<url>/keygenerator/packKeyCompareFiles.jsp</url>
		<url>/keygenerator/packNoCheckFiles.jsp</url>
		<url>/keygenerator/KeyGeneratorInitOperation.jsp</url>
		<url>/weaver/weaver.file.FileDownload</url>
		<url>/weaver/weaver.org.layout.DownloadDeptLayoutServlet</url>
		<url>/workflow/workflow/wf_operation.jsp</url>
		<url>/workflow/form/form_operation.jsp</url>
		<url>/workflow/ruleDesign/ruleOperation.jsp</url>
		<url>/fullsearch/Search.jsp</url>
		<url>/fullsearch/SearchResult.jsp</url>
		<url>/mobile/plugin/fullsearch/searchList.jsp</url>
		<url>/login/LoginSSO.jsp</url>
		<url>/login/LoginSSO2.jsp</url>
		<url>/email/new/MailInboxList.jsp</url>
		<url>/mobile/plugin/1/RequestOperation.jsp</url>
		<url>/workflow/request/</url>
		<url>/workflow/request/RequestRemarkOperation.jsp</url>
		<url>/workflow/request/[Bill|Fna].+?Operation.jsp</url>
		<url>/workflow/request/RequestImportOption.jsp</url>
		<url>/formmode/view/</url>
		<url>/formmode/data/</url>
		<url>/weaver/weaver.workflow.layout.WorkflowXmlParser</url>
		<url>OfficeServer.jsp</url>
		<url>/messager/GetUserIcon.jsp</url>
		<url>/messager/GetUserIconOpreate.jsp</url>
		<url>/workflow/workflow/wfFunctionManageLink.jsp</url>
		<url>/page/element/scratchpad/ScratchpadOperation.jsp</url>
		<url>/workflow/html/LayoutOperation.jsp</url>
		<url>/workflow/workflow/triggerTableFieldsBrowser.jsp</url>
		<url>/formmode/setup/LayoutOperation.jsp</url>
		<url>/page/element/Menu/View.jsp</url>
		<url>/workflow/request/FnaBudgetInfoAjax.jsp</url>
	</excepts>
	<skip-any-check-list>
		<url>/weaver/weaver.org.layout.DownloadDeptLayoutServlet</url>
		<url>/classbean/weaver/workflow/layout/WorkflowEditor.class</url>
		<url>/login/LoginSSO.jsp</url>
		<url>/login/LoginSSO2.jsp</url>
		<url>/cowork/coworklist.jsp</url>
		<url>synccache.jsp</url>
	</skip-any-check-list>
	<!--fobbiden access through by url-->
	<forbidden-url>
		<allow-users>
			<user>sysadmin</user>
		</allow-users>
		<urls>
			<url>^/{1,}log/</url>
			<url>^/{1,}admin$</url>
			<url>^/{1,}sqllog/</url>
			<url>^/{1,}updateRules\.jsp</url>
			<url>^/{1,}classbean/</url>
			<url>^/{1,}hrmImportLog/</url>
			<url>^/{1,}matrixImportLog/</url>
			<url>^/{1,}data/</url>
		</urls>
	</forbidden-url>
	
	<!-- cookie ip match check type -->
	<cookie-ip-check-urls>
		<url>(\.gif|\.jpg|\.jpeg|\.png|\.js|\.css|\.html|\.htm|\.swf|\.cur|\.flv|\.avi|\.wma|\.wmv|\.mp3|\.mp4|\.3gp|\.zip|\.rar|\.rtf|\.doc|\.ico|\.exe|\.msi)$</url>
	</cookie-ip-check-urls>
	<!-- not need login access page-->
	<no-login-urls>
		<url>/weaver/weaver.file.MakeValidateCode</url>
		<!--<url>/web/careerapply/</url>
		<url>/web/HrmCareerApplyViewDetail.jsp</url>
		<url>/web/HrmCareerInviteWeb.jsp</url>
		<url>/web/login/Login.jsp</url>
		<url>/web/login/LoginTwo.jsp</url>
		<url>/web/login/Logout.jsp</url>
		<url>/web/login/noLogin.jsp</url>
		<url>/web/login/VerifyLogin.jsp</url>
		<url>/web/notice/noright.jsp</url>
		<url>/web/webBBS.jsp</url>
		<url>/web/webBBSDsp.jsp</url>
		<url>/web/workflow/request/AddRequest.jsp</url>
		<url>/web/workflow/request/BillOnlineRegistAdd.jsp</url>
		<url>/web/workflow/request/BillOnlineRegistOperation.jsp</url>
		<url>/web/workflow/request/RequestBackMessage.jsp</url>
		<url>/web/workflow/request/RequestOperation.jsp</url>
		<url>/pweb/careerapply/HrmCareerApplyAddThree.jsp</url>
		<url>/pweb/careerapply/HrmCareerApplyAddTwo.jsp</url>
		<url>/pweb/careerapply/HrmCareerApplyCheck.jsp</url>
		<url>/pweb/careerapply/HrmCareerApplyEdit.jsp</url>
		<url>/pweb/careerapply/HrmCareerApplyOperation.jsp</url>
		<url>/pweb/careerapply/HrmCareerApplyPerEdit.jsp</url>
		<url>/pweb/careerapply/HrmCareerApplyPerView.jsp</url>
		<url>/pweb/careerapply/HrmCareerApplyWorkEdit.jsp</url>
		<url>/pweb/careerapply/HrmCareerApplyWorkView.jsp</url>
		<url>/pweb/index.jsp</url>
		<url>/pweb/top.jsp</url>
		<url>/pweb/WebDetailDsp.jsp</url>
		<url>/pweb/WebDsp.jsp</url>
		<url>/pweb/WebList.jsp</url>-->
		<url>Calendar.jsp</url>
		<url>/system/CodeOperation.jsp</url>
		<url>/system/CreateDB.jsp</url>
		<url>/systeminfo/CheckConn.jsp</url>
		<url>/system/CreateDBOperation.jsp</url>
		<url>/system/InLicense.jsp</url>
		<url>/system/InMobileLicense.jsp</url>
		<url>/system/LicenseOperation.jsp</url>
		<url>/system/MobileLicenseOperation.jsp</url>
		<url>/system/ModifyCode.jsp</url>
		<url>/system/PluginLicenseOperation.jsp</url>
		<url>/email/MailFrame.jsp</url>
		<url>/email/MailFrame2.jsp</url>
		<url>/email/new/GetSignIconSub.jsp</url>
		<url>/homepage/HpElementCss.jsp</url>
		<url>/homepage/LoginHomepage.jsp</url>
		<url>/page/element/1/Rss.jsp</url>
		<url>/page/element/19/Stock.jsp</url>
		<url>/page/element/29/Iframe.jsp</url>
		<url>/page/element/Audio/View.jsp</url>
		<url>/page/element/compatible/IframeTabContentData.jsp</url>
		<url>/page/element/compatible/RssTabContentData.jsp</url>
		<url>/page/element/Flash/View.jsp</url>
		<url>/page/element/login/login.jsp</url>
		<url>/page/element/Menu/View.jsp</url>
		<url>/page/element/news/more.jsp</url>
		<url>/page/element/news/News.jsp</url>
		<url>/page/element/news/NewsTabContentData.jsp</url>
		<url>/page/element/Picture/View.jsp</url>
		<url>/page/element/ReportForm/chartshow.jsp</url>
		<url>/page/element/ReportForm/ReportForm.jsp</url>
		<url>/page/element/ReportForm/reportformtabs.jsp</url>
		<url>/page/element/SearchEngine/NewsSearchList.jsp</url>
		<url>/page/element/SearchEngine/View.jsp</url>
		<url>/page/element/Slide/View.jsp</url>
		<url>/page/element/Video/View.jsp</url>
		<url>/page/element/Weather/View.jsp</url>
		<url>/page/element/notice/View.jsp</url>
		<url>/page/element/25/DocContent.jsp</url>
		<url>/page/element/29/iframe.jsp</url>
		<url>/page/maint/login/FloatWindowContent.jsp</url>
		<url>/page/maint/login/MenuContent.jsp</url>
		<url>/page/maint/login/Page.jsp</url>
		<url>/page/element/imgSlide/View.jsp</url>
		<url>/page/maint/template/news/newstemplateprotal.jsp</url>
		<url>/join/</url>
		<url>Login.jsp</url>
		<url>VerifyLogin.jsp</url>
		<url>Refresh.jsp</url>
		<url>DocImgUploadOnly.jsp</url>
		<url>uploaderOperate.jsp</url>
		<url>DocImgUpload.jsp</url>
		<url>MultiDocUploadByWorkflow.jsp</url>
		<url>/messager/</url>
		<url>/mobile/</url>
		<url>/blog/showLocation.jsp</url>
		<url>/workflow/request/DataInputFromMobile.jsp</url>
		<url>/keygenerator/</url>
		<url>/weaver/weaver.file.FileValidateCode</url>
		<url>/mobilemode/</url>
		<url>/formmode/apps/ktree/ktreeHelp.jsp</url>
		<url>/formmode/apps/ktree/viewdocument.jsp</url>
		<url>/hrm/password/commonTab.jsp</url>
		<url>/hrm/password/passwordQuestion.jsp</url>
		<url>/hrm/password/forgotPassword.jsp</url>
		<url>/hrm/password/resetPassword.jsp</url>
		<url>/js/hrm/getdata.jsp</url>
		<url>/checkdb.jsp</url>
		<url>/getActiveDbCount.jsp</url>
		<url>/services/</url>
		<url>/weaver/weaver.workflow.exceldesign.ExcelUploadServlet</url>
		<url>/docs/docupload/</url>
		<url>/weaver/com.weaver.formmodel</url>
		<url>/workflow/request/FnaBudgetInfoAjax.jsp</url>
		<url>/workflow/request/GetOrgNameById.jsp</url>
		<url>/meeting/data/ChkMeetingMember.jsp</url>
		<url>/meeting/data/ChkMeetingRoom.jsp</url>
		<url>synccache.jsp</url>
		<url>noright.jsp</url>
		<url>/social/SocialVerifyLogin.jsp</url>
		<url>/wui/common/page/sysRemind.jsp</url>
		<url>/workflow/mode/</url>
		<url>/email/new/uploader.jsp</url>
		<url>/workflow/request/qjAJAX.jsp</url>
		<url>/wechat/</url>
		<url>/sms/iSMSEvent.jsp</url>
		<url>/systeminfo/BrowserMain.jsp</url>
		<url>/hrm/resource/MutiResourceBrowser.jsp</url>
		<url>/hrm/company/SubcompanyBrowser3.jsp</url>
		<url>/hrm/company/MutiDepartmentBrowser.jsp</url>
		<url>/hrm/roles/HrmRolesBrowser.jsp</url>
		<url>/security/monitor/</url>
		<url>/weaver/weaver.security.access.MakeRandCode</url>
	</no-login-urls>

   <!--referer xss detect white list-->
	<ref-list>
		<ref>app:/wmForWeb.swf</ref>
		<ref>/home.do</ref>
	</ref-list>
	<!--url cheat-->
	<url-params>
		<param>url</param>
		<param>loginfile</param>
	</url-params>
	<!--except cheat check url-->
	<url-except-params>
		<url>/email/MailSignOperation.jsp</url>
	</url-except-params>
	<!--need xss filter param-->
	<xss>
		<xss-non>
			<url>
				<value>/docs/docs/UploadDoc.jsp</value>
				<params>
					<param>doccontent</param>
				</params>
			</url>
			<url>
				<value>/workflow/sysPhrase/PhraseOperate.jsp</value>
				<params>
					<param>phraseDesc</param>
				</params>
			</url>
			<url>
				<value>/email/MailOperationSend.jsp</value>
				<params>
					<param>mouldtext</param>
				</params>
			</url>
			<url>
				<value>/cowork/CoworkOperation.jsp</value>
				<params>
					<param>remark</param>
				</params>
			</url>
			<url>
				<value>/blog/saveBlogOperation.jsp</value>
				<params>
					<param>content</param>
				</params>
			</url>
			<url>
				<value>/blog/blogCommentOparation.jsp</value>
				<params>
					<param>content</param>
				</params>
			</url>
		</xss-non>
	</xss>
	<!--Do not xss filter url-->
	<xss-list>
		<url>/weaver/com.weaver|/mobile/.*|/mobilemode/.*|/mobilemode/.*|/messager/.*|/formmode/.*|/weaver/weaver\.formmode\.|/weaver/weaver\.formmode\.|/workflow/exceldesign/.*|/workflow/html/.*|/weaver/weaver\.common\.util\.taglib\.SplitPageXmlServletNew|/workflow/report/.*|/workflow/workflow/wf_operation.jsp|/fna/budget/FnaBudgetEditSaveFnaAjax.jsp|/workflow/mode/eweb_operation.jsp</url>
	</xss-list>
	<!--if param contains these keyword,then execute xss filter when must-xss is true and path not in xss-list-->
	<xss-keyword-list>
		<!--<keyword>pholcidCallback|script|expression\((.*?)\)|alert|document\.(write|getElement)|(window\.)*(setTimeout|setInterval)|style|['"=\(\)\+\%;]|&lt;|&gt;|&amp;|console|iframe|\-\-&gt;&lt;|\(|eval</keyword>-->
		<keyword>'|"|/|\\|\)|;|\[|&lt;|%|\.|&gt;|&amp;|#</keyword>
	</xss-keyword-list>
	<!--need filter word-->
	<xss-filter-list>
		<!--<word>src[\r\n]*=[\r\n]*['"](.*?)['"]</word>-->
				<word>pholcidCallback|expression\((.*?)\)|["']\s*javascript:\s*(?!(openFullWindowForXtable)).*?["']|(&lt;|%3C)script.*?(&gt;|%3E)\s*(?!(initFlashVideo\(\);?)).*?((&lt;|%3C)(/|%2F)script(&gt;|%3E))|vbscript:|\s+on(?!(click| ))(.{0,10})=.{5,32}|alert\(.*?\)|document\.(location|write|getElementById|getElementBy(Tag)*Name(NS)*|getElementByClassName)\(.*?\);*|(window\.)*(location|setTimeout\(|setInterval\().*?\)|console\.log\(.*?\)|(&lt;|%3C).*?iframe.*?(&gt;|%3E).*?((&lt;|%3C)(/|%2F)?iframe(&gt;|%3E))?|\-\-&gt;&lt;(['"]|sc).{0,10}|prompt\(*.?\)|eval\(|confirm\(|\.\./|%00|%0a|%0d|%df</word>
	</xss-filter-list>
	<!--webservice white list-->
	<!--<webservice-list>
		<webservice></webservice>
	</webservice-list>-->
	<!--need httponly cookie-->
	<httponly-cookie>
		<cookie>
			<key>JSESSIONID</key>
			<path>/</path>
		</cookie>
	</httponly-cookie>
	<no-timeout-urls>
		<url>/wui/theme/ecology8/page/getremindinfo.jsp</url>
		<url>/email/MailTimingDateReceiveOperation.jsp</url>
		<url>/dwr/exec/msgutil.getpopupmsg</url>
	</no-timeout-urls>

		<!--base rule-->
	<base>
		<rules>
			<!-- <rule excludeScope="cookie">&lt;|&gt;</rule> -->
			<!--Sensitive keyword detect-->
			<rule>exec\s+|insert\s+into\s+.*?values|delete\s+.*?from|update\s+.*?set|\s*count\(|\s*chr\(|\s*mid\(|truncate\s+|\s+char[\s+\(]|declare\s+|\s+SiteName(\s+)|(\s+)net user\s+|\s+xp_cmdshell\s+|\W/add\W|\s+master\.dbo\.xp_cmdshell|net\s+localgroup\s+administrators|drop\s+|\s*alter\s+|DBMS_PIPE\.|\s+len\s*\(|\s+left\s*\(|\s+right\s*\(|str(c|ing)?\s*\(|ascii\s*\(</rule>
			<!--detect SQL meta-characters-->
			<!--<rule>((\%3D)|(=))[^\n]*((\%27)|(')|(\-\-)|(\%3B))</rule>-->
			<!--typical SQL injection detect-->
			<rule>\w*((\%27))((\%6F)|(\%4F))((\%72)|(\%52))</rule>
			<rule>((\%27)|('))union</rule>
			<!--detect MS SQL Server SQL injection-->
			<rule>exec(\s|\+)+(s|x)p\w+</rule>
		</rules>
	</base>
	<!-- Mould Define -->
	<moulds>
		<mould>
			<mould-name>Workflow</mould-name>
			<desc>Workflow</desc>
			<table-name></table-name>
			<field-html-type>fieldhtmltype</field-html-type >
			<field-type>type</field-type>
		</mould>
		<mould>
			<mould-name>Document</mould-name>
			<desc>Document</desc>
			<table-name>cus_formdict</table-name>
			<field-html-type>fieldhtmltype</field-html-type >
			<field-type>type</field-type>
		</mould>
		<mould>
			<mould-name>Hrm</mould-name>
			<desc>Hrm</desc>
			<table-name>cus_formdict</table-name>
			<field-html-type>fieldhtmltype</field-html-type >
			<field-type>type</field-type>
		</mould>
		<mould>
			<mould-name>CRM</mould-name>
			<desc>CRM</desc>
			<table-name>cus_formdict</table-name>
			<field-html-type>fieldhtmltype</field-html-type >
			<field-type>type</field-type>
		</mould>
		<mould>
			<mould-name>CRM</mould-name>
			<desc>CRM</desc>
			<table-name>cus_formdict</table-name>
			<field-html-type>fieldhtmltype</field-html-type >
			<field-type>type</field-type>
		</mould>
		<mould>
			<mould-name>Project</mould-name>
			<desc>Project</desc>
			<table-name>cus_formdict</table-name>
			<field-html-type>fieldhtmltype</field-html-type >
			<field-type>type</field-type>
		</mould>
		<mould>
			<mould-name>Meeting</mould-name>
			<desc>Meeting</desc>
			<table-name>cus_formdict</table-name>
			<field-html-type>fieldhtmltype</field-html-type >
			<field-type>type</field-type>
		</mould>
	</moulds>

	<!--special rule-->
	<special-non>
		<!--config common special rules, it can quote this rule through by key when config special-url-rules. e.g:##sqlkeyword1##-->
		<base>
			<special-rule>
				<key>##sqlkeyword1##</key>
				<rules>
					<rule>(?!.*(\s+drop\s+|\s+update\s+|\s+insert\s+into\s+|\s+delete\s+|\s+declare\s+|\s+alter\s+))</rule>
					<rule>(?!(\s*drop\s+|\s*update\s+|\s*insert\s+into\s+|\s*delete\s+|\s*declare\s+|\s*alter\s+))</rule>
				</rules>
			</special-rule>
			<special-rule>
				<key>##sqlkeyword2##</key>
				<rules>
					<rule>^(?!.*(&lt;|&gt;|&amp;| |'|\(|\))).*$</rule>
				</rules>
			</special-rule>
			<special-rule>
				<key>##sqlkeyword3##</key>
				<rules>
					<rule>^(?!.*(&lt;|&gt;| )).*$</rule>
				</rules>
			</special-rule>
			<special-rule>
				<key>##sqlkeyword4##</key>
				<rules>
					<rule>^(?!.*(&lt;|&gt;|&amp;| |;|\^)).*$</rule>
				</rules>
			</special-rule>
			<special-rule>
				<key>##sqlkeyword5##</key>
				<rules>
					<rule>^(?!.*(\.)).*$</rule>
				</rules>
			</special-rule>
			<special-rule>
				<key>##sqlkeyword6##</key>
				<rules>
					<rule>^(?!.*(&lt;|&gt;|\[)).*$</rule>
				</rules>
			</special-rule>
			<special-rule>
				<key>##CONST:MULTINUMBER##</key>
				<name>Number(contains .,-)</name>
				<rules>
					<rule>^([a-zA-Z\|\_\-\d_,\.:]*|[\-\d, ]*|\(null\))$</rule>
				</rules>
			</special-rule>
			<special-rule>
				<key>##CONST:LETTERS##</key>
				<name>Letters(contains number,|_-.:^~#@)</name>
				<rules>
					<rule>^[a-zA-Z0-9|,_\-\.:\/\^~#@;]*$</rule>
				</rules>
			</special-rule>
			<special-rule>
				<key>##CONST:GUID##</key>
				<name>GUID|UUID(contains a-z0-9,-)</name>
				<rules>
					<rule>^[a-zA-Z0-9\-]*$</rule>
				</rules>
			</special-rule>
			<special-rule>
				<key>##CONST:DATE##</key>
				<name>Date Or Time</name>
				<rules>
					<rule>^(\d\-: \/){0,20}|[0-9A-Za-z: ]{0,40}(\(.{0,12}\))?$</rule>
					<!--<rule>weaver.filter.security.validators.DateValidator</rule>-->
				</rules>
			</special-rule>
			<special-rule>
				<key>##CONST:PHONE##</key>
				<name>Phone Number(contains - + )</name>
				<rules>
					<rule>^[\-\d \+,]*$</rule>
				</rules>
			</special-rule>
			<special-rule>
				<key>##CONST:ZIPCODE##</key>
				<name>Zip Code(contains - )</name>
				<rules>
					<rule>^[\-\d,]*$</rule>
				</rules>
			</special-rule>
			<!--<special-rule>
				<key>##CONST:SQLWHERE##</key>
				<name>SQL(Encryption)</name>
				<rules>
					<rule>^[_a-zA-Z0-9]{0,50}$</rule>
				</rules>
			</special-rule>-->
			<special-rule>
				<key>##CONST:NAMETITLE##</key>
				<name>Name Or Title</name>
				<rules>
					<rule></rule>
				</rules>
			</special-rule>
			<special-rule>
				<key>##CONST:LOGINID##</key>
				<name>LOGINID</name>
				<rules>
					<rule></rule>
				</rules>
			</special-rule>
			<special-rule>
				<key>##CONST:PASSWORD##</key>
				<name>PASSWORD</name>
				<rules>
					<rule></rule>
				</rules>
			</special-rule>
			<special-rule>
				<key>##CONST:EMAIL##</key>
				<name>EMAIL</name>
				<rules>
					<rule>^[a-zA-Z0-9_]{1,32}@[a-zA-Z0-9]{1,10}\.[a-zA-Z]{1,8}$</rule>
				</rules>
			</special-rule>
			<!--<special-rule>
				<key>##CONST:NUMBERSORSPECIALCHAR##</key>
				<name>Number String or Special Char</name>
				<rules>
					<rule>^[0-9_,\-:]$</rule>
				</rules>
			</special-rule>-->
			<!--<special-rule>
				<key>##CONST:NUMBERORLETTERS##</key>
				<name>Letters or Number String</name>
				<rules>
					<rule>^[a-zA-Z0-9]$</rule>
				</rules>
			</special-rule>
			<special-rule>
				<key>##CONST:NUMBERORLETTERSORSPECIALCHAR##</key>
				<name>Letters, Number String or Special Char</name>
				<rules>
					<rule>^[a-zA-Z0-9_,\-:]$</rule>
				</rules>
			</special-rule>-->
			<special-rule>
				<key>##CONST:IPDOMAIN##</key>
				<name>Domain Or IP</name>
				<rules>
					<rule>^[a-z0-9_\-.:]*$</rule>
				</rules>
			</special-rule>
			<special-rule>
				<key>##CONST:URL##</key>
				<name>URL</name>
				<rules>
					<rule>^(http)?s?([;:a-zA-Z0-9\/\.\?\=&amp;\-])*$</rule>
				</rules>
			</special-rule>
			<special-rule>
				<key>##CONST:DIR##</key>
				<name>DIR</name>
				<rules>
					<rule>^([a-zA-Z\/\\\.\_:])*$</rule>
				</rules>
			</special-rule>
			
			
			<special-rule>
				<key>##CONST:VARIABLEE##</key>
				<name>Variable(DataBase Field/Param define/tableName)</name>
				<rules>
					<rule>^([_a-zA-Z][_a-zA-Z0-9]*)*$</rule>
				</rules>
			</special-rule>
			<special-rule>
				<key>##CONST:FIELDDBTYPE##</key>
				<name>Field DB Type(contains a-z0-9(),)</name>
				<rules>
					<rule>^(a-zA-Z0-9,\(\))*$</rule>
				</rules>
			</special-rule>
			<special-rule>
				<key>##CONST:FREETEXTAREA##</key>
				<name>FREE(TEXTAREA)</name>
				<rules>
					<rule>weaver.filter.security.freeValidators.TextValidator</rule>
				</rules>
			</special-rule>
			<special-rule>
				<key>##CONST:FREEHTML##</key>
				<name>FREE(HTML)</name>
				<rules>
					<rule>weaver.filter.security.freeValidators.HtmlValidator</rule>
				</rules>
			</special-rule>
			<special-rule>
				<key>##CONST:CODE##</key>
				<name>Code(contains Javascript Java)</name>
				<rules>
					<rule></rule>
				</rules>
			</special-rule>
			<special-rule>
				<key>##CONST:CRON##</key>
				<name>CRON EXPRESSION</name>
				<rules>
					<rule>^([a-zA-Z\/\\\.\_:])*$</rule>
				</rules>
			</special-rule>
			<special-rule>
				<key>##CONST:PARAM##</key>
				<name>PARAM(Encryption)</name>
				<rules>
					<rule>^[_a-zA-Z0-9]{0,50}$</rule>
				</rules>
			</special-rule>
			<special-rule>
				<key>##CONST:FILETYPE##</key>
				<name>FILETYPE</name>
				<rules>
					<rule>weaver.filter.security.validators.FileTypeValidator</rule>
				</rules>
			</special-rule>
		</base>
		<urls>
			<url>
				<value>/docs/report/docrporganizationsum.jsp</value>
				<params>
				  <param>
					<value>todate</value>
					<rules>
					  <rule>##CONST:DATE##</rule>
					</rules>
				  </param>
				  <param>
					<value>doccreatedateselect</value>
					<rules>
					  <rule>##CONST:MULTINUMBER##</rule>
					</rules>
				  </param>
				  <param>
					<value>fromdate</value>
					<rules>
					  <rule>##CONST:DATE##</rule>
					</rules>
				  </param>
				  <param>
					<value>publish</value>
					<rules>
					  <rule>##CONST:LETTERS##</rule>
					</rules>
				  </param>
				  <param>
					<value>subcompany</value>
					<rules>
					  <rule>##CONST:MULTINUMBER##</rule>
					</rules>
				  </param>
				  <param>
					<value>organizationtype</value>
					<rules>
					  <rule>##CONST:MULTINUMBER##</rule>
					</rules>
				  </param>
				</params>
			  </url>
			  <url>
				<value>/workflow/workflow/showcondition.jsp</value>
				<params>
					<param>
						<value>sqlwhere</value>
						<rules>
							<rule>##sqlkeyword1##</rule>
						</rules>
					</param>
				</params>
			</url>
			  <url>
				<value>/email/new/mailinbox.jsp</value>
				<params>
				  <param>
					<value>receivemailid</value>
					<rules>
					  <rule>##CONST:MULTINUMBER##</rule>
					</rules>
				  </param>
				  <param>
					<value>fileid</value>
					<rules>
					  <rule>##CONST:MULTINUMBER##</rule>
					</rules>
				  </param>
				  <param>
					<value>labelid</value>
					<rules>
					  <rule>##CONST:MULTINUMBER##</rule>
					</rules>
				  </param>
				  <param>
					<value>waitdeal</value>
					<rules>
					  <rule>##CONST:LETTERS##</rule>
					</rules>
				  </param>
				  <param>
					<value>folderid</value>
					<rules>
					  <rule>##CONST:LETTERS##</rule>
					</rules>
				  </param>
				  <param>
					<value>isinternal</value>
					<rules>
					  <rule>##CONST:MULTINUMBER##</rule>
					</rules>
				  </param>
				  <param>
					<value>mailid</value>
					<rules>
					  <rule>##CONST:MULTINUMBER##</rule>
					</rules>
				  </param>
				  <param>
					<value>receivemail</value>
					<rules>
					  <rule>##CONST:LETTERS##</rule>
					</rules>
				  </param>
				</params>
			  </url>
			<url>
				<value>/org/orgcharthrm.jsp</value>
				<params>
				  <param>
					<value>empstatus</value>
					<rules>
					  <rule>##CONST:LETTERS##</rule>
					</rules>
				  </param>
				  <param>
					<value>cmd</value>
					<rules>
					  <rule>##CONST:LETTERS##</rule>
					</rules>
				  </param>
				</params>
			  </url>
			<url>
				<value>/homepage/base/homepagebase.jsp</value>
				<params>
				  <param>
					<value>subcompanyid</value>
					<rules>
					  <rule>^\-?\d*$</rule>
					</rules>
				  </param>
				  <param>
					<value>styleid</value>
					<rules>
					  <rule>^[\-?\dA-Za-z0-9_]*$</rule>
					</rules>
				  </param>
				  <param>
					<value>eid</value>
					<rules>
					  <rule>^\-?\d*$</rule>
					</rules>
				  </param>
				  <param>
					<value>ebaseid</value>
					<rules>
					  <rule>^[\-?\dA-Za-z_]*$</rule>
					</rules>
				  </param>
				  <param>
					<value>opt</value>
					<rules>
					  <rule>^[a-zA-Z0-9_]*$</rule>
					</rules>
				  </param>
				  <param>
					<value>hpid</value>
					<rules>
					  <rule>^\-?\d*$</rule>
					</rules>
				  </param>
				</params>
			  </url>
			<url>
				<value>/docs/search/docsearch.jsp</value>
				<params>
				  <param>
					<value>replaydoccountto</value>
					<rules>
					  <rule>##CONST:MULTINUMBER##</rule>
					</rules>
				  </param>
				  <param>
					<value>doclastmoddatefrom</value>
					<rules>
					  <rule>##CONST:DATE##</rule>
					</rules>
				  </param>
				</params>
			  </url>
			<url>
				<value>/portal/plugin/homepage/ecology7theme/index.jsp</value>
				<params>
				  <param>
					<value>usersubcompanyid</value>
					<rules>
					  <rule>##CONST:MULTINUMBER##</rule>
					</rules>
				  </param>
				  <param>
					<value>templateid</value>
					<rules>
					  <rule>##CONST:MULTINUMBER##</rule>
					</rules>
				  </param>
				  <param>
					<value>extendtempletid</value>
					<rules>
					  <rule>##CONST:MULTINUMBER##</rule>
					</rules>
				  </param>
				</params>
			  </url>
			  <url>
				<value>/wui/main.jsp</value>
				<params>
				  <param>
					<value>templateid</value>
					<rules>
					  <rule>##CONST:MULTINUMBER##</rule>
					</rules>
				  </param>
				</params>
			  </url>
			<url>
				<value>/hrm/resource/HrmResourceSystemView.jsp</value>
				<params>
					<param>
						<value>id</value>
						<rules>
							<rule>^[\-0-9]*$</rule>
						</rules>
					</param>
				</params>
			</url>
			<url>
				<value>/workflow/request/wfAgentEdit.jsp</value>
				<params>
					<param>
						<value>agentid</value>
						<rules>
							<rule>^[\-0-9]*$</rule>
						</rules>
					</param>
				</params>
			</url>
			<url>
				<value>/hrm/resource/HrmResource.jsp</value>
				<params>
					<param>
						<value>id</value>
						<rules>
							<rule>^[\-0-9]*$</rule>
						</rules>
					</param>
				</params>
			</url>
			<url>
				<value>/workflow/request/DataInputFrom.jsp</value>
				<params>
					<param>
						<value>id</value>
						<rules>
							<rule>^[\-0-9]*$</rule>
						</rules>
					</param>
				</params>
			</url>
			<url>
				<value>/meeting/Maint/MeetingTypeCheck.jsp</value>
				<params>
					<param>
						<value>id</value>
						<rules>
							<rule>^-?\d*$</rule>
						</rules>
					</param>
					<param>
						<value>typename</value>
						<rules>
							<rule>##sqlkeyword4##</rule>
							<rule>##sqlkeyword2##</rule>
							<rule>^(?!.*(\/|\*)).*$</rule>
						</rules>
					</param>
				</params>
			</url>
			<url>
				<value>/report/ChartMeetingAbsent.jsp</value>
				<params>
					<param>
						<value>currentuser</value>
						<rules>
							<rule>^-?\d*$</rule>
						</rules>
					</param>
				</params>
			</url>
			<url>
				<value>/hrm/resource/HrmResourceBasicInfo.jsp</value>
				<params>
					<param>
						<value>id</value>
						<rules>
							<rule>^-?\d*$</rule>
						</rules>
					</param>
				</params>
			</url>
			<url>
				<value>/system/systemmonitor/workflow/WorkflowMonitor.jsp</value>
				<params>
					<param>
						<value>workflowid</value>
						<rules>
							<rule>^[-?\d,]*$</rule>
						</rules>
					</param>
				</params>
			</url>
			<url>
				<value>/fna/report/budget/FnaBudgetResourceDetail.jsp</value>
				<params>
					<param>
						<value>resourceid</value>
						<rules>
							<rule>^-?\d*$</rule>
						</rules>
					</param>
				</params>
			</url>
			<url>
				<value>/email/MailSignOperation.jsp</value>
				<params>
					<param>
						<value>signContent</value>
						<rules>
							<rule></rule>
						</rules>
					</param>
				</params>
			</url>
			<url>
				<value>/workplan/calendar/data/getData.jsp</value>
				<params>
					<param>
						<value>selectUser</value>
						<rules>
							<rule>^[\-0-9,a-z]*$</rule>
						</rules>
					</param>
				</params>
			</url>
			<url>
				<value>/hrm/report/schedulediff/HrmRpTimecard.jsp</value>
				<params>
					<param>
						<value>status</value>
						<rules>
							<rule>^[\-0-9,a-z]*$</rule>
						</rules>
					</param>
				</params>
			</url>
			<url>
				<value>/systeminfo/SysMaintenanceLog.jsp</value>
				<params>
					<param>
						<value>sqlwhere</value>
						<rules>
							<rule>^.{0,100}$</rule>
						</rules>
					</param>
				</params>
			</url>
			<url>
				<value>/hrm/resource/HrmResourceContactEdit.jsp</value>
				<params>
					<param>
						<value>id</value>
						<rules>
							<rule>^-?\d*$</rule>
						</rules>
					</param>
				</params>
			</url>
			<url>
				<value>/workflow/request/DataInputFromMobile.jsp</value>
				<params>
					<param>
						<value>id</value>
						<rules>
							<rule>^-?\d*$</rule>
						</rules>
					</param>
				</params>
			</url>
			<url>
				<value>/blog/showLocation.jsp</value>
				<params>
					<param>
						<value>discussid</value>
						<rules>
							<rule>^-?\d*$</rule>
						</rules>
					</param>
				</params>
			</url>
			<url>
				<value>/weaver/com.weaver.formmodel.mobile.ui.servlet.MobileAppHomepageAction</value>
				<params>
					<param>
						<value>mecJsonStr</value>
						<rules>
							<rule></rule>
						</rules>
					</param>
				</params>
			</url>
			<url>
				<value>/cowork/discussOperation.jsp</value>
				<params>
					<param>
						<value>discussid</value>
						<rules>
							<rule>^-?\d*$</rule>
						</rules>
					</param>
				</params>
			</url>
			<url>
				<value>/mobile/plugin/PreDownload.jsp</value>
				<params>
					<param>
						<value>url</value>
						<rules>
							<rule>^[/a-zA-Z\.0-9_\-@]*$</rule>
						</rules>
					</param>
				</params>
			</url>
			<url>
				<value>/newportal/simplehrminfo.jsp</value>
				<params>
					<param>
						<value>id</value>
						<rules>
							<rule>^-?\d*$</rule>
						</rules>
					</param>
				</params>
			</url>
			<url>
				<value>/wui/common/page/sysRemind.jsp</value>
				<params>
					<param>
						<value>labelid</value>
						<rules>
							<rule>^\-?\d*$</rule>
						</rules>
					</param>
					<param>
						<value>browserOS</value>
						<rules>
							<rule>^[a-zA-Z0-9 /]*$</rule>
						</rules>
					</param>
					<param>
						<value>msg</value>
						<rules>
							<rule>^[\w ]*$</rule>
						</rules>
					</param>
					<param>
						<value>browserVersion</value>
						<rules>
							<rule>^[a-zA-Z0-9 \.]*$</rule>
						</rules>
					</param>
					<param>
						<value>browserName</value>
						<rules>
							<rule>^[a-zA-Z0-9]*$</rule>
						</rules>
					</param>
				</params>
			</url>
			<url>
				<value>/workplan/data/WorkPlanDetailDtl.jsp</value>
				<params>
					<param>
						<value>workid</value>
						<rules>
							<rule>^-?\d*$</rule>
						</rules>
					</param>
				</params>
			</url>
			<url>
				<value>/workplan/data/WorkPlanDetailDtl.jsp</value>
				<params>
					<param>
						<value>workid</value>
						<rules>
							<rule>^-?\d*$</rule>
						</rules>
					</param>
				</params>
			</url>
			<url>
				<value>/homepage/element/ElementPreview.jsp</value>
				<params>
					<param>
						<value>hpid</value>
						<rules>
							<rule>^\-?\d*$</rule>
						</rules>
					</param>
					<param>
						<value>eid</value>
						<rules>
							<rule>^\-?\d*$</rule>
						</rules>
					</param>
					<param>
						<value>ebaseid</value>
						<rules>
							<rule>^[\-\dA-Za-z_]*$</rule>
						</rules>
					</param>
					<param>
						<value>styleid</value>
						<rules>
							<rule>^[\-\dA-Za-z0-9_]*$</rule>
						</rules>
					</param>
					<param>
						<value>subCompanyId</value>
						<rules>
							<rule>^\-?\d*$</rule>
						</rules>
					</param>
				</params>
			</url>

			<url>
				<value>/homepage/base/HomepageBase.jsp</value>
				<params>
					<param>
						<value>hpid</value>
						<rules>
							<rule>^\-?\d*$</rule>
						</rules>
					</param>
					<param>
						<value>eid</value>
						<rules>
							<rule>^\-?\d*$</rule>
						</rules>
					</param>
					<param>
						<value>ebaseid</value>
						<rules>
							<rule>^[\-\dA-Za-z_]*$</rule>
						</rules>
					</param>
					<param>
						<value>styleid</value>
						<rules>
							<rule>^[\-\dA-Za-z0-9_]*$</rule>
						</rules>
					</param>
					<param>
						<value>subCompanyId</value>
						<rules>
							<rule>^\-?\d*$</rule>
						</rules>
					</param>
					<param>
						<value>opt</value>
						<rules>
							<rule>^[a-zA-Z0-9_]*$</rule>
						</rules>
					</param>
				</params>
			</url>

			<url>
				<value>/page/element/8/Workflow.jsp</value>
				<params>
					<param>
						<value>hpid</value>
						<rules>
							<rule>^\-?\d*$</rule>
						</rules>
					</param>
					<param>
						<value>eid</value>
						<rules>
							<rule>^\-?\d*$</rule>
						</rules>
					</param>
					<param>
						<value>ebaseid</value>
						<rules>
							<rule>^[\-\dA-Za-z_]*$</rule>
						</rules>
					</param>
					<param>
						<value>styleid</value>
						<rules>
							<rule>^[\-\dA-Za-z0-9_]*$</rule>
						</rules>
					</param>
					<param>
						<value>subCompanyId</value>
						<rules>
							<rule>^\-?\d*$</rule>
						</rules>
					</param>
				</params>
			</url>
			<url>
				<value>/cowork/CoworkList.jsp</value>
				<params>
					<param>
						<value>mainid</value>
						<rules>
							<rule>^\d*$</rule>
						</rules>
					</param>
					<param>
						<value>typeid</value>
						<rules>
							<rule>^\d*$</rule>
						</rules>
					</param>
				</params>
			</url>
				<url>
				<value>/wui/theme/ecology7/page/loginSmall.jsp</value>
				<params>
					<param>
						<value>message</value>
						<rules>
							<rule>^[\-a-zA-Z0-9]*$</rule>
						</rules>
					</param>
				</params>
			</url>
			<url>
				<value>/page/element/SearchEngine/NewsSearchList.jsp</value>
				<params>
					<param>
						<value>newsid</value>
						<rules>
							<rule>^[\-0-9]*$</rule>
						</rules>
					</param>
				</params>
			</url>
			<url>
				<value>/homepage/Homepage.jsp</value>
				<params>
					<param>
						<value>hpid</value>
						<rules>
							<rule>^\-?\d*$</rule>
						</rules>
					</param>
					<param>
						<value>subCompanyId</value>
						<rules>
							<rule>^\-?\d*$</rule>
						</rules>
					</param>
					<param>
						<value>opt</value>
						<rules>
							<rule>^[a-zA-Z0-9_]*$</rule>
						</rules>
					</param>
					<param>
						<value>isfromportal</value>
						<rules>
							<rule>^[a-zA-Z0-9_\-]*$</rule>
						</rules>
					</param>
					<param>
						<value>isfromhp</value>
						<rules>
							<rule>^[a-zA-Z0-9_\-]*$</rule>
						</rules>
					</param>
					<param>
						<value>hastemplate</value>
						<rules>
							<rule>^[a-zA-Z0-9_\-]*$</rule>
						</rules>
					</param>
				</params>
			</url>
			<url>
				<value>/homepage/base/LoginBase.jsp</value>
				<params>
					<param>
						<value>hpid</value>
						<rules>
							<rule>^\-?\d*$</rule>
						</rules>
					</param>
					<param>
						<value>subCompanyId</value>
						<rules>
							<rule>^\-?\d*$</rule>
						</rules>
					</param>
					<param>
						<value>opt</value>
						<rules>
							<rule>^[a-zA-Z0-9_]*$</rule>
						</rules>
					</param>
				</params>
			</url>

			<url>
				<value>/page/element/settingContainer.jsp</value>
				<params>
					<param>
						<value>hpid</value>
						<rules>
							<rule>^\-?\d*$</rule>
						</rules>
					</param>
					<param>
						<value>eid</value>
						<rules>
							<rule>^\-?\d*$</rule>
						</rules>
					</param>
					<param>
						<value>ebaseid</value>
						<rules>
							<rule>^[\-\dA-Za-z_]*$</rule>
						</rules>
					</param>
					<param>
						<value>styleid</value>
						<rules>
							<rule>^[\-\dA-Za-z_]*$</rule>
						</rules>
					</param>
					<param>
						<value>subCompanyId</value>
						<rules>
							<rule>^[\-\d]*$</rule>
						</rules>
					</param>
				</params>
			</url>
			<url>
				<value>/page/element/setting.jsp</value>
				<params>
					<param>
						<value>hpid</value>
						<rules>
							<rule>^\-?\d*$</rule>
						</rules>
					</param>
					<param>
						<value>eid</value>
						<rules>
							<rule>^\-?\d*$</rule>
						</rules>
					</param>
					<param>
						<value>ebaseid</value>
						<rules>
							<rule>^[\-\dA-Za-z_]*$</rule>
						</rules>
					</param>
					<param>
						<value>styleid</value>
						<rules>
							<rule>^[\-\dA-Za-z0-9_]*$</rule>
						</rules>
					</param>
					<param>
						<value>subCompanyId</value>
						<rules>
							<rule>^[\-\d]*$</rule>
						</rules>
					</param>
					<param>
						<value>pagetype</value>
						<rules>
							<rule>^[\-A-Za-z0-9_]*$</rule>
						</rules>
					</param>
				</params>
			</url>
			<url>
				<value>/docs/search/DocSearchView.jsp</value>
				<params>
					<param>
						<value>subcategory</value>
						<rules>
							<rule>^[\d,]*$</rule>
						</rules>
					</param>
					<param>
						<value>maincategory</value>
						<rules>
							<rule>^[\d,]*$</rule>
						</rules>
					</param>
					<param>
						<value>seccategory</value>
						<rules>
							<rule>^[\d,a-zA-Z]*$</rule>
						</rules>
					</param>
					<param>
						<value>showtype</value>
						<rules>
							<rule>^[a-zA-Z0-9,]*$</rule>
						</rules>
					</param>
					<param>
						<value>displayUsage</value>
						<rules>
							<rule>^[a-zA-Z0-9,]*$</rule>
						</rules>
					</param>
					<param>
						<value>fromadvancedmenu</value>
						<rules>
							<rule>^[a-zA-Z0-9,]*$</rule>
						</rules>
					</param>
					<param>
						<value>infoId</value>
						<rules>
							<rule>^[a-zA-Z0-9,]*$</rule>
						</rules>
					</param>
					<param>
						<value>showDocs</value>
						<rules>
							<rule>^[a-zA-Z0-9,]*$</rule>
						</rules>
					</param>
				</params>
			</url>
			<url>
				<value>/page/element/7/News.jsp</value>
				<params>
					<param>
						<value>hpid</value>
						<rules>
							<rule>^\-?\d*$</rule>
						</rules>
					</param>
					<param>
						<value>eid</value>
						<rules>
							<rule>^\-?\d*$</rule>
						</rules>
					</param>
					<param>
						<value>ebaseid</value>
						<rules>
							<rule>^[\-\dA-Za-z_]*$</rule>
						</rules>
					</param>
					<param>
						<value>styleid</value>
						<rules>
							<rule>^[\-\dA-Za-z0-9_]*$</rule>
						</rules>
					</param>
					<param>
						<value>subCompanyId</value>
						<rules>
							<rule>^[\-\d]*$</rule>
						</rules>
					</param>
				</params>
			</url>
			<url>
				<value>/workflow/automaticwf/automaticCheck.jsp</value>
				<params>
					<param>
						<value>outermainwhere</value>
						<rules>
							<rule>##sqlkeyword1##</rule>
						</rules>
					</param>
				</params>
			</url>
			<url>
				<value>/page/element/news/more.jsp</value>
				<params>
					<param>
						<value>eid</value>
						<rules>
							<rule>^\d*$</rule>
						</rules>
					</param>
				</params>
			</url>
			<url>
				<value>/CRM/data/ViewCustomerBase.jsp</value>
				<params>
					<param>
						<value>requestid</value>
						<rules>
							<rule>^\-?\d*$</rule>
						</rules>
					</param>
					<param>
						<value>isrequest</value>
						<rules>
							<rule>^\-?\d*$</rule>
						</rules>
					</param>
					<param>
						<value>CustomerID</value>
						<rules>
							<rule>^\-?\d*$</rule>
						</rules>
					</param>
				</params>
			</url>
			<url>
				<value>/web/careerapply/HrmCareerApplyPerView.jsp</value>
				<params>
					<param>
						<value>id</value>
						<rules>
							<rule>^\d*$</rule>
						</rules>
					</param>
				</params>
			</url>
			<url>
				<value>/page/element/compatible/view.jsp</value>
				<params>
					<param>
						<value>hpid</value>
						<rules>
							<rule>^\-?\d*$</rule>
						</rules>
					</param>
					<param>
						<value>eid</value>
						<rules>
							<rule>^\-?\d*$</rule>
						</rules>
					</param>
					<param>
						<value>ebaseid</value>
						<rules>
							<rule>^[\-\dA-Za-z_]*$</rule>
						</rules>
					</param>
					<param>
						<value>styleid</value>
						<rules>
							<rule>^[\-\dA-Za-z0-9_]*$</rule>
						</rules>
					</param>
				</params>
			</url>
			<url>
				<value>/page/maint/template/news/newstemplateprotal.jsp</value>
				<params>
					<param>
						<value>templatetype</value>
						<rules>
							<rule>^\d*@?[a-zA-Z]{0,20}=?\d*@?[a-zA-Z]{0,20}=?\d*@?[a-zA-Z]{0,20}=?\d*$</rule>
						</rules>
					</param>
					<param>
						<value>templateid</value>
						<rules>
							<rule>^\d*$</rule>
						</rules>
					</param>
					<param>
						<value>docid</value>
						<rules>
							<rule>^\d*$</rule>
						</rules>
					</param>
					<param>
						<value>npid</value>
						<rules>
							<rule>^\d*$</rule>
						</rules>
					</param>
				</params>
			</url>
			<url>
				<value>/web/careerapply/HrmCareerApplyAdd.jsp</value>
				<params>
					<param>
						<value>careerid</value>
						<rules>
							<rule>^\d*$</rule>
						</rules>
					</param>
				</params>
			</url>
			<url>
				<value>/web/careerapply/HrmCareerApplyEdit.jsp</value>
				<params>
					<param>
						<value>applyid</value>
						<rules>
							<rule>^-?\d*$</rule>
						</rules>
					</param>
				</params>
			</url>
			<url>
				<value>/web/careerapply/HrmCareerApplyOperation.jsp</value>
				<params>
					<param>
						<value>id</value>
						<rules>
							<rule>^-?\d*$</rule>
						</rules>
					</param>
					<param>
						<value>careerinvite</value>
						<rules>
							<rule>^-?\d*$</rule>
						</rules>
					</param>
				</params>
			</url>
			<url>
				<value>/formmode/setup/ModeOperation.jsp</value>
				<params>
					<param>
						<value>fieldid</value>
						<rules>
						<rule>^[a-zA-Z\-\d_,\.:()#]*$</rule>
						</rules>
					</param>
				</params>
			</url>
			<url>
				<value>/web/careerapply/HrmCareerApplyPerEdit.jsp</value>
				<params>
					<param>
						<value>id</value>
						<rules>
							<rule>^-?\d*$</rule>
						</rules>
					</param>
				</params>
			</url>
			<url>
				<value>/web/careerapply/HrmCareerApplyPerView.jsp</value>
				<params>
					<param>
						<value>id</value>
						<rules>
							<rule>^-?\d*$</rule>
						</rules>
					</param>
				</params>
			</url>
			<url>
				<value>/web/careerapply/HrmCareerApplyWorkEdit.jsp</value>
				<params>
					<param>
						<value>id</value>
						<rules>
							<rule>^-?\d*$</rule>
						</rules>
					</param>
				</params>
			</url>
			<url>
				<value>/web/careerapply/HrmCareerApplyWorkView.jsp</value>
				<params>
					<param>
						<value>id</value>
						<rules>
							<rule>^-?\d*$</rule>
						</rules>
					</param>
				</params>
			</url>

			<url>
				<value>/pweb/careerapply/HrmCareerApplyAdd.jsp</value>
				<params>
					<param>
						<value>careerid</value>
						<rules>
							<rule>^\d*$</rule>
						</rules>
					</param>
				</params>
			</url>
			<url>
				<value>/pweb/careerapply/HrmCareerApplyEdit.jsp</value>
				<params>
					<param>
						<value>applyid</value>
						<rules>
							<rule>^-?\d*$</rule>
						</rules>
					</param>
				</params>
			</url>
			<url>
				<value>/pweb/careerapply/HrmCareerApplyOperation.jsp</value>
				<params>
					<param>
						<value>id</value>
						<rules>
							<rule>^-?\d*$</rule>
						</rules>
					</param>
					<param>
						<value>careerinvite</value>
						<rules>
							<rule>^-?\d*$</rule>
						</rules>
					</param>
				</params>
			</url>
			<url>
				<value>/pweb/careerapply/HrmCareerApplyPerEdit.jsp</value>
				<params>
					<param>
						<value>id</value>
						<rules>
							<rule>^-?\d*$</rule>
						</rules>
					</param>
				</params>
			</url>
			<url>
				<value>/pweb/careerapply/HrmCareerApplyPerView.jsp</value>
				<params>
					<param>
						<value>id</value>
						<rules>
							<rule>^-?\d*$</rule>
						</rules>
					</param>
				</params>
			</url>
			<url>
				<value>/pweb/careerapply/HrmCareerApplyWorkEdit.jsp</value>
				<params>
					<param>
						<value>id</value>
						<rules>
							<rule>^-?\d*$</rule>
						</rules>
					</param>
				</params>
			</url>
			<url>
				<value>/pweb/careerapply/HrmCareerApplyWorkView.jsp</value>
				<params>
					<param>
						<value>id</value>
						<rules>
							<rule>^-?\d*$</rule>
						</rules>
					</param>
				</params>
			</url>

			<url>
				<value>/admincenter/interfaces/interfaceCheckExists.jsp</value>
				<params>
					<param>
						<value>className</value>
						<rules>
							<rule>^[a-zA-Z_\.]*$</rule>
						</rules>
					</param>
				</params>
			</url>

			<url>
				<value>/email/new/AttachmentOperation.jsp</value>
				<params>
					<param>
						<value>mailfileid</value>
						<rules>
							<rule>^[\-\d,]*$</rule>
						</rules>
					</param>
				</params>
			</url>

			<url>
				<value>/email/new/AttachmentOperation.jsp</value>
				<params>
					<param>
						<value>selids</value>
						<rules>
							<rule>^[\-\d,]*$</rule>
						</rules>
					</param>
				</params>
			</url>
			
			<url>
				<value>/homepage/element/setting/WorkflowCenterTreeData.jsp</value>
				<params>
					<param>
						<value>tabId</value>
						<rules>
							<rule>^[\-\d,a-zA-Z_]*$</rule>
						</rules>
					</param>
					<param>
						<value>node</value>
						<rules>
							<rule>^[\-\d,a-zA-Z_]*$</rule>
						</rules>
					</param>
				</params>
			</url>

			<url>
				<value>/homepage/HpElementCss.jsp</value>
				<params>
					<param>
						<value>hpid</value>
						<rules>
							<rule>^\-?\d*$</rule>
						</rules>
					</param>
					<param>
						<value>eid</value>
						<rules>
							<rule>^\-?\d*$</rule>
						</rules>
					</param>
					<param>
						<value>ebaseid</value>
						<rules>
							<rule>^[\-\dA-Za-z_]*$</rule>
						</rules>
					</param>
					<param>
						<value>styleid</value>
						<rules>
							<rule>^[\-\dA-Za-z0-9_]*$</rule>
						</rules>
					</param>
				</params>
			</url>
			<url>
				<value>/weaver/weaver.email.FileDownloadLocation</value>
				<params>
					<param>
						<value>fileid</value>
						<rules>
							<rule>^[\d,]*$</rule>
						</rules>
					</param>
				</params>
			</url>
			<url>
				<value>/homepage/LoginHomepage.jsp</value>
				<params>
					<param>
						<value>hpid</value>
						<rules>
							<rule>^\-?\d*$</rule>
						</rules>
					</param>
					<param>
						<value>isfromportal</value>
						<rules>
							<rule>^[a-zA-Z0-9_\-]*$</rule>
						</rules>
					</param>
				</params>
			</url>
			<url>
				<value>/workflow/FormBillBrowser.jsp</value>
				<params>
					<param>
						<value>formName</value>
						<rules>
							<rule>.{0,30}</rule>
						</rules>
					</param>
					<param>
						<value>isBill</value>
						<rules>
							<rule>^[0-9]*$</rule>
						</rules>
					</param>
				</params>
			</url>
			
			<url>
				<value>/web/WebSearchDsp.jsp</value>
				<params>
					<param>
						<value>key</value>
						<rules>
							<rule>^[\-a-zA-Z0-9_]{0,20}$</rule>
						</rules>
					</param>
				</params>
			</url>
			<url>
				<value>/homepage/maint/HomepageForWorkflowOperation.jsp</value>
				<params>
					<param>
						<value>hpid</value>
						<rules>
							<rule>^\-?\d*$</rule>
						</rules>
					</param>
				</params>
			</url>
			<url>
				<value>/wui/theme/ecology7/page/login.jsp</value>
				<params>
					<param>
						<value>logintype</value>
						<rules>
							<rule>^\d*$</rule>
						</rules>
					</param>
					<param>
						<value>templateId</value>
						<rules>
							<rule>^\d*$</rule>
						</rules>
					</param>
				</params>
			</url>
			<url>
				<value>/wui/theme/ecology8/page/login.jsp</value>
				<params>
					<param>
						<value>logintype</value>
						<rules>
							<rule>^\d*$</rule>
						</rules>
					</param>
					<param>
						<value>templateId</value>
						<rules>
							<rule>^\d*$</rule>
						</rules>
					</param>
				</params>
			</url>
			<url>
				<value>/base/ffield/EditFreeField.jsp</value>
				<params>
					<param>
						<value>tablename</value>
						<rules>
							<rule>^[a-zA-Z0-9_]*$</rule>
						</rules>
					</param>
				</params>
			</url>
			<url>
				<value>/page/maint/login/Page.jsp</value>
				<params>
					<param>
						<value>templateId</value>
						<rules>
							<rule>^\-?\d*$</rule>
						</rules>
					</param>
					<param>
						<value>workflowid</value>
						<rules>
							<rule>^\-?\d*$</rule>
						</rules>
					</param>
					<param>
						<value>requestid</value>
						<rules>
							<rule>^\-?\d*$</rule>
						</rules>
					</param>
				</params>
			</url>
			<url>
				<value>/homepage/maint/LoginPageOperation.jsp</value>
				<params>
					<param>
						<value>id</value>
						<rules>
							<rule>^[\-\dA-Za-z_]*$</rule>
						</rules>
					</param>
					<param>
						<value>menuId</value>
						<rules>
							<rule>^[\-\dA-Za-z_]*$</rule>
						</rules>
					</param>
				</params>
			</url>
			<url>
				<value>/homepage/maint/HomepageLocationOperation.jsp</value>
				<params>
					<param>
						<value>data</value>
						<rules>
							<rule>^[-\d,;]*$</rule>
						</rules>
					</param>
				</params>
			</url>
			<url>
				<value>/systeminfo/sysadmin/sysadminEdit.jsp</value>
				<params>
					<param>
						<value>id</value>
						<rules>
							<rule>^-?\d*$</rule>
						</rules>
					</param>
				</params>
			</url>
			<url>
				<value>/cowork/CoworkLogView.jsp</value>
				<params>
					<param>
						<value>id</value>
						<rules>
							<rule>^-?\d*$</rule>
						</rules>
					</param>
				</params>
			</url>
			<url>
				<value>/system/basedata/basedata_role.jsp</value>
				<params>
					<param>
						<value>roleid</value>
						<rules>
							<rule>^-?\d*$</rule>
						</rules>
					</param>
				</params>
			</url>
			<url>
				<value>/system/basedata/basedata_hrm.jsp</value>
				<params>
					<param>
						<value>resourceid</value>
						<rules>
							<rule>^-?\d*$</rule>
						</rules>
					</param>
				</params>
			</url>

			<url>
				<value>/page/element/1/Rss.jsp</value>
				<params>
					<param>
						<value>hpid</value>
						<rules>
							<rule>^\-?\d*$</rule>
						</rules>
					</param>
					<param>
						<value>eid</value>
						<rules>
							<rule>^\-?\d*$</rule>
						</rules>
					</param>
					<param>
						<value>ebaseid</value>
						<rules>
							<rule>^[\-\dA-Za-z_]*$</rule>
						</rules>
					</param>
					<param>
						<value>styleid</value>
						<rules>
							<rule>^[\-\dA-Za-z_]*$</rule>
						</rules>
					</param>
				</params>
			</url>
			<url>
				<value>/page/element/19/Stock.jsp</value>
				<params>
					<param>
						<value>hpid</value>
						<rules>
							<rule>^\-?\d*$</rule>
						</rules>
					</param>
					<param>
						<value>eid</value>
						<rules>
							<rule>^\-?\d*$</rule>
						</rules>
					</param>
					<param>
						<value>ebaseid</value>
						<rules>
							<rule>^[\-\dA-Za-z_]*$</rule>
						</rules>
					</param>
					<param>
						<value>styleid</value>
						<rules>
							<rule>^[\-\dA-Za-z_]*$</rule>
						</rules>
					</param>
				</params>
			</url>
			<url>
				<value>/page/element/29/Iframe.jsp</value>
				<params>
					<param>
						<value>hpid</value>
						<rules>
							<rule>^\-?\d*$</rule>
						</rules>
					</param>
					<param>
						<value>eid</value>
						<rules>
							<rule>^\-?\d*$</rule>
						</rules>
					</param>
					<param>
						<value>ebaseid</value>
						<rules>
							<rule>^[\-\dA-Za-z_]*$</rule>
						</rules>
					</param>
					<param>
						<value>styleid</value>
						<rules>
							<rule>^[\-\dA-Za-z_]*$</rule>
						</rules>
					</param>
					<param>
						<value>subCompanyId</value>
						<rules>
							<rule>^\-?\d*$</rule>
						</rules>
					</param>
				</params>
			</url>
			<url>
				<value>/page/element/Audio/View.jsp</value>
				<params>
					<param>
						<value>hpid</value>
						<rules>
							<rule>^\-?\d*$</rule>
						</rules>
					</param>
					<param>
						<value>eid</value>
						<rules>
							<rule>^\-?\d*$</rule>
						</rules>
					</param>
					<param>
						<value>ebaseid</value>
						<rules>
							<rule>^[\-\dA-Za-z_]*$</rule>
						</rules>
					</param>
					<param>
						<value>styleid</value>
						<rules>
							<rule>^[\-\dA-Za-z_]*$</rule>
						</rules>
					</param>
				</params>
			</url>
			<url>
				<value>/page/element/compatible/IframeTabContentData.jsp</value>
				<params>
					<param>
						<value>hpid</value>
						<rules>
							<rule>^\-?\d*$</rule>
						</rules>
					</param>
					<param>
						<value>eid</value>
						<rules>
							<rule>^\-?\d*$</rule>
						</rules>
					</param>
					<param>
						<value>ebaseid</value>
						<rules>
							<rule>^[\-\dA-Za-z_]*$</rule>
						</rules>
					</param>
					<param>
						<value>styleid</value>
						<rules>
							<rule>^[\-\dA-Za-z_]*$</rule>
						</rules>
					</param>
					<param>
						<value>tabId</value>
						<rules>
							<rule>^[\-\dA-Za-z_]*$</rule>
						</rules>
					</param>
				</params>
			</url>
			<url>
				<value>/page/element/compatible/RssTabContentData.jsp</value>
				<params>
					<param>
						<value>hpid</value>
						<rules>
							<rule>^\-?\d*$</rule>
						</rules>
					</param>
					<param>
						<value>eid</value>
						<rules>
							<rule>^\-?\d*$</rule>
						</rules>
					</param>
					<param>
						<value>ebaseid</value>
						<rules>
							<rule>^[\-\dA-Za-z_]*$</rule>
						</rules>
					</param>
					<param>
						<value>styleid</value>
						<rules>
							<rule>^[\-\dA-Za-z_]*$</rule>
						</rules>
					</param>
					<param>
						<value>tabId</value>
						<rules>
							<rule>^[\-\dA-Za-z_]*$</rule>
						</rules>
					</param>
				</params>
			</url>
			<url>
				<value>/page/element/Flash/View.jsp</value>
				<params>
					<param>
						<value>hpid</value>
						<rules>
							<rule>^\-?\d*$</rule>
						</rules>
					</param>
					<param>
						<value>eid</value>
						<rules>
							<rule>^\-?\d*$</rule>
						</rules>
					</param>
					<param>
						<value>ebaseid</value>
						<rules>
							<rule>^[\-\dA-Za-z_]*$</rule>
						</rules>
					</param>
					<param>
						<value>styleid</value>
						<rules>
							<rule>^[\-\dA-Za-z_]*$</rule>
						</rules>
					</param>
				</params>
			</url>
			<url>
				<value>/page/element/Flash/View.jsp</value>
				<params>
					<param>
						<value>hpid</value>
						<rules>
							<rule>^\-?\d*$</rule>
						</rules>
					</param>
					<param>
						<value>eid</value>
						<rules>
							<rule>^\-?\d*$</rule>
						</rules>
					</param>
					<param>
						<value>ebaseid</value>
						<rules>
							<rule>^[\-\dA-Za-z_]*$</rule>
						</rules>
					</param>
					<param>
						<value>styleid</value>
						<rules>
							<rule>^[\-\dA-Za-z_]*$</rule>
						</rules>
					</param>
				</params>
			</url>
			<url>
				<value>/page/element/login/login.jsp</value>
				<params>
					<param>
						<value>hpid</value>
						<rules>
							<rule>^\-?\d*$</rule>
						</rules>
					</param>
					<param>
						<value>eid</value>
						<rules>
							<rule>^\-?\d*$</rule>
						</rules>
					</param>
					<param>
						<value>ebaseid</value>
						<rules>
							<rule>^[\-\dA-Za-z_]*$</rule>
						</rules>
					</param>
					<param>
						<value>styleid</value>
						<rules>
							<rule>^[\-\dA-Za-z_]*$</rule>
						</rules>
					</param>
				</params>
			</url>
			<url>
				<value>/page/element/news/more.jsp</value>
				<params>
					<param>
						<value>hpid</value>
						<rules>
							<rule>^\-?\d*$</rule>
						</rules>
					</param>
					<param>
						<value>eid</value>
						<rules>
							<rule>^\-?\d*$</rule>
						</rules>
					</param>
					<param>
						<value>ebaseid</value>
						<rules>
							<rule>^[\-\dA-Za-z_]*$</rule>
						</rules>
					</param>
					<param>
						<value>styleid</value>
						<rules>
							<rule>^[\-\dA-Za-z_]*$</rule>
						</rules>
					</param>
					<param>
						<value>tabid</value>
						<rules>
							<rule>^[\-\dA-Za-z_]*$</rule>
						</rules>
					</param>
					<param>
						<value>btnG</value>
						<rules>
							<rule>^[\-\dA-Za-z_]*$</rule>
						</rules>
					</param>
					<param>
						<value>keyword</value>
						<rules>
							<rule>##sqlkeyword6##</rule>
						</rules>
					</param>
				</params>
			</url>
			<url>
				<value>/page/element/compatible/more.jsp</value>
				<params>
					<param>
						<value>hpid</value>
						<rules>
							<rule>^\-?\d*$</rule>
						</rules>
					</param>
					<param>
						<value>eid</value>
						<rules>
							<rule>^\-?\d*$</rule>
						</rules>
					</param>
					<param>
						<value>ebaseid</value>
						<rules>
							<rule>^[\-\dA-Za-z_]*$</rule>
						</rules>
					</param>
					<param>
						<value>styleid</value>
						<rules>
							<rule>^[\-\dA-Za-z_]*$</rule>
						</rules>
					</param>
					<param>
						<value>tabid</value>
						<rules>
							<rule>^[\-\dA-Za-z_]*$</rule>
						</rules>
					</param>
					<param>
						<value>btnG</value>
						<rules>
							<rule>^[\-\dA-Za-z_]*$</rule>
						</rules>
					</param>
					<param>
						<value>requestid</value>
						<rules>
							<rule>^\-?\d*$</rule>
						</rules>
					</param>
				</params>
			</url>
			<url>
				<value>/page/element/SearchEngine/NewsSearchList.jsp</value>
				<params>
					<param>
						<value>eid</value>
						<rules>
							<rule>^\-?\d*$</rule>
						</rules>
					</param>
				</params>
			</url>
			<url>
				<value>/page/element/news/News.jsp</value>
				<params>
					<param>
						<value>hpid</value>
						<rules>
							<rule>^\-?\d*$</rule>
						</rules>
					</param>
					<param>
						<value>eid</value>
						<rules>
							<rule>^\-?\d*$</rule>
						</rules>
					</param>
					<param>
						<value>ebaseid</value>
						<rules>
							<rule>^[\-\dA-Za-z_]*$</rule>
						</rules>
					</param>
					<param>
						<value>styleid</value>
						<rules>
							<rule>^[\-\dA-Za-z_]*$</rule>
						</rules>
					</param>
				</params>
			</url>
			<url>
				<value>/page/element/news/NewsTabContentData.jsp</value>
				<params>
					<param>
						<value>hpid</value>
						<rules>
							<rule>^\-?\d*$</rule>
						</rules>
					</param>
					<param>
						<value>eid</value>
						<rules>
							<rule>^\-?\d*$</rule>
						</rules>
					</param>
					<param>
						<value>ebaseid</value>
						<rules>
							<rule>^[\-\dA-Za-z_]*$</rule>
						</rules>
					</param>
					<param>
						<value>styleid</value>
						<rules>
							<rule>^[\-\dA-Za-z_]*$</rule>
						</rules>
					</param>
				</params>
			</url>
			<url>
				<value>/page/element/Picture/PictureOperation.jsp</value>
				<params>
					<param>
						<value>eid</value>
						<rules>
							<rule>^\-?\d*$</rule>
						</rules>
					</param>
				</params>
			</url>
			<url>
				<value>/page/element/Picture/View.jsp</value>
				<params>
					<param>
						<value>hpid</value>
						<rules>
							<rule>^\-?\d*$</rule>
						</rules>
					</param>
					<param>
						<value>eid</value>
						<rules>
							<rule>^\-?\d*$</rule>
						</rules>
					</param>
					<param>
						<value>ebaseid</value>
						<rules>
							<rule>^[\-\dA-Za-z_]*$</rule>
						</rules>
					</param>
					<param>
						<value>styleid</value>
						<rules>
							<rule>^[\-\dA-Za-z_]*$</rule>
						</rules>
					</param>
				</params>
			</url>
			<url>
				<value>/page/element/SearchEngine/NewsSearchList.jsp</value>
				<params>
					<param>
						<value>hpid</value>
						<rules>
							<rule>^\-?\d*$</rule>
						</rules>
					</param>
					<param>
						<value>eid</value>
						<rules>
							<rule>^\-?\d*$</rule>
						</rules>
					</param>
					<param>
						<value>ebaseid</value>
						<rules>
							<rule>^[\-\dA-Za-z_]*$</rule>
						</rules>
					</param>
					<param>
						<value>styleid</value>
						<rules>
							<rule>^[\-\dA-Za-z_]*$</rule>
						</rules>
					</param>
				</params>
			</url>
			<url>
				<value>/page/element/SearchEngine/View.jsp</value>
				<params>
					<param>
						<value>hpid</value>
						<rules>
							<rule>^\-?\d*$</rule>
						</rules>
					</param>
					<param>
						<value>eid</value>
						<rules>
							<rule>^\-?\d*$</rule>
						</rules>
					</param>
					<param>
						<value>ebaseid</value>
						<rules>
							<rule>^[\-\dA-Za-z_]*$</rule>
						</rules>
					</param>
					<param>
						<value>styleid</value>
						<rules>
							<rule>^[\-\dA-Za-z_]*$</rule>
						</rules>
					</param>
				</params>
			</url>
			<url>
				<value>/page/element/Slide/PictureOperation.jsp</value>
				<params>
					<param>
						<value>hpid</value>
						<rules>
							<rule>^\-?\d*$</rule>
						</rules>
					</param>
					<param>
						<value>eid</value>
						<rules>
							<rule>^\-?\d*$</rule>
						</rules>
					</param>
					<param>
						<value>ebaseid</value>
						<rules>
							<rule>^[\-\dA-Za-z_]*$</rule>
						</rules>
					</param>
					<param>
						<value>styleid</value>
						<rules>
							<rule>^[\-?\dA-Za-z_]*$</rule>
						</rules>
					</param>
				</params>
			</url>
			<url>
				<value>/page/element/Slide/View.jsp</value>
				<params>
					<param>
						<value>hpid</value>
						<rules>
							<rule>^\-?\d*$</rule>
						</rules>
					</param>
					<param>
						<value>eid</value>
						<rules>
							<rule>^\-?\d*$</rule>
						</rules>
					</param>
					<param>
						<value>ebaseid</value>
						<rules>
							<rule>^[\-\dA-Za-z_]*$</rule>
						</rules>
					</param>
					<param>
						<value>styleid</value>
						<rules>
							<rule>^[\-\dA-Za-z_]*$</rule>
						</rules>
					</param>
				</params>
			</url>
			<url>
				<value>/page/element/Video/View.jsp</value>
				<params>
					<param>
						<value>hpid</value>
						<rules>
							<rule>^\-?\d*$</rule>
						</rules>
					</param>
					<param>
						<value>eid</value>
						<rules>
							<rule>^\-?\d*$</rule>
						</rules>
					</param>
					<param>
						<value>ebaseid</value>
						<rules>
							<rule>^[\-\dA-Za-z_]*$</rule>
						</rules>
					</param>
					<param>
						<value>styleid</value>
						<rules>
							<rule>^[\-\dA-Za-z_]*$</rule>
						</rules>
					</param>
				</params>
			</url>
			<url>
				<value>/page/element/Weather/View.jsp</value>
				<params>
					<param>
						<value>hpid</value>
						<rules>
							<rule>^\-?\d*$</rule>
						</rules>
					</param>
					<param>
						<value>eid</value>
						<rules>
							<rule>^\-?\d*$</rule>
						</rules>
					</param>
					<param>
						<value>ebaseid</value>
						<rules>
							<rule>^[\-\dA-Za-z_]*$</rule>
						</rules>
					</param>
					<param>
						<value>styleid</value>
						<rules>
							<rule>^[\-\dA-Za-z_]*$</rule>
						</rules>
					</param>
				</params>
			</url>
			<url>
				<value>/page/maint/login/MenuContent.jsp</value>
				<params>
					<param>
						<value>menuid</value>
						<rules>
							<rule>^[\-\dA-Za-z_]*$</rule>
						</rules>
					</param>
				</params>
			</url>
			
			<url>
				<value>/proj/data/ViewProject.jsp</value>
				<params>
					<param>
						<value>ProjID</value>
						<rules>
							<rule>^\-?\d*$</rule>
						</rules>
					</param>
				</params>
			</url>
			<url>
				<value>/login/VerifyLogin.jsp</value>
				<params>
					<param>
						<value>rancode</value>
						<rules>
							<rule>^[a-zA-Z0-9]*$</rule>
						</rules>
					</param>
					<param>
						<value>rnd</value>
						<rules>
							<rule>^[a-zA-Z0-9]*$</rule>
						</rules>
					</param>
					<param>
						<value>gopage</value>
						<rules>
							<rule>^[a-zA-Z0-9\/\.\?\=&amp;\-_:]*$</rule>
						</rules>
					</param>
					<param>
						<value>templateId</value>
						<rules>
							<rule>^\d*$</rule>
						</rules>
					</param>
					<param>
						<value>loginfile</value>
						<rules>
							<rule>^[;:a-zA-Z0-9\/\.\?\=&amp;\-_]*$</rule>
						</rules>
					</param>
					<param>
						<value>formmethod</value>
						<rules>
							<rule>^[a-zA-Z0-9]*$</rule>
						</rules>
					</param>
					<param>
						<value>isie</value>
						<rules>
							<rule>^[a-zA-Z0-9]*$</rule>
						</rules>
					</param>
					<param>
						<value>fontName</value>
						<rules>
							<rule>##sqlkeyword3##</rule>
						</rules>
					</param>
					<param>
						<value>logintype</value>
						<rules>
							<rule>^\d*$</rule>
						</rules>
					</param>
					<param>
						<value>message</value>
						<rules>
							<rule>^\d*$</rule>
						</rules>
					</param>
				</params>
			</url>
			<url>
				<value>/formmode/interfaces/WorkflowToModeSetOperation.jsp</value>
				<params>
					<param>
						<value>maintableupdatecondition</value>
						<rules>
							<rule>##sqlkeyword1##</rule>
						</rules>
					</param>
				</params>
			</url>
			<url>
				<value>/integration/hrsettingOperation.jsp</value>
				<params>
					<param>
						<value>transql</value>
						<rules>
							<rule>##sqlkeyword1##</rule>
						</rules>
					</param>
				</params>
			</url>
			<url>
				<value>/weaver/weaver.workflow.workflow.ShowWorkFlow</value>
				<params>
					<param>
						<value>requestid</value>
						<rules>
							<rule>^[\-\d,]*$</rule>
						</rules>
					</param>
				</params>
			</url>
			<url>
				<value>/weaver/weaver.file.SignatureDownLoad</value>
				<params>
					<param>
						<value>markId</value>
						<rules>
							<rule>^[\-\d,]*$</rule>
						</rules>
					</param>
				</params>
			</url>
			<url>
				<value>/formmode/menu/leftmenudrag.jsp</value>
				<params>
				  <param>
					<value>subcompanyid</value>
					<rules>
					  <rule>##CONST:MULTINUMBER##</rule>
					</rules>
				  </param>
				  <param>
					<value>sinfoid</value>
					<rules>
					  <rule>##CONST:MULTINUMBER##</rule>
					</rules>
				  </param>
				  <param>
					<value>tparentid</value>
					<rules>
					  <rule>##CONST:MULTINUMBER##</rule>
					</rules>
				  </param>
				  <param>
					<value>method</value>
					<rules>
					  <rule>##CONST:LETTERS##</rule>
					</rules>
				  </param>
				  <param>
					<value>tinfoid</value>
					<rules>
					  <rule>##CONST:MULTINUMBER##</rule>
					</rules>
				  </param>
				</params>
		  </url>
		  <url>
				<value>/mobile/plugin/1/workflowpicture.jsp</value>
				<params>
				  <param>
					<value>fromes</value>
					<rules>
					  <rule>##CONST:LETTERS##</rule>
					</rules>
				  </param>
				  <param>
					<value>requestid</value>
					<rules>
					  <rule>##CONST:MULTINUMBER##</rule>
					</rules>
				  </param>
				  <param>
					<value>fromes</value>
					<rules>
					  <rule>##CONST:LETTERS##</rule>
					</rules>
				  </param>
				</params>
		  </url>
		  <url>
				<value>/mobile/plugin/11/blogoperation.jsp</value>
				<params>
				  <param>
					<value>datatype</value>
					<rules>
					  <rule>##CONST:LETTERS##</rule>
					</rules>
				  </param>
				  <param>
					<value>method</value>
					<rules>
					  <rule>##CONST:LETTERS##</rule>
					</rules>
				  </param>
				  <param>
					<value>comefrom</value>
					<rules>
					  <rule>##CONST:LETTERS##</rule>
					</rules>
				  </param>
				  <param>
					<value>sessionkey</value>
					<rules>
					  <rule>##CONST:LETTERS##</rule>
					</rules>
				  </param>
				  <param>
					<value>module</value>
					<rules>
					  <rule>##CONST:LETTERS##</rule>
					</rules>
				  </param>
				   <param>
					<value>pagesize</value>
					<rules>
					  <rule>##CONST:MULTINUMBER##</rule>
					</rules>
				  </param>
				  <param>
					<value>groupid</value>
					<rules>
					  <rule>##CONST:MULTINUMBER##</rule>
					</rules>
				  </param>
				  <param>
					<value>scope</value>
					<rules>
					  <rule>##CONST:LETTERS##</rule>
					</rules>
				  </param>
				  <param>
					<value>userid</value>
					<rules>
					  <rule>##CONST:MULTINUMBER##</rule>
					</rules>
				  </param>
				</params>
		  </url>
		  <url>
				<value>/mobile/plugin/1/view.jsp</value>
				<params>
				  <param>
					<value>clienttype</value>
					<rules>
					  <rule>##CONST:LETTERS##</rule>
					</rules>
				  </param>
				  <param>
					<value>clientlevel</value>
					<rules>
					  <rule>##CONST:LETTERS##</rule>
					</rules>
				  </param>
				</params>
		  </url>
		  <url>
				<value>/mobile/plugin/11/list.jsp</value>
				<params>
				  <param>
					<value>userid</value>
					<rules>
					  <rule>##CONST:MULTINUMBER##</rule>
					</rules>
				  </param>
				  <param>
					<value>opengps</value>
					<rules>
					  <rule>##CONST:LETTERS##</rule>
					</rules>
				  </param>
				   <param>
					<value>scope</value>
					<rules>
					  <rule>##CONST:LETTERS##</rule>
					</rules>
				  </param>
				  <param>
					<value>module</value>
					<rules>
					  <rule>##CONST:LETTERS##</rule>
					</rules>
				  </param>
				  <param>
					<value>clienttype</value>
					<rules>
					  <rule>##CONST:LETTERS##</rule>
					</rules>
				  </param>
				</params>
		  </url>
		  <url>
				<value>/mobile/plugin/fullsearch/list.jsp</value>
				<params>
				  <param>
					<value>module</value>
					<rules>
					  <rule>##CONST:LETTERS##</rule>
					</rules>
				  </param>
				</params>
		  </url>
		  <url>
				<value>/mobile/plugin/11/viewblog.jsp</value>
				<params>
				  <param>
					<value>clienttype</value>
					<rules>
					  <rule>##CONST:LETTERS##</rule>
					</rules>
				  </param>
				</params>
		  </url>
		  <url>
				<value>/mobile/plugin/1/workflowstatus.jsp</value>
				<params>
				  <param>
					<value>fromes</value>
					<rules>
					  <rule>##CONST:LETTERS##</rule>
					</rules>
				  </param>
				  <param>
					<value>module</value>
					<rules>
					  <rule>##CONST:LETTERS##</rule>
					</rules>
				  </param>
				</params>
		  </url>
		  <url>
				<value>/mobile/plugin/11/mainpage.jsp</value>
				<params>
				  <param>
					<value>clienttype</value>
					<rules>
					  <rule>##CONST:LETTERS##</rule>
					</rules>
				  </param>
				  <param>
					<value>opengps</value>
					<rules>
					  <rule>##CONST:LETTERS##</rule>
					</rules>
				  </param>
				  <param>
					<value>scope</value>
					<rules>
					  <rule>##CONST:LETTERS##</rule>
					</rules>
				  </param>
				  <param>
					<value>module</value>
					<rules>
					  <rule>##CONST:LETTERS##</rule>
					</rules>
				  </param>
				  <param>
					<value>module</value>
					<rules>
					  <rule>##CONST:LETTERS##</rule>
					</rules>
				  </param>
				  <param>
					<value>userid</value>
					<rules>
					  <rule>##CONST:MULTINUMBER##</rule>
					</rules>
				  </param>
				</params>
		  </url>
		  <url>
				<value>/mobile/plugin/1/createlist.jsp</value>
				<params>
				  <param>
					<value>keyword</value>
					<rules>
					  <rule>##CONST:NAMETITLE##</rule>
					</rules>
				  </param>
				</params>
		  </url>
		  <url>
				<value>/mobile/plugin/11/comment.jsp</value>
				<params>
				  <param>
					<value>clienttype</value>
					<rules>
					  <rule>##CONST:LETTERS##</rule>
					</rules>
				  </param>
				  <param>
					<value>userid</value>
					<rules>
					  <rule>##CONST:MULTINUMBER##</rule>
					</rules>
				  </param>
				  <param>
					<value>module</value>
					<rules>
					  <rule>##CONST:LETTERS##</rule>
					</rules>
				  </param>
				  <param>
					<value>scope</value>
					<rules>
					  <rule>##CONST:LETTERS##</rule>
					</rules>
				  </param>
				  <param>
					<value>opengps</value>
					<rules>
					  <rule>##CONST:LETTERS##</rule>
					</rules>
				  </param>
				</params>
		  </url>
		</urls>
	</special-non>
	<!--regexp params-->
	<special-reg>
		<urls>
			<url>
				<value>__someCommonParamsRule__</value>
				<params>
					<param>
						<value>^e\d+$</value>
						<rules>
							<rule>##sqlkeyword2##</rule>
						</rules>
					</param>
					<param>
						<value>^dir$</value>
						<rules>
							<rule>^[A-Za-z0-9\/\\ ,]*$</rule>
						</rules>
					</param>
					<param>
						<value>^RedirectFile$</value>
						<rules>
							<rule>^(\/[:a-zA-Z0-9\/\.\?_\=&amp;\-]*)?$</rule>
						</rules>
					</param>
					<param>
						<value>^jsessionid$</value>
						<rules>
							<rule></rule>
						</rules>
					</param>
					<param>
						<value>^languageidweaver$</value>
						<rules>
							<rule>^\d*$</rule>
						</rules>
					</param>
					<param>
						<value>^f_weaver_belongto_userid$</value>
						<rules>
							<rule>^[a-zA-Z0-9\_\=]*$</rule>
						</rules>
					</param>
					<param>
						<value>^f_weaver_belongto_usertype$</value>
						<rules>
							<rule>##sqlkeyword3##</rule>
						</rules>
					</param>
					<param>
						<value>^offical$</value>
						<rules>
							<rule>^\-?\d*$</rule>
						</rules>
					</param>
					<param>
						<value>^officalType$</value>
						<rules>
							<rule>^\-?\d*$</rule>
						</rules>
					</param>
					<param>
						<value>^username$</value>
						<rules>
							<rule>##sqlkeyword4##</rule>
						</rules>
					</param>
					<param>
						<value>^status$</value>
						<rules>
							<rule>##sqlkeyword4##</rule>
						</rules>
					</param>
					<param>
						<value>^loginid$</value>
						<rules>
							<rule>##sqlkeyword4##</rule>
							<rule>##sqlkeyword2##</rule>
							<rule>^(?!.*(\/|\*)).*$</rule>
						</rules>
					</param>
					<param>
						<value>^fieldsql\d+$</value>
						<rules>
							<rule></rule>
						</rules>
					</param>
				</params>
			</url>
			<url>
				<value>/workflow/request/Remark.jsp</value>
				<params>
					<param>
						<value>^fieldsql\d+$</value>
						<rules>
							<rule></rule>
						</rules>
					</param>
					<param>
						<value>^field\d+(_\d+)?$</value>
						<rules>
							<rule></rule>
						</rules>
					</param>
					<param>
						<value>^remark\d*$</value>
						<rules>
							<rule></rule>
						</rules>
					</param>
				</params>
			</url>
			<url>
				<value>/workflow/request/WorkflowTipsinfo.jsp</value>
				<params>
					<param>
						<value>^fieldsql\d+$</value>
						<rules>
							<rule></rule>
						</rules>
					</param>
					<param>
						<value>^field\d+(_\d+)?$</value>
						<rules>
							<rule></rule>
						</rules>
					</param>
					<param>
						<value>^remark\d*$</value>
						<rules>
							<rule></rule>
						</rules>
					</param>
				</params>
			</url>
			<url>
				<value>/formmode/interfaces/WorkflowToModeSetOperation.jsp</value>
				<params>
					<param>
						<value>^detailtableupdatecondition\d$</value>
						<rules>
							<rule>##sqlkeyword1##</rule>
						</rules>
					</param>
				</params>
			</url>

		</urls>
	</special-reg>
</root>