<?xml version="1.0" encoding="UTF-8"?>
<root>
	<special-non>
		<urls>
			<url>
				<value>/api/hrm/usericon/saveUserIcon</value>
				<params>
					<param>
						<value>imageDataUrl</value>
						<max-length>-1</max-length>
					</param>
				</params>
			</url>
			<url>
				<value>/api/hrm/resource/editResource</value>
				<params>
					<param>
						<value>resourceimageBase64</value>
						<max-length>-1</max-length>
					</param>
				</params>
			</url>
			<url>
				<value>/api/edc/exceltemplate/save</value>
				<params>
					<param>
						<value>img</value>
						<max-length>-1</max-length>
					</param>
				</params>
			</url>
			<url>
				<value>/api/workflow/reqform/saveMobileSignAnnex</value>
				<params>
					<param>
						<value>data</value>
						<max-length>-1</max-length>
					</param>
				</params>
			</url>
			<url>
				<value>/api/workflow/reqform/requestOperation</value>
				<params>
					<param>
						<value>field187</value>
						<max-length>-1</max-length>
					</param>
				</params>
			</url>
			<url>
				<value>/api/workflow/reqform/remarkOperation</value>
				<params>
					<param>
						<value>field187</value>
						<max-length>-1</max-length>
					</param>
				</params>
			</url>
		</urls>
	</special-non>
</root>
