<?xml version="1.0" encoding="UTF-8"?>
<root>
	<special-non>
		<urls>
			<url>
				<value>/workflow/exceldesign/excelUploadFormulaList.jsp</value>
				<params>
					<param>
						<value>formulas</value>
						<rules>
							<rule>##CONST:CODE##</rule>
						</rules>
					</param>
				</params>
			</url>
			<url>
				<value>/workflow/exceldesign/excelUploadFormula.jsp</value>
				<params>
					<param>
						<value>paramtxt</value>
						<rules>
							<rule>##CONST:CODE##</rule>
						</rules>
					</param>
				</params>
			</url>
		</urls>
	</special-non>	
</root>