<?xml version="1.0" encoding="UTF-8"?>
<root>
	<special-non>
		<urls>
				  <url>
					<value>/cowork/CoworkCollectList.jsp</value>
					<params>
					   <param>
						<is-dynamic-param>0</is-dynamic-param>
						<value>startdate</value>
						<rules>
						  <rule>##CONST:DATE##</rule>
						</rules>
					  </param>
					   <param>
						<is-dynamic-param>0</is-dynamic-param>
						<value>enddate</value>
						<rules>
						  <rule>##CONST:DATE##</rule>
						</rules>
					  </param>
					  <param>
						<is-dynamic-param>0</is-dynamic-param>
						<value>searchType</value>
						<rules>
						  <rule>##CONST:LETTERS##</rule>
						</rules>
					  </param>
					   <param>
						<is-dynamic-param>0</is-dynamic-param>
						<value>remark</value>
						<rules>
						  <rule>##CONST:NAMETITLE##</rule>
						</rules>
					  </param>
					  <param>
						<is-dynamic-param>0</is-dynamic-param>
						<value>coworkname</value>
						<rules>
						  <rule>##CONST:NAMETITLE##</rule>
						</rules>
					  </param>
					   <param>
						<is-dynamic-param>0</is-dynamic-param>
						<value>datetype</value>
						<rules>
						  <rule>##CONST:MULTINUMBER##</rule>
						</rules>
					  </param>
					</params>
				 </url>
				 <url>
					<value>/hrm/group/MultiGroupBrowser.jsp</value>
					<params>
					   <param>
						<is-dynamic-param>0</is-dynamic-param>
						<value>selectedids</value>
						<rules>
						  <rule>##CONST:MULTINUMBER##</rule>
						</rules>
					  </param>
					</params>
				 </url>
				  <url>
					<value>/docs/search/DocCommonContent.jsp</value>
					<params>
					   <param>
						<is-dynamic-param>0</is-dynamic-param>
						<value>subcompanyId</value>
						<rules>
						  <rule>##CONST:MULTINUMBER##</rule>
						</rules>
					  </param>
					</params>
				 </url>
				  <url>
					<value>/hrm/resource/HrmResourceAbsense.jsp</value>
					<params>
					   <param>
						<is-dynamic-param>0</is-dynamic-param>
						<value>isNotTab</value>
						<rules>
						  <rule>##CONST:MULTINUMBER##</rule>
						</rules>
					  </param>
					</params>
				 </url>
				 <url>
					<value>/hrm/resource/HrmResourceAbsense1.jsp</value>
					<params>
					   <param>
						<is-dynamic-param>0</is-dynamic-param>
						<value>relatewfid</value>
						<rules>
						  <rule>##CONST:MULTINUMBER##</rule>
						</rules>
					  </param>
					   <param>
						<is-dynamic-param>0</is-dynamic-param>
						<value>movedate</value>
						<rules>
						  <rule>##CONST:DATE##</rule>
						</rules>
					  </param>
					</params>
				 </url>
				 <url>
					<value>/hrm/resource/SubordinateTree.jsp</value>
					<params>
					   <param>
						<is-dynamic-param>0</is-dynamic-param>
						<value>slg</value>
						<rules>
						  <rule>##CONST:LETTERS##</rule>
						</rules>
					  </param>
					   <param>
						<is-dynamic-param>0</is-dynamic-param>
						<value>id</value>
						<rules>
						  <rule>##CONST:MULTINUMBER##</rule>
						</rules>
					  </param>
					</params>
				 </url>
				  <url>
					<value>/rdeploy/chatproject/doc/index.jsp</value>
					<params>
					   <param>
						<is-dynamic-param>0</is-dynamic-param>
						<value>viewType</value>
						<rules>
						  <rule>##CONST:LETTERS##</rule>
						</rules>
					  </param>
					</params>
				 </url>
				 <url>
					<value>/systeminfo/BrowserMain.jsp</value>
					<params>
					   <param>
						<is-dynamic-param>0</is-dynamic-param>
						<value>operationcode</value>
						<rules>
						  <rule>##CONST:LETTERS##</rule>
						</rules>
					  </param>
					   <param>
						<is-dynamic-param>0</is-dynamic-param>
						<value>hasWarm</value>
						<rules>
						  <rule>##CONST:MULTINUMBER##</rule>
						</rules>
					  </param>
					   <param>
						<is-dynamic-param>0</is-dynamic-param>
						<value>hasClear</value>
						<rules>
						  <rule>##CONST:MULTINUMBER##</rule>
						</rules>
					  </param>
					   <param>
						<is-dynamic-param>0</is-dynamic-param>
						<value>hasCancel</value>
						<rules>
						  <rule>##CONST:MULTINUMBER##</rule>
						</rules>
					  </param>
					</params>
				 </url>
				  <url>
					<value>/workflow/search/WFSearchResult.jsp </value>
					<params>
					   <param>
						<is-dynamic-param>0</is-dynamic-param>
						<value>workflowtype__</value>
						<rules>
						  <rule>##CONST:NAMETITLE##</rule>
						</rules>
					  </param>
					   <param>
						<is-dynamic-param>0</is-dynamic-param>
						<value>workflowid__</value>
						<rules>
						  <rule>##CONST:NAMETITLE##</rule>
						</rules>
					  </param>
					   <param>
						<is-dynamic-param>0</is-dynamic-param>
						<value>unophrmid__</value>
						<rules>
						  <rule>##CONST:NAMETITLE##</rule>
						</rules>
					  </param>
					   <param>
						<is-dynamic-param>0</is-dynamic-param>
						<value>proids__</value>
						<rules>
						  <rule>##CONST:NAMETITLE##</rule>
						</rules>
					  </param>
					   <param>
						<is-dynamic-param>0</is-dynamic-param>
						<value>ownerdepartmentid__</value>
						<rules>
						  <rule>##CONST:NAMETITLE##</rule>
						</rules>
					  </param>
					   <param>
						<is-dynamic-param>0</is-dynamic-param>
						<value>ownerdepartmentid__</value>
						<rules>
						  <rule>##CONST:NAMETITLE##</rule>
						</rules>
					  </param>
					   <param>
						<is-dynamic-param>0</is-dynamic-param>
						<value>docids__</value>
						<rules>
						  <rule>##CONST:NAMETITLE##</rule>
						</rules>
					  </param>
					   <param>
						<is-dynamic-param>0</is-dynamic-param>
						<value>crmids__</value>
						<rules>
						  <rule>##CONST:NAMETITLE##</rule>
						</rules>
					  </param>
					   <param>
						<is-dynamic-param>0</is-dynamic-param>
						<value>creatersubcompanyid__</value>
						<rules>
						  <rule>##CONST:NAMETITLE##</rule>
						</rules>
					  </param>
					   <param>
						<is-dynamic-param>0</is-dynamic-param>
						<value>createrid2__</value>
						<rules>
						  <rule>##CONST:NAMETITLE##</rule>
						</rules>
					  </param>
					   <param>
						<is-dynamic-param>0</is-dynamic-param>
						<value>createrid__</value>
						<rules>
						  <rule>##CONST:NAMETITLE##</rule>
						</rules>
					  </param>
					</params>
				 </url>
				  <url>
					<value>/workflow/workflow/WFTypeBrowser.jsp</value>
					<params>
					   <param>
						<is-dynamic-param>0</is-dynamic-param>
						<value>showos</value>
						<rules>
						  <rule>##CONST:MULTINUMBER##</rule>
						</rules>
					  </param>
					</params>
				 </url>
				  <url>
					<value>/workflow/workflow/WFTypeBrowserContenter.jsp</value>
					<params>
					   <param>
						<is-dynamic-param>0</is-dynamic-param>
						<value>showos</value>
						<rules>
						  <rule>##CONST:MULTINUMBER##</rule>
						</rules>
					  </param>
					</params>
				 </url>
				  <url>
					<value>/workflow/workflow/WorkTypeBrowser.jsp</value>
					<params>
					   <param>
						<is-dynamic-param>0</is-dynamic-param>
						<value>showos</value>
						<rules>
						  <rule>##CONST:MULTINUMBER##</rule>
						</rules>
					  </param>
					</params>
				 </url>
				 <url>
					<value>/workflow/workflow/WorkflowTypeBrowser.jsp</value>
					<params>
					   <param>
						<is-dynamic-param>0</is-dynamic-param>
						<value>showos</value>
						<rules>
						  <rule>##CONST:MULTINUMBER##</rule>
						</rules>
					  </param>
					</params>
				 </url>
				  <url>
					<value>/cowork/CoworkCommentList.jsp</value>
					<params>
					   <param>
						<is-dynamic-param>0</is-dynamic-param>
						<value>commentStatus</value>
						<rules>
						  <rule>##CONST:MULTINUMBER##</rule>
						</rules>
					  </param>
					    <param>
						<is-dynamic-param>0</is-dynamic-param>
						<value>from</value>
						<rules>
						  <rule>##CONST:LETTERS##</rule>
						</rules>
					  </param>
					</params>
				 </url>
				  <url>
					<value>/hrm/group/HrmGroupSuggestList.jsp</value>
					<params>
					   <param>
						<is-dynamic-param>0</is-dynamic-param>
						<value>suggesttitle</value>
						<rules>
						  <rule>##CONST:NAMETITLE##</rule>
						</rules>
					  </param>
					</params>
				 </url>
				  <url>
					<value>/social/manager/SocialGetGroupIconSub.jsp</value>
					<params>
					   <param>
						<is-dynamic-param>0</is-dynamic-param>
						<value>defaultimageUrl</value>
						<rules>
						  <rule>##CONST:NAMETITLE##</rule>
						</rules>
					  </param>
					</params>
				 </url>
		</urls>
		</special-non>
		<special-reg>
			<urls>
				<url>
					<value>__someCommonParamsRule__</value>
					<params>
					   <param>
						<is-dynamic-param>0</is-dynamic-param>
						<value>^[A-Za-z0-9_]+?__$</value>
						<rules>
						  <rule>##CONST:NAMETITLE##</rule>
						</rules>
					  </param>
					</params>
				 </url>
				 <url>
					<value>/workflow/automaticwf/automaticCheck.jsp</value>
					<params>
					   <param>
						<is-dynamic-param>0</is-dynamic-param>
						<value>^outerdetailwhere\d+?$</value>
						<rules>
						  <rule>##sqlkeyword1##</rule>
						</rules>
					  </param>
					</params>
				 </url>
			</urls>
		</special-reg>
</root>
