<?xml version="1.0" encoding="UTF-8"?>
<root>
	<special-non>
		<urls>
			<url>
				<value>/web/browser/CityBrowser.jsp</value>
				<params>
					<param>
						<value>sqlWhere</value>
						<rules>
							<rule>^(__random__[\da-zA-Z_]{0,40})$</rule>
						</rules>
					</param>
				</params>
			</url>
			<url>
				<value>/web/browser/ContacterTitleBrowser.jsp</value>
				<params>
					<param>
						<value>sqlWhere</value>
						<rules>
							<rule>^(__random__[\da-zA-Z_]{0,40})$</rule>
						</rules>
					</param>
				</params>
			</url>
			<url>
				<value>/web/browser/CustomerDescBrowser.jsp</value>
				<params>
					<param>
						<value>sqlWhere</value>
						<rules>
							<rule>^(__random__[\da-zA-Z_]{0,40})$</rule>
						</rules>
					</param>
				</params>
			</url>
			<url>
				<value>/web/browser/CustomerSizeBrowser.jsp</value>
				<params>
					<param>
						<value>sqlWhere</value>
						<rules>
							<rule>^(__random__[\da-zA-Z_]{0,40})$</rule>
						</rules>
					</param>
				</params>
			</url>
			<url>
				<value>/web/browser/CustomerTypeBrowser.jsp</value>
				<params>
					<param>
						<value>sqlWhere</value>
						<rules>
							<rule>^(__random__[\da-zA-Z_]{0,40})$</rule>
						</rules>
					</param>
				</params>
			</url>
			<url>
				<value>/web/browser/SectorInfoBrowser.jsp</value>
				<params>
					<param>
						<value>sqlWhere</value>
						<rules>
							<rule>^(__random__[\da-zA-Z_]{0,40})$</rule>
						</rules>
					</param>
				</params>
			</url>
		</urls>
	</special-non>
</root>
