<?xml version="1.0" encoding="UTF-8"?>

<root>
  <special-reg>
    <urls>
      <url>
        <value>/api/cube/mode/mode/saveFieldAuthorizeInfoForOtherMode</value>
        <params>
          <param>
            <value>^id_\d+$</value>
            <rules>
              <rule>##CONST:NAMETITLE##</rule>
            </rules>
          </param>
          <param>
            <value>^fieldid_\d+$</value>
            <rules>
              <rule>##CONST:NAMETITLE##</rule>
            </rules>
          </param>
          <param>
            <value>^showlayout_\d+$</value>
            <rules>
              <rule>##CONST:NAMETITLE##</rule>
            </rules>
          </param>
          <param>
            <value>^layoutid_\d+$</value>
            <rules>
              <rule>##CONST:NAMETITLE##</rule>
            </rules>
          </param>
          <param>
            <value>^isopen_\d+$</value>
            <rules>
              <rule>##CONST:NAMETITLE##</rule>
            </rules>
          </param>
          <param>
            <value>^layoutlevel_\d+$</value>
            <rules>
              <rule>##CONST:NAMETITLE##</rule>
            </rules>
          </param>
        </params>
      </url>
      <url>
        <value>/api/cube/mode/mode/saveFieldAuthorizeInfo</value>
        <params>
          <param>
            <value>^id_\d+$</value>
            <rules>
              <rule>##CONST:MULTINUMBER##</rule>
            </rules>
          </param>
          <param>
            <value>^fieldid_\d+$</value>
            <rules>
              <rule>##CONST:MULTINUMBER##</rule>
            </rules>
          </param>
          <param>
            <value>^showlayout_\d+$</value>
            <rules>
              <rule>##CONST:NAMETITLE##</rule>
            </rules>
          </param>
          <param>
            <value>^layoutid_\d+$</value>
            <rules>
              <rule>##CONST:MULTINUMBER##</rule>
            </rules>
          </param>
          <param>
            <value>^isopen_\d+$</value>
            <rules>
              <rule>##CONST:MULTINUMBER##</rule>
            </rules>
          </param>
          <param>
            <value>^layoutlevel_\d+$</value>
            <rules>
              <rule>##CONST:MULTINUMBER##</rule>
            </rules>
          </param>
        </params>
      </url>
      <url>
        <value>/api/cube/mode/mode/saveModeLinkage</value>
        <params>
          <param>
            <value>^isenabled_\d+$</value>
            <rules>
              <rule>##CONST:NAMETITLE##</rule>
            </rules>
          </param>
          <param>
            <value>^layoutid_\d+$</value>
            <rules>
              <rule>##CONST:NAMETITLE##</rule>
            </rules>
          </param>
          <param>
            <value>^selectfield_\d+$</value>
            <rules>
              <rule>##CONST:NAMETITLE##</rule>
            </rules>
          </param>
          <param>
            <value>^selectvalue_\d+$</value>
            <rules>
              <rule>##CONST:NAMETITLE##</rule>
            </rules>
          </param>
          <param>
            <value>^fieldattr_\d+$</value>
            <rules>
              <rule>##CONST:NAMETITLE##</rule>
            </rules>
          </param>
          <param>
            <value>^changefield_\d+$</value>
            <rules>
              <rule>##CONST:NAMETITLE##</rule>
            </rules>
          </param>
          <param>
            <value>^key_\d+$</value>
            <rules>
              <rule>##CONST:NAMETITLE##</rule>
            </rules>
          </param>
        </params>
      </url>
      <url>
        <value>/api/cube/mode/mode/saveWorkflowToMode</value>
        <params>
          <param>
            <value>^defaultvalue_\d+_\d+$</value>
            <rules>
              <rule>##CONST:NAMETITLE##</rule>
            </rules>
          </param>
          <param>
            <value>^opttype_\d+$</value>
            <rules>
              <rule>##CONST:NAMETITLE##</rule>
            </rules>
          </param>
          <param>
            <value>^isinsert_\d+$</value>
            <rules>
              <rule>##CONST:NAMETITLE##</rule>
            </rules>
          </param>
          <param>
            <value>^updatecondition_\d+$</value>
            <rules>
              <rule>##CONST:NAMETITLE##</rule>
            </rules>
          </param>
          <param>
            <value>^wherecondition_\d+$</value>
            <rules>
              <rule>##CONST:NAMETITLE##</rule>
            </rules>
          </param>
          <param>
            <value>^modefieldid_\d+_\d+$</value>
            <rules>
              <rule>##CONST:NAMETITLE##</rule>
            </rules>
          </param>
          <param>
            <value>^valueListSize_\d+$</value>
            <rules>
              <rule>##CONST:NAMETITLE##</rule>
            </rules>
          </param>
          <param>
            <value>^tablename_\d+$</value>
            <rules>
              <rule>##CONST:NAMETITLE##</rule>
            </rules>
          </param>
          <param>
            <value>^wffieldid_\d+_\d+$</value>
            <rules>
              <rule>##CONST:NAMETITLE##</rule>
            </rules>
          </param>
        </params>
      </url>
      <url>
        <value>/api/cube/new/card/mainFields</value>
        <params>
          <param>
            <value>^a\d+$</value>
            <rules>
              <rule>##CONST:NAMETITLE##</rule>
            </rules>
          </param>
        </params>
      </url>
      <url>
        <value>/api/cube/setting/getCardSize</value>
        <params>
          <param>
            <value>^a\d+$</value>
            <rules>
              <rule>##CONST:NAMETITLE##</rule>
            </rules>
          </param>
        </params>
      </url>
      <url>
        <value>/api/cube/new/card/rightMenus</value>
        <params>
          <param>
            <value>^a\d+$</value>
            <rules>
              <rule>##CONST:NAMETITLE##</rule>
            </rules>
          </param>
        </params>
      </url>
      <url>
        <value>/api/cube/mode/mode/saveBatchImportInfo</value>
        <params>
          <param>
            <value>^dsporder_\d+$</value>
            <rules>
              <rule>##CONST:MULTINUMBER##</rule>
            </rules>
          </param>
          <param>
            <value>^fieldid_\d+$</value>
            <rules>
              <rule>##CONST:MULTINUMBER##</rule>
            </rules>
          </param>
          <param>
            <value>^selectid_\d+$</value>
            <rules>
              <rule>##CONST:MULTINUMBER##</rule>
            </rules>
          </param>
          <param>
            <value>^selectvalue_\d+$</value>
            <rules>
              <rule>##CONST:MULTINUMBER##</rule>
            </rules>
          </param>
          <param>
            <value>^ischeck_\d+$</value>
            <rules>
              <rule>##CONST:MULTINUMBER##</rule>
            </rules>
          </param>
          <param>
            <value>^key_\d+$</value>
            <rules>
              <rule>##CONST:NAMETITLE##</rule>
            </rules>
          </param>
        </params>
      </url>
      <url>
        <value>/api/cube/new/card/initDetail</value>
        <params>
          <param>
            <value>^a\d+$</value>
            <rules>
              <rule>##CONST:NAMETITLE##</rule>
            </rules>
          </param>
        </params>
      </url>
      <url>
        <value>/api/cube/new/card/getRowColCons</value>
        <params>
          <param>
            <value>^a\d+$</value>
            <rules>
              <rule>##CONST:NAMETITLE##</rule>
            </rules>
          </param>
        </params>
      </url>
      <url>
        <value>/api/cube/new/card/getFieldAttrLinkPage</value>
        <params>
          <param>
            <value>^a\d+$</value>
            <rules>
              <rule>##CONST:NAMETITLE##</rule>
            </rules>
          </param>
        </params>
      </url>
      <url>
        <value>/api/workflow/reqform/functionLink</value>
        <params>
          <param>
            <value>^dtl_id_\d+?_\d+?$</value>
            <rules>
              <rule>##CONST:MULTINUMBER##</rule>
            </rules>
          </param>
          <param>
            <value>^submitdtlid\d+?$</value>
            <rules>
              <rule>##CONST:MULTINUMBER##</rule>
            </rules>
          </param>
          <param>
            <value>^indexnum\d+$</value>
            <rules>
              <rule>##CONST:MULTINUMBER##</rule>
            </rules>
          </param>
          <param>
            <value>^nodesnum\d+?$</value>
            <rules>
              <rule>##CONST:MULTINUMBER##</rule>
            </rules>
          </param>
        </params>
      </url>
      <url>
        <value>/api/cube/new/card/initReply</value>
        <params>
          <param>
            <value>^a\d+$</value>
            <rules>
              <rule>##CONST:NAMETITLE##</rule>
            </rules>
          </param>
        </params>
      </url>
      <url>
        <value>/api/cube/new/card/checkCardRight</value>
        <params>
          <param>
            <value>^a\d+$</value>
            <rules>
              <rule>##CONST:NAMETITLE##</rule>
            </rules>
          </param>
        </params>
      </url>
      <url>
        <value>/api/fna/fnaTakeOneNoteCostType/saveAddField</value>
        <params>
          <param>
            <value>^\d+?_fieldSpecificType$</value>
            <rules>
              <rule>##CONST:LETTERS##</rule>
            </rules>
          </param>
          <param>
            <value>^\d+?_fieldDbName$</value>
            <rules>
              <rule>##CONST:LETTERS##</rule>
            </rules>
          </param>
          <param>
            <value>^\d+?_showOrder$</value>
            <rules>
              <rule>##CONST:MULTINUMBER##</rule>
            </rules>
          </param>
          <param>
            <value>^\d+?_disabled_whetherRequired$</value>
            <rules>
              <rule>##CONST:MULTINUMBER##</rule>
            </rules>
          </param>
          <param>
            <value>^\d+?_type$</value>
            <rules>
              <rule>##CONST:MULTINUMBER##</rule>
            </rules>
          </param>
          <param>
            <value>^\d+?_disabled_enable$</value>
            <rules>
              <rule>##CONST:LETTERS##</rule>
            </rules>
          </param>
          <param>
            <value>^\d+?_enable$</value>
            <rules>
              <rule>##CONST:MULTINUMBER##</rule>
            </rules>
          </param>
          <param>
            <value>^\d+?_fieldName$</value>
            <rules>
              <rule>##CONST:LETTERS##</rule>
            </rules>
          </param>
          <param>
            <value>^\d+?_props$</value>
            <rules>
              <rule>##CONST:LETTERS##</rule>
            </rules>
          </param>
          <param>
            <value>^\d+?_disabled$</value>
            <rules>
              <rule>##CONST:MULTINUMBER##</rule>
            </rules>
          </param>
          <param>
            <value>^\d+?_checkProps$</value>
            <rules>
              <rule>##CONST:LETTERS##</rule>
            </rules>
          </param>
          <param>
            <value>^\d+?_fieldType$</value>
            <rules>
              <rule>##CONST:MULTINUMBER##</rule>
            </rules>
          </param>
          <param>
            <value>^\d+?_whetherRequired$</value>
            <rules>
              <rule>##CONST:MULTINUMBER##</rule>
            </rules>
          </param>
        </params>
      </url>
      <url>
        <value>/api/cube/new/card/getModeBase</value>
        <params>
          <param>
            <value>^a\d+$</value>
            <rules>
              <rule>##CONST:NAMETITLE##</rule>
            </rules>
          </param>
        </params>
      </url>
      <url>
        <value>/api/cube/mode/mode/saveModeRightList</value>
        <params>
          <param>
            <value>^relatedid\d+_\d+$</value>
            <rules>
              <rule>##CONST:NAMETITLE##</rule>
            </rules>
          </param>
          <param>
            <value>^virtualtype_\d+$</value>
            <rules>
              <rule>##CONST:NAMETITLE##</rule>
            </rules>
          </param>
          <param>
            <value>^layoutid_\d+$</value>
            <rules>
              <rule>##CONST:NAMETITLE##</rule>
            </rules>
          </param>
          <param>
            <value>^min_\d+$</value>
            <rules>
              <rule>##CONST:NAMETITLE##</rule>
            </rules>
          </param>
          <param>
            <value>^showlevel_\d+$</value>
            <rules>
              <rule>##CONST:NAMETITLE##</rule>
            </rules>
          </param>
          <param>
            <value>^joblevel_\d+$</value>
            <rules>
              <rule>##CONST:NAMETITLE##</rule>
            </rules>
          </param>
          <param>
            <value>^updatedata_\d+$</value>
            <rules>
              <rule>##CONST:NAMETITLE##</rule>
            </rules>
          </param>
          <param>
            <value>^rolelevel_\d+$</value>
            <rules>
              <rule>##CONST:NAMETITLE##</rule>
            </rules>
          </param>
          <param>
            <value>^matrix_\d+$</value>
            <rules>
              <rule>##CONST:NAMETITLE##</rule>
            </rules>
          </param>
          <param>
            <value>^max_\d+$</value>
            <rules>
              <rule>##CONST:NAMETITLE##</rule>
            </rules>
          </param>
          <param>
            <value>^flag_\d+$</value>
            <rules>
              <rule>##CONST:NAMETITLE##</rule>
            </rules>
          </param>
          <param>
            <value>^showlevel\d+_\d+$</value>
            <rules>
              <rule>##CONST:NAMETITLE##</rule>
            </rules>
          </param>
          <param>
            <value>^sharetype_\d+$</value>
            <rules>
              <rule>##CONST:NAMETITLE##</rule>
            </rules>
          </param>
          <param>
            <value>^layoutid\d+_\d+$</value>
            <rules>
              <rule>##CONST:NAMETITLE##</rule>
            </rules>
          </param>
          <param>
            <value>^orgrelation_\d+$</value>
            <rules>
              <rule>##CONST:NAMETITLE##</rule>
            </rules>
          </param>
          <param>
            <value>^rightid_\d+$</value>
            <rules>
              <rule>##CONST:NAMETITLE##</rule>
            </rules>
          </param>
          <param>
            <value>^modefieldtype_\d+$</value>
            <rules>
              <rule>##CONST:NAMETITLE##</rule>
            </rules>
          </param>
          <param>
            <value>^righttype_\d+$</value>
            <rules>
              <rule>##CONST:NAMETITLE##</rule>
            </rules>
          </param>
          <param>
            <value>^rolefieldtype_\d+$</value>
            <rules>
              <rule>##CONST:NAMETITLE##</rule>
            </rules>
          </param>
          <param>
            <value>^browsersharetype_\d+$</value>
            <rules>
              <rule>##CONST:NAMETITLE##</rule>
            </rules>
          </param>
          <param>
            <value>^layoutorder_\d+$</value>
            <rules>
              <rule>##CONST:NAMETITLE##</rule>
            </rules>
          </param>
          <param>
            <value>^rightlevel_\d+$</value>
            <rules>
              <rule>##CONST:NAMETITLE##</rule>
            </rules>
          </param>
          <param>
            <value>^higherlevel_\d+$</value>
            <rules>
              <rule>##CONST:NAMETITLE##</rule>
            </rules>
          </param>
          <param>
            <value>^isRoleLimited_\d+$</value>
            <rules>
              <rule>##CONST:NAMETITLE##</rule>
            </rules>
          </param>
          <param>
            <value>^importtype_\d+$</value>
            <rules>
              <rule>##CONST:NAMETITLE##</rule>
            </rules>
          </param>
        </params>
      </url>
      <url>
        <value>/api/cube/new/card/getCubeLikeInfo</value>
        <params>
          <param>
            <value>^a\d+$</value>
            <rules>
              <rule>##CONST:NAMETITLE##</rule>
            </rules>
          </param>
        </params>
      </url>
      <url>
        <value>/api/cube/mode/mode/saveFieldTriggerList</value>
        <params>
          <param>
            <value>^fromFieldDatas_parawfField_\d+_\d+$</value>
            <rules>
              <rule>##CONST:NAMETITLE##</rule>
            </rules>
          </param>
          <param>
            <value>^tableDatas_len_\d+$</value>
            <rules>
              <rule>##CONST:NAMETITLE##</rule>
            </rules>
          </param>
          <param>
            <value>^tableralations_\d+$</value>
            <rules>
              <rule>##CONST:NAMETITLE##</rule>
            </rules>
          </param>
          <param>
            <value>^toFieldDatas_detailindex_\d+_\d+$</value>
            <rules>
              <rule>##CONST:NAMETITLE##</rule>
            </rules>
          </param>
          <param>
            <value>^fromFieldDatas_detailindex_\d+_\d+$</value>
            <rules>
              <rule>##CONST:NAMETITLE##</rule>
            </rules>
          </param>
          <param>
            <value>^triggerField\d+$</value>
            <rules>
              <rule>##CONST:NAMETITLE##</rule>
            </rules>
          </param>
          <param>
            <value>^fromFieldDatas_len_\d+$</value>
            <rules>
              <rule>##CONST:NAMETITLE##</rule>
            </rules>
          </param>
          <param>
            <value>^toFieldDatas_evaluatefieldtablename_\d+_\d+$</value>
            <rules>
              <rule>##CONST:NAMETITLE##</rule>
            </rules>
          </param>
          <param>
            <value>^tableDatas_tablename_\d+_\d+$</value>
            <rules>
              <rule>##CONST:DATE##</rule>
            </rules>
          </param>
          <param>
            <value>^tableDatas_tablebyname_\d+_\d+$</value>
            <rules>
              <rule>##CONST:NAMETITLE##</rule>
            </rules>
          </param>
          <param>
            <value>^toFieldDatas_len_\d+$</value>
            <rules>
              <rule>##CONST:NAMETITLE##</rule>
            </rules>
          </param>
          <param>
            <value>^tableDatas_formidspan_\d+_\d+$</value>
            <rules>
              <rule>##CONST:NAMETITLE##</rule>
            </rules>
          </param>
          <param>
            <value>^toFieldDatas_evaluatefieldname_\d+_\d+$</value>
            <rules>
              <rule>##CONST:NAMETITLE##</rule>
            </rules>
          </param>
          <param>
            <value>^toFieldDatas_evaluatewfField_\d+_\d+$</value>
            <rules>
              <rule>##CONST:NAMETITLE##</rule>
            </rules>
          </param>
          <param>
            <value>^fromFieldDatas_parafieldname_\d+_\d+$</value>
            <rules>
              <rule>##CONST:NAMETITLE##</rule>
            </rules>
          </param>
          <param>
            <value>^fromFieldDatas_parafieldtablename_\d+_\d+$</value>
            <rules>
              <rule>##CONST:NAMETITLE##</rule>
            </rules>
          </param>
          <param>
            <value>^toFieldDatas_tabfix_\d+_\d+$</value>
            <rules>
              <rule>##CONST:NAMETITLE##</rule>
            </rules>
          </param>
          <param>
            <value>^detailindex\d+$</value>
            <rules>
              <rule>##CONST:NAMETITLE##</rule>
            </rules>
          </param>
          <param>
            <value>^datasource_\d+$</value>
            <rules>
              <rule>##CONST:NAMETITLE##</rule>
            </rules>
          </param>
          <param>
            <value>^fromFieldDatas_istree_\d+_\d+$</value>
            <rules>
              <rule>##CONST:NAMETITLE##</rule>
            </rules>
          </param>
          <param>
            <value>^fromFieldDatas_tabfix_\d+_\d+$</value>
            <rules>
              <rule>##CONST:NAMETITLE##</rule>
            </rules>
          </param>
          <param>
            <value>^fromFieldDatas_parafieldconditions_\d+_\d+$</value>
            <rules>
              <rule>##CONST:NAMETITLE##</rule>
            </rules>
          </param>
          <param>
            <value>^tableDatas_formid_\d+_\d+$</value>
            <rules>
              <rule>##CONST:NAMETITLE##</rule>
            </rules>
          </param>
        </params>
      </url>
      <url>
        <value>/api/fna/fnaTakeOneNoteCostType/save</value>
        <params>
          <param>
            <value>^\d+?_workflowIdsName$</value>
            <rules>
              <rule>##CONST:LETTERS##</rule>
            </rules>
          </param>
          <param>
            <value>^\d+?_customName$</value>
            <rules>
              <rule>##CONST:LETTERS##</rule>
            </rules>
          </param>
          <param>
            <value>^\d+?_imageId$</value>
            <rules>
              <rule>##CONST:MULTINUMBER##</rule>
            </rules>
          </param>
          <param>
            <value>^\d+?_showOrder$</value>
            <rules>
              <rule>##CONST:MULTINUMBER##</rule>
            </rules>
          </param>
          <param>
            <value>^\d+?_workflowIds$</value>
            <rules>
              <rule>##CONST:LETTERS##</rule>
            </rules>
          </param>
          <param>
            <value>^\d+?_disabled$</value>
            <rules>
              <rule>##CONST:MULTINUMBER##</rule>
            </rules>
          </param>
          <param>
            <value>^\d+?_type$</value>
            <rules>
              <rule>##CONST:MULTINUMBER##</rule>
            </rules>
          </param>
          <param>
            <value>^\d+?_enable$</value>
            <rules>
              <rule>##CONST:MULTINUMBER##</rule>
            </rules>
          </param>
          <param>
            <value>^\d+?_costType$</value>
            <rules>
              <rule>##CONST:LETTERS##</rule>
            </rules>
          </param>
          <param>
            <value>^\d+?_imageName$</value>
            <rules>
              <rule>##CONST:LETTERS##</rule>
            </rules>
          </param>
        </params>
      </url>
      <url>
        <value>/api/cube/mode/mode/saveEnCodeInfo</value>
        <params>
          <param>
            <value>^fieldDaiziDatas_\d+$</value>
            <rules>
              <rule>##CONST:FREEJSON##</rule>
            </rules>
          </param>
          <param>
            <value>^shownamestr_\d+$</value>
            <rules>
              <rule>##CONST:NAMETITLE##</rule>
            </rules>
          </param>
          <param>
            <value>^showtype_\d+$</value>
            <rules>
              <rule>##CONST:MULTINUMBER##</rule>
            </rules>
          </param>
          <param>
            <value>^fieldname_\d+$</value>
            <rules>
              <rule>##CONST:NAMETITLE##</rule>
            </rules>
          </param>
          <param>
            <value>^fieldnamestr_\d+$</value>
            <rules>
              <rule>##CONST:NAMETITLE##</rule>
            </rules>
          </param>
          <param>
            <value>^isSerial_\d+$</value>
            <rules>
              <rule>##CONST:MULTINUMBER##</rule>
            </rules>
          </param>
          <param>
            <value>^tablename_\d+$</value>
            <rules>
              <rule>##CONST:NAMETITLE##</rule>
            </rules>
          </param>
          <param>
            <value>^titlename_\d+$</value>
            <rules>
              <rule>##CONST:NAMETITLE##</rule>
            </rules>
          </param>
          <param>
            <value>^key_\d+$</value>
            <rules>
              <rule>##CONST:NAMETITLE##</rule>
            </rules>
          </param>
          <param>
            <value>^codeMemberValue_\d+$</value>
            <rules>
              <rule>##CONST:NAMETITLE##</rule>
            </rules>
          </param>
          <param>
            <value>^detail_\d+$</value>
            <rules>
              <rule>##CONST:NAMETITLE##</rule>
            </rules>
          </param>
        </params>
      </url>
      <url>
        <value>/api/cube/new/card/layoutBase</value>
        <params>
          <param>
            <value>^a\d+$</value>
            <rules>
              <rule>##CONST:NAMETITLE##</rule>
            </rules>
          </param>
        </params>
      </url>
      <url>
        <value>/api/cube/new/card/topTabs</value>
        <params>
          <param>
            <value>^a\d+$</value>
            <rules>
              <rule>##CONST:NAMETITLE##</rule>
            </rules>
          </param>
        </params>
      </url>
      <url>
        <value>/api/cube/mode/mode/savePageExpendList</value>
        <params>
          <param>
            <value>^relatedid\d+_\d+$</value>
            <rules>
              <rule>##CONST:NAMETITLE##</rule>
            </rules>
          </param>
          <param>
            <value>^showlevel_\d+$</value>
            <rules>
              <rule>##CONST:NAMETITLE##</rule>
            </rules>
          </param>
          <param>
            <value>^rolelevel_\d+$</value>
            <rules>
              <rule>##CONST:NAMETITLE##</rule>
            </rules>
          </param>
          <param>
            <value>^sharetype_\d+$</value>
            <rules>
              <rule>##CONST:NAMETITLE##</rule>
            </rules>
          </param>
        </params>
      </url>
      <url>
        <value>/api/cube/right/saveBatchShare</value>
        <params>
          <param>
            <value>^relatedid\d+$</value>
            <rules>
              <rule>##CONST:NAMETITLE##</rule>
            </rules>
          </param>
        </params>
      </url>
      <url>
        <value>/api/cube/new/card/getInputEntry</value>
        <params>
          <param>
            <value>^a\d+$</value>
            <rules>
              <rule>##CONST:NAMETITLE##</rule>
            </rules>
          </param>
        </params>
      </url>
      <url>
        <value>/api/cube/new/card/innerTabs</value>
        <params>
          <param>
            <value>^a\d+$</value>
            <rules>
              <rule>##CONST:NAMETITLE##</rule>
            </rules>
          </param>
        </params>
      </url>
      <url>
        <value>/api/cube/list/saveExportSetInfo</value>
        <params>
          <param>
            <value>^fieldid_\d+$</value>
            <rules>
              <rule>##CONST:MULTINUMBER##</rule>
            </rules>
          </param>
          <param>
            <value>^ischeck_\d+$</value>
            <rules>
              <rule>##CONST:MULTINUMBER##</rule>
            </rules>
          </param>
        </params>
      </url>
      <url>
        <value>/api/cube/mode/mode/saveModeTriggerWorkflow</value>
        <params>
          <param>
            <value>^field_\d+$</value>
            <rules>
              <rule>##CONST:NAMETITLE##</rule>
            </rules>
          </param>
        </params>
      </url>
      <url>
        <value>/api/cube/new/card/getLayoutFieldAttr</value>
        <params>
          <param>
            <value>^a\d+$</value>
            <rules>
              <rule>##CONST:NAMETITLE##</rule>
            </rules>
          </param>
        </params>
      </url>
    </urls>
  </special-reg>
</root>
