<?xml version="1.0" encoding="UTF-8"?>
<root>
	<special-non>
		<urls>
			<url>
				<value>/formmode/setup/appSettingsAction.jsp</value>
				<params>
					<param>
						<value>searchtext</value>
						<rules>
							<rule>##CONST:NAMETITLE##</rule>
						</rules>
					</param>
				</params>
			</url>
			<url>
				<value>/docs/search/DocCommonContent.jsp</value>
				<params>
					<param>
						<value>seccategory__</value>
						<rules>
							<rule>##CONST:MULTINUMBER##</rule>
						</rules>
					</param>
					<param>
						<value>ownerdepartmentid__</value>
						<rules>
							<rule>##CONST:MULTINUMBER##</rule>
						</rules>
					</param>
					<param>
						<value>docapproveuserid__</value>
						<rules>
							<rule>##CONST:MULTINUMBER##</rule>
						</rules>
					</param>
					<param>
						<value>docno</value>
						<rules>
							<rule>##CONST:NAMETITLE##</rule>
						</rules>
					</param>
					<param>
						<value>ishow</value>
						<rules>
							<rule>##CONST:NAMETITLE##</rule>
						</rules>
					</param>
				</params>
			</url>
			<url>
				<value>/hrm/performance/targetPlan/PlanModulOperation.jsp</value>
				<params>
					<param>
						<value>name</value>
						<rules>
							<rule>##CONST:NAMETITLE##</rule>
						</rules>
					</param>
				</params>
			</url>
			<url>
				<value>/hrm/search/HrmSearchLogDetail.jsp</value>
				<params>
					<param>
						<value>logId</value>
						<rules>
							<rule>##CONST:MULTINUMBER##</rule>
						</rules>
					</param>
				</params>
			</url>
			<url>
				<value>/cpt/capital/CapitalBrowserList.jsp</value>
				<params>
					<param>
						<value>cptsptcount</value>
						<rules>
							<rule>##CONST:MULTINUMBER##</rule>
						</rules>
					</param>
				</params>
			</url>
			<url>
				<value>/cowork/CoworkApprovalList.jsp</value>
				<params>
					<param>
						<value>remark</value>
						<rules>
							<rule>##CONST:FREEHTML##</rule>
						</rules>
					</param>
				</params>
			</url>
			<url>
				<value>/cpt/print/moduleedit.jsp</value>
				<params>
					<param>
						<value>isclose</value>
						<rules>
							<rule>##CONST:MULTINUMBER##</rule>
						</rules>
					</param>
				</params>
			</url>
			<url>
				<value>/workflow/search/WFSearchResult.jsp</value>
				<params>
					<param>
						<value>null</value>
						<rules>
							<rule>##CONST:NAMETITLE##</rule>
						</rules>
					</param>
				</params>
			</url>
			<url>
				<value>/workflow/request/RequestImport.jsp</value>
				<params>
					<param>
						<value>requestmark</value>
						<rules>
							<rule>##CONST:NAMETITLE##</rule>
						</rules>
					</param>
				</params>
			</url>
			<url>
				<value>/workflow/request/RequestBrowser.jsp</value>
				<params>
					<param>
						<value>requestmark</value>
						<rules>
							<rule>##CONST:NAMETITLE##</rule>
						</rules>
					</param>
				</params>
			</url>
			<url>
				<value>/formmode/view/BARCodeView.jsp</value>
				<params>
					<param>
						<value>modeId</value>
						<rules>
							<rule>##CONST:MULTINUMBER##</rule>
						</rules>
					</param>
					<param>
						<value>formId</value>
						<rules>
							<rule>##CONST:MULTINUMBER##</rule>
						</rules>
					</param>
					<param>
						<value>customId</value>
						<rules>
							<rule>##CONST:MULTINUMBER##</rule>
						</rules>
					</param>
					<param>
						<value>billId</value>
						<rules>
							<rule>##CONST:MULTINUMBER##</rule>
						</rules>
					</param>
				</params>
			</url>
			<url>
				<value>/formmode/search/CustomSearchBySimpleIframe.jsp</value>
				<params>
					<param>
						<value>groupby</value>
						<rules>
							<rule>##CONST:NAMETITLE##</rule>
						</rules>
					</param>
				</params>
			</url>
			<url>
				<value>/formmode/interfaces/ModeImportTemplate.jsp</value>
				<params>
					<param>
						<value>modeId</value>
						<rules>
							<rule>##CONST:MULTINUMBER##</rule>
						</rules>
					</param>
					<param>
						<value>formId</value>
						<rules>
							<rule>##CONST:MULTINUMBER##</rule>
						</rules>
					</param>
				</params>
			</url>
			<url>
				<value>/formmode/interfaces/ModeImportTemplate.jsp</value>
				<params>
					<param>
						<value>modeId</value>
						<rules>
							<rule>##CONST:MULTINUMBER##</rule>
						</rules>
					</param>
					<param>
						<value>formId</value>
						<rules>
							<rule>##CONST:MULTINUMBER##</rule>
						</rules>
					</param>
				</params>
			</url>
			<url>
				<value>/formmode/interfaces/ModeDataBatchImportLog.jsp</value>
				<params>
					<param>
						<value>objid</value>
						<rules>
							<rule>##CONST:NAMETITLE##</rule>
						</rules>
					</param>
					<param>
						<value>startdate</value>
						<rules>
							<rule>##CONST:NAMETITLE##</rule>
						</rules>
					</param>
					<param>
						<value>enddate</value>
						<rules>
							<rule>##CONST:NAMETITLE##</rule>
						</rules>
					</param>
					<param>
						<value>logmodule</value>
						<rules>
							<rule>##CONST:NAMETITLE##</rule>
						</rules>
					</param>
				</params>
			</url>
		</urls>
	</special-non>
	<special-reg>
		<urls>
			<url>
				<value>/js/hrm/getdata.jsp</value>
				<params>
					<param>
						<value>^arg\d+?$</value>
						<rules>
							<rule>##CONST:NAMETITLE##</rule>
						</rules>
					</param>
				</params>
			</url>
		</urls>
	</special-reg>
</root>