<?xml version="1.0" encoding="UTF-8"?>

<root>
  <special-url-reg>
    <urls>
      <url>
        <value>^/api/integration/ldap/test/[\w0-9]*?/base$</value>
        <params>
          <param>
            <value>^__random__$</value>
            <rules>
              <rule>##CONST:NAMETITLE##</rule>
            </rules>
          </param>
        </params>
      </url>
      <url>
        <value>^/api/cube/restful/interface/saveOrUpdateModeData/[a-zA-Z0-9_]+?$</value>
        <params>
          <param>
            <value>^datajson$</value>
            <rules>
              <rule>##CONST:FREEJSON##</rule>
            </rules>
          </param>
        </params>
      </url>
      <url>
        <value>^/api/integration/ldap/test/[\w0-9]*?/base/getrightmenu$</value>
        <params>
          <param>
            <value>^ldaptype$</value>
            <rules>
              <rule>##CONST:NAMETITLE##</rule>
            </rules>
          </param>
          <param>
            <value>^ldapid$</value>
            <rules>
              <rule>##CONST:NAMETITLE##</rule>
            </rules>
          </param>
        </params>
      </url>
      <url>
        <value>^/api/integration/ldap/test/[\w0-9]*?/base/getfields$</value>
        <params>
          <param>
            <value>^ldaptype$</value>
            <rules>
              <rule>##CONST:NAMETITLE##</rule>
            </rules>
          </param>
          <param>
            <value>^ldapid$</value>
            <rules>
              <rule>##CONST:NAMETITLE##</rule>
            </rules>
          </param>
        </params>
      </url>
      <url>
        <value>^/api/integration/ldap/test/[\w0-9]*?/pull$</value>
        <params>
          <param>
            <value>^__random__$</value>
            <rules>
              <rule>##CONST:NAMETITLE##</rule>
            </rules>
          </param>
          <param>
            <value>^$</value>
            <rules>
              <rule>##CONST:NAMETITLE##</rule>
            </rules>
          </param>
        </params>
      </url>
      <url>
        <value>^/api/integration/ldap/test/base/[\w0-9]*?/getfields$</value>
        <params>
          <param>
            <value>^__random__$</value>
            <rules>
              <rule>##CONST:NAMETITLE##</rule>
            </rules>
          </param>
          <param>
            <value>^ldaptype$</value>
            <rules>
              <rule>##CONST:NAMETITLE##</rule>
            </rules>
          </param>
          <param>
            <value>^ldapid$</value>
            <rules>
              <rule>##CONST:LETTERS##</rule>
            </rules>
          </param>
        </params>
      </url>
      <url>
        <value>^/api/edc/excel/page/\d+?$</value>
        <params>
          <param>
            <value>^name$</value>
            <rules>
              <rule>##CONST:NAMETITLE##</rule>
            </rules>
          </param>
        </params>
      </url>
      <url>
        <value>^/api/integration/esb/transform/[\w0-9]*?/getFields$</value>
        <params>
          <param>
            <value>^operate$</value>
            <rules>
              <rule>##CONST:NAMETITLE##</rule>
            </rules>
          </param>
          <param>
            <value>^transformCode$</value>
            <rules>
              <rule>##CONST:LETTERS##</rule>
            </rules>
          </param>
        </params>
      </url>
      <url>
        <value>^/api/integration/ldap/synclog/[\w0-9]*?$</value>
        <params>
          <param>
            <value>^__random__$</value>
            <rules>
              <rule>##CONST:NAMETITLE##</rule>
            </rules>
          </param>
          <param>
            <value>^linenumber$</value>
            <rules>
              <rule>##CONST:MULTINUMBER##</rule>
            </rules>
          </param>
        </params>
      </url>
      <url>
        <value>^/api/public/browser/data/[0-9\w]+?$</value>
        <params>
          <param>
            <value>^q$</value>
            <rules>
              <rule>##CONST:NAMETITLE##</rule>
            </rules>
          </param>
          <param>
            <value>^max$</value>
            <rules>
              <rule>##CONST:MULTINUMBER##</rule>
            </rules>
          </param>
          <param>
            <value>^__random__$</value>
            <rules>
              <rule>##CONST:MULTINUMBER##</rule>
            </rules>
          </param>
          <param>
            <value>^current$</value>
            <rules>
              <rule>##CONST:MULTINUMBER##</rule>
            </rules>
          </param>
          <param>
            <value>^ismobile$</value>
            <rules>
              <rule>##CONST:MULTINUMBER##</rule>
            </rules>
          </param>
          <param>
            <value>^pageSize$</value>
            <rules>
              <rule>##CONST:MULTINUMBER##</rule>
            </rules>
          </param>
          <param>
            <value>^min$</value>
            <rules>
              <rule>##CONST:MULTINUMBER##</rule>
            </rules>
          </param>
          <param>
            <value>^_ec_ismobile$</value>
            <rules>
              <rule>##CONST:MULTINUMBER##</rule>
            </rules>
          </param>
        </params>
      </url>
      <url>
        <value>^/api/edc/dataset/condition/[a-zA-Z0-9]*?$</value>
        <params>
          <param>
            <value>^__random__$</value>
            <rules>
              <rule>##CONST:MULTINUMBER##</rule>
            </rules>
          </param>
        </params>
      </url>
      <url>
        <value>^/api/integration/ldap/test/[\w0-9]*?/push$</value>
        <params>
          <param>
            <value>^__random__$</value>
            <rules>
              <rule>##CONST:NAMETITLE##</rule>
            </rules>
          </param>
        </params>
      </url>
      <url>
        <value>^/api/public/browser/complete/[0-9\w]+?$</value>
        <params>
          <param>
            <value>^q$</value>
            <rules>
              <rule>##CONST:NAMETITLE##</rule>
            </rules>
          </param>
          <param>
            <value>^f_weaver_belongto_usertype$</value>
            <rules>
              <rule>##CONST:MULTINUMBER##</rule>
            </rules>
          </param>
          <param>
            <value>^__random__$</value>
            <rules>
              <rule>##CONST:MULTINUMBER##</rule>
            </rules>
          </param>
          <param>
            <value>^isbill$</value>
            <rules>
              <rule>##CONST:MULTINUMBER##</rule>
            </rules>
          </param>
          <param>
            <value>^billid$</value>
            <rules>
              <rule>##CONST:MULTINUMBER##</rule>
            </rules>
          </param>
          <param>
            <value>^f_weaver_belongto_userid$</value>
            <rules>
              <rule>##CONST:MULTINUMBER##</rule>
            </rules>
          </param>
          <param>
            <value>^requestid$</value>
            <rules>
              <rule>##CONST:MULTINUMBER##</rule>
            </rules>
          </param>
          <param>
            <value>^viewtype$</value>
            <rules>
              <rule>##CONST:MULTINUMBER##</rule>
            </rules>
          </param>
          <param>
            <value>^wfid$</value>
            <rules>
              <rule>##CONST:MULTINUMBER##</rule>
            </rules>
          </param>
          <param>
            <value>^wfcreater$</value>
            <rules>
              <rule>##CONST:MULTINUMBER##</rule>
            </rules>
          </param>
          <param>
            <value>^fieldid$</value>
            <rules>
              <rule>##CONST:MULTINUMBER##</rule>
            </rules>
          </param>
        </params>
      </url>
      <url>
        <value>^/api/cube/restful/interface/getDataByPK/[a-zA-Z0-9_]+?$</value>
        <params>
          <param>
            <value>^datajson$</value>
            <rules>
              <rule></rule>
            </rules>
          </param>
        </params>
      </url>
      <url>
        <value>^/api/edc/report/board/sheet/[a-z0-9_]+?$</value>
        <params>
          <param>
            <value>^__random__$</value>
            <rules>
              <rule>##CONST:LETTERS##</rule>
            </rules>
          </param>
        </params>
      </url>
      <url>
        <value>^/api/cube/restful/interface/getModeDataPageCount/[a-zA-Z0-9_]+?$</value>
        <params>
          <param>
            <value>^datajson$</value>
            <rules>
              <rule></rule>
            </rules>
          </param>
        </params>
      </url>
      <url>
        <value>^/api/edc/dataset/getFieldAssign/\d+?$</value>
        <params>
          <param>
            <value>^__random__$</value>
            <rules>
              <rule>##CONST:LETTERS##</rule>
            </rules>
          </param>
        </params>
      </url>
      <url>
        <value>^/api/integration/ldap/config/[\w0-9]*?/pull/mapping$</value>
        <params>
          <param>
            <value>^mapping$</value>
            <rules>
              <rule>##CONST:FREEJSON##</rule>
            </rules>
          </param>
        </params>
      </url>
      <url>
        <value>^/api/integration/esb/transform/[\w0-9]*?/getRequestFields$</value>
        <params>
          <param>
            <value>^transformCode$</value>
            <rules>
              <rule>##CONST:LETTERS##</rule>
            </rules>
          </param>
        </params>
      </url>
      <url>
        <value>^/api/edc/dataset/deleteDataSet/[a-z0-9_]+?$</value>
        <params>
          <param>
            <value>^__random__$</value>
            <rules>
              <rule>##CONST:LETTERS##</rule>
            </rules>
          </param>
        </params>
      </url>
      <url>
        <value>^/api/edc/dataset/dataSet/[a-zA-Z0-9]{16,36}$</value>
        <params>
          <param>
            <value>^$</value>
            <rules>
              <rule></rule>
            </rules>
          </param>
        </params>
      </url>
      <url>
        <value>^/api/cube/restful/interface/getModeDataPageList/[a-zA-Z0-9_]+?$</value>
        <params>
          <param>
            <value>^datajson$</value>
            <rules>
              <rule></rule>
            </rules>
          </param>
        </params>
      </url>
      <url>
        <value>^/api/integration/esb/event/[\w0-9]*?/[\w0-9]*?/returnParams$</value>
        <params>
          <param>
            <value>^__random__$</value>
            <rules>
              <rule>##CONST:LETTERS##</rule>
            </rules>
          </param>
          <param>
            <value>^$</value>
            <rules>
              <rule></rule>
            </rules>
          </param>
          <param>
            <value>^eventId$</value>
            <rules>
              <rule>##CONST:LETTERS##</rule>
            </rules>
          </param>
        </params>
      </url>
      <url>
        <value>^/api/integration/esb/service/[\w0-9]*?/[\w0-9]*?/returnParams$</value>
        <params>
          <param>
            <value>^__random__$</value>
            <rules>
              <rule>##CONST:LETTERS##</rule>
            </rules>
          </param>
          <param>
            <value>^$</value>
            <rules>
              <rule></rule>
            </rules>
          </param>
          <param>
            <value>^serviceId$</value>
            <rules>
              <rule>##CONST:LETTERS##</rule>
            </rules>
          </param>
        </params>
      </url>
      <url>
        <value>^/api/edc/dataset/fields/[a-z0-9_]+?$</value>
        <params>
          <param>
            <value>^__random__$</value>
            <rules>
              <rule>##CONST:MULTINUMBER##</rule>
            </rules>
          </param>
        </params>
      </url>
      <url>
        <value>^/api/edc/dataset/saveFieldAssign/\d+?$</value>
        <params>
          <param>
            <value>^dsid$</value>
            <rules>
              <rule>##CONST:LETTERS##</rule>
            </rules>
          </param>
          <param>
            <value>^fieldRelations$</value>
            <rules>
              <rule>##CONST:FREEJSON##</rule>
            </rules>
          </param>
          <param>
            <value>^pageid$</value>
            <rules>
              <rule>##CONST:MULTINUMBER##</rule>
            </rules>
          </param>
          <param>
            <value>^name$</value>
            <rules>
              <rule>##CONST:LETTERS##</rule>
            </rules>
          </param>
          <param>
            <value>^conditioninfo$</value>
            <rules>
              <rule>##CONST:FREEJSON##</rule>
            </rules>
          </param>
          <param>
            <value>^triggerType$</value>
            <rules>
              <rule>##CONST:MULTINUMBER##</rule>
            </rules>
          </param>
          <param>
            <value>^type$</value>
            <rules>
              <rule>##CONST:MULTINUMBER##</rule>
            </rules>
          </param>
        </params>
      </url>
      <url>
        <value>^/api/edc/fillin/data/\d+?$</value>
        <params>
          <param>
            <value>^__random__$</value>
            <rules>
              <rule>##CONST:LETTERS##</rule>
            </rules>
          </param>
          <param>
            <value>^key$</value>
            <rules>
              <rule>##CONST:LETTERS##</rule>
            </rules>
          </param>
        </params>
      </url>
      <url>
        <value>^/api/integration/ldap/[\w0-9]*?/[\w0-9]*?/pull$</value>
        <params>
          <param>
            <value>^__random__$</value>
            <rules>
              <rule>##CONST:NAMETITLE##</rule>
              <rule>##CONST:MULTINUMBER##</rule>
            </rules>
          </param>
        </params>
      </url>
      <url>
        <value>^/api/integration/ldap/[\w0-9]*?/[\w0-9]*?/base$</value>
        <params>
          <param>
            <value>^__random__$</value>
            <rules>
              <rule>##CONST:NAMETITLE##</rule>
            </rules>
          </param>
        </params>
      </url>
      <url>
        <value>^/api/integration/ldap/run/[\w0-9]*?$</value>
        <params>
          <param>
            <value>^syncdate$</value>
            <rules>
              <rule>##CONST:NAMETITLE##</rule>
            </rules>
          </param>
        </params>
      </url>
      <url>
        <value>^/api/integration/ldap/config/[\w0-9]*?/push/sync$</value>
        <params>
          <param>
            <value>^auttibute$</value>
            <rules>
              <rule>##CONST:FREEJSON##</rule>
            </rules>
          </param>
          <param>
            <value>^$</value>
            <rules>
              <rule></rule>
            </rules>
          </param>
          <param>
            <value>^sync$</value>
            <rules>
              <rule>##CONST:FREEJSON##</rule>
            </rules>
          </param>
        </params>
      </url>
      <url>
        <value>^/api/integration/ldap/config/[\w0-9]*?/push/mapping$</value>
        <params>
          <param>
            <value>^mapping$</value>
            <rules>
              <rule>##CONST:FREEJSON##</rule>
            </rules>
          </param>
        </params>
      </url>
      <url>
        <value>^/api/integration/ldap/config/[\w0-9]*?/pull/sync$</value>
        <params>
          <param>
            <value>^auttibute$</value>
            <rules>
              <rule>##CONST:FREEJSON##</rule>
            </rules>
          </param>
          <param>
            <value>^sync$</value>
            <rules>
              <rule>##CONST:FREEJSON##</rule>
            </rules>
          </param>
        </params>
      </url>
      <url>
        <value>^/api/integration/esb/transform/[\w0-9]*?/getRightMenu$</value>
        <params>
          <param>
            <value>^transformCode$</value>
            <rules>
              <rule>##CONST:LETTERS##</rule>
            </rules>
          </param>
        </params>
      </url>
      <url>
        <value>^/api/public/browser/condition/[\w0-9]+?$</value>
        <params>
          <param>
            <value>^__random__$</value>
            <rules>
              <rule>##CONST:MULTINUMBER##</rule>
            </rules>
          </param>
          <param>
            <value>^current$</value>
            <rules>
              <rule>##CONST:MULTINUMBER##</rule>
            </rules>
          </param>
          <param>
            <value>^billid$</value>
            <rules>
              <rule>##CONST:MULTINUMBER##</rule>
            </rules>
          </param>
        </params>
      </url>
      <url>
        <value>^/api/edc/report/dataset/dataSet/[a-z0-9_]+?$</value>
        <params>
          <param>
            <value>^uuid$</value>
            <rules>
              <rule>##CONST:LETTERS##</rule>
            </rules>
          </param>
          <param>
            <value>^__random__$</value>
            <rules>
              <rule>##CONST:LETTERS##</rule>
            </rules>
          </param>
          <param>
            <value>^name$</value>
            <rules>
              <rule>##CONST:LETTERS##</rule>
            </rules>
          </param>
          <param>
            <value>^tables$</value>
            <rules>
              <rule>##CONST:FREEJSON##</rule>
            </rules>
          </param>
          <param>
            <value>^columnSetting$</value>
            <rules>
              <rule>##CONST:LETTERS##</rule>
            </rules>
          </param>
        </params>
      </url>
      <url>
        <value>^/api/edc/dataset/dataSet/[a-z0-9A-Z]+?$</value>
        <params>
          <param>
            <value>^datas$</value>
            <rules>
              <rule>##CONST:FREEJSON##</rule>
            </rules>
          </param>
          <param>
            <value>^pageid$</value>
            <rules>
              <rule>##CONST:MULTINUMBER##</rule>
            </rules>
          </param>
          <param>
            <value>^__random__$</value>
            <rules>
              <rule>##CONST:MULTINUMBER##</rule>
            </rules>
          </param>
          <param>
            <value>^name$</value>
            <rules>
              <rule>##CONST:NAMETITLE##</rule>
            </rules>
          </param>
          <param>
            <value>^dataSource$</value>
            <rules>
              <rule>##CONST:NAMETITLE##</rule>
            </rules>
          </param>
        </params>
      </url>
      <url>
        <value>^/api/edc/dataset/dataSet/[a-zA-Z0-9]$</value>
        <params>
          <param>
            <value>^__random__$</value>
            <rules>
              <rule>##CONST:MULTINUMBER##</rule>
            </rules>
          </param>
          <param>
            <value>^pageid$</value>
            <rules>
              <rule>##CONST:MULTINUMBER##</rule>
            </rules>
          </param>
        </params>
      </url>
      <url>
        <value>^/api/integration/ldap/test/base/[\w0-9]*?/getrightmenu$</value>
        <params>
          <param>
            <value>^__random__$</value>
            <rules>
              <rule>##CONST:NAMETITLE##</rule>
            </rules>
          </param>
          <param>
            <value>^ldaptype$</value>
            <rules>
              <rule>##CONST:NAMETITLE##</rule>
            </rules>
          </param>
          <param>
            <value>^ldapid$</value>
            <rules>
              <rule>##CONST:LETTERS##</rule>
            </rules>
          </param>
        </params>
      </url>
      <url>
        <value>^/api/integration/accountsetting/[\w0-9]+?$</value>
        <params>
          <param>
            <value>^__random__$</value>
            <rules>
              <rule>##CONST:MULTINUMBER##</rule>
            </rules>
          </param>
        </params>
      </url>
      <url>
        <value>^/api/integration/datashow/test/[a-z0-9_]+?$</value>
        <params>
          <param>
            <value>^$</value>
            <rules>
              <rule></rule>
            </rules>
          </param>
        </params>
      </url>
      <url>
        <value>^/api/cube/restful/interface/deleteModeDataByPK/[a-zA-Z0-9_]+?$</value>
        <params>
          <param>
            <value>^datajson$</value>
            <rules>
              <rule></rule>
            </rules>
          </param>
        </params>
      </url>
    </urls>
  </special-url-reg>
</root>
