<?xml version="1.0" encoding="UTF-8"?>
<root>
	<special-non>
		<urls>
			<url>
				<value>/cloudstore/app/no0000200/e9login/changeLanguageInfo.jsp</value>
				<params>
					<param>
						<value>languageid</value>
						<rules>
							<rule>##CONST:MULTINUMBER##</rule>
						</rules>
					</param>
				</params>
			</url>
			<url>
				<value>/login/VerifyLogin.jsp</value>
				<params>
					<param>
						<value>logintype</value>
						<rules>
							<rule>##CONST:MULTINUMBER##</rule>
						</rules>
					</param>
				</params>
			</url>
			<url>
				<value>/wui/common/page/sysRemind.jsp</value>
				<params>
					<param>
						<value>browserOS</value>
						<rules>
							<rule>##CONST:NAMETITLE##</rule>
						</rules>
					</param>
					<param>
						<value>browserName</value>
						<rules>
							<rule>##CONST:NAMETITLE##</rule>
						</rules>
					</param>
				</params>
			</url>
			<url>
				<value>/hrm/password/resetPassword.jsp</value>
				<params>
					<param>
						<value>loginid</value>
						<rules>
							<rule>##CONST:LOGINID##</rule>
						</rules>
					</param>
				</params>
			</url>
			<url>
				<value>/hrm/password/passwordQuestion.jsp</value>
				<params>
					<param>
						<value>loginid</value>
						<rules>
							<rule>##CONST:LOGINID##</rule>
						</rules>
					</param>
				</params>
			</url>
		</urls>
	</special-non>
</root>