<?xml version="1.0" encoding="UTF-8"?>
<root>
	<special-non>
		<urls>
				  <url>
					<value>/hrm/group/HrmGroupSuggestList.jsp</value>
					<params>
					   <param>
						<is-dynamic-param>0</is-dynamic-param>
						<value>status</value>
						<rules>
						  <rule>##CONST:MULTINUMBER##</rule>
						</rules>
					  </param>
					   <param>
						<is-dynamic-param>0</is-dynamic-param>
						<value>creater</value>
						<rules>
						  <rule>##CONST:MULTINUMBER##</rule>
						</rules>
					  </param>
					</params>
				 </url>
				 <url>
					<value>/hrm/report/schedulediff/HrmScheduleDiffMonthAttDetail.jsp</value>
					<params>
					   <param>
						<is-dynamic-param>0</is-dynamic-param>
						<value>status</value>
						<rules>
						  <rule>##CONST:MULTINUMBER##</rule>
						</rules>
					  </param>
					</params>
				 </url>
				  <url>
					<value>/page/element/news/more.jsp</value>
					<params>
					   <param>
						<is-dynamic-param>0</is-dynamic-param>
						<value>keyword</value>
						<rules>
						  <rule>##CONST:NAMETITLE##</rule>
						</rules>
					  </param>
					</params>
				 </url>
				  <url>
					<value>/workflow/form/form_operation.jsp</value>
					<params>
					   <param>
						<is-dynamic-param>0</is-dynamic-param>
						<value>isoldform</value>
						<rules>
						  <rule>##CONST:MULTINUMBER##</rule>
						</rules>
					  </param>
					</params>
				 </url>
				 <url>
					<value>/workflow/search/WFSearchTemp.jsp</value>
					<params>
					   <param>
						<is-dynamic-param>0</is-dynamic-param>
						<value>multiSubIds</value>
						<rules>
						  <rule>##CONST:MULTINUMBER##</rule>
						</rules>
					  </param>
					</params>
				 </url>
				  <url>
					<value>/docs/docs/DocMoreForHp.jsp</value>
					<params>
					   <param>
						<is-dynamic-param>0</is-dynamic-param>
						<value>eid</value>
						<rules>
						  <rule>##CONST:MULTINUMBER##</rule>
						</rules>
					  </param>
					</params>
				 </url>
				  <url>
					<value>/docs/search/DocCommonContent.jsp</value>
					<params>
					   <param>
						<is-dynamic-param>0</is-dynamic-param>
						<value>eid</value>
						<rules>
						  <rule>##CONST:MULTINUMBER##</rule>
						</rules>
					  </param>
					</params>
				 </url>
				  <url>
					<value>/homepage/maint/HomepageMaintOperate.jsp</value>
					<params>
					   <param>
						<is-dynamic-param>0</is-dynamic-param>
						<value>subcompanyid</value>
						<rules>
						  <rule>##CONST:MULTINUMBER##</rule>
						</rules>
					  </param>
					    <param>
						<is-dynamic-param>0</is-dynamic-param>
						<value>isRedirectUrl</value>
						<rules>
						  <rule>##CONST:MULTINUMBER##</rule>
						</rules>
					  </param>
					   <param>
						<is-dynamic-param>0</is-dynamic-param>
						<value>redirectUrl</value>
						<rules>
						  <rule>##CONST:NAMETITLE##</rule>
						</rules>
					  </param>
					</params>
				 </url>
				 <url>
					<value>/homepage/maint/LoginMaintOperate</value>
					<params>
					   <param>
						<is-dynamic-param>0</is-dynamic-param>
						<value>txtOnlyOnSave</value>
						<rules>
						  <rule>##CONST:LETTERS##</rule>
						</rules>
					  </param>
					   <param>
						<is-dynamic-param>0</is-dynamic-param>
						<value>seleLayoutid</value>
						<rules>
						  <rule>##CONST:MULTINUMBER##</rule>
						</rules>
					  </param>
					   <param>
						<is-dynamic-param>0</is-dynamic-param>
						<value>isRedirectUrl</value>
						<rules>
						  <rule>##CONST:MULTINUMBER##</rule>
						</rules>
					  </param>
					   <param>
						<is-dynamic-param>0</is-dynamic-param>
						<value>redirectUrl</value>
						<rules>
						  <rule>##CONST:NAMETITLE##</rule>
						</rules>
					  </param>
					  <param>
						<is-dynamic-param>0</is-dynamic-param>
						<value>infoname</value>
						<rules>
						  <rule>##CONST:NAMETITLE##</rule>
						</rules>
					  </param>
					</params>
				 </url>
				 <url>
					<value>/workflow/workflow/CreateDocumentByWorkFlowOperation.jsp</value>
					<params>
					   <param>
						<is-dynamic-param>0</is-dynamic-param>
						<value>pathCategoryDocument__</value>
						<rules>
						  <rule>##CONST:MULTINUMBER##</rule>
						</rules>
					  </param>
					</params>
				 </url>
				 <url>
					<value>/workflow/workflow/wf_operation.jsp</value>
					<params>
					   <param>
						<is-dynamic-param>0</is-dynamic-param>
						<value>typeid</value>
						<rules>
						  <rule>##CONST:MULTINUMBER##</rule>
						</rules>
					  </param>
					   <param>
						<is-dynamic-param>0</is-dynamic-param>
						<value>templateid</value>
						<rules>
						  <rule>##CONST:MULTINUMBER##</rule>
						</rules>
					  </param>
					  <param>
						<is-dynamic-param>0</is-dynamic-param>
						<value>wfname</value>
						<rules>
						  <rule>##CONST:NAMETITLE##</rule>
						</rules>
					  </param>
					   <param>
						<is-dynamic-param>0</is-dynamic-param>
						<value>submitnode__</value>
						<rules>
						  <rule>##CONST:NAMETITLE##</rule>
						</rules>
					  </param>
					   <param>
						<is-dynamic-param>0</is-dynamic-param>
						<value>submitnode</value>
						<rules>
						  <rule>##CONST:MULTINUMBER##</rule>
						</rules>
					  </param>
					   <param>
						<is-dynamic-param>0</is-dynamic-param>
						<value>subcompanyid</value>
						<rules>
						  <rule>##CONST:MULTINUMBER##</rule>
						</rules>
					  </param>
					   <param>
						<is-dynamic-param>0</is-dynamic-param>
						<value>seccategory</value>
						<rules>
						  <rule>##CONST:MULTINUMBER##</rule>
						</rules>
					  </param>
					   <param>
						<is-dynamic-param>0</is-dynamic-param>
						<value>pathcategory__</value>
						<rules>
						  <rule>##CONST:NAMETITLE##</rule>
						</rules>
					  </param>
					   <param>
						<is-dynamic-param>0</is-dynamic-param>
						<value>pathcategory</value>
						<rules>
						  <rule>##CONST:NAMETITLE##</rule>
						</rules>
					  </param>
					   <param>
						<is-dynamic-param>0</is-dynamic-param>
						<value>orderbytype</value>
						<rules>
						  <rule>##CONST:MULTINUMBER##</rule>
						</rules>
					  </param>
					  <param>
						<is-dynamic-param>0</is-dynamic-param>
						<value>oldtypeid</value>
						<rules>
						  <rule>##CONST:MULTINUMBER##</rule>
						</rules>
					  </param>
					  <param>
						<is-dynamic-param>0</is-dynamic-param>
						<value>oldiscust</value>
						<rules>
						  <rule>##CONST:MULTINUMBER##</rule>
						</rules>
					  </param>
					  <param>
						<is-dynamic-param>0</is-dynamic-param>
						<value>oldisbill</value>
						<rules>
						  <rule>##CONST:MULTINUMBER##</rule>
						</rules>
					  </param>
					  <param>
						<is-dynamic-param>0</is-dynamic-param>
						<value>oldformid</value>
						<rules>
						  <rule>##CONST:MULTINUMBER##</rule>
						</rules>
					  </param>
					  <param>
						<is-dynamic-param>0</is-dynamic-param>
						<value>notRemindifArchived</value>
						<rules>
						  <rule>##CONST:MULTINUMBER##</rule>
						</rules>
					  </param>
					  <param>
						<is-dynamic-param>0</is-dynamic-param>
						<value>newdocpath__</value>
						<rules>
						  <rule>##CONST:NAMETITLE##</rule>
						</rules>
					  </param>
					  <param>
						<is-dynamic-param>0</is-dynamic-param>
						<value>needShow</value>
						<rules>
						  <rule>##CONST:MULTINUMBER##</rule>
						</rules>
					  </param>
					   <param>
						<is-dynamic-param>0</is-dynamic-param>
						<value>isvalid</value>
						<rules>
						  <rule>##CONST:MULTINUMBER##</rule>
						</rules>
					  </param>
					   <param>
						<is-dynamic-param>0</is-dynamic-param>
						<value>istemplate</value>
						<rules>
						  <rule>##CONST:MULTINUMBER##</rule>
						</rules>
					  </param>
					   <param>
						<is-dynamic-param>0</is-dynamic-param>
						<value>isSignWorkflow</value>
						<rules>
						  <rule>##CONST:MULTINUMBER##</rule>
						</rules>
					  </param>
					   <param>
						<is-dynamic-param>0</is-dynamic-param>
						<value>isSignDoc</value>
						<rules>
						  <rule>##CONST:MULTINUMBER##</rule>
						</rules>
					  </param>
					  <param>
						<is-dynamic-param>0</is-dynamic-param>
						<value>isShowChart</value>
						<rules>
						  <rule>##CONST:MULTINUMBER##</rule>
						</rules>
					  </param>
					  <param>
						<is-dynamic-param>0</is-dynamic-param>
						<value>isshared</value>
						<rules>
						  <rule>##CONST:MULTINUMBER##</rule>
						</rules>
					  </param>
					  <param>
						<is-dynamic-param>0</is-dynamic-param>
						<value>isneeddelacc</value>
						<rules>
						  <rule>##CONST:MULTINUMBER##</rule>
						</rules>
					  </param>
					  <param>
						<is-dynamic-param>0</is-dynamic-param>
						<value>isModifyLog</value>
						<rules>
						  <rule>##CONST:MULTINUMBER##</rule>
						</rules>
					  </param>
					  <param>
						<is-dynamic-param>0</is-dynamic-param>
						<value>isimportwf</value>
						<rules>
						  <rule>##CONST:MULTINUMBER##</rule>
						</rules>
					  </param>
					  <param>
						<is-dynamic-param>0</is-dynamic-param>
						<value>isImportDetail</value>
						<rules>
						  <rule>##CONST:MULTINUMBER##</rule>
						</rules>
					  </param>
					   <param>
						<is-dynamic-param>0</is-dynamic-param>
						<value>isforwardrights</value>
						<rules>
						  <rule>##CONST:MULTINUMBER##</rule>
						</rules>
					  </param>
					  <param>
						<is-dynamic-param>0</is-dynamic-param>
						<value>helpdocid</value>
						<rules>
						  <rule>##CONST:MULTINUMBER##</rule>
						</rules>
					  </param>
					   <param>
						<is-dynamic-param>0</is-dynamic-param>
						<value>formid__</value>
						<rules>
						  <rule>##CONST:NAMETITLE##</rule>
						</rules>
					  </param>
					   <param>
						<is-dynamic-param>0</is-dynamic-param>
						<value>forbidAttDownload</value>
						<rules>
						  <rule>##CONST:MULTINUMBER##</rule>
						</rules>
					  </param>
					   <param>
						<is-dynamic-param>0</is-dynamic-param>
						<value>fnaWfType2</value>
						<rules>
						  <rule>##CONST:MULTINUMBER##</rule>
						</rules>
					  </param>
					  <param>
						<is-dynamic-param>0</is-dynamic-param>
						<value>fieldNotImport</value>
						<rules>
						  <rule>##CONST:MULTINUMBER##</rule>
						</rules>
					  </param>
					   <param>
						<is-dynamic-param>0</is-dynamic-param>
						<value>endShowCharts</value>
						<rules>
						  <rule>##CONST:MULTINUMBER##</rule>
						</rules>
					  </param>
					   <param>
						<is-dynamic-param>0</is-dynamic-param>
						<value>dsporder</value>
						<rules>
						  <rule>##CONST:MULTINUMBER##</rule>
						</rules>
					  </param>
					  <param>
						<is-dynamic-param>0</is-dynamic-param>
						<value>defaultName</value>
						<rules>
						  <rule>##CONST:NAMETITLE##</rule>
						</rules>
					  </param>
					   <param>
						<is-dynamic-param>0</is-dynamic-param>
						<value>catalogtype</value>
						<rules>
						  <rule>##CONST:MULTINUMBER##</rule>
						</rules>
					  </param>
					  <param>
						<is-dynamic-param>0</is-dynamic-param>
						<value>candelacc</value>
						<rules>
						  <rule>##CONST:MULTINUMBER##</rule>
						</rules>
					  </param>
					  <param>
						<is-dynamic-param>0</is-dynamic-param>
						<value>archiveNoMsgAlert</value>
						<rules>
						  <rule>##CONST:MULTINUMBER##</rule>
						</rules>
					  </param>
					  <param>
						<is-dynamic-param>0</is-dynamic-param>
						<value>archiveNoMailAlert</value>
						<rules>
						  <rule>##CONST:MULTINUMBER##</rule>
						</rules>
					  </param>
					   <param>
						<is-dynamic-param>0</is-dynamic-param>
						<value>annexsubcategory</value>
						<rules>
						  <rule>##CONST:MULTINUMBER##</rule>
						</rules>
					  </param>
					   <param>
						<is-dynamic-param>0</is-dynamic-param>
						<value>annexseccategory</value>
						<rules>
						  <rule>##CONST:MULTINUMBER##</rule>
						</rules>
					  </param>
					   <param>
						<is-dynamic-param>0</is-dynamic-param>
						<value>annexmaincategory</value>
						<rules>
						  <rule>##CONST:MULTINUMBER##</rule>
						</rules>
					  </param>
					   <param>
						<is-dynamic-param>0</is-dynamic-param>
						<value>annexseccategory</value>
						<rules>
						  <rule>##CONST:NAMETITLE##</rule>
						</rules>
					  </param>
					   <param>
						<is-dynamic-param>0</is-dynamic-param>
						<value>chatsType</value>
						<rules>
						  <rule>##CONST:MULTINUMBER##</rule>
						</rules>
					  </param>
					</params>
				 </url>
		</urls>
		</special-non>
</root>
