<?xml version="1.0" encoding="UTF-8"?>
<root>
	<special-non>
		<urls>
				  <url>
					<value>/systeminfo/SysMaintenanceLog.jsp</value>
					<params>
					   <param>
						<is-dynamic-param>0</is-dynamic-param>
						<value>loginResult</value>
						<rules>
						  <rule>##CONST:MULTINUMBER##</rule>
						</rules>
					  </param>
					</params>
				 </url>
				 <url>
					<value>/workflow/search/WFSuperviseList.jsp</value>
					<params>
					   <param>
						<is-dynamic-param>0</is-dynamic-param>
						<value>prjids</value>
						<rules>
						  <rule>##CONST:MULTINUMBER##</rule>
						</rules>
					  </param>
					</params>
				 </url>
				  <url>
					<value>/docs/category/MultiCategorySingleBrowser.jsp</value>
					<params>
					   <param>
						<is-dynamic-param>0</is-dynamic-param>
						<value>hasWarm</value>
						<rules>
						  <rule>##CONST:MULTINUMBER##</rule>
						</rules>
					  </param>
					  <param>
						<is-dynamic-param>0</is-dynamic-param>
						<value>hasCancel</value>
						<rules>
						  <rule>##CONST:MULTINUMBER##</rule>
						</rules>
					  </param>
					</params>
				 </url>
				 <url>
					<value>/docs/mouldfile/DocMouldAdd.jsp</value>
					<params>
					   <param>
						<is-dynamic-param>0</is-dynamic-param>
						<value>_fromURL</value>
						<rules>
						  <rule>##CONST:NAMETITLE##</rule>
						</rules>
					  </param>
					</params>
				 </url>
				 <url>
					<value>/workflow/request/WorkflowMultiPrintMiddleHandler.jsp</value>
					<params>
					   <param>
						<is-dynamic-param>0</is-dynamic-param>
						<value>wfcode</value>
						<rules>
						  <rule>##CONST:NAMETITLE##</rule>
						</rules>
					  </param>
					   <param>
						<is-dynamic-param>0</is-dynamic-param>
						<value>typeId</value>
						<rules>
						  <rule>##CONST:MULTINUMBER##</rule>
						</rules>
					  </param>
					   <param>
						<is-dynamic-param>0</is-dynamic-param>
						<value>todate</value>
						<rules>
						  <rule>##CONST:DATE##</rule>
						</rules>
					  </param>
					   <param>
						<is-dynamic-param>0</is-dynamic-param>
						<value>createDate</value>
						<rules>
						  <rule>##CONST:DATE##</rule>
						</rules>
					  </param>
					   <param>
						<is-dynamic-param>0</is-dynamic-param>
						<value>archiveDate</value>
						<rules>
						  <rule>##CONST:DATE##</rule>
						</rules>
					  </param>
					  <param>
						<is-dynamic-param>0</is-dynamic-param>
						<value>startDate</value>
						<rules>
						  <rule>##CONST:DATE##</rule>
						</rules>
					  </param>
					   <param>
						<is-dynamic-param>0</is-dynamic-param>
						<value>requestname</value>
						<rules>
						  <rule>##CONST:NAMETITLE##</rule>
						</rules>
					  </param>
					   <param>
						<is-dynamic-param>0</is-dynamic-param>
						<value>requestlevel</value>
						<rules>
						  <rule>##CONST:MULTINUMBER##</rule>
						</rules>
					  </param>
					  <param>
						<is-dynamic-param>0</is-dynamic-param>
						<value>ismultiprint</value>
						<rules>
						  <rule>##CONST:MULTINUMBER##</rule>
						</rules>
					  </param>
					  <param>
						<is-dynamic-param>0</is-dynamic-param>
						<value>fromdate</value>
						<rules>
						  <rule>##CONST:DATE##</rule>
						</rules>
					  </param>
					  <param>
						<is-dynamic-param>0</is-dynamic-param>
						<value>enddate</value>
						<rules>
						  <rule>##CONST:DATE##</rule>
						</rules>
					  </param>
					  <param>
						<is-dynamic-param>0</is-dynamic-param>
						<value>createrid1</value>
						<rules>
						  <rule>##CONST:MULTINUMBER##</rule>
						</rules>
					  </param>
					</params>
				 </url>
				  <url>
					<value>/workflow/search/RequestDeleteList.jsp</value>
					<params>
					   <param>
						<is-dynamic-param>0</is-dynamic-param>
						<value>requestname</value>
						<rules>
						  <rule>##CONST:NAMETITLE##</rule>
						</rules>
					  </param>
					   <param>
						<is-dynamic-param>0</is-dynamic-param>
						<value>requestmark</value>
						<rules>
						  <rule>##CONST:FREETEXTAREA##</rule>
						</rules>
					  </param>
					  <param>
						<is-dynamic-param>0</is-dynamic-param>
						<value>createdateto</value>
						<rules>
						  <rule>##CONST:DATE##</rule>
						</rules>
					  </param>
					  <param>
						<is-dynamic-param>0</is-dynamic-param>
						<value>createdatefrom</value>
						<rules>
						  <rule>##CONST:DATE##</rule>
						</rules>
					  </param>
					</params>
				 </url>
				  <url>
					<value>/meeting/report/AjaxMeetingRoomPlan.jsp</value>
					<params>
					   <param>
						<is-dynamic-param>0</is-dynamic-param>
						<value>canEdit</value>
						<rules>
						  <rule>##CONST:LETTERS##</rule>
						</rules>
					  </param>
					</params>
				 </url>
				 <url>
					<value>/hrm/schedule/hrmScheduleSet/time.jsp</value>
					<params>
						<param>
						<is-dynamic-param>0</is-dynamic-param>
						<value>startDate</value>
						<rules>
						  <rule>##CONST:DATE##</rule>
						</rules>
					  </param>
					  <param>
						<is-dynamic-param>0</is-dynamic-param>
						<value>endDate</value>
						<rules>
						  <rule>##CONST:DATE##</rule>
						</rules>
					  </param>
					   <param>
						<is-dynamic-param>0</is-dynamic-param>
						<value>resourceId</value>
						<rules>
						  <rule>##CONST:MULTINUMBER##</rule>
						</rules>
					  </param>
					   <param>
						<is-dynamic-param>0</is-dynamic-param>
						<value>sId</value>
						<rules>
						  <rule>##CONST:NAMETITLE##</rule>
						</rules>
					  </param>
					   <param>
						<is-dynamic-param>0</is-dynamic-param>
						<value>field001</value>
						<rules>
						  <rule>##CONST:NAMETITLE##</rule>
						</rules>
					  </param>
					</params>
				 </url>
				  <url>
					<value>/meeting/Maint/MeetingRoomBrowserChld.jsp</value>
					<params>
					   <param>
						<is-dynamic-param>0</is-dynamic-param>
						<value>equipment</value>
						<rules>
						  <rule>##CONST:NAMETITLE##</rule>
						</rules>
					  </param>
					</params>
				 </url>
				  <url>
					<value>/CRM/data/CustomerBrowser.jsp</value>
					<params>
					   <param>
						<is-dynamic-param>0</is-dynamic-param>
						<value>crmcode</value>
						<rules>
						  <rule>##CONST:NAMETITLE##</rule>
						</rules>
					  </param>
					</params>
				 </url>
				  <url>
					<value>/hrm/group/MultiGroupBrowserAjax.jsp</value>
					<params>
					   <param>
						<is-dynamic-param>0</is-dynamic-param>
						<value>systemIds</value>
						<rules>
						  <rule>##CONST:MULTINUMBER##</rule>
						</rules>
					  </param>
					    <param>
						<is-dynamic-param>0</is-dynamic-param>
						<value>selectedids</value>
						<rules>
						  <rule>##CONST:MULTINUMBER##</rule>
						</rules>
					  </param>
					</params>
				 </url>
				 <url>
					<value>/hrm/group/HrmGroupBaseAdd.jsp</value>
					<params>
					   <param>
						<is-dynamic-param>0</is-dynamic-param>
						<value>type</value>
						<rules>
						  <rule>##CONST:MULTINUMBER##</rule>
						</rules>
					  </param>
					   <param>
						<is-dynamic-param>0</is-dynamic-param>
						<value>cmd</value>
						<rules>
						  <rule>##CONST:LETTERS##</rule>
						</rules>
					  </param>
					</params>
				 </url>
				 <url>
					<value>/hrm/group/GroupOperation.jsp</value>
					<params>
					   <param>
						<is-dynamic-param>0</is-dynamic-param>
						<value>istree</value>
						<rules>
						  <rule>##CONST:LETTERS##</rule>
						</rules>
					  </param>
					</params>
				 </url>
				 <url>
					<value>/hrm/group/GroupShareAdd.jsp</value>
					<params>
					   <param>
						<is-dynamic-param>0</is-dynamic-param>
						<value>isclose</value>
						<rules>
						  <rule>##CONST:MULTINUMBER##</rule>
						</rules>
					  </param>
					</params>
				 </url>
				 <url>
					<value>/hrm/schedule/hrmScheduleSet/content.jsp</value>
					<params>
					   <param>
						<is-dynamic-param>0</is-dynamic-param>
						<value>cmd</value>
						<rules>
						  <rule>##CONST:LETTERS##</rule>
						</rules>
					  </param>
					</params>
				 </url>
				  <url>
					<value>/homepage/maint/HomepageMaintOperate.jsp</value>
					<params>
					   <param>
						<is-dynamic-param>0</is-dynamic-param>
						<value>txtArea_A</value>
						<rules>
						  <rule>##CONST:FREETEXTAREA##</rule>
						</rules>
					  </param>
					</params>
				 </url>
				 <url>
					<value>/workflow/workflow/CreateDocumentByWorkFlowOperation.jsp</value>
					<params>
					   <param>
						<is-dynamic-param>0</is-dynamic-param>
						<value>cleanCopyNodes</value>
						<rules>
						  <rule>##CONST:MULTINUMBER##</rule>
						</rules>
					  </param>
					</params>
				 </url>
				  <url>
					<value>/docs/search/DocCommonContent.jsp</value>
					<params>
					   <param>
						<is-dynamic-param>0</is-dynamic-param>
						<value>infoId</value>
						<rules>
						  <rule>##CONST:MULTINUMBER##</rule>
						</rules>
					  </param>
					</params>
				 </url>
				 <url>
					<value>/workflow/workflow/DeleteNodeList.jsp</value>
					<params>
					   <param>
						<is-dynamic-param>0</is-dynamic-param>
						<value>nodename</value>
						<rules>
						  <rule>##CONST:NAMETITLE##</rule>
						</rules>
					  </param>
					  <param>
						<is-dynamic-param>0</is-dynamic-param>
						<value>createdateto</value>
						<rules>
						  <rule>##CONST:DATE##</rule>
						</rules>
					  </param>
					  <param>
						<is-dynamic-param>0</is-dynamic-param>
						<value>createdatefrom</value>
						<rules>
						  <rule>##CONST:DATE##</rule>
						</rules>
					  </param>
					</params>
				 </url>
				 <url>
					<value>/workflow/workflow/wf_operation.jsp</value>
					<params>
					   <param>
						<is-dynamic-param>0</is-dynamic-param>
						<value>notRemindifArchived</value>
						<rules>
						  <rule>##CONST:MULTINUMBER##</rule>
						</rules>
					  </param>
					   <param>
						<is-dynamic-param>0</is-dynamic-param>
						<value>annexmaincategory</value>
						<rules>
						  <rule>##CONST:MULTINUMBER##</rule>
						</rules>
					  </param>
					   <param>
						<is-dynamic-param>0</is-dynamic-param>
						<value>ajax</value>
						<rules>
						  <rule>##CONST:MULTINUMBER##</rule>
						</rules>
					  </param>
					   <param>
						<is-dynamic-param>0</is-dynamic-param>
						<value>submittype</value>
						<rules>
						  <rule>##CONST:MULTINUMBER##</rule>
						</rules>
					  </param>
					   <param>
						<is-dynamic-param>0</is-dynamic-param>
						<value>submitnode</value>
						<rules>
						  <rule>##CONST:MULTINUMBER##</rule>
						</rules>
					  </param>
					   <param>
						<is-dynamic-param>0</is-dynamic-param>
						<value>subcategory</value>
						<rules>
						  <rule>##CONST:MULTINUMBER##</rule>
						</rules>
					  </param>
					   <param>
						<is-dynamic-param>0</is-dynamic-param>
						<value>smsAlertsType</value>
						<rules>
						  <rule>##CONST:MULTINUMBER##</rule>
						</rules>
					  </param>
					   <param>
						<is-dynamic-param>0</is-dynamic-param>
						<value>messageType</value>
						<rules>
						  <rule>##CONST:MULTINUMBER##</rule>
						</rules>
					  </param>
					  <param>
						<is-dynamic-param>0</is-dynamic-param>
						<value>mailMessageType</value>
						<rules>
						  <rule>##CONST:MULTINUMBER##</rule>
						</rules>
					  </param>
					  <param>
						<is-dynamic-param>0</is-dynamic-param>
						<value>issignview</value>
						<rules>
						  <rule>##CONST:MULTINUMBER##</rule>
						</rules>
					  </param>
					   <param>
						<is-dynamic-param>0</is-dynamic-param>
						<value>iscust</value>
						<rules>
						  <rule>##CONST:MULTINUMBER##</rule>
						</rules>
					  </param>
					   <param>
						<is-dynamic-param>0</is-dynamic-param>
						<value>isbill</value>
						<rules>
						  <rule>##CONST:MULTINUMBER##</rule>
						</rules>
					  </param>
					  <param>
						<is-dynamic-param>0</is-dynamic-param>
						<value>isannexUpload</value>
						<rules>
						  <rule>##CONST:MULTINUMBER##</rule>
						</rules>
					  </param>
					  <param>
						<is-dynamic-param>0</is-dynamic-param>
						<value>chatsAlertType</value>
						<rules>
						  <rule>##CONST:MULTINUMBER##</rule>
						</rules>
					  </param>
					</params>
				 </url>
		</urls>
		</special-non>
</root>
