<?xml version="1.0" encoding="UTF-8"?>
<root>
	<noempty-refer-list>
		<url>/formmode/template/TemplateManageIframe.jsp</url>
		<url>/album/AlbumFolderOperation.jsp</url>
		<url>/album/PhotoOperation.jsp</url>
		<url>/album/PhotoSearchOperation.jsp</url>
		<url>/album/ReviewOperation.jsp</url>
		<url>/base/ffield/CRM_FreeFieldOperation.jsp</url>
		<url>/base/ffield/CustomerFreeFieldOperation.jsp</url>
		<url>/base/ffield/FreeFieldOperation.jsp</url>
		<url>/blog/blogOperation.jsp</url>
		<url>/blog/BlogSettingOperation.jsp</url>
		<url>/blog/export/blogExportOperation.jsp</url>
		<url>/blog/group/BlogGroupOperation.jsp</url>
		<url>/blog/saveBlogOperation.jsp</url>
		<url>/car/CarInfoOperation.jsp</url>
		<url>/car/CarUseInfoOperation.jsp</url>
		<url>/cowork/CoworkApplyOperation.jsp</url>
		<url>/cowork/CoworkItemMarkOperation.jsp</url>
		<url>/cowork/CoworkOperation.jsp</url>
		<url>/cowork/discussOperation.jsp</url>
		<url>/cowork/type/CoworkAppSettingOperation.jsp</url>
		<url>/cowork/type/MainTypeOperation.jsp</url>
		<url>/cowork/type/TypeOperation.jsp</url>
		<url>/cpcompanyinfo/WorkflowAtOperation.jsp</url>
		<url>/cpt/capital/CapitalDiscardOperation.jsp</url>
		<url>/cpt/capital/CapitalExcelToDBOperation.jsp</url>
		<url>/cpt/capital/CapitalHandOverOperation.jsp</url>
		<url>/cpt/capital/CapitalInstock1Operation.jsp</url>
		<url>/cpt/capital/CapitalInstock2Operation.jsp</url>
		<url>/cpt/capital/CapitalInStockOperation.jsp</url>
		<url>/cpt/capital/CapitalLendOperation.jsp</url>
		<url>/cpt/capital/CapitalLossOperation.jsp</url>
		<url>/cpt/capital/CapitalMendOperation.jsp</url>
		<url>/cpt/capital/CapitalMoveInOperation.jsp</url>
		<url>/cpt/capital/CapitalMoveOperation.jsp</url>
		<url>/cpt/capital/CapitalMoveOutOperation.jsp</url>
		<url>/cpt/capital/CapitalOtherOperation.jsp</url>
		<url>/cpt/capital/CapitalReturnOperation.jsp</url>
		<url>/cpt/capital/CapitalUseOperation.jsp</url>
		<url>/cpt/capital/CptCapitalBackOperation.jsp</url>
		<url>/cpt/capital/CptCapitalModifyOperation.jsp</url>
		<url>/cpt/capital/CptCapitalOperation.jsp</url>
		<url>/cpt/capital/CptSearchDefinitionOperation.jsp</url>
		<url>/cpt/capital/ShareOperation.jsp</url>
		<url>/cpt/car/CarDriverBasicinfoOperation.jsp</url>
		<url>/cpt/car/CarDriverDataOperation.jsp</url>
		<url>/cpt/car/CarParameterOperation.jsp</url>
		<url>/cpt/car/CarTypeOperation.jsp</url>
		<url>/cpt/coding/coderOperation.jsp</url>
		<url>/cpt/ffield/cptFieldOperation.jsp</url>
		<url>/cpt/ffield/cptGroupOperation.jsp</url>
		<url>/cpt/maintenance/AssortShareOperation.jsp</url>
		<url>/cpt/maintenance/CapitalCheckStockOperation.jsp</url>
		<url>/cpt/maintenance/CapitalGroupOperation.jsp</url>
		<url>/cpt/maintenance/CapitalStateOperation.jsp</url>
		<url>/cpt/maintenance/CapitalTypeOperation.jsp</url>
		<url>/cpt/maintenance/CptAssortmentOperation.jsp</url>
		<url>/cpt/maintenance/DepreMethod1Operation.jsp</url>
		<url>/cpt/maintenance/DepreMethod2Operation.jsp</url>
		<url>/cpt/search/SearchMouldOperation.jsp</url>
		<url>/cpt/search/SearchOperation.jsp</url>
		<url>/CRM/contacter/ContacterOperation.jsp</url>
		<url>/CRM/contacter/Operation.jsp</url>
		<url>/CRM/CrmExcelToDBOperation.jsp</url>
		<url>/CRM/customer/CrmLabelOperation.jsp</url>
		<url>/CRM/customer/Operation.jsp</url>
		<url>/CRM/data/AddressOperation.jsp</url>
		<url>/CRM/data/ChangeLevelCustomerOperation.jsp</url>
		<url>/CRM/data/ContacterApplicationOperation.jsp</url>
		<url>/CRM/data/ContacterLogRemindOperation.jsp</url>
		<url>/CRM/data/ContacterOperation.jsp</url>
		<url>/CRM/data/ContactLogOperation.jsp</url>
		<url>/CRM/data/ContractExchangeOperation.jsp</url>
		<url>/CRM/data/ContractOperation.jsp</url>
		<url>/CRM/data/ContractShareOperation.jsp</url>
		<url>/CRM/data/CustomerBrowserOperation.jsp</url>
		<url>/CRM/data/CustomerFrameOperation.jsp</url>
		<url>/CRM/data/CustomerOperation.jsp</url>
		<url>/CRM/data/CustomerPerOperation.jsp</url>
		<url>/CRM/data/ShareMutiCustomerOperation.jsp</url>
		<url>/CRM/data/ShareOperation.jsp</url>
		<url>/CRM/data/TypeShareOperation.jsp</url>
		<url>/CRM/data/UniteCustomerOperation.jsp</url>
		<url>/CRM/data/ViewContactOperation.jsp</url>
		<url>/CRM/data/ViewMessageOperation.jsp</url>
		<url>/CRM/investigate/CancelOperation.jsp</url>
		<url>/CRM/investigate/FormOperation.jsp</url>
		<url>/CRM/investigate/InputReportItemOperation.jsp</url>
		<url>/CRM/investigate/InputReportOperation.jsp</url>
		<url>/CRM/Maint/AddressTypeOperation.jsp</url>
		<url>/CRM/Maint/ContacterTitleOperation.jsp</url>
		<url>/CRM/Maint/ContactWayOperation.jsp</url>
		<url>/CRM/Maint/CreditInfoOperation.jsp</url>
		<url>/CRM/Maint/CRMContractTypeOperation.jsp</url>
		<url>/CRM/Maint/CustomerCreditOperation.jsp</url>
		<url>/CRM/Maint/CustomerDescOperation.jsp</url>
		<url>/CRM/Maint/CustomerRatingOperation.jsp</url>
		<url>/CRM/Maint/CustomerSizeOperation.jsp</url>
		<url>/CRM/Maint/CustomerStatusOperation.jsp</url>
		<url>/CRM/Maint/CustomerTypeOperation.jsp</url>
		<url>/CRM/Maint/DeliveryTypeOperation.jsp</url>
		<url>/CRM/Maint/EvaluationLevelOperation.jsp</url>
		<url>/CRM/Maint/EvaluationOperation.jsp</url>
		<url>/CRM/Maint/PaymentTermOperation.jsp</url>
		<url>/CRM/Maint/SectorInfoOperation.jsp</url>
		<url>/CRM/Maint/TradeInfoOperation.jsp</url>
		<url>/CRM/manage/channel/base/CustomerBizTypeOperation.jsp</url>
		<url>/CRM/manage/channel/base/CustomerDeputizeBrandOperation.jsp</url>
		<url>/CRM/manage/channel/base/CustomerIntentOperation.jsp</url>
		<url>/CRM/manage/channel/base/CustomerProjectPhaseOperation.jsp</url>
		<url>/CRM/manage/channel/data/CustomerChannelInfoOperation.jsp</url>
		<url>/CRM/manage/channel/import/CustomerChannelImportOperation.jsp</url>
		<url>/CRM/manage/contacter/ContacterOperation.jsp</url>
		<url>/CRM/manage/contacter/Operation.jsp</url>
		<url>/CRM/manage/customer/Operation.jsp</url>
		<url>/CRM/manage/data/ContacterLogRemindOperation.jsp</url>
		<url>/CRM/manage/data/ContacterOperation.jsp</url>
		<url>/CRM/manage/data/ContactLogOperation.jsp</url>
		<url>/CRM/manage/data/CustomerOperation.jsp</url>
		<url>/CRM/manage/data/FeedbackOperation.jsp</url>
		<url>/CRM/manage/data/TransferMutiCustomerOperation.jsp</url>
		<url>/CRM/manage/import/CustomerImportOperation.jsp</url>
		<url>/CRM/manage/report/Operation.jsp</url>
		<url>/CRM/manage/search/SearchOperation.jsp</url>
		<url>/CRM/manage/sellchance/manage/data/Operation.jsp</url>
		<url>/CRM/manage/sellchance/Operation.jsp</url>
		<url>/CRM/manage/sellchance/SellChanceOperation.jsp</url>
		<url>/CRM/manage/sellchance/TemplateOperation.jsp</url>
		<url>/CRM/manage/util/Operation.jsp</url>
		<url>/CRM/search/CustomizeOperation.jsp</url>
		<url>/CRM/search/SearchOperation.jsp</url>
		<url>/CRM/search/SearchResultOperation.jsp</url>
		<url>/CRM/sellchance/CRMFactorOperation.jsp</url>
		<url>/CRM/sellchance/CRMStatusOperation.jsp</url>
		<url>/CRM/sellchance/CRMTimespanOperation.jsp</url>
		<url>/CRM/sellchance/CRMTypesOperation.jsp</url>
		<url>/CRM/sellchance/SellchanceLabelOperation.jsp</url>
		<url>/CRM/sellchance/SellChanceOperation.jsp</url>
		<url>/datacenter/input/InputReportDataOperation.jsp</url>
		<url>/datacenter/input/InputReportMtiDataOperation.jsp</url>
		<url>/datacenter/input/InputReportMutiUploadOperation.jsp</url>
		<url>/datacenter/input/InputReportUploadOperation.jsp</url>
		<url>/datacenter/input/ModDataOperation.jsp</url>
		<url>/datacenter/maintenance/condition/OutReportConditionOperation.jsp</url>
		<url>/datacenter/maintenance/inputreport/InputReportItemMultiOperation.jsp</url>
		<url>/datacenter/maintenance/inputreport/InputReportItemOperation.jsp</url>
		<url>/datacenter/maintenance/inputreport/InputReportItemtypeMultiOperation.jsp</url>
		<url>/datacenter/maintenance/inputreport/InputReportItemtypeOperation.jsp</url>
		<url>/datacenter/maintenance/inputreport/InputReportOperation.jsp</url>
		<url>/datacenter/maintenance/outreport/OutReportItemOperation.jsp</url>
		<url>/datacenter/maintenance/outreport/OutReportOperation.jsp</url>
		<url>/datacenter/maintenance/outreport/ReportSearchModuleOperation.jsp</url>
		<url>/datacenter/maintenance/reportstatus/ModDataOperation.jsp</url>
		<url>/datacenter/maintenance/reportstatus/ReportConfirmMtiOperation.jsp</url>
		<url>/datacenter/maintenance/reportstatus/ReportConfirmOperation.jsp</url>
		<url>/datacenter/maintenance/statitem/ReportStatItemOperation.jsp</url>
		<url>/datacenter/maintenance/user/reportstatus/ModDataOperation.jsp</url>
		<url>/datacenter/maintenance/user/reportstatus/ReportConfirmMtiOperation.jsp</url>
		<url>/datacenter/maintenance/user/reportstatus/ReportConfirmOperation.jsp</url>
		<url>/datacenter/maintenance/user/UserManagerOperation.jsp</url>
		<url>/discuss/ExchangeOperation.jsp</url>
		<url>/docs/category/ContentSettingOperation.jsp</url>
		<url>/docs/category/docs/DocUpgradeOperation.jsp</url>
		<url>/docs/category/DocSecCategoryApproveWfOperation.jsp</url>
		<url>/docs/category/DocSecCategoryCodeRuleOperation.jsp</url>
		<url>/docs/category/DocSecCategoryCustomSearchEditOperation.jsp</url>
		<url>/docs/category/DocSecCategoryDocPropertiesEditOperation.jsp</url>
		<url>/docs/category/DocSecCategoryEditionOperation.jsp</url>
		<url>/docs/category/DocSecCategorySaveAsTmplOperation.jsp</url>
		<url>/docs/category/DocSecCategoryTempletOperation.jsp</url>
		<url>/docs/category/DocTreeDocFieldOperation.jsp</url>
		<url>/docs/category/PermissionOperation.jsp</url>
		<url>/docs/category/SecCategoryOperation.jsp</url>
		<url>/docs/category/ShareOperation.jsp</url>
		<url>/docs/category/SubCategoryOperation.jsp</url>
		<url>/docs/change/DocChangeFieldOperation.jsp</url>
		<url>/docs/change/WorkflowFieldConfigOperation.jsp</url>
		<url>/docs/docs/ApproveDocOperation.jsp</url>
		<url>/docs/docs/DocShareOperation.jsp</url>
		<url>/docs/docs/PersonalDocOperation.jsp</url>
		<url>/docs/docs/ShareManageDocOperation.jsp</url>
		<url>/docs/docs/ShareMutiDocOperation.jsp</url>
		<url>/docs/docs/ShareProcessOperation.jsp</url>
		<url>/docs/DocUpgradeOperation.jsp</url>
		<url>/docs/mould/DocMouldLabelOrderOperation.jsp</url>
		<url>/docs/mouldfile/DocMouldLabelOrderOperation.jsp</url>
		<url>/docs/news/NewsOperation.jsp</url>
		<url>/docs/news/type/newstypeOperation.jsp</url>
		<url>/docs/search/DocSearchMouldOperation.jsp</url>
		<url>/docs/search/DocSearchOperation.jsp</url>
		<url>/docs/sendDoc/docCheckOperation.jsp</url>
		<url>/docs/sendDoc/docInstancyLevelOperation.jsp</url>
		<url>/docs/sendDoc/docKindOperation.jsp</url>
		<url>/docs/sendDoc/docNumberOperation.jsp</url>
		<url>/docs/sendDoc/DocReceiveUnitOperation.jsp</url>
		<url>/docs/sendDoc/docSecretLevelOperation.jsp</url>
		<url>/docs/sendDoc/systemIpOperation.jsp</url>
		<url>/docs/sendDoc/WorkflowKeywordOperation.jsp</url>
		<url>/docs/tools/DocCopyMoveOperation.jsp</url>
		<url>/docs/tools/DocPicUploadOperation.jsp</url>
		<url>/docs/tools/DocSysDefaultsOperation.jsp</url>
		<url>/docs/tools/DocUserDefaultOperation.jsp</url>
		<url>/docs/type/DocTypeOperation.jsp</url>
		<url>/ecology/systeminfo/CopyFileOperation.jsp</url>
		<url>/ecology/WEB-INF/replaceFiles/E6/ecology/systeminfo/template/templateOperation.jsp</url>
		<url>/ecology/WEB-INF/replaceFiles/E7/ecology/systeminfo/template/templateOperation.jsp</url>
		<url>/ecology/WEB-INF/replaceFiles/E8/ecology/systeminfo/template/templateOperation.jsp</url>
		<url>/email/MailAccountCheckInfoOperation.jsp</url>
		<url>/email/MailAccountOperation.jsp</url>
		<url>/email/MailContacterOperation.jsp</url>
		<url>/email/MailInboxOperation.jsp</url>
		<url>/email/MailOperation.jsp</url>
		<url>/email/MailRuleOperation.jsp</url>
		<url>/email/MailSettingOperation.jsp</url>
		<url>/email/MailShareOperation.jsp</url>
		<url>/email/MailSignOperation.jsp</url>
		<url>/email/MailTemplateOperation.jsp</url>
		<url>/email/MailTimingDateReceiveOperation.jsp</url>
		<url>/email/MailUserGroupOperation.jsp</url>
		<url>/email/MailWaitdealOperation.jsp</url>
		<url>/email/maint/MailMaintOperation.jsp</url>
		<url>/email/new/AttachmentOperation.jsp</url>
		<url>/email/new/ContactManageOperation.jsp</url>
		<url>/email/new/FolderManageOperation.jsp</url>
		<url>/email/new/GroupManageOperation.jsp</url>
		<url>/email/new/LabelManageOperation.jsp</url>
		<url>/email/new/MailAutoRespondOperation.jsp</url>
		<url>/email/new/MailContacterAddOperation.jsp</url>
		<url>/email/new/MailManageOperation.jsp</url>
		<url>/email/new/MailMonitorOperation.jsp</url>
		<url>/email/new/MailRuleOperation.jsp</url>
		<url>/email/WeavermailOperation.jsp</url>
		<url>/email/WeavermailSendOperation.jsp</url>
		<url>/express/calendar/WorkPlanViewOperation.jsp</url>
		<url>/express/task/data/Operation.jsp</url>
		<url>/express/TaskOperation.jsp</url>
		<url>/favourite/FavouriteActiveOperation.jsp</url>
		<url>/favourite/FavouriteOperation.jsp</url>
		<url>/favourite/FavouriteTabOperation.jsp</url>
		<url>/favourite/SysFavouriteOperation.jsp</url>
		<url>/fna/budget/BudgetAuditOperation.jsp</url>
		<url>/fna/budget/FnaBudgetOperation.jsp</url>
		<url>/fna/budget/FnaSystemSetOperation.jsp</url>
		<url>/fna/costCenter/CostCenterOperation.jsp</url>
		<url>/fna/indicator/FnaIndicatorOperation.jsp</url>
		<url>/fna/maintenance/FnaBudgetfeeTypeOperation.jsp</url>
		<url>/fna/maintenance/FnaBudgetModuleOperation.jsp</url>
		<url>/fna/maintenance/FnaCurrenciesOperation.jsp</url>
		<url>/fna/maintenance/FnaDptToKingdeeOperation.jsp</url>
		<url>/fna/maintenance/FnaExpensefeeTypeOperation.jsp</url>
		<url>/fna/maintenance/FnaIndicatorOperation.jsp</url>
		<url>/fna/maintenance/FnaLedgerCategoryOperation.jsp</url>
		<url>/fna/maintenance/FnaLedgerOperation.jsp</url>
		<url>/fna/maintenance/FnaPersonalReturnOperation.jsp</url>
		<url>/fna/maintenance/FnaYearsPeriodsOperation.jsp</url>
		<url>/fna/transaction/FnaTransactionOperation.jsp</url>
		<url>/formmode/apps/ktree/KtreeDiscussOperation.jsp</url>
		<url>/formmode/apps/ktree/KtreeTabInfoOperation.jsp</url>
		<url>/formmode/batchoperate/ModeBatchOperation.jsp</url>
		<url>/formmode/batchoperate/ModeBatchSetOperation.jsp</url>
		<url>/formmode/browser/CreateBrowserOperation.jsp</url>
		<url>/formmode/browser/CustomBrowserOperation.jsp</url>
		<url>/formmode/custompage/CustomPageOperation.jsp</url>
		<url>/formmode/data/ModeDataOperation.jsp</url>
		<url>/formmode/import/ModeImportOperation.jsp</url>
		<url>/formmode/import/ModeUploadOperation.jsp</url>
		<url>/formmode/import/ProcessOperation.jsp</url>
		<url>/formmode/interfaces/action/SapActionEditOperation.jsp</url>
		<url>/formmode/interfaces/action/WsActionEditOperation.jsp</url>
		<url>/formmode/interfaces/dmlaction/DMLActionSettingOperation.jsp</url>
		<url>/formmode/interfaces/ModeDataBatchImportOperation.jsp</url>
		<url>/formmode/interfaces/ModePageExpandOperation.jsp</url>
		<url>/formmode/interfaces/ModePageExpandRelatedFieldSetOperation.jsp</url>
		<url>/formmode/interfaces/ModeTriggerWorkflowSetOperation.jsp</url>
		<url>/formmode/interfaces/shareOperation.jsp</url>
		<url>/formmode/interfaces/WorkflowToModeSetOperation.jsp</url>
		<url>/formmode/menu/CustomLeftMenuNameOperation.jsp</url>
		<url>/formmode/menu/CustomLeftMenuOperation.jsp</url>
		<url>/formmode/menu/CustomMainMenuNameOperation.jsp</url>
		<url>/formmode/menu/CustomMenuNameOperation.jsp</url>
		<url>/formmode/menu/LeftMenuMaintenanceOperation.jsp</url>
		<url>/formmode/menu/LeftMenuOperation.jsp</url>
		<url>/formmode/menu/LoginPageOperation.jsp</url>
		<url>/formmode/menu/MainMenuOperation.jsp</url>
		<url>/formmode/menu/MenuMaintenanceOperation.jsp</url>
		<url>/formmode/report/ReportOperation.jsp</url>
		<url>/formmode/report/ReportShareOperation.jsp</url>
		<url>/formmode/search/CustomSearchButtOperation.jsp</url>
		<url>/formmode/search/CustomSearchOperation.jsp</url>
		<url>/formmode/search/CustomShareOperation.jsp</url>
		<url>/formmode/setup/BrowserXMLFileOperation.jsp</url>
		<url>/formmode/setup/coderOperation.jsp</url>
		<url>/formmode/setup/fieldauthorizeOperation.jsp</url>
		<url>/formmode/setup/formEngineSetOperation.jsp</url>
		<url>/formmode/setup/LayoutDtlQuerySetOperation.jsp</url>
		<url>/formmode/setup/LayoutOperation.jsp</url>
		<url>/formmode/setup/ModeOperation.jsp</url>
		<url>/formmode/setup/ModeRightOperation.jsp</url>
		<url>/formmode/setup/ModeTreeFieldOperation.jsp</url>
		<url>/formmode/setup/triggerOperation.jsp</url>
		<url>/formmode/template/SaveTemplateOperation.jsp</url>
		<url>/formmode/tree/CustomTreeNodeOperation.jsp</url>
		<url>/formmode/tree/CustomTreeOperation.jsp</url>
		<url>/formmode/view/formModeComOperation.jsp</url>
		<url>/formmode/view/ModeDetailImportOperation.jsp</url>
		<url>/formmode/view/ModeShareOperation.jsp</url>
		<url>/fullsearch/AjaxHrmOperation.jsp</url>
		<url>/fullsearch/robot/AjaxOperation.jsp</url>
		<url>/fullsearch/robot/RobotOperation.jsp</url>
		<url>/homepage/maint/HomepageLocationOperation.jsp</url>
		<url>/homepage/maint/HomepageShareOperation.jsp</url>
		<url>/homepage/maint/LoginPageOperation.jsp</url>
		<url>/hrm/actualize/HrmCheckMarkOperation.jsp</url>
		<url>/hrm/award/HrmAwardOperation.jsp</url>
		<url>/hrm/award/HrmAwardTypeOperation.jsp</url>
		<url>/hrm/career/ApplyRemarkOperation.jsp</url>
		<url>/hrm/career/careerplan/CareerPlanInformOperation.jsp</url>
		<url>/hrm/career/careerplan/CareerPlanOperation.jsp</url>
		<url>/hrm/career/HrmApplyOperation.jsp</url>
		<url>/hrm/career/HrmCareerApplyOperation.jsp</url>
		<url>/hrm/career/HrmCareerInviteOperation.jsp</url>
		<url>/hrm/career/HrmInterviewManageOperation.jsp</url>
		<url>/hrm/career/HrmInterviewOperation.jsp</url>
		<url>/hrm/career/HrmShareOperation.jsp</url>
		<url>/hrm/career/usedemand/UseDemandOperation.jsp</url>
		<url>/hrm/check/HrmCheckItemOperation.jsp</url>
		<url>/hrm/check/HrmCheckOperation.jsp</url>
		<url>/hrm/city/CityOperation.jsp</url>
		<url>/hrm/company/CcMainOperation.jsp</url>
		<url>/hrm/company/CcOperation.jsp</url>
		<url>/hrm/company/CcSubOperation.jsp</url>
		<url>/hrm/company/CompanyOperation.jsp</url>
		<url>/hrm/company/DepartmentOperation.jsp</url>
		<url>/hrm/company/deptFieldOperation.jsp</url>
		<url>/hrm/company/HrmFieldOperation.jsp</url>
		<url>/hrm/company/subcompanyFieldOperation.jsp</url>
		<url>/hrm/company/SubCompanyOperation.jsp</url>
		<url>/hrm/companyvirtual/CompanyOperation.jsp</url>
		<url>/hrm/companyvirtual/DepartmentOperation.jsp</url>
		<url>/hrm/companyvirtual/ResourceOperation.jsp</url>
		<url>/hrm/companyvirtual/SubCompanyOperation.jsp</url>
		<url>/hrm/competency/CompetencyOperation.jsp</url>
		<url>/hrm/contract/contract/HrmContractOperation.jsp</url>
		<url>/hrm/contract/contracttemplet/HrmConTempletOperation.jsp</url>
		<url>/hrm/contract/contracttype/HrmConTypeOperation.jsp</url>
		<url>/hrm/country/CountryOperation.jsp</url>
		<url>/hrm/definedform/HrmFieldGroupOperation.jsp</url>
		<url>/hrm/definedform/HrmFieldOperation.jsp</url>
		<url>/hrm/educationlevel/EduLevelOperation.jsp</url>
		<url>/hrm/employee/EmployeeAddOperation.jsp</url>
		<url>/hrm/employee/EmployeeMainOperation.jsp</url>
		<url>/hrm/employee/EmployeeOperation.jsp</url>
		<url>/hrm/finance/bank/HrmBankOperation.jsp</url>
		<url>/hrm/finance/compensation/CompansationTargetMaintOperation.jsp</url>
		<url>/hrm/finance/compensation/CompensationTargetSetOperation.jsp</url>
		<url>/hrm/finance/salary/HrmSalaryItemOperation.jsp</url>
		<url>/hrm/finance/salary/HrmSalaryOperation.jsp</url>
		<url>/hrm/finance/salary/PieceRateMaintOperation.jsp</url>
		<url>/hrm/finance/salary/PieceRateSetOperation.jsp</url>
		<url>/hrm/group/GroupOperation.jsp</url>
		<url>/hrm/group/GroupShareOperation.jsp</url>
		<url>/hrm/jobactivities/JobActivitiesOperation.jsp</url>
		<url>/hrm/jobcall/JobCallOperation.jsp</url>
		<url>/hrm/jobgroups/JobGroupsOperation.jsp</url>
		<url>/hrm/jobtitles/JobTitlesOperation.jsp</url>
		<url>/hrm/jobtitlestemplet/JobTitlesTempletOperation.jsp</url>
		<url>/hrm/jobtype/JobTypeOperation.jsp</url>
		<url>/hrm/location/LocationOperation.jsp</url>
		<url>/hrm/orggroup/HrmOrgGroupOperation.jsp</url>
		<url>/hrm/orggroup/HrmOrgGroupRelatedOperation.jsp</url>
		<url>/hrm/performance/checkScheme/CheckSchemeOperation.jsp</url>
		<url>/hrm/performance/checkScheme/RuleOperation.jsp</url>
		<url>/hrm/performance/goal/goalRevisionOperation.jsp</url>
		<url>/hrm/performance/goal/myGoalOperation.jsp</url>
		<url>/hrm/performance/maintenance/alertTime/alertOperation.jsp</url>
		<url>/hrm/performance/maintenance/checkFlow/checkFlowOperation.jsp</url>
		<url>/hrm/performance/maintenance/checkFlow/FlowOperation.jsp</url>
		<url>/hrm/performance/maintenance/checkGrade/GradeOperation.jsp</url>
		<url>/hrm/performance/maintenance/custom/CustomOperation.jsp</url>
		<url>/hrm/performance/maintenance/diyCheck/CheckOperation.jsp</url>
		<url>/hrm/performance/maintenance/planKind/PlanOperation.jsp</url>
		<url>/hrm/performance/maintenance/targetType/TargetTypeOperation.jsp</url>
		<url>/hrm/performance/pointRule/RuleOperation.jsp</url>
		<url>/hrm/performance/targetCheck/CheckOperation.jsp</url>
		<url>/hrm/performance/targetCheck/modifyPointOperation.jsp</url>
		<url>/hrm/performance/targetCheck/ruleOperation.jsp</url>
		<url>/hrm/performance/targetPlan/PlanModulOperation.jsp</url>
		<url>/hrm/performance/targetPlan/PlanOperation.jsp</url>
		<url>/hrm/performance/targetPlan/PlanRevisionOperation.jsp</url>
		<url>/hrm/performance/targetReport/ReportOperation.jsp</url>
		<url>/hrm/province/ProvinceOperation.jsp</url>
		<url>/hrm/report/careerapply/HrmRpCareerApplyOperation.jsp</url>
		<url>/hrm/report/resource/DefineOperation.jsp</url>
		<url>/hrm/report/resource/HrmConstRpSubOperation.jsp</url>
		<url>/hrm/report/resource/HrmRpSubOperation.jsp</url>
		<url>/hrm/report/resource/SaveTemplateOperation.jsp</url>
		<url>/hrm/resource/HrmCustomFieldOperation.jsp</url>
		<url>/hrm/resource/HrmImportOperation.jsp</url>
		<url>/hrm/resource/HrmResourceAbsense1Operation.jsp</url>
		<url>/hrm/resource/HrmResourceCertificationOperation.jsp</url>
		<url>/hrm/resource/HrmResourceCompetencyOperation.jsp</url>
		<url>/hrm/resource/HrmResourceComponentOperation.jsp</url>
		<url>/hrm/resource/HrmResourceEditOperation.jsp</url>
		<url>/hrm/resource/HrmResourceEducationInfoOperation.jsp</url>
		<url>/hrm/resource/HrmResourceFamilyInfoOperation.jsp</url>
		<url>/hrm/resource/HrmResourceLanguageAbilityOperation.jsp</url>
		<url>/hrm/resource/HrmResourceOperation.jsp</url>
		<url>/hrm/resource/HrmResourceOtherInfoOperation.jsp</url>
		<url>/hrm/resource/HrmResourcePlanColorOperation.jsp</url>
		<url>/hrm/resource/HrmResourceRewardsRecordOperation.jsp</url>
		<url>/hrm/resource/HrmResourceSkillOperation.jsp</url>
		<url>/hrm/resource/HrmResourceStatusOperation.jsp</url>
		<url>/hrm/resource/HrmResourceSysOperation.jsp</url>
		<url>/hrm/resource/HrmResourceTrainRecordOperation.jsp</url>
		<url>/hrm/resource/HrmResourceWelfareOperation.jsp</url>
		<url>/hrm/resource/HrmResourceWorkResumeInOperation.jsp</url>
		<url>/hrm/resource/HrmResourceWorkResumeOperation.jsp</url>
		<url>/hrm/roles/HrmRoleRightOperation.jsp</url>
		<url>/hrm/roles/HrmRolesFucRightOperation.jsp</url>
		<url>/hrm/roles/HrmRolesMembersOperation.jsp</url>
		<url>/hrm/roles/HrmRolesOperation.jsp</url>
		<url>/hrm/roles/HrmRolesStrRightOperation.jsp</url>
		<url>/hrm/schedule/AnnualBatchOperation.jsp</url>
		<url>/hrm/schedule/AnnualManagementImportOperation.jsp</url>
		<url>/hrm/schedule/AnnualManagementOperation.jsp</url>
		<url>/hrm/schedule/AnnualPeriodOperation.jsp</url>
		<url>/hrm/schedule/HrmArrangeShiftMaintanceOperation.jsp</url>
		<url>/hrm/schedule/HrmArrangeShiftOperation.jsp</url>
		<url>/hrm/schedule/HrmArrangeShiftSetOperation.jsp</url>
		<url>/hrm/schedule/HrmDefaultScheduleOperation.jsp</url>
		<url>/hrm/schedule/HrmDeptScheduleOperation.jsp</url>
		<url>/hrm/schedule/HrmInTimecardOperation.jsp</url>
		<url>/hrm/schedule/HrmkqSystemSetOperation.jsp</url>
		<url>/hrm/schedule/HrmOnlineKqSystemSetOperation.jsp</url>
		<url>/hrm/schedule/HrmPubHolidayOperation.jsp</url>
		<url>/hrm/schedule/HrmResouceScheduleOperation.jsp</url>
		<url>/hrm/schedule/HrmScheduleDiffOperation.jsp</url>
		<url>/hrm/schedule/HrmScheduleMaintanceOperation.jsp</url>
		<url>/hrm/schedule/HrmScheduleMonthOperation.jsp</url>
		<url>/hrm/schedule/HrmTimecardGetDataOperation.jsp</url>
		<url>/hrm/schedule/HrmTimecardOperation.jsp</url>
		<url>/hrm/schedule/HrmTimecardUserOperation.jsp</url>
		<url>/hrm/schedule/HrmTimeCardWarpOperation.jsp</url>
		<url>/hrm/schedule/HrmValidateTimecardOperation.jsp</url>
		<url>/hrm/schedule/HrmWorkTimeOperation.jsp</url>
		<url>/hrm/schedule/HrmWorkTimeWarpOperation.jsp</url>
		<url>/hrm/schedule/LeaveTypeColorOperation.jsp</url>
		<url>/hrm/schedule/PaidSickLeaveImportOperation.jsp</url>
		<url>/hrm/schedule/PSLBatchOperation.jsp</url>
		<url>/hrm/schedule/PSLManagementOperation.jsp</url>
		<url>/hrm/schedule/PSLPeriodOperation.jsp</url>
		<url>/hrm/search/HrmResourceSearchMouldOperation.jsp</url>
		<url>/hrm/setting/BirthdayAdminSettingOperation.jsp</url>
		<url>/hrm/setting/HrmSettingOperation.jsp</url>
		<url>/hrm/speciality/SpecialityOperation.jsp</url>
		<url>/hrm/synorg/SynOrganizationOperation.jsp</url>
		<url>/hrm/tools/HrmdsporderOperation.jsp</url>
		<url>/hrm/tools/HrmOtherInfoTypeOperation.jsp</url>
		<url>/hrm/tools/HrmValidateOperation.jsp</url>
		<url>/hrm/tools/NetworkSegmentStrategyOperation.jsp</url>
		<url>/hrm/tools/RewardsTypeOperation.jsp</url>
		<url>/hrm/tools/TrainTypeOperation.jsp</url>
		<url>/hrm/train/train/TrainDayOperation.jsp</url>
		<url>/hrm/train/train/TrainOperation.jsp</url>
		<url>/hrm/train/train/TrainOtherOperation.jsp</url>
		<url>/hrm/train/trainlayout/TrainLayoutOperation.jsp</url>
		<url>/hrm/train/trainplan/TrainPlanOperation.jsp</url>
		<url>/hrm/train/trainplan/TrainPlanRangeOperation.jsp</url>
		<url>/hrm/train/trainresource/TrainResourceOperation.jsp</url>
		<url>/hrm/train/traintype/TrainTypeOperation.jsp</url>
		<url>/hrm/transfer/HrmRightTransferOperation.jsp</url>
		<url>/hrm/usekind/UseKindOperation.jsp</url>
		<url>/hrm/userdefine/UserDefineOperation.jsp</url>
		<url>/integration/browse/integrationBrowerOperation.jsp</url>
		<url>/integration/dataInterOperation.jsp</url>
		<url>/integration/dateSource/dataDMLOperation.jsp</url>
		<url>/integration/dateSource/dataSAPOperation.jsp</url>
		<url>/integration/dateSource/dataWebserviceOperation.jsp</url>
		<url>/integration/financesettingOperation.jsp</url>
		<url>/integration/heteProductsOperation.jsp</url>
		<url>/integration/hrsettingOperation.jsp</url>
		<url>/integration/ldapsettingOperation.jsp</url>
		<url>/integration/Monitoring/FunSystemOperation.jsp</url>
		<url>/integration/Monitoring/WfSystemOperation.jsp</url>
		<url>/integration/rtxsettingOperation.jsp</url>
		<url>/integration/serviceReg/serviceReg_1Operation.jsp</url>
		<url>/integration/serviceReg/serviceReg_2Operation.jsp</url>
		<url>/integration/serviceReg/serviceReg_3NewParamsModeOperation.jsp</url>
		<url>/integration/serviceReg/serviceReg_3Operation.jsp</url>
		<url>/integration/WSsettingOperation.jsp</url>
		<url>/integration/WsShowEditSetOperation.jsp</url>
		<url>/interface/AccountOperation.jsp</url>
		<url>/interface/HrmManualSynOperation.jsp</url>
		<url>/interface/outter/OutterSysOperation.jsp</url>
		<url>/interface/outter/OutterSysShareOperation.jsp</url>
		<url>/keygenerator/KeyGeneratorOriginalOperation.jsp</url>
		<url>/ldap/DesignateOperation.jsp</url>
		<url>/ldap/ldapOperation.jsp</url>
		<url>/lgc/asset/LgcAssetCrmOperation.jsp</url>
		<url>/lgc/asset/LgcAssetOperation.jsp</url>
		<url>/lgc/asset/LgcAssetOtherCountryOperation.jsp</url>
		<url>/lgc/asset/LgcAssetPriceOperation.jsp</url>
		<url>/lgc/asset/LgcAssetStockOperation.jsp</url>
		<url>/lgc/asset/LgcConfigurationOperation.jsp</url>
		<url>/lgc/catalog/LgcAssetBasketOperation.jsp</url>
		<url>/lgc/catalog/LgcCatalogsOperation.jsp</url>
		<url>/lgc/maintenance/LgcAssetRelationTypeOperation.jsp</url>
		<url>/lgc/maintenance/LgcAssetTypeOperation.jsp</url>
		<url>/lgc/maintenance/LgcAssetUnitOperation.jsp</url>
		<url>/lgc/maintenance/LgcAssortmentBrowserOperation.jsp</url>
		<url>/lgc/maintenance/LgcAssortmentOperation.jsp</url>
		<url>/lgc/maintenance/LgcCountTypeOperation.jsp</url>
		<url>/lgc/maintenance/LgcPaymentTypeOperation.jsp</url>
		<url>/lgc/maintenance/LgcStockModeOperation.jsp</url>
		<url>/lgc/maintenance/LgcToolsOperation.jsp</url>
		<url>/lgc/maintenance/LgcWarehouseOperation.jsp</url>
		<url>/lgc/sales/LgcWebSalesOperation.jsp</url>
		<url>/lgc/search/LgcProductOperation.jsp</url>
		<url>/lgc/search/LgcSearchOperation.jsp</url>
		<url>/matrixmanage/pages/MassMaintOperation.jsp</url>
		<url>/matrixmanage/pages/MatrixMaintOperation.jsp</url>
		<url>/matrixmanage/pages/MatrixOperation.jsp</url>
		<url>/meeting/data/AjaxMeetingOperation.jsp</url>
		<url>/meeting/data/MeetingDecisionOperation.jsp</url>
		<url>/meeting/data/MeetingOperation.jsp</url>
		<url>/meeting/data/MeetingReCrmOperation.jsp</url>
		<url>/meeting/data/MeetingReHrmOperation.jsp</url>
		<url>/meeting/data/MeetingReOthersOperation.jsp</url>
		<url>/meeting/data/MeetingScheduleOperation.jsp</url>
		<url>/meeting/data/MeetingTopicDateOperation.jsp</url>
		<url>/meeting/data/MeetingTopicOperation.jsp</url>
		<url>/meeting/data/TopicDocOperation.jsp</url>
		<url>/meeting/defined/FieldGroupOperation.jsp</url>
		<url>/meeting/defined/FieldLabelOperation.jsp</url>
		<url>/meeting/defined/GroupFieldOperation.jsp</url>
		<url>/meeting/defined/NoGroupFieldOperation.jsp</url>
		<url>/meeting/Maint/MeetingAddressOperation.jsp</url>
		<url>/meeting/Maint/MeetingCallerOperation.jsp</url>
		<url>/meeting/Maint/MeetingMemberOperation.jsp</url>
		<url>/meeting/Maint/MeetingRoomOperation.jsp</url>
		<url>/meeting/Maint/MeetingServiceOperation.jsp</url>
		<url>/meeting/Maint/MeetingSetOperation.jsp</url>
		<url>/meeting/Maint/MeetingTypeOperation.jsp</url>
		<url>/meeting/Maint/MeetMonitorOperation.jsp</url>
		<url>/meeting/search/SearchOperation.jsp</url>
		<url>/mobilemode/apps/pms/Operation.jsp</url>
		<url>/page/element/addwf/Operation.jsp</url>
		<url>/page/element/Audio/Operation.jsp</url>
		<url>/page/element/blogStatus/Operation.jsp</url>
		<url>/page/element/contacts/Operation.jsp</url>
		<url>/page/element/DataCenter/Operation.jsp</url>
		<url>/page/element/ElementShareOperation.jsp</url>
		<url>/page/element/Favourite/Operation.jsp</url>
		<url>/page/element/Flash/Operation.jsp</url>
		<url>/page/element/FormModeCustomSearch/FormModeCustomSearchOperation.jsp</url>
		<url>/page/element/FormModeCustomSearch/Operation.jsp</url>
		<url>/page/element/jobsinfo/Operation.jsp</url>
		<url>/page/element/login/Operation.jsp</url>
		<url>/page/element/Menu/Operation.jsp</url>
		<url>/page/element/MyCalendar/Operation.jsp</url>
		<url>/page/element/MyCalendar/WorkPlanViewOperation.jsp</url>
		<url>/page/element/news/Operation.jsp</url>
		<url>/page/element/notice/Operation.jsp</url>
		<url>/page/element/OutData/Operation.jsp</url>
		<url>/page/element/OutData/tabOperation.jsp</url>
		<url>/page/element/outterSys/Operation.jsp</url>
		<url>/page/element/Picture/Operation.jsp</url>
		<url>/page/element/Picture/PictureOperation.jsp</url>
		<url>/page/element/plan/Operation.jsp</url>
		<url>/page/element/scratchpad/Operation.jsp</url>
		<url>/page/element/scratchpad/ScratchpadOperation.jsp</url>
		<url>/page/element/SearchEngine/Operation.jsp</url>
		<url>/page/element/Slide/Operation.jsp</url>
		<url>/page/element/Slide/PictureOperation.jsp</url>
		<url>/page/element/Task/Operation.jsp</url>
		<url>/page/element/Video/Operation.jsp</url>
		<url>/page/element/Weather/Operation.jsp</url>
		<url>/page/maint/element/ElementOperation.jsp</url>
		<url>/page/maint/menu/SyncMenuToSubCompanyOperation.jsp</url>
		<url>/page/PortalSettingOperation.jsp</url>
		<url>/performance/access/AccessOperation.jsp</url>
		<url>/performance/base/AccessItemOperation.jsp</url>
		<url>/performance/base/BaseOperation.jsp</url>
		<url>/performance/base/ScoreSettingOperation.jsp</url>
		<url>/performance/program/ProgramOperation.jsp</url>
		<url>/poolOperation.jsp</url>
		<url>/portal/plugin/homepage/ecology7theme/themeOperation.jsp</url>
		<url>/proj/CodeFormat/CodeFormatOperation.jsp</url>
		<url>/proj/coding/coderOperation.jsp</url>
		<url>/proj/data/PrjShareOperation.jsp</url>
		<url>/proj/data/ProjCustomerOperation.jsp</url>
		<url>/proj/data/ProjectOperation.jsp</url>
		<url>/proj/data/ProjMemberOperation.jsp</url>
		<url>/proj/data/ShareOperation.jsp</url>
		<url>/proj/data/TypeShareOperation.jsp</url>
		<url>/proj/ffield/prjFieldOperation.jsp</url>
		<url>/proj/ffield/prjGroupOperation.jsp</url>
		<url>/proj/ffield/prjTypeFieldOperation.jsp</url>
		<url>/proj/Maint/PlanSortOperation.jsp</url>
		<url>/proj/Maint/PlanTypeOperation.jsp</url>
		<url>/proj/Maint/PrjAppSettingOperation.jsp</url>
		<url>/proj/Maint/ProcessingTypeOperation.jsp</url>
		<url>/proj/Maint/ProjectStatusOperation.jsp</url>
		<url>/proj/Maint/ProjectTypeOperation.jsp</url>
		<url>/proj/Maint/WorkTypeOperation.jsp</url>
		<url>/proj/plan/DocOperation.jsp</url>
		<url>/proj/plan/PlanOperation.jsp</url>
		<url>/proj/plan/ProjMaterialOperation.jsp</url>
		<url>/proj/plan/ProjMaterialProcessOperation.jsp</url>
		<url>/proj/plan/ProjMemberOperation.jsp</url>
		<url>/proj/plan/ProjMemberProcessOperation.jsp</url>
		<url>/proj/plan/ProjToolOperation.jsp</url>
		<url>/proj/plan/ProjToolProcessOperation.jsp</url>
		<url>/proj/plan/RequestOperation.jsp</url>
		<url>/proj/plan/TaskOperation.jsp</url>
		<url>/proj/plan/TaskProcessOperation.jsp</url>
		<url>/proj/plan/TaskRelatedOperation.jsp</url>
		<url>/proj/process/CptOperation.jsp</url>
		<url>/proj/process/DocOperation.jsp</url>
		<url>/proj/process/PrjCustomerOperation.jsp</url>
		<url>/proj/process/ProcessingOperation.jsp</url>
		<url>/proj/process/ProcessOperation.jsp</url>
		<url>/proj/process/ProjectTaskApprovalOperation.jsp</url>
		<url>/proj/process/RequestOperation.jsp</url>
		<url>/proj/process/TaskOperation.jsp</url>
		<url>/proj/process/TaskRelatedOperation.jsp</url>
		<url>/proj/process/ViewPrjDiscussOperation.jsp</url>
		<url>/proj/search/SearchMouldOperation.jsp</url>
		<url>/proj/search/SearchOperation.jsp</url>
		<url>/proj/task/PrjTaskShareOperation.jsp</url>
		<url>/proj/Templet/ProjTempletShowOperation.jsp</url>
		<url>/proj/Templet/TempletSettingOperation.jsp</url>
		<url>/proj/Templet/TempletTaskOperation.jsp</url>
		<url>/pweb/careerapply/HrmCareerApplyOperation.jsp</url>
		<url>/report/XmlReportShareOperation.jsp</url>
		<url>/sap/data/SAPConnectionOperation.jsp</url>
		<url>/servicesetting/sapbrowsersettingOperation.jsp</url>
		<url>/servicesetting/SAPDataAuthSettingOperation.jsp</url>
		<url>/servicesetting/XMLFileOperation.jsp</url>
		<url>/sms/SendRequestSmsOperation.jsp</url>
		<url>/sms/SmsMessageOperation.jsp</url>
		<url>/sms/voting/SmsVotingOperation.jsp</url>
		<url>/synergy/browser/Synergy4MenuBrowserOperation.jsp</url>
		<url>/synergy/maintenance/SynergyCopyOperation.jsp</url>
		<url>/synergy/maintenance/SynergyES4RPFrameOperation.jsp</url>
		<url>/system/CodeOperation.jsp</url>
		<url>/system/coderOperation.jsp</url>
		<url>/system/CreateDBOperation.jsp</url>
		<url>/system/EffectManageEmpowerOperation.jsp</url>
		<url>/system/LicenseOperation.jsp</url>
		<url>/system/MobileLicenseOperation.jsp</url>
		<url>/system/ModuleManageDetachOperation.jsp</url>
		<url>/system/MultiLangPermissionSetOperation.jsp</url>
		<url>/system/othersysinterface/OtherSystemUserOperation.jsp</url>
		<url>/system/ParametersOfSloganOperation.jsp</url>
		<url>/system/PluginLicenseOperation.jsp</url>
		<url>/system/PluginLicenseUserOperation.jsp</url>
		<url>/system/RemindOperation.jsp</url>
		<url>/system/sysdetach/AppDetachOperation.jsp</url>
		<url>/system/SystemFilePathChangeOperation.jsp</url>
		<url>/system/systemmonitor/docs/DocMonitorOperation.jsp</url>
		<url>/system/systemmonitor/MonitorOperation.jsp</url>
		<url>/system/systemmonitor/workflow/systemMonitorOperation.jsp</url>
		<url>/system/systemmonitor/workflow/WorkflowToDocOperation.jsp</url>
		<url>/system/systemmonitor/workplan/WorkPlanMonitorOperation.jsp</url>
		<url>/system/systemmonitor/workplan/WorkPlanMonitorSetOperation.jsp</url>
		<url>/system/systemmoudle/moudlemanager/MoudleItemOperation.jsp</url>
		<url>/system/systemmoudle/moudlemanager/MoudleOperation.jsp</url>
		<url>/system/systemmoudle/moudletask/TaskOperation.jsp</url>
		<url>/system/SystemSetOperation.jsp</url>
		<url>/system/WeatherOperation.jsp</url>
		<url>/systeminfo/CopyFileOperation.jsp</url>
		<url>/systeminfo/errormsg/ErrorMsgOperation.jsp</url>
		<url>/systeminfo/label/LabelOperation.jsp</url>
		<url>/systeminfo/logitem/LogitemOperation.jsp</url>
		<url>/systeminfo/menuconfig/CustomLeftMenuNameOperation.jsp</url>
		<url>/systeminfo/menuconfig/CustomLeftMenuOperation.jsp</url>
		<url>/systeminfo/menuconfig/CustomMainMenuNameOperation.jsp</url>
		<url>/systeminfo/menuconfig/CustomMenuNameOperation.jsp</url>
		<url>/systeminfo/menuconfig/LeftMenuMaintenanceOperation.jsp</url>
		<url>/systeminfo/menuconfig/LeftMenuOperation.jsp</url>
		<url>/systeminfo/menuconfig/MainMenuOperation.jsp</url>
		<url>/systeminfo/menuconfig/Maint/ManageLeftMenuOperation.jsp</url>
		<url>/systeminfo/menuconfig/Maint/ManageMainMenuOperation.jsp</url>
		<url>/systeminfo/menuconfig/Maint/ManageSystemModuleOperation.jsp</url>
		<url>/systeminfo/menuconfig/MenuMaintenanceOperation.jsp</url>
		<url>/systeminfo/menuconfig/MenuMaintenanceShareOperation.jsp</url>
		<url>/systeminfo/menuconfig/PageUserDefaultOperation.jsp</url>
		<url>/systeminfo/note/NoteOperation.jsp</url>
		<url>/systeminfo/procedure/ProcedureOperation.jsp</url>
		<url>/systeminfo/setting/HrmUserSettingOperation.jsp</url>
		<url>/systeminfo/sysadmin/sysadminOperation.jsp</url>
		<url>/systeminfo/systemright/RightDetailOperation.jsp</url>
		<url>/systeminfo/systemright/RightOperation.jsp</url>
		<url>/systeminfo/systemright/SystemRightGroupOperation.jsp</url>
		<url>/systeminfo/template/loginTemplateOperation.jsp</url>
		<url>/systeminfo/template/loginTemplateTempOperation.jsp</url>
		<url>/systeminfo/template/PortalTemplateOperation.jsp</url>
		<url>/systeminfo/template/SystemTemplateTempOperation.jsp</url>
		<url>/systeminfo/template/templateOperation.jsp</url>
		<url>/systeminfo/template/themeOperation.jsp</url>
		<url>/systeminfo/workflowbill/WorkflowbillOperation.jsp</url>
		<url>/systeminfo/workflowbill/WorkflowbrowserOperation.jsp</url>
		<url>/systeminfo/WorkRemandOperation.jsp</url>
		<url>/voting/VotingConfigOperation.jsp</url>
		<url>/voting/VotingContentOperation.jsp</url>
		<url>/voting/VotingCopyOperation.jsp</url>
		<url>/voting/VotingInfoOperation.jsp</url>
		<url>/voting/VotingMaintOperation.jsp</url>
		<url>/voting/VotingOperation.jsp</url>
		<url>/voting/VotingOptionOperation.jsp</url>
		<url>/voting/VotingPollOperation.jsp</url>
		<url>/voting/VotingQuestionOperation.jsp</url>
		<url>/voting/VotingRemindersOperation.jsp</url>
		<url>/voting/VotingShareOperation.jsp</url>
		<url>/voting/VotingTypeOperation.jsp</url>
		<url>/voting/VotingViewerOperation.jsp</url>
		<url>/weaverplugin/PluginMaintenanceOperation.jsp</url>
		<url>/web/careerapply/HrmCareerApplyOperation.jsp</url>
		<url>/web/comment/CommentOperation.jsp</url>
		<url>/web/data/WebSiteOperation.jsp</url>
		<url>/web/mailList/MailListForCRMOperation.jsp</url>
		<url>/web/mailList/MailListOperation.jsp</url>
		<url>/web/webmagazine/WebMagazineOperation.jsp</url>
		<url>/web/workflow/request/BillOnlineRegistOperation.jsp</url>
		<url>/web/workflow/request/RequestOperation.jsp</url>
		<url>/WEB-INF/replaceFiles/E6/ecology/systeminfo/template/templateOperation.jsp</url>
		<url>/WEB-INF/replaceFiles/E7/ecology/systeminfo/template/templateOperation.jsp</url>
		<url>/WEB-INF/replaceFiles/E8/ecology/systeminfo/template/templateOperation.jsp</url>
		<url>/workflow/action/SapActionEditOperation.jsp</url>
		<url>/workflow/action/WorkflowActionEditOperation.jsp</url>
		<url>/workflow/action/WsActionEditOperation.jsp</url>
		<url>/workflow/action/WsFormActionEditOperation.jsp</url>
		<url>/workflow/automaticwf/automaticOperation.jsp</url>
		<url>/workflow/dmlaction/DMLActionSettingOperation.jsp</url>
		<url>/workflow/dmlaction/FormActionSettingOperation.jsp</url>
		<url>/workflow/exceldesign/excelImportOperation.jsp</url>
		<url>/workflow/exceldesign/excelStyleOperation.jsp</url>
		<url>/workflow/exceldesign/importExcelOperation.jsp</url>
		<url>/workflow/exceldesign/tabStyleOperation.jsp</url>
		<url>/workflow/exchange/ExchangeSetOperation.jsp</url>
		<url>/workflow/exchange/rdata/automaticOperation.jsp</url>
		<url>/workflow/exchange/sdata/sdataOperation.jsp</url>
		<url>/workflow/field/SubcompanyDocCategoryOperation.jsp</url>
		<url>/workflow/flowReport/ReportShareOperation.jsp</url>
		<url>/workflow/form/FormDesignOperation.jsp</url>
		<url>/workflow/html/LayoutOperation.jsp</url>
		<url>/workflow/html/WorkFlowCssOperation.jsp</url>
		<url>/workflow/import/WfImportOperation.jsp</url>
		<url>/workflow/import/WfUpdateOperation.jsp</url>
		<url>/workflow/monitor/MonitorTypeOperation.jsp</url>
		<url>/workflow/monthfee/MonthFeeOperation.jsp</url>
		<url>/workflow/report/ReportConditionOperation.jsp</url>
		<url>/workflow/report/ReportOperation.jsp</url>
		<url>/workflow/report/ReportShareOperation.jsp</url>
		<url>/workflow/report/ReportTypeOperation.jsp</url>
		<url>/workflow/report/StaticReportOperation.jsp</url>
		<url>/workflow/request/AbsenseOperation.jsp</url>
		<url>/workflow/request/AddWorkflowShareOperation.jsp</url>
		<url>/workflow/request/BillApplyOperation.jsp</url>
		<url>/workflow/request/BillApproveCustomerOperation.jsp</url>
		<url>/workflow/request/BillApproveOperation.jsp</url>
		<url>/workflow/request/BillApproveProjOperation.jsp</url>
		<url>/workflow/request/BillBoHaiLeaveOperation.jsp</url>
		<url>/workflow/request/BillBPMApproveGoalOperation.jsp</url>
		<url>/workflow/request/BillBPMApprovePlanOperation.jsp</url>
		<url>/workflow/request/BillBPMGradeOperation.jsp</url>
		<url>/workflow/request/BillBudgetOperation.jsp</url>
		<url>/workflow/request/BillContacterOperation.jsp</url>
		<url>/workflow/request/BillCptAdjustOperation.jsp</url>
		<url>/workflow/request/BillCptApplyOperation.jsp</url>
		<url>/workflow/request/BillCptCarFeeOperation.jsp</url>
		<url>/workflow/request/BillCptCarFixOperation.jsp</url>
		<url>/workflow/request/BillCptCarMantantOperation.jsp</url>
		<url>/workflow/request/BillCptCarOutOperation.jsp</url>
		<url>/workflow/request/BillCptCheckOperation.jsp</url>
		<url>/workflow/request/BillCptDiscardOperation.jsp</url>
		<url>/workflow/request/BillCptFetchOperation.jsp</url>
		<url>/workflow/request/BillCptLendOperation.jsp</url>
		<url>/workflow/request/BillCptLossOperation.jsp</url>
		<url>/workflow/request/BillCptMendOperation.jsp</url>
		<url>/workflow/request/BillCptPlanOperation.jsp</url>
		<url>/workflow/request/BillCptRequireOperation.jsp</url>
		<url>/workflow/request/BillCptReturnOperation.jsp</url>
		<url>/workflow/request/BillCptStockInOperation.jsp</url>
		<url>/workflow/request/BillCrmContractOperation.jsp</url>
		<url>/workflow/request/BillDataCenterOperation.jsp</url>
		<url>/workflow/request/BillDiscussOperation.jsp</url>
		<url>/workflow/request/BillExpenseOperation.jsp</url>
		<url>/workflow/request/BillFreeWorkflowOperation.jsp</url>
		<url>/workflow/request/BillHireResourceOperation.jsp</url>
		<url>/workflow/request/BillHolidayApplyOperation.jsp</url>
		<url>/workflow/request/BillHotelBookAllOperation.jsp</url>
		<url>/workflow/request/BillHotelBookOperation.jsp</url>
		<url>/workflow/request/BillHrmAwardInfoOperation.jsp</url>
		<url>/workflow/request/BillHrmCrmContractOperation.jsp</url>
		<url>/workflow/request/BillHrmDemandOperation.jsp</url>
		<url>/workflow/request/BillHrmDismissOperation.jsp</url>
		<url>/workflow/request/BillHrmHireOperation.jsp</url>
		<url>/workflow/request/BillHrmOvertimeSapaOperation.jsp</url>
		<url>/workflow/request/BillHrmRedeployOperation.jsp</url>
		<url>/workflow/request/BillHrmScheduleHolidayOperation.jsp</url>
		<url>/workflow/request/BillHrmScheduleMainOperation.jsp</url>
		<url>/workflow/request/BillHrmScheduleOvertimeOperation.jsp</url>
		<url>/workflow/request/BillHrmTrainplanOperation.jsp</url>
		<url>/workflow/request/BillInnerSendDocOperation.jsp</url>
		<url>/workflow/request/BillLeaveJobOperation.jsp</url>
		<url>/workflow/request/BillLoanOperation.jsp</url>
		<url>/workflow/request/BillLoanReturnOperation.jsp</url>
		<url>/workflow/request/BillMailboxApplyOperation.jsp</url>
		<url>/workflow/request/BillMeetingOperation.jsp</url>
		<url>/workflow/request/BillMonthWorkBriefOperation.jsp</url>
		<url>/workflow/request/BillMonthWorkinfoOperation.jsp</url>
		<url>/workflow/request/BillMonthWorkPlanOperation.jsp</url>
		<url>/workflow/request/BillNameCardOperation.jsp</url>
		<url>/workflow/request/BillOnlineRegistOperation.jsp</url>
		<url>/workflow/request/BillOrFormApproveOperation.jsp</url>
		<url>/workflow/request/BillProjTemplateApproveOperation.jsp</url>
		<url>/workflow/request/BillSendDocOperation.jsp</url>
		<url>/workflow/request/BillTotalBudgetOperation.jsp</url>
		<url>/workflow/request/BillVotingApproveOperation.jsp</url>
		<url>/workflow/request/BillWeekWorkinfoOperation.jsp</url>
		<url>/workflow/request/BillWorkPlanOperation.jsp</url>
		<url>/workflow/request/BillWorktaskApproveOperation.jsp</url>
		<url>/workflow/request/BillYYExpenseOperation.jsp</url>
		<url>/workflow/request/EditFormOperation.jsp</url>
		<url>/workflow/request/FnaBudgetChgApplyOperation.jsp</url>
		<url>/workflow/request/FnaLoanApplyOperation.jsp</url>
		<url>/workflow/request/FnaPayApplyOperation.jsp</url>
		<url>/workflow/request/FnaWipeApplyOperation.jsp</url>
		<url>/workflow/request/MeetingroomOperation.jsp</url>
		<url>/workflow/request/OvertimeOperation.jsp</url>
		<url>/workflow/request/ProjectPlanOperation.jsp</url>
		<url>/workflow/request/RequestBill1Operation.jsp</url>
		<url>/workflow/request/RequestBill2Operation.jsp</url>
		<url>/workflow/request/RequestBill3Operation.jsp</url>
		<url>/workflow/request/RequestBill4Operation.jsp</url>
		<url>/workflow/request/RequestDetailImportOperation.jsp</url>
		<url>/workflow/request/RequestListOperation.jsp</url>
		<url>/workflow/request/RequestOperation.jsp</url>
		<url>/workflow/request/RequestOutDataFormatOperation.jsp</url>
		<url>/workflow/request/RequestOutOperation.jsp</url>
		<url>/workflow/request/RequestRemarkOperation.jsp</url>
		<url>/workflow/request/RequestUserDefaultOperation.jsp</url>
		<url>/workflow/request/ResourcePlanOperation.jsp</url>
		<url>/workflow/request/WorkflowPrmOperation.jsp</url>
		<url>/workflow/ruleDesign/addRuleOperation.jsp</url>
		<url>/workflow/ruleDesign/ruleMappingOperation.jsp</url>
		<url>/workflow/ruleDesign/ruleOperation.jsp</url>
		<url>/workflow/search/WFSuperviseSignatureOperation.jsp</url>
		<url>/workflow/transfer/permissionExecuteOperation.jsp</url>
		<url>/workflow/UserOperation.jsp</url>
		<url>/workflow/workflow/BillManagementFieldOperation.jsp</url>
		<url>/workflow/workflow/coderOperation.jsp</url>
		<url>/workflow/workflow/CreateDocumentByActionOperation.jsp</url>
		<url>/workflow/workflow/CreateDocumentByWorkFlowOperation.jsp</url>
		<url>/workflow/workflow/CreateDocumentDetailByWorkFlowEditOperation.jsp</url>
		<url>/workflow/workflow/CreateDocumentDetailByWorkFlowOperation.jsp</url>
		<url>/workflow/workflow/CreateWorkplanByWorkflowDetailOperation.jsp</url>
		<url>/workflow/workflow/CreateWorkplanByWorkflowOperation.jsp</url>
		<url>/workflow/workflow/CreateWorktaskByWorkflowDetailOperation.jsp</url>
		<url>/workflow/workflow/CreateWorktaskByWorkflowOperation.jsp</url>
		<url>/workflow/workflow/CustomOperation.jsp</url>
		<url>/workflow/workflow/CustomQueryTypeOperation.jsp</url>
		<url>/workflow/workflow/processOperation.jsp</url>
		<url>/workflow/workflow/triggerOperation.jsp</url>
		<url>/workflow/workflow/WfAgentOperation.jsp</url>
		<url>/workflow/workflow/WFOpinionFieldOperation.jsp</url>
		<url>/workflow/workflow/WFOpinionNodeFieldOperation.jsp</url>
		<url>/workflow/workflow/wfRightOperation.jsp</url>
		<url>/workflow/workflow/wfVersionOperation.jsp</url>
		<url>/workflow/workflow/WorkflowBarCodeSetOperation.jsp</url>
		<url>/workflow/workflow/WorkflowCodeSeqReservedSetOperation.jsp</url>
		<url>/workflow/workflow/WorkflowCodeSeqSetOperation.jsp</url>
		<url>/workflow/workflow/WorkflowDeptAbbrOperation.jsp</url>
		<url>/workflow/workflow/WorkflowDocPropDetailOperation.jsp</url>
		<url>/workflow/workflow/WorkFlowPlanSetOperation.jsp</url>
		<url>/workflow/workflow/WorkflowShortNameSettingOperation.jsp</url>
		<url>/workflow/workflow/WorkflowSubComAbbrOperation.jsp</url>
		<url>/workflow/workflow/WorkflowSubwfSetOperation.jsp</url>
		<url>/workflow/workflow/WorkflowSupSubComAbbrOperation.jsp</url>
		<url>/workflow/workflow/WorkFlowTitleSetOperation.jsp</url>
		<url>/workflow/workflow/WorkflowTriDiffWfSubWfFieldOperation.jsp</url>
		<url>/workflow/workflow/WorkflowTriDiffWfSubWfOperation.jsp</url>
		<url>/workflow/workflow/WorkTypeOperation.jsp</url>
		<url>/workflow/WorkflowSettingsOperation.jsp</url>
		<url>/workplan/calendar/data/WorkPlanViewOperation.jsp</url>
		<url>/workplan/calendar/element/WorkPlanViewOperation.jsp</url>
		<url>/workplan/config/global/PlanShareOperation.jsp</url>
		<url>/workplan/config/global/WorkPlanTypeSetOperation.jsp</url>
		<url>/workplan/config/WorkPlanReportSetOperation.jsp</url>
		<url>/workplan/data/WorkPlanOperation.jsp</url>
		<url>/workplan/data/WorkPlanViewOperation.jsp</url>
		<url>/workplan/report/WorkPlanReportListOperation.jsp</url>
		<url>/workrelate/goal/data/Operation.jsp</url>
		<url>/workrelate/goal/import/GoalImportOperation.jsp</url>
		<url>/workrelate/goal/right/BaseOperation.jsp</url>
		<url>/workrelate/goal/right/RightOperation.jsp</url>
		<url>/workrelate/plan/base/BaseOperation.jsp</url>
		<url>/workrelate/plan/data/Operation.jsp</url>
		<url>/workrelate/plan/data/PlanOperation.jsp</url>
		<url>/workrelate/plan/program/ProgramOperation.jsp</url>
		<url>/workrelate/portal/Operation.jsp</url>
		<url>/workrelate/reportshare/ReportShareOperation.jsp</url>
		<url>/workrelate/task/data/Operation.jsp</url>
		<url>/worktask/base/coderOperation.jsp</url>
		<url>/worktask/base/fieldOperation.jsp</url>
		<url>/worktask/base/ShareOperation.jsp</url>
		<url>/worktask/base/worktaskFieldOperation.jsp</url>
		<url>/worktask/base/WorkTaskShareOperation.jsp</url>
		<url>/worktask/base/WorktaskUserDefaultOperation.jsp</url>
		<url>/worktask/base/WTApproveWfOperation.jsp</url>
		<url>/worktask/base/wt_Operation.jsp</url>
		<url>/worktask/request/RequestOperation.jsp</url>
		<url>/worktask/request/RequestShareOperation.jsp</url>
		<url>/wui/theme/ecology7/page/LoginOperation.jsp</url>
		<url>/wui/theme/ecology8/page/LoginOperation.jsp</url>
		<url>/hrm/password/questionSetStep.jsp</url>
	</noempty-refer-list>
</root>