<?xml version="1.0" encoding="UTF-8"?>
<root>
	<!--
	<check-param-length>
		<param>
			<name>loginid</name>
			<max-length>50</max-length>
		</param>
		<param>
			<name>workflowid</name>
		</param>
		<param>
			<name>requestid</name>
		</param>
		<param>
			<name>docid</name>
		</param>
		<param>
			<name>fileid</name>
		</param>
		<param>
			<name>fromdate</name>
		</param>
		<param>
			<name>todate</name>
		</param>
		<param>
			<name>urlcomefrom</name>
		</param>
		<param>
			<name>secid</name>
		</param>
		<param>
			<name>urltype</name>
		</param>
		<param>
			<name>_fromURL</name>
		</param>
		<param>
			<name>src</name>
		</param>
		<param>
			<name>twolevelmenutype</name>
		</param>
		<param>
			<name>searchtimestart</name>
		</param>
		<param>
			<name>searchtimeend</name>
		</param>
		<param>
			<name>module</name>
		</param>
		<param>
			<name>startdate</name>
		</param>
		<param>
			<name>enddate</name>
		</param>
		<param>
			<name>startdate1</name>
		</param>
		<param>
			<name>enddate1</name>
		</param>
		<param>
			<name>startdate2</name>
		</param>
		<param>
			<name>enddate2</name>
		</param>
		<param>
			<name>scope</name>
		</param>
		<param>
			<name>type</name>
		</param>
		<param>
			<name>fieldSpanId</name>
		</param>
		<param>
			<name>subcompanyid</name>
		</param>
		<param>
			<name>isdialog</name>
		</param>
		<param>
			<name>operation</name>
		</param>
		<param>
			<name>src</name>
		</param>
		<param>
			<name>departmentid</name>
		</param>
		<param>
			<name>logintype</name>
			<max-length>11</max-length>
		</param>
		<param>
			<name>language</name>
		</param>
		<param>
			<name>userid</name>
		</param>
		<param>
			<name>mainid</name>
		</param>
		<param>
			<name>templateid</name>
			<max-length>11</max-length>
		</param>
			<param>
			<name>cmd</name>
		</param>
		<param>
			<name>createid</name>
		</param>
		<param>
			<name>username</name>
		</param>
		<param>
			<name>message</name>
		</param>
		<param>
			<name>formmethod</name>
		</param>
		<param>
			<name>hpid</name>
			<max-length>11</max-length>
		</param>
	</check-param-length>
	-->
</root>
