<?xml version="1.0" encoding="UTF-8"?>
<root>
	<special-non>
		<urls>
				  <url>
					<value>/docs/search/DocCommonContent.jsp</value>
					<params>
					  <param>
						<is-dynamic-param>0</is-dynamic-param>
						<value>selectedContent</value>
						<rules>
						  <rule>##CONST:MULTINUMBER##</rule>
						</rules>
					  </param>
					</params>
				 </url>
				 <url>
					<value>/formmode/view/AddFormModeIframe.jsp</value>
					<params>
					  <param>
						<is-dynamic-param>0</is-dynamic-param>
						<value>customTreeDataId</value>
						<rules>
						  <rule>##CONST:LETTERS##</rule>
						</rules>
					  </param>
					</params>
				 </url>
				  <url>
					<value>/hrm/group/HrmGroupBaseAdd.jsp</value>
					<params>
					  <param>
						<is-dynamic-param>0</is-dynamic-param>
						<value>isAdd</value>
						<rules>
						  <rule>##CONST:LETTERS##</rule>
						</rules>
					  </param>
					  <param>
						<is-dynamic-param>0</is-dynamic-param>
						<value>isclose</value>
						<rules>
						  <rule>##CONST:LETTERS##</rule>
						</rules>
					  </param>
					  <param>
						<is-dynamic-param>0</is-dynamic-param>
						<value>isdialog</value>
						<rules>
						  <rule>##CONST:LETTERS##</rule>
						</rules>
					  </param>
					  <param>
						<is-dynamic-param>0</is-dynamic-param>
						<value>istree</value>
						<rules>
						  <rule>##CONST:LETTERS##</rule>
						</rules>
					  </param>
					</params>
				 </url>
				 <url>
					<value>/formmode/view/AddFormModeIframe.jsp</value>
					<params>
					  <param>
						<is-dynamic-param>0</is-dynamic-param>
						<value>creater</value>
						<rules>
						  <rule>##CONST:MULTINUMBER##</rule>
						</rules>
					  </param>
					   <param>
						<is-dynamic-param>0</is-dynamic-param>
						<value>status</value>
						<rules>
						  <rule>##CONST:MULTINUMBER##</rule>
						</rules>
					  </param>
					   <param>
						<is-dynamic-param>0</is-dynamic-param>
						<value>suggesttitle</value>
						<rules>
						  <rule>##CONST:NAMETITLE##</rule>
						</rules>
					  </param>
					</params>
				 </url>
				  <url>
					<value>/hrm/jobtitles/hrmjobtitles.jsp</value>
					<params>
					  <param>
						<is-dynamic-param>0</is-dynamic-param>
						<value>stationAll</value>
						<rules>
						  <rule>##CONST:NAMETITLE##</rule>
						</rules>
					  </param>
					</params>
				 </url>
				  <url>
					<value>/hrm/transfer/WorkflowMonitoring.jsp</value>
					<params>
					  <param>
						<is-dynamic-param>0</is-dynamic-param>
						<value>isAll</value>
						<rules>
						  <rule>##CONST:MULTINUMBER##</rule>
						</rules>
					  </param>
					</params>
				 </url>
				 <url>
					<value>/messager/GetUserIconOpreate.jsp</value>
					<params>
					  <param>
						<is-dynamic-param>0</is-dynamic-param>
						<value>userId</value>
						<rules>
						  <rule>##CONST:LETTERS##</rule>
						</rules>
					  </param>
					  <param>
						<is-dynamic-param>0</is-dynamic-param>
						<value>isManager</value>
						<rules>
						  <rule>##CONST:MULTINUMBER##</rule>
						</rules>
					  </param>
					  <param>
						<is-dynamic-param>0</is-dynamic-param>
						<value>subcompanyid</value>
						<rules>
						  <rule>##CONST:MULTINUMBER##</rule>
						</rules>
					  </param>
					</params>
				 </url>
				 <url>
					<value>/page/maint/menu/SystemMenuMaintList.jsp</value>
					<params>
					  <param>
						<is-dynamic-param>0</is-dynamic-param>
						<value>openDialog</value>
						<rules>
						  <rule>##CONST:LETTERS##</rule>
						</rules>
					  </param>
					</params>
				 </url>
				 <url>
					<value>/report/reportconstructor/modereportfactory/modereportResult.jsp</value>
					<params>
					  <param>
						<is-dynamic-param>0</is-dynamic-param>
						<value>choosewf</value>
						<rules>
						  <rule>##CONST:MULTINUMBER##</rule>
						</rules>
					  </param>
					  <param>
						<is-dynamic-param>0</is-dynamic-param>
						<value>condworkflowid</value>
						<rules>
						  <rule>##CONST:MULTINUMBER##</rule>
						</rules>
					  </param>
					  <param>
						<is-dynamic-param>0</is-dynamic-param>
						<value>urlfrom</value>
						<rules>
						  <rule>##CONST:LETTERS##</rule>
						</rules>
					  </param>
					</params>
				 </url>
				  <url>
					<value>/report/reportconstructor/modereportfactory/wfdocMonitorList.jsp</value>
					<params>
					  <param>
						<is-dynamic-param>0</is-dynamic-param>
						<value>choosewf</value>
						<rules>
						  <rule>##CONST:MULTINUMBER##</rule>
						</rules>
					  </param>
					</params>
				 </url>
				 <url>
					<value>/report/reportconstructor/modereportfactory/workflowdoc.jsp</value>
					<params>
					  <param>
						<is-dynamic-param>0</is-dynamic-param>
						<value>choosewf</value>
						<rules>
						  <rule>##CONST:MULTINUMBER##</rule>
						</rules>
					  </param>
					  <param>
						<is-dynamic-param>0</is-dynamic-param>
						<value>billid</value>
						<rules>
						  <rule>##CONST:MULTINUMBER##</rule>
						</rules>
					  </param>
					  <param>
						<is-dynamic-param>0</is-dynamic-param>
						<value>method</value>
						<rules>
						  <rule>##CONST:LETTERS##</rule>
						</rules>
					  </param>
					  <param>
						<is-dynamic-param>0</is-dynamic-param>
						<value>viewScope</value>
						<rules>
						  <rule>##CONST:LETTERS##</rule>
						</rules>
					  </param>
					</params>
				 </url>
				 <url>
					<value>/system/sysdetach/AppDetachList.jsp</value>
					<params>
					  <param>
						<is-dynamic-param>0</is-dynamic-param>
						<value>depId</value>
						<rules>
						  <rule>##CONST:MULTINUMBER##</rule>
						</rules>
					  </param>
					  <param>
						<is-dynamic-param>0</is-dynamic-param>
						<value>hrmId</value>
						<rules>
						  <rule>##CONST:MULTINUMBER##</rule>
						</rules>
					  </param>
					  <param>
						<is-dynamic-param>0</is-dynamic-param>
						<value>name</value>
						<rules>
						  <rule>##CONST:NAMETITLE##</rule>
						</rules>
					  </param>
					  <param>
						<is-dynamic-param>0</is-dynamic-param>
						<value>roleId</value>
						<rules>
						  <rule>##CONST:MULTINUMBER##</rule>
						</rules>
					  </param>
					  <param>
						<is-dynamic-param>0</is-dynamic-param>
						<value>subId</value>
						<rules>
						  <rule>##CONST:MULTINUMBER##</rule>
						</rules>
					  </param>
					</params>
				 </url>
				 <url>
					<value>/systeminfo/menuconfig/MenuMaintenanceAdd.jsp</value>
					<params>
					  <param>
						<is-dynamic-param>0</is-dynamic-param>
						<value>openDialog</value>
						<rules>
						  <rule>##CONST:LETTERS##</rule>
						</rules>
					  </param>
					</params>
				 </url>
				  <url>
					<value>/workflow/report/ReportResult.jsp</value>
					<params>
					  <param>
						<is-dynamic-param>0</is-dynamic-param>
						<value>newMouldName</value>
						<rules>
						  <rule>##CONST:NAMETITLE##</rule>
						</rules>
					  </param>
					</params>
				 </url>
				 <url>
					<value>/workflow/workflow/DeleteNodeList.jsp</value>
					<params>
					  <param>
						<is-dynamic-param>0</is-dynamic-param>
						<value>wfid</value>
						<rules>
						  <rule>##CONST:MULTINUMBER##</rule>
						</rules>
					  </param>
					</params>
				 </url>
				 <url>
					<value>/homepage/maint/LoginMaintOperate.jsp</value>
					<params>
					  <param>
						<is-dynamic-param>0</is-dynamic-param>
						<value>opt</value>
						<rules>
						  <rule>##CONST:LETTERS##</rule>
						</rules>
					  </param>
					</params>
				 </url>
		</urls>
		</special-non>

		<special-reg>
			<urls>
				<url>
					<value>/workflow/report/ReportResult.jsp</value>
					<params>
					  <param>
						<is-dynamic-param>0</is-dynamic-param>
						<value>^con\-\d*?_value$</value>
						<rules>
						  <rule>##CONST:NAMETITLE##</rule>
						</rules>
					  </param>
					</params>
				 </url>
			</urls>
		</special-reg>
</root>
