<?xml version="1.0" encoding="UTF-8"?>

<root>
  <special-reg>
    <urls>
      <url>
        <value>/workflow/automaticwf/automaticoperation.jsp</value>
        <params>
          <param>
            <value>^isdialog$</value>
            <rules>
              <rule>##CONST:LETTERS##</rule>
            </rules>
          </param>
          <param>
            <value>^datasourceid$</value>
            <rules>
              <rule>##CONST:LETTERS##</rule>
            </rules>
          </param>
          <param>
            <value>^outerdetailwhere\d+$</value>
            <rules>
              <rule>##sqlkeyword1##</rule>
            </rules>
          </param>
          <param>
            <value>^viewid$</value>
            <rules>
              <rule>##CONST:MULTINUMBER##</rule>
            </rules>
          </param>
          <param>
            <value>^detailcount$</value>
            <rules>
              <rule>##CONST:MULTINUMBER##</rule>
            </rules>
          </param>
          <param>
            <value>^outerdetailname0$</value>
            <rules>
              <rule>##CONST:NAMETITLE##</rule>
            </rules>
          </param>
          <param>
            <value>^typename$</value>
            <rules>
              <rule>##CONST:NAMETITLE##</rule>
            </rules>
          </param>
          <param>
            <value>^ftriggerflagvalue$</value>
            <rules>
              <rule>##CONST:NAMETITLE##</rule>
            </rules>
          </param>
          <param>
            <value>^backto$</value>
            <rules>
              <rule>##CONST:LETTERS##</rule>
            </rules>
          </param>
          <param>
            <value>^customsql_\d+$</value>
            <rules>
              <rule>##sqlkeyword1##</rule>
            </rules>
          </param>
          <param>
            <value>^datarecordtype$</value>
            <rules>
              <rule>##CONST:LETTERS##</rule>
            </rules>
          </param>
          <param>
            <value>^outermainwhere$</value>
            <rules>
              <rule>##sqlkeyword1##</rule>
            </rules>
          </param>
          <param>
            <value>^ftriggerflag$</value>
            <rules>
              <rule>##CONST:LETTERS##</rule>
            </rules>
          </param>
          <param>
            <value>^outermaintable$</value>
            <rules>
              <rule>##CONST:VARIABLEE##</rule>
            </rules>
          </param>
          <param>
            <value>^fieldscount$</value>
            <rules>
              <rule>##CONST:MULTINUMBER##</rule>
            </rules>
          </param>
          <param>
            <value>^requestid$</value>
            <rules>
              <rule>##CONST:VARIABLEE##</rule>
            </rules>
          </param>
          <param>
            <value>^keyfield$</value>
            <rules>
              <rule>##CONST:VARIABLEE##</rule>
            </rules>
          </param>
          <param>
            <value>^outerdetailname1$</value>
            <rules>
              <rule>##CONST:NAMETITLE##</rule>
            </rules>
          </param>
          <param>
            <value>^operate$</value>
            <rules>
              <rule>##CONST:NAMETITLE##</rule>
            </rules>
          </param>
          <param>
            <value>^successback$</value>
            <rules>
              <rule></rule>
            </rules>
          </param>
          <param>
            <value>^failback$</value>
            <rules>
              <rule></rule>
            </rules>
          </param>
          <param>
            <value>^setname$</value>
            <rules>
              <rule>##CONST:NAMETITLE##</rule>
            </rules>
          </param>
          <param>
            <value>^workflowid$</value>
            <rules>
              <rule>##CONST:MULTINUMBER##</rule>
            </rules>
          </param>
          <param>
            <value>^hrmid$</value>
            <rules>
              <rule>##CONST:NAMETITLE##</rule>
            </rules>
          </param>
        </params>
      </url>
      <url>
        <value>/workflow/request/FnaBudgetInfoMultiAjax.jsp</value>
        <params>
          <param>
            <value>^orgtype_\d+?_\d+?$</value>
            <rules>
              <rule>##CONST:MULTINUMBER##</rule>
            </rules>
          </param>
          <param>
            <value>^dtl_id_\d+?_\d+?$</value>
            <rules>
              <rule>##CONST:MULTINUMBER##</rule>
            </rules>
          </param>
          <param>
            <value>^budgetfeetype_\d+?_\d+?$</value>
            <rules>
              <rule>##CONST:MULTINUMBER##</rule>
            </rules>
          </param>
          <param>
            <value>^orgid_\d+?_\d+?$</value>
            <rules>
              <rule>##CONST:MULTINUMBER##</rule>
            </rules>
          </param>
          <param>
            <value>^applydate_\d+?_\d+?$</value>
            <rules>
              <rule>##CONST:LETTERS##</rule>
            </rules>
          </param>
        </params>
      </url>
      <url>
        <value>/mobilemode/mobile/server.jsp</value>
        <params>
          <param>
            <value>^[a-zA-Z0-9_]+_rowindex_[0-9]+$</value>
            <rules>
              <rule>##CONST:CODE##</rule>
            </rules>
          </param>
          <param>
            <value>^[a-zA-Z0-9_]+_keyname$</value>
            <rules>
              <rule>##CONST:LETTERS##</rule>
            </rules>
          </param>
          <param>
            <value>^fieldmecid_[a-zA-Z0-9_]+?$</value>
            <rules>
              <rule>##CONST:LETTERS##</rule>
            </rules>
          </param>
          <param>
            <value>^field_[a-zA-Z0-9_]+?$</value>
            <rules>
              <rule>##CONST:FREETEXTAREA##</rule>
            </rules>
          </param>
          <param>
            <value>^type_[a-zA-Z0-9_]+?$</value>
            <rules>
              <rule>##CONST:LETTERS##</rule>
            </rules>
          </param>
          <param>
            <value>^[a-zA-Z0-9_]+_relatekey$</value>
            <rules>
              <rule>##CONST:LETTERS##</rule>
            </rules>
          </param>
          <param>
            <value>^namerule_[a-zA-Z0-9_]+?$</value>
            <rules>
              <rule>##CONST:NAMETITLE##</rule>
            </rules>
          </param>
          <param>
            <value>^fieldname_[a-zA-Z0-9_]+?$</value>
            <rules>
              <rule>##CONST:FREEHTML##</rule>
            </rules>
          </param>
          <param>
            <value>^[a-zA-Z0-9_]+_mainidorders$</value>
            <rules>
              <rule>##CONST:FREEJSON##</rule>
            </rules>
          </param>
        </params>
      </url>
      <url>
        <value>/formmode/setup/RemindJobSettingsAction.jsp</value>
        <params>
          <param>
            <value>^relatedid\d+$</value>
            <rules>
              <rule>##CONST:MULTINUMBER##</rule>
            </rules>
          </param>
        </params>
      </url>
      <url>
        <value>/mobilemode/formWorkflowAction.jsp</value>
        <params>
          <param>
            <value>^[a-zA-Z0-9_]+_rowindex_[0-9]+$</value>
            <rules>
              <rule>##CONST:FREETEXTAREA##</rule>
            </rules>
          </param>
          <param>
            <value>^[a-zA-Z0-9_]+_keyname$</value>
            <rules>
              <rule>##CONST:LETTERS##</rule>
            </rules>
          </param>
          <param>
            <value>^fieldmecid_[a-zA-Z0-9_]+?$</value>
            <rules>
              <rule>##CONST:LETTERS##</rule>
            </rules>
          </param>
          <param>
            <value>^[a-z0-9_A-Z]_rowindex_\d{1,10}$</value>
            <rules>
              <rule>##CONST:CODE##</rule>
            </rules>
          </param>
          <param>
            <value>^type_[a-zA-Z0-9_]+?$</value>
            <rules>
              <rule>##CONST:LETTERS##</rule>
            </rules>
          </param>
          <param>
            <value>^[a-zA-Z0-9_]+_relatekey$</value>
            <rules>
              <rule>##CONST:LETTERS##</rule>
            </rules>
          </param>
          <param>
            <value>^fieldname_[a-zA-Z0-9_]+?$</value>
            <rules>
              <rule>##CONST:FREEHTML##</rule>
            </rules>
          </param>
        </params>
      </url>
      <url>
        <value>/systeminfo/label/managelabel.jsp</value>
        <params>
          <param>
            <value>^id$</value>
            <rules>
              <rule>##CONST:MULTINUMBER##</rule>
            </rules>
          </param>
          <param>
            <value>^hastab$</value>
            <rules>
              <rule>##CONST:LETTERS##</rule>
            </rules>
          </param>
          <param>
            <value>^indexdesc$</value>
            <rules>
              <rule>##CONST:NAMETITLE##</rule>
            </rules>
          </param>
          <param>
            <value>^name_\d*$</value>
            <rules>
              <rule>##CONST:NAMETITLE##</rule>
            </rules>
          </param>
        </params>
      </url>
      <url>
        <value>/formmode/exceldesign/excelPreView.jsp</value>
        <params>
          <param>
            <value>^caltype-\d+?$</value>
            <rules>
              <rule>##CONST:MULTINUMBER##</rule>
            </rules>
          </param>
          <param>
            <value>^fieldsql\d+?$</value>
            <rules>
              <rule>##CONST:DML##</rule>
            </rules>
          </param>
          <param>
            <value>^othertype-?\d+?$</value>
            <rules>
              <rule>##CONST:MULTINUMBER##</rule>
            </rules>
          </param>
          <param>
            <value>^transtype-?\d+?$</value>
            <rules>
              <rule>##CONST:MULTINUMBER##</rule>
            </rules>
          </param>
          <param>
            <value>^caltype-?\d+?$</value>
            <rules>
              <rule>##CONST:MULTINUMBER##</rule>
            </rules>
          </param>
          <param>
            <value>^datasource\d+?$</value>
            <rules>
              <rule>##CONST:NAMETITLE##</rule>
            </rules>
          </param>
          <param>
            <value>^detailgroupattr\d+?$</value>
            <rules>
              <rule>##CONST:NAMETITLE##</rule>
            </rules>
          </param>
          <param>
            <value>^fieldattr-?\d+?$</value>
            <rules>
              <rule>##CONST:MULTINUMBER##</rule>
            </rules>
          </param>
          <param>
            <value>^detail_\d+?_sheet$</value>
            <rules>
              <rule>##CONST:MULTINUMBER##</rule>
            </rules>
          </param>
        </params>
      </url>
      <url>
        <value>/formmode/search/CustomSearchBySimpleIframe.jsp</value>
        <params>
          <param>
            <value>^datetype__\d+_opt$</value>
            <rules>
              <rule>##CONST:MULTINUMBER##</rule>
            </rules>
          </param>
          <param>
            <value>^con_\d+_opt\d+$</value>
            <rules>
              <rule>##CONST:MULTINUMBER##</rule>
            </rules>
          </param>
          <param>
            <value>^con_\d_htmltype+$</value>
            <rules>
              <rule>##CONST:MULTINUMBER##</rule>
            </rules>
          </param>
          <param>
            <value>^con_\d_colname+$</value>
            <rules>
              <rule>##CONST:LETTERS##</rule>
            </rules>
          </param>
          <param>
            <value>^con_\d+_opt\d+t$</value>
            <rules>
              <rule>##CONST:MULTINUMBER##</rule>
            </rules>
          </param>
          <param>
            <value>^con_\d+_type$</value>
            <rules>
              <rule>##CONST:MULTINUMBER##</rule>
            </rules>
          </param>
          <param>
            <value>^con_\d+_viewtype$</value>
            <rules>
              <rule>##CONST:MULTINUMBER##</rule>
            </rules>
          </param>
          <param>
            <value>^a\d+$</value>
            <rules>
              <rule>##CONST:NAMETITLE##</rule>
            </rules>
          </param>
          <param>
            <value>^datetype_\d+_opt$</value>
            <rules>
              <rule>##CONST:MULTINUMBER##</rule>
            </rules>
          </param>
          <param>
            <value>^con_\d+_opt$</value>
            <rules>
              <rule>##CONST:MULTINUMBER##</rule>
            </rules>
          </param>
        </params>
      </url>
      <url>
        <value>/formmode/interfaces/ModeTriggerWorkflowSetOperation.jsp</value>
        <params>
          <param>
            <value>^selectdetail\d+$</value>
            <rules>
              <rule>##CONST:MULTINUMBER##</rule>
            </rules>
          </param>
          <param>
            <value>^modefieldid\d+$</value>
            <rules>
              <rule>##CONST:MULTINUMBER##</rule>
            </rules>
          </param>
          <param>
            <value>^wffieldid\d+$</value>
            <rules>
              <rule>##CONST:MULTINUMBER##</rule>
            </rules>
          </param>
        </params>
      </url>
      <url>
        <value>/formmode/setup/customSearchActionForFront.jsp</value>
        <params>
          <param>
            <value>^pageSizeSel\d+$</value>
            <rules>
              <rule>##CONST:MULTINUMBER##</rule>
            </rules>
          </param>
          <param>
            <value>^pageSizeSel\d+inputText$</value>
            <rules>
              <rule>##CONST:MULTINUMBER##</rule>
            </rules>
          </param>
          <param>
            <value>^pluginNameid_\d+$</value>
            <rules>
              <rule>##CONST:MULTINUMBER##</rule>
            </rules>
          </param>
        </params>
      </url>
      <url>
        <value>/formmode/batchoperate/ModeBatchSetOperation.jsp</value>
        <params>
          <param>
            <value>^showorder_\d+$</value>
            <rules>
              <rule>##CONST:MULTINUMBER##</rule>
            </rules>
          </param>
          <param>
            <value>^expandid_\d+$</value>
            <rules>
              <rule>##CONST:MULTINUMBER##</rule>
            </rules>
          </param>
          <param>
            <value>^listbatchname_\d+$</value>
            <rules>
              <rule>##CONST:NAMETITLE##</rule>
            </rules>
          </param>
          <param>
            <value>^isshortcutbutton_\d+$</value>
            <rules>
              <rule>##CONST:MULTINUMBER##</rule>
            </rules>
          </param>
          <param>
            <value>^isuse_\d+$</value>
            <rules>
              <rule>##CONST:MULTINUMBER##</rule>
            </rules>
          </param>
          <param>
            <value>^__multilangpre_listbatchname_\d+$</value>
            <rules>
              <rule>##CONST:NAMETITLE##</rule>
            </rules>
          </param>
        </params>
      </url>
      <url>
        <value>/systeminfo/errormsg/errormsgoperation.jsp</value>
        <params>
          <param>
            <value>^operation$</value>
            <rules>
              <rule>##CONST:LETTERS##</rule>
            </rules>
          </param>
          <param>
            <value>^id$</value>
            <rules>
              <rule>##CONST:MULTINUMBER##</rule>
            </rules>
          </param>
          <param>
            <value>^indexdesc$</value>
            <rules>
              <rule>##CONST:NAMETITLE##</rule>
            </rules>
          </param>
          <param>
            <value>^name_\d*$</value>
            <rules>
              <rule>##CONST:NAMETITLE##</rule>
            </rules>
          </param>
          <param>
            <value>^searchcon$</value>
            <rules>
              <rule>##CONST:LETTERS##</rule>
            </rules>
          </param>
        </params>
      </url>
      <url>
        <value>/mobilemode/formComponentAction.jsp</value>
        <params>
          <param>
            <value>^[a-zA-Z0-9_]+_rowindex_[0-9]+$</value>
            <rules>
              <rule>##CONST:CODE##</rule>
            </rules>
          </param>
          <param>
            <value>^[a-zA-Z0-9_]+_keyname$</value>
            <rules>
              <rule>##CONST:LETTERS##</rule>
            </rules>
          </param>
          <param>
            <value>^fieldmecid_[a-zA-Z0-9_]+?$</value>
            <rules>
              <rule>##CONST:LETTERS##</rule>
            </rules>
          </param>
          <param>
            <value>^[a-z0-9_A-Z]_rowindex_\d{1,10}$</value>
            <rules>
              <rule>##CONST:CODE##</rule>
            </rules>
          </param>
          <param>
            <value>^type_[a-zA-Z0-9_]+?$</value>
            <rules>
              <rule>##CONST:LETTERS##</rule>
            </rules>
          </param>
          <param>
            <value>^[a-zA-Z0-9_]+_relatekey$</value>
            <rules>
              <rule>##CONST:LETTERS##</rule>
            </rules>
          </param>
          <param>
            <value>^fieldname_[a-zA-Z0-9_]+?$</value>
            <rules>
              <rule>##CONST:FREEHTML##</rule>
            </rules>
          </param>
        </params>
      </url>
      <url>
        <value>/formmode/setup/ModeRightOperation.jsp</value>
        <params>
          <param>
            <value>^allcreatorleaderlayoutid\d+$</value>
            <rules>
              <rule>##CONST:MULTINUMBER##</rule>
            </rules>
          </param>
          <param>
            <value>^creatorAllLeadersl\d+$</value>
            <rules>
              <rule>##CONST:MULTINUMBER##</rule>
            </rules>
          </param>
          <param>
            <value>^creatorDeptlayoutid\d+$</value>
            <rules>
              <rule>##CONST:MULTINUMBER##</rule>
            </rules>
          </param>
          <param>
            <value>^chkPermissionAll\d+$</value>
            <rules>
              <rule>##CONST:LETTERS##</rule>
            </rules>
          </param>
          <param>
            <value>^creatorleaderlayoutid\d+$</value>
            <rules>
              <rule>##CONST:MULTINUMBER##</rule>
            </rules>
          </param>
          <param>
            <value>^showlevel\d+$</value>
            <rules>
              <rule>##CONST:MULTINUMBER##</rule>
            </rules>
          </param>
          <param>
            <value>^creatorlayoutid\d+$</value>
            <rules>
              <rule>##CONST:MULTINUMBER##</rule>
            </rules>
          </param>
          <param>
            <value>^relatedid\d+$</value>
            <rules>
              <rule>##CONST:MULTINUMBER##</rule>
            </rules>
          </param>
          <param>
            <value>^layoutid\d+$</value>
            <rules>
              <rule>##CONST:MULTINUMBER##</rule>
            </rules>
          </param>
          <param>
            <value>^creatorDeptsl\d+$</value>
            <rules>
              <rule>##CONST:MULTINUMBER##</rule>
            </rules>
          </param>
          <param>
            <value>^creatorpostlayoutid\d+$</value>
            <rules>
              <rule>##CONST:MULTINUMBER##</rule>
            </rules>
          </param>
          <param>
            <value>^rightid\d+$</value>
            <rules>
              <rule>##CONST:MULTINUMBER##</rule>
            </rules>
          </param>
          <param>
            <value>^creatorSubsl\d+$</value>
            <rules>
              <rule>##CONST:MULTINUMBER##</rule>
            </rules>
          </param>
          <param>
            <value>^creatorSublayoutid\d+$</value>
            <rules>
              <rule>##CONST:MULTINUMBER##</rule>
            </rules>
          </param>
        </params>
      </url>
      <url>
        <value>/formmode/template/savetemplateoperation.jsp</value>
        <params>
          <param>
            <value>^displayorder$</value>
            <rules>
              <rule>##CONST:MULTINUMBER##</rule>
            </rules>
          </param>
          <param>
            <value>^con\d_colname$</value>
            <rules>
              <rule>##CONST:LETTERS##</rule>
            </rules>
          </param>
          <param>
            <value>^con\d_opt1$</value>
            <rules>
              <rule>##CONST:NAMETITLE##</rule>
            </rules>
          </param>
          <param>
            <value>^sourcetype$</value>
            <rules>
              <rule>##CONST:MULTINUMBER##</rule>
            </rules>
          </param>
          <param>
            <value>^con_\d+_viewtype$</value>
            <rules>
              <rule>##CONST:MULTINUMBER##</rule>
            </rules>
          </param>
          <param>
            <value>^templatetype$</value>
            <rules>
              <rule>##CONST:MULTINUMBER##</rule>
            </rules>
          </param>
          <param>
            <value>^datetype__\d+_opt$</value>
            <rules>
              <rule>##CONST:MULTINUMBER##</rule>
            </rules>
          </param>
          <param>
            <value>^con_\d+_viewtype\d+$</value>
            <rules>
              <rule>##CONST:MULTINUMBER##</rule>
            </rules>
          </param>
          <param>
            <value>^returntype$</value>
            <rules>
              <rule>##CONST:MULTINUMBER##</rule>
            </rules>
          </param>
          <param>
            <value>^con\d_value1$</value>
            <rules>
              <rule>##CONST:NAMETITLE##</rule>
            </rules>
          </param>
          <param>
            <value>^con_\d+_htmltype$</value>
            <rules>
              <rule>##CONST:MULTINUMBER##</rule>
            </rules>
          </param>
          <param>
            <value>^con\d_opt$</value>
            <rules>
              <rule>##CONST:NAMETITLE##</rule>
            </rules>
          </param>
          <param>
            <value>^templatename$</value>
            <rules>
              <rule>##CONST:NAMETITLE##</rule>
            </rules>
          </param>
          <param>
            <value>^con\d_htmltype$</value>
            <rules>
              <rule>##CONST:MULTINUMBER##</rule>
            </rules>
          </param>
          <param>
            <value>^con_\d+_opt\d+$</value>
            <rules>
              <rule>##CONST:MULTINUMBER##</rule>
            </rules>
          </param>
          <param>
            <value>^templateid$</value>
            <rules>
              <rule>##CONST:MULTINUMBER##</rule>
            </rules>
          </param>
          <param>
            <value>^con\d_viewtype$</value>
            <rules>
              <rule>##CONST:LETTERS##</rule>
            </rules>
          </param>
          <param>
            <value>^valuearray$</value>
            <rules>
              <rule>##CONST:LETTERS##</rule>
            </rules>
          </param>
          <param>
            <value>^method$</value>
            <rules>
              <rule>##CONST:LETTERS##</rule>
            </rules>
          </param>
          <param>
            <value>^con\d_type$</value>
            <rules>
              <rule>##CONST:NAMETITLE##</rule>
            </rules>
          </param>
          <param>
            <value>^con_\d+_type$</value>
            <rules>
              <rule>##CONST:MULTINUMBER##</rule>
            </rules>
          </param>
          <param>
            <value>^con\d_value$</value>
            <rules>
              <rule>##CONST:NAMETITLE##</rule>
            </rules>
          </param>
          <param>
            <value>^con\d_name$</value>
            <rules>
              <rule>##CONST:NAMETITLE##</rule>
            </rules>
          </param>
          <param>
            <value>^customid$</value>
            <rules>
              <rule>##CONST:MULTINUMBER##</rule>
            </rules>
          </param>
          <param>
            <value>^con_\d+_colname$</value>
            <rules>
              <rule>##CONST:NAMETITLE##</rule>
            </rules>
          </param>
          <param>
            <value>^con_\d+_opt$</value>
            <rules>
              <rule>##CONST:MULTINUMBER##</rule>
            </rules>
          </param>
        </params>
      </url>
      <url>
        <value>/workflow/form/form_operation.jsp</value>
        <params>
          <param>
            <value>^itemFieldName_\d+$</value>
            <rules>
              <rule>##CONST:NAMETITLE##</rule>
            </rules>
          </param>
        </params>
      </url>
      <url>
        <value>/formmode/setup/triggerOperation.jsp</value>
        <params>
          <param>
            <value>^triggerSettingRows\d+$</value>
            <rules>
              <rule>##CONST:MULTINUMBER##</rule>
            </rules>
          </param>
          <param>
            <value>^triggerField\d+$</value>
            <rules>
              <rule>##CONST:MULTINUMBER##</rule>
            </rules>
          </param>
          <param>
            <value>^detailindex\d+$</value>
            <rules>
              <rule>##CONST:MULTINUMBER##</rule>
            </rules>
          </param>
          <param>
            <value>^triggerSetting\d+$</value>
            <rules>
              <rule>##CONST:MULTINUMBER##</rule>
            </rules>
          </param>
        </params>
      </url>
      <url>
        <value>/formmode/template/SaveTemplateOperation.jsp</value>
        <params>
          <param>
            <value>^displayorder$</value>
            <rules>
              <rule>##CONST:MULTINUMBER##</rule>
            </rules>
          </param>
          <param>
            <value>^con\d_colname$</value>
            <rules>
              <rule>##CONST:LETTERS##</rule>
            </rules>
          </param>
          <param>
            <value>^con\d_opt1$</value>
            <rules>
              <rule>##CONST:NAMETITLE##</rule>
            </rules>
          </param>
          <param>
            <value>^sourcetype$</value>
            <rules>
              <rule>##CONST:MULTINUMBER##</rule>
            </rules>
          </param>
          <param>
            <value>^con_\d+_viewtype$</value>
            <rules>
              <rule>##CONST:MULTINUMBER##</rule>
            </rules>
          </param>
          <param>
            <value>^templatetype$</value>
            <rules>
              <rule>##CONST:MULTINUMBER##</rule>
            </rules>
          </param>
          <param>
            <value>^datetype__\d+_opt$</value>
            <rules>
              <rule>##CONST:MULTINUMBER##</rule>
            </rules>
          </param>
          <param>
            <value>^con_\d+_viewtype\d+$</value>
            <rules>
              <rule>##CONST:MULTINUMBER##</rule>
            </rules>
          </param>
          <param>
            <value>^returntype$</value>
            <rules>
              <rule>##CONST:MULTINUMBER##</rule>
            </rules>
          </param>
          <param>
            <value>^con\d_value1$</value>
            <rules>
              <rule>##CONST:NAMETITLE##</rule>
            </rules>
          </param>
          <param>
            <value>^con_\d+_htmltype$</value>
            <rules>
              <rule>##CONST:MULTINUMBER##</rule>
            </rules>
          </param>
          <param>
            <value>^con\d_opt$</value>
            <rules>
              <rule>##CONST:NAMETITLE##</rule>
            </rules>
          </param>
          <param>
            <value>^templatename$</value>
            <rules>
              <rule>##CONST:NAMETITLE##</rule>
            </rules>
          </param>
          <param>
            <value>^con\d_htmltype$</value>
            <rules>
              <rule>##CONST:MULTINUMBER##</rule>
            </rules>
          </param>
          <param>
            <value>^con_\d+_opt\d+$</value>
            <rules>
              <rule>##CONST:MULTINUMBER##</rule>
            </rules>
          </param>
          <param>
            <value>^templateid$</value>
            <rules>
              <rule>##CONST:MULTINUMBER##</rule>
            </rules>
          </param>
          <param>
            <value>^con\d_viewtype$</value>
            <rules>
              <rule>##CONST:LETTERS##</rule>
            </rules>
          </param>
          <param>
            <value>^valuearray$</value>
            <rules>
              <rule>##CONST:LETTERS##</rule>
            </rules>
          </param>
          <param>
            <value>^method$</value>
            <rules>
              <rule>##CONST:LETTERS##</rule>
            </rules>
          </param>
          <param>
            <value>^con\d_type$</value>
            <rules>
              <rule>##CONST:NAMETITLE##</rule>
            </rules>
          </param>
          <param>
            <value>^con_\d+_type$</value>
            <rules>
              <rule>##CONST:MULTINUMBER##</rule>
            </rules>
          </param>
          <param>
            <value>^con\d_value$</value>
            <rules>
              <rule>##CONST:NAMETITLE##</rule>
            </rules>
          </param>
          <param>
            <value>^con\d_name$</value>
            <rules>
              <rule>##CONST:NAMETITLE##</rule>
            </rules>
          </param>
          <param>
            <value>^customid$</value>
            <rules>
              <rule>##CONST:MULTINUMBER##</rule>
            </rules>
          </param>
          <param>
            <value>^con_\d+_colname$</value>
            <rules>
              <rule>##CONST:NAMETITLE##</rule>
            </rules>
          </param>
          <param>
            <value>^con_\d+_opt$</value>
            <rules>
              <rule>##CONST:MULTINUMBER##</rule>
            </rules>
          </param>
        </params>
      </url>
      <url>
        <value>/formmode/exttools/impexpAction.jsp</value>
        <params>
          <param>
            <value>^triggerMethod\d+$</value>
            <rules>
              <rule>##CONST:LETTERS##</rule>
            </rules>
          </param>
          <param>
            <value>^workflowid\d+$</value>
            <rules>
              <rule>##CONST:MULTINUMBER##</rule>
            </rules>
          </param>
          <param>
            <value>^tworkflowid\d+$</value>
            <rules>
              <rule>##CONST:MULTINUMBER##</rule>
            </rules>
          </param>
          <param>
            <value>^id\d+$</value>
            <rules>
              <rule>##CONST:MULTINUMBER##</rule>
            </rules>
          </param>
          <param>
            <value>^workflowExport\d+$</value>
            <rules>
              <rule>##CONST:MULTINUMBER##</rule>
            </rules>
          </param>
          <param>
            <value>^triggerNodeId\d+$</value>
            <rules>
              <rule>##CONST:MULTINUMBER##</rule>
            </rules>
          </param>
        </params>
      </url>
      <url>
        <value>/mobilemode/browser/commonBrowser.jsp</value>
        <params>
          <param>
            <value>^fieldname_[a-zA-Z0-9]+?$</value>
            <rules>
              <rule>##CONST:FREEHTML##</rule>
            </rules>
          </param>
        </params>
      </url>
      <url>
        <value>/workflow/exchange/sdata/sdataadddetail.jsp</value>
        <params>
          <param>
            <value>^typename$</value>
            <rules>
              <rule>##CONST:NAMETITLE##</rule>
            </rules>
          </param>
          <param>
            <value>^viewid$</value>
            <rules>
              <rule>##CONST:MULTINUMBER##</rule>
            </rules>
          </param>
          <param>
            <value>^customsql_\d+$</value>
            <rules>
              <rule>##sqlkeyword1##</rule>
            </rules>
          </param>
        </params>
      </url>
      <url>
        <value>/formmode/setup/customPageSettingsAction.jsp</value>
        <params>
          <param>
            <value>^disorder_\d+$</value>
            <rules>
              <rule>##CONST:MULTINUMBER##</rule>
            </rules>
          </param>
          <param>
            <value>^hrefaddress_\d+$</value>
            <rules>
              <rule>##CONST:NAMETITLE##</rule>
            </rules>
          </param>
          <param>
            <value>^hrefname_\d+$</value>
            <rules>
              <rule>##CONST:NAMETITLE##</rule>
            </rules>
          </param>
          <param>
            <value>^hreftitle_\d+$</value>
            <rules>
              <rule>##CONST:NAMETITLE##</rule>
            </rules>
          </param>
        </params>
      </url>
      <url>
        <value>/formmode/setup/LayoutOperation.jsp</value>
        <params>
          <param>
            <value>^mode\d+?_edit_g\d+?$</value>
            <rules>
              <rule>##CONST:LETTERS##</rule>
            </rules>
          </param>
          <param>
            <value>^fieldattr\d+?$</value>
            <rules>
              <rule>##CONST:MULTINUMBER##</rule>
            </rules>
          </param>
          <param>
            <value>^othertype\d+?$</value>
            <rules>
              <rule>##CONST:MULTINUMBER##</rule>
            </rules>
          </param>
          <param>
            <value>^caltype\d+?$</value>
            <rules>
              <rule>##CONST:MULTINUMBER##</rule>
            </rules>
          </param>
          <param>
            <value>^dtl_allowscroll_\d+$</value>
            <rules>
              <rule>##CONST:LETTERS##</rule>
            </rules>
          </param>
          <param>
            <value>^dtl_mul_\d+?$</value>
            <rules>
              <rule>##CONST:LETTERS##</rule>
            </rules>
          </param>
          <param>
            <value>^dtl_add_\d+?$</value>
            <rules>
              <rule>##CONST:LETTERS##</rule>
            </rules>
          </param>
          <param>
            <value>^dtl_del_\d+?$</value>
            <rules>
              <rule>##CONST:LETTERS##</rule>
            </rules>
          </param>
          <param>
            <value>^dtl_ned_\d+?$</value>
            <rules>
              <rule>##CONST:LETTERS##</rule>
            </rules>
          </param>
          <param>
            <value>^mode-\d+?_view_g\d+?$</value>
            <rules>
              <rule>##CONST:LETTERS##</rule>
            </rules>
          </param>
          <param>
            <value>^dtl_copy_\d+?$</value>
            <rules>
              <rule>##CONST:LETTERS##</rule>
            </rules>
          </param>
          <param>
            <value>^transtype\d+?$</value>
            <rules>
              <rule>##CONST:MULTINUMBER##</rule>
            </rules>
          </param>
          <param>
            <value>^mode_editall_g\d+?$</value>
            <rules>
              <rule>##CONST:LETTERS##</rule>
            </rules>
          </param>
          <param>
            <value>^mode-\d+?_edit_g\d+?$</value>
            <rules>
              <rule>##CONST:LETTERS##</rule>
            </rules>
          </param>
          <param>
            <value>^mode\d+?_orderid_g\d+?$</value>
            <rules>
              <rule>##CONST:MULTINUMBER##</rule>
            </rules>
          </param>
          <param>
            <value>^mode\d+?_view_g\d+?$</value>
            <rules>
              <rule>##CONST:LETTERS##</rule>
            </rules>
          </param>
          <param>
            <value>^mode-\d+?_orderid_g\d+?$</value>
            <rules>
              <rule>##CONST:MULTINUMBER##</rule>
            </rules>
          </param>
          <param>
            <value>^detailgroupattr\d+$</value>
            <rules>
              <rule>##CONST:NAMETITLE##</rule>
            </rules>
          </param>
          <param>
            <value>^dtl_defrow\d+?$</value>
            <rules>
              <rule>##CONST:MULTINUMBER##</rule>
            </rules>
          </param>
          <param>
            <value>^mode_viewall_g\d+?$</value>
            <rules>
              <rule>##CONST:LETTERS##</rule>
            </rules>
          </param>
          <param>
            <value>^mode-\d+?_man_g\d+?$</value>
            <rules>
              <rule>##CONST:LETTERS##</rule>
            </rules>
          </param>
          <param>
            <value>^dtl_def_\d+?$</value>
            <rules>
              <rule>##CONST:LETTERS##</rule>
            </rules>
          </param>
          <param>
            <value>^tablelist\d+$</value>
            <rules>
              <rule>##CONST:MULTINUMBER##</rule>
            </rules>
          </param>
          <param>
            <value>^mode\d+?_man_g\d+?$</value>
            <rules>
              <rule>##CONST:LETTERS##</rule>
            </rules>
          </param>
          <param>
            <value>^dtl_isPagination_\d+?$</value>
            <rules>
              <rule>##CONST:LETTERS##</rule>
            </rules>
          </param>
          <param>
            <value>^mode_manall_g\d+?$</value>
            <rules>
              <rule>##CONST:LETTERS##</rule>
            </rules>
          </param>
          <param>
            <value>^dtl_edit_\d+?$</value>
            <rules>
              <rule>##CONST:LETTERS##</rule>
            </rules>
          </param>
        </params>
      </url>
      <url>
        <value>/mobilemode/browser/commonBrowserAction.jsp</value>
        <params>
          <param>
            <value>^fieldname_[a-zA-Z0-9]+?$</value>
            <rules>
              <rule>##CONST:FREEHTML##</rule>
            </rules>
          </param>
        </params>
      </url>
      <url>
        <value>/mobilemode/apps/mobile-cruiseshop2/dealAction.jsp</value>
        <params>
          <param>
            <value>^fieldname_[a-zA-Z0-9]+?$</value>
            <rules>
              <rule>##CONST:FREEHTML##</rule>
            </rules>
          </param>
          <param>
            <value>^type_[a-zA-Z0-9]+?$</value>
            <rules>
              <rule>##CONST:LETTERS##</rule>
            </rules>
          </param>
        </params>
      </url>
      <url>
        <value>/formmode/interfaces/WorkflowToModeSetOperation.jsp</value>
        <params>
          <param>
            <value>^modefieldid\d+$</value>
            <rules>
              <rule>##CONST:MULTINUMBER##</rule>
            </rules>
          </param>
          <param>
            <value>^wffieldid\d+$</value>
            <rules>
              <rule>##CONST:MULTINUMBER##</rule>
            </rules>
          </param>
          <param>
            <value>^detailtablewherecondition\d+$</value>
            <rules>
              <rule>##CONST:DML##</rule>
            </rules>
          </param>
        </params>
      </url>
      <url>
        <value>/formmode/view/ModeShareAddMore.jsp</value>
        <params>
          <param>
            <value>^datetype__\d+_opt$</value>
            <rules>
              <rule>##CONST:MULTINUMBER##</rule>
            </rules>
          </param>
          <param>
            <value>^con_\d+_opt\d+$</value>
            <rules>
              <rule>##CONST:MULTINUMBER##</rule>
            </rules>
          </param>
          <param>
            <value>^con_\d+_htmltype$</value>
            <rules>
              <rule>##CONST:MULTINUMBER##</rule>
            </rules>
          </param>
          <param>
            <value>^con_\d+_type$</value>
            <rules>
              <rule>##CONST:MULTINUMBER##</rule>
            </rules>
          </param>
          <param>
            <value>^con_\d+_viewtype$</value>
            <rules>
              <rule>##CONST:MULTINUMBER##</rule>
            </rules>
          </param>
          <param>
            <value>^datetype__\d+opt$</value>
            <rules>
              <rule>##CONST:MULTINUMBER##</rule>
            </rules>
          </param>
          <param>
            <value>^con_\d+_colname$</value>
            <rules>
              <rule>##CONST:LETTERS##</rule>
            </rules>
          </param>
          <param>
            <value>^con_\d+_opt$</value>
            <rules>
              <rule>##CONST:MULTINUMBER##</rule>
            </rules>
          </param>
        </params>
      </url>
      <url>
        <value>/workflow/request/FnaBudgetInfoAjax.jsp</value>
        <params>
          <param>
            <value>^budgetfeetype_\d+$</value>
            <rules>
              <rule>##CONST:MULTINUMBER##</rule>
            </rules>
          </param>
          <param>
            <value>^orgtype_\d+$</value>
            <rules>
              <rule>##CONST:MULTINUMBER##</rule>
            </rules>
          </param>
          <param>
            <value>^orgid_\d+$</value>
            <rules>
              <rule>##CONST:MULTINUMBER##</rule>
            </rules>
          </param>
          <param>
            <value>^applydate_\d+$</value>
            <rules>
              <rule>##CONST:LETTERS##</rule>
            </rules>
          </param>
          <param>
            <value>^dtl_id_\d+$</value>
            <rules>
              <rule>##CONST:MULTINUMBER##</rule>
            </rules>
          </param>
        </params>
      </url>
      <url>
        <value>/formmode/exceldesign/excelLayoutSave.jsp</value>
        <params>
          <param>
            <value>^fieldsql\d+?$</value>
            <rules>
              <rule>##CONST:DML##</rule>
            </rules>
          </param>
          <param>
            <value>^fieldattr-\d+?$</value>
            <rules>
              <rule>##CONST:MULTINUMBER##</rule>
            </rules>
          </param>
          <param>
            <value>^othertype-?\d+?$</value>
            <rules>
              <rule>##CONST:MULTINUMBER##</rule>
            </rules>
          </param>
          <param>
            <value>^fieldattr\d+?$</value>
            <rules>
              <rule>##CONST:MULTINUMBER##</rule>
            </rules>
          </param>
          <param>
            <value>^caltype-\d+$</value>
            <rules>
              <rule>##CONST:MULTINUMBER##</rule>
            </rules>
          </param>
          <param>
            <value>^transtype-\d+?$</value>
            <rules>
              <rule>##CONST:MULTINUMBER##</rule>
            </rules>
          </param>
          <param>
            <value>^caltype\d+$</value>
            <rules>
              <rule>##CONST:MULTINUMBER##</rule>
            </rules>
          </param>
          <param>
            <value>^transtype\d+?$</value>
            <rules>
              <rule>##CONST:MULTINUMBER##</rule>
            </rules>
          </param>
          <param>
            <value>^datasource\d+?$</value>
            <rules>
              <rule>##CONST:NAMETITLE##</rule>
            </rules>
          </param>
          <param>
            <value>^detailgroupattr\d+?$</value>
            <rules>
              <rule>##CONST:NAMETITLE##</rule>
            </rules>
          </param>
          <param>
            <value>^detail_\d+?_sheet$</value>
            <rules>
              <rule>##CONST:MULTINUMBER##</rule>
            </rules>
          </param>
        </params>
      </url>
      <url>
        <value>/workflow/request/FnaWipeApplyOperation.jsp</value>
        <params>
          <param>
            <value>^budgetperiod_\d+$</value>
            <rules>
              <rule>##CONST:LETTERS##</rule>
            </rules>
          </param>
          <param>
            <value>^pageSizeSeldiv_pager_\d+$</value>
            <rules>
              <rule>##CONST:LETTERS##</rule>
            </rules>
          </param>
          <param>
            <value>^attachcount_\d+$</value>
            <rules>
              <rule>##CONST:MULTINUMBER##</rule>
            </rules>
          </param>
          <param>
            <value>^amount_\d+$</value>
            <rules>
              <rule>##CONST:MULTINUMBER##</rule>
            </rules>
          </param>
          <param>
            <value>^subject_\d+$</value>
            <rules>
              <rule>##CONST:LETTERS##</rule>
            </rules>
          </param>
          <param>
            <value>^applyamount_\d+$</value>
            <rules>
              <rule>##CONST:MULTINUMBER##</rule>
            </rules>
          </param>
          <param>
            <value>^organizationid_\d+$</value>
            <rules>
              <rule>##CONST:MULTINUMBER##</rule>
            </rules>
          </param>
          <param>
            <value>^organizationtype_\d+$</value>
            <rules>
              <rule>##CONST:MULTINUMBER##</rule>
            </rules>
          </param>
        </params>
      </url>
      <url>
        <value>/systeminfo/label/labeloperation.jsp</value>
        <params>
          <param>
            <value>^name_\d+$</value>
            <rules>
              <rule>##CONST:NAMETITLE##</rule>
            </rules>
          </param>
        </params>
      </url>
      <url>
        <value>/workflow/automaticwf/automaticsettingadddetail.jsp</value>
        <params>
          <param>
            <value>^isdialog$</value>
            <rules>
              <rule>##CONST:LETTERS##</rule>
            </rules>
          </param>
          <param>
            <value>^outerdetailwhere\d+$</value>
            <rules>
              <rule>##sqlkeyword1##</rule>
            </rules>
          </param>
          <param>
            <value>^typename$</value>
            <rules>
              <rule>##CONST:NAMETITLE##</rule>
            </rules>
          </param>
          <param>
            <value>^viewid$</value>
            <rules>
              <rule>##CONST:MULTINUMBER##</rule>
            </rules>
          </param>
          <param>
            <value>^backto$</value>
            <rules>
              <rule>##CONST:LETTERS##</rule>
            </rules>
          </param>
          <param>
            <value>^customsql_\d+$</value>
            <rules>
              <rule>##sqlkeyword1##</rule>
            </rules>
          </param>
        </params>
      </url>
      <url>
        <value>/mobile/plugin/1/workflowSign.jsp</value>
        <params>
          <param>
            <value>^_\d+?$</value>
            <rules>
              <rule>##CONST:MULTINUMBER##</rule>
            </rules>
          </param>
          <param>
            <value>^tk\d+?$</value>
            <rules>
              <rule>##CONST:MULTINUMBER##</rule>
            </rules>
          </param>
        </params>
      </url>
      <url>
        <value>/workflow/request/menuCount.jsp</value>
        <params>
          <param>
            <value>^lftmn\d+?$</value>
            <rules>
              <rule>##CONST:LETTERS##</rule>
            </rules>
          </param>
        </params>
      </url>
      <url>
        <value>/hdpanel/base/sourceoperation.jsp</value>
        <params>
          <param>
            <value>^sqlstr$</value>
            <rules>
              <rule>##sqlkeyword1##</rule>
            </rules>
          </param>
          <param>
            <value>^sqlstr_\d+$</value>
            <rules>
              <rule>##sqlkeyword1##</rule>
            </rules>
          </param>
        </params>
      </url>
      <url>
        <value>/wui/theme/ecology8/page/ajaxGetMenu.jsp</value>
        <params>
          <param>
            <value>^lftmn\d+?$</value>
            <rules>
              <rule>##CONST:NAMETITLE##</rule>
            </rules>
          </param>
        </params>
      </url>
      <url>
        <value>/systeminfo/customLabel/CustomLabelOperation.jsp</value>
        <params>
          <param>
            <value>^name_\d+$</value>
            <rules>
              <rule>##CONST:NAMETITLE##</rule>
            </rules>
          </param>
        </params>
      </url>
      <url>
        <value>/systeminfo/note/noteoperation.jsp</value>
        <params>
          <param>
            <value>^operation$</value>
            <rules>
              <rule>##CONST:LETTERS##</rule>
            </rules>
          </param>
          <param>
            <value>^id$</value>
            <rules>
              <rule>##CONST:MULTINUMBER##</rule>
            </rules>
          </param>
          <param>
            <value>^indexdesc$</value>
            <rules>
              <rule>##CONST:NAMETITLE##</rule>
            </rules>
          </param>
          <param>
            <value>^name_\d*$</value>
            <rules>
              <rule>##CONST:NAMETITLE##</rule>
            </rules>
          </param>
          <param>
            <value>^searchcon$</value>
            <rules>
              <rule>##CONST:LETTERS##</rule>
            </rules>
          </param>
        </params>
      </url>
      <url>
        <value>/homepage/Homepage.jsp</value>
        <params>
          <param>
            <value>^e\d+?$</value>
            <rules>
              <rule>##CONST:LETTERS##</rule>
            </rules>
          </param>
        </params>
      </url>
      <url>
        <value>/hrm/employee/employeemainoperation.jsp</value>
        <params>
          <param>
            <value>^hrmid_\d+?$</value>
            <rules>
              <rule>##CONST:MULTINUMBER##</rule>
            </rules>
          </param>
        </params>
      </url>
      <url>
        <value>/formmode/search/customsearchtemp.jsp</value>
        <params>
          <param>
            <value>^creatertype$</value>
            <rules>
              <rule>##CONST:MULTINUMBER##</rule>
            </rules>
          </param>
          <param>
            <value>^con\d_colname$</value>
            <rules/>
          </param>
          <param>
            <value>^todate$</value>
            <rules>
              <rule>##CONST:DATE##</rule>
            </rules>
          </param>
          <param>
            <value>^method$</value>
            <rules>
              <rule>##CONST:LETTERS##</rule>
            </rules>
          </param>
          <param>
            <value>^con\d_opt1$</value>
            <rules/>
          </param>
          <param>
            <value>^con\d_type$</value>
            <rules/>
          </param>
          <param>
            <value>^fromdate$</value>
            <rules>
              <rule>##CONST:DATE##</rule>
            </rules>
          </param>
          <param>
            <value>^con\d_value$</value>
            <rules/>
          </param>
          <param>
            <value>^createrid$</value>
            <rules>
              <rule>##CONST:MULTINUMBER##</rule>
            </rules>
          </param>
          <param>
            <value>^issimple$</value>
            <rules>
              <rule>##CONST:LETTERS##</rule>
            </rules>
          </param>
          <param>
            <value>^complete$</value>
            <rules>
              <rule>##CONST:LETTERS##</rule>
            </rules>
          </param>
          <param>
            <value>^con\d_value1$</value>
            <rules/>
          </param>
          <param>
            <value>^con\d_name$</value>
            <rules/>
          </param>
          <param>
            <value>^con\d_opt$</value>
            <rules/>
          </param>
          <param>
            <value>^customid$</value>
            <rules>
              <rule>##CONST:MULTINUMBER##</rule>
            </rules>
          </param>
          <param>
            <value>^con\d_htmltype$</value>
            <rules/>
          </param>
          <param>
            <value>^workflowid$</value>
            <rules>
              <rule>##CONST:MULTINUMBER##</rule>
            </rules>
          </param>
        </params>
      </url>
      <url>
        <value>/formmode/setup/fieldBrowser1.jsp</value>
        <params>
          <param>
            <value>^pageSizeSel\d+$</value>
            <rules>
              <rule>##CONST:MULTINUMBER##</rule>
            </rules>
          </param>
          <param>
            <value>^pageSizeSel\d+inputText$</value>
            <rules>
              <rule>##CONST:MULTINUMBER##</rule>
            </rules>
          </param>
        </params>
      </url>
      <url>
        <value>/workflow/exchange/rdata/automaticsettingadddetail.jsp</value>
        <params>
          <param>
            <value>^outerdetailwhere\d+$</value>
            <rules>
              <rule>##sqlkeyword1##</rule>
            </rules>
          </param>
          <param>
            <value>^typename$</value>
            <rules>
              <rule>##CONST:NAMETITLE##</rule>
            </rules>
          </param>
          <param>
            <value>^viewid$</value>
            <rules>
              <rule>##CONST:MULTINUMBER##</rule>
            </rules>
          </param>
          <param>
            <value>^customsql_\d+$</value>
            <rules>
              <rule>##sqlkeyword1##</rule>
            </rules>
          </param>
        </params>
      </url>
      <url>
        <value>/systeminfo/errormsg/manageerrormsg.jsp</value>
        <params>
          <param>
            <value>^id$</value>
            <rules>
              <rule>##CONST:MULTINUMBER##</rule>
            </rules>
          </param>
          <param>
            <value>^hastab$</value>
            <rules>
              <rule>##CONST:LETTERS##</rule>
            </rules>
          </param>
          <param>
            <value>^indexdesc$</value>
            <rules>
              <rule>##CONST:NAMETITLE##</rule>
            </rules>
          </param>
          <param>
            <value>^name_\d*$</value>
            <rules>
              <rule>##CONST:NAMETITLE##</rule>
            </rules>
          </param>
        </params>
      </url>
      <url>
        <value>/fna/invoice/invoiceLedger/FnaInvoiceLedgerAction.jsp</value>
        <params>
          <param>
            <value>^unitPrice_\d+$</value>
            <rules>
              <rule>##CONST:MULTINUMBER##</rule>
            </rules>
          </param>
          <param>
            <value>^specification_\d+$</value>
            <rules>
              <rule>##CONST:MULTINUMBER##</rule>
              <rule>##CONST:LETTERS##</rule>
            </rules>
          </param>
          <param>
            <value>^tax_\d+$</value>
            <rules>
              <rule>##CONST:MULTINUMBER##</rule>
            </rules>
          </param>
          <param>
            <value>^unitNumber2_\d+$</value>
            <rules>
              <rule>##CONST:MULTINUMBER##</rule>
            </rules>
          </param>
          <param>
            <value>^priceWithoutTax_\d+$</value>
            <rules>
              <rule>##CONST:MULTINUMBER##</rule>
            </rules>
          </param>
          <param>
            <value>^taxDtl_\d+$</value>
            <rules>
              <rule>##CONST:MULTINUMBER##</rule>
            </rules>
          </param>
          <param>
            <value>^invoiceServiceYype_\d+$</value>
            <rules>
              <rule>##CONST:LETTERS##</rule>
            </rules>
          </param>
          <param>
            <value>^unit_\d+$</value>
            <rules>
              <rule>##CONST:MULTINUMBER##</rule>
            </rules>
          </param>
          <param>
            <value>^priceWithoutTaxDtl_\d+$</value>
            <rules>
              <rule>##CONST:MULTINUMBER##</rule>
            </rules>
          </param>
          <param>
            <value>^taxRate_\d+$</value>
            <rules>
              <rule>##CONST:MULTINUMBER##</rule>
            </rules>
          </param>
        </params>
      </url>
      <url>
        <value>/formmode/search/CustomShareOperation.jsp</value>
        <params>
          <param>
            <value>^relatedid\d+$</value>
            <rules>
              <rule>##CONST:MULTINUMBER##</rule>
            </rules>
          </param>
          <param>
            <value>^rightid\d+$</value>
            <rules>
              <rule>##CONST:MULTINUMBER##</rule>
            </rules>
          </param>
        </params>
      </url>
      <url>
        <value>/formmode/view/ModeShareOperation.jsp</value>
        <params>
          <param>
            <value>^relatedid\d+$</value>
            <rules>
              <rule>##CONST:MULTINUMBER##</rule>
            </rules>
          </param>
        </params>
      </url>
      <url>
        <value>/formmode/data/ModeDataOperation.jsp</value>
        <params>
          <param>
            <value>^dtl_id_\d_\d+$</value>
            <rules>
              <rule>##CONST:MULTINUMBER##</rule>
            </rules>
          </param>
          <param>
            <value>^modesnum\d+$</value>
            <rules>
              <rule>##CONST:MULTINUMBER##</rule>
            </rules>
          </param>
          <param>
            <value>^rowneed\d+$</value>
            <rules>
              <rule>##CONST:MULTINUMBER##</rule>
            </rules>
          </param>
          <param>
            <value>^indexnum\d+$</value>
            <rules>
              <rule>##CONST:MULTINUMBER##</rule>
            </rules>
          </param>
          <param>
            <value>^submitdtlid\d+$</value>
            <rules>
              <rule>##CONST:MULTINUMBER##</rule>
            </rules>
          </param>
          <param>
            <value>^deldtlid\d+$</value>
            <rules>
              <rule>##CONST:MULTINUMBER##</rule>
            </rules>
          </param>
        </params>
      </url>
      <url>
        <value>/formmode/setup/ModeOperation.jsp</value>
        <params>
          <param>
            <value>^selectfieldid_\d+$</value>
            <rules>
              <rule>##CONST:LETTERS##</rule>
            </rules>
          </param>
          <param>
            <value>^modeid_\d+$</value>
            <rules>
              <rule>##CONST:MULTINUMBER##</rule>
            </rules>
          </param>
          <param>
            <value>^viewattr_\d+$</value>
            <rules>
              <rule>##CONST:MULTINUMBER##</rule>
            </rules>
          </param>
          <param>
            <value>^changefieldids_\d+$</value>
            <rules>
              <rule>##CONST:LETTERS##</rule>
            </rules>
          </param>
          <param>
            <value>^selectfieldvalue_\d+$</value>
            <rules>
              <rule>##CONST:MULTINUMBER##</rule>
            </rules>
          </param>
        </params>
      </url>
      <url>
        <value>/systeminfo/note/managenote.jsp</value>
        <params>
          <param>
            <value>^id$</value>
            <rules>
              <rule>##CONST:MULTINUMBER##</rule>
            </rules>
          </param>
          <param>
            <value>^hastab$</value>
            <rules>
              <rule>##CONST:LETTERS##</rule>
            </rules>
          </param>
          <param>
            <value>^indexdesc$</value>
            <rules>
              <rule>##CONST:NAMETITLE##</rule>
            </rules>
          </param>
          <param>
            <value>^name_\d*$</value>
            <rules>
              <rule>##CONST:NAMETITLE##</rule>
            </rules>
          </param>
        </params>
      </url>
    </urls>
  </special-reg>
</root>
