<?xml version="1.0" encoding="UTF-8"?>
<root>
	<special-non>
		<urls>
			<url>
				<value>/cowork/CoworkMineList.jsp</value>
				<params>
					<param>
						<value>remark</value>
						<rules>
							<rule>##CONST:FREETEXTAREA##</rule>
						</rules>
					</param>
				</params>
			</url>
			<url>
				<value>/sms/ViewMessage.jsp</value>
				<params>
					<param>
						<value>fromdate</value>
						<rules>
							<rule>##CONST:DATE##</rule>
						</rules>
					</param>
					<param>
						<value>enddate</value>
						<rules>
							<rule>##CONST:DATE##</rule>
						</rules>
					</param>
				</params>
			</url>
			<url>
				<value>/sms/SmsManage.jsp</value>
				<params>
					<param>
						<value>fromdate</value>
						<rules>
							<rule>##CONST:DATE##</rule>
						</rules>
					</param>
					<param>
						<value>enddate</value>
						<rules>
							<rule>##CONST:DATE##</rule>
						</rules>
					</param>
				</params>
			</url>
			<url>
				<value>/meeting/Maint/MeetingTypeBrowser.jsp</value>
				<params>
					<param>
						<value>callbkfun</value>
						<rules>
							<rule>##CONST:LETTERS##</rule>
						</rules>
					</param>
				</params>
			</url>
			<url>
				<value>/meeting/Maint/MeetingTypeBrowserChld.jsp</value>
				<params>
					<param>
						<value>callbkfun</value>
						<rules>
							<rule>##CONST:LETTERS##</rule>
						</rules>
					</param>
				</params>
			</url>
			<url>
				<value>/meeting/Maint/MutiMeetingTypeBrowserChld.jsp</value>
				<params>
					<param>
						<value>callbkfun</value>
						<rules>
							<rule>##CONST:LETTERS##</rule>
						</rules>
					</param>
				</params>
			</url>
			<url>
				<value>/system/systemmonitor/workflow/WorkflowToDocTab.jsp</value>
				<params>
					<param>
						<value>wfstatu</value>
						<rules>
							<rule>##CONST:MULTINUMBER##</rule>
						</rules>
					</param>
				</params>
			</url>
			<url>
				<value>/workflow/sysPhrase/PhraseOperate.jsp</value>
				<params>
					<param>
						<value>phraseDesc</value>
						<rules>
							<rule>##CONST:FREEHTML##</rule>
						</rules>
					</param>
				</params>
			</url>
			<url>
				<value>/formmode/interfaces/dmlaction/DMLActionSettingOperation.jsp</value>
				<params>
					<param>
						<value>dmlfieldname</value>
						<rules>
							<rule>##CONST:NAMETITLE##</rule>
						</rules>
					</param>
				</params>
			</url>
			<url>
				<value>/hrm/company/deptFieldOperation.jsp</value>
				<params>
					<param>
						<value>fieldlabel</value>
						<rules>
							<rule>##CONST:NAMETITLE##</rule>
						</rules>
					</param>
				</params>
			</url>
			<url>
				<value>/voting/MyVoting.jsp</value>
				<params>
					<param>
						<value>var</value>
						<rules>
							<rule>##CONST:NAMETITLE##</rule>
						</rules>
					</param>
				</params>
			</url>
			<url>
				<value>/homepage/maint/HomepageTabs.jsp</value>
				<params>
					<param>
						<value>openDialog</value>
						<rules>
							<rule>##CONST:LETTERS##</rule>
						</rules>
					</param>
				</params>
			</url>
			<url>
				<value>/hrm/jobactivities/HrmJobActivitiesAdd.jsp</value>
				<params>
					<param>
						<value>isBrowser</value>
						<rules>
							<rule>##CONST:MULTINUMBER##</rule>
						</rules>
					</param>
				</params>
			</url>
			<url>
				<value>/social/manager/SocialGetGroupIconSub.jsp</value>
				<params>
					<param>
						<value>imagefileid</value>
						<rules>
							<rule>##CONST:MULTINUMBER##</rule>
						</rules>
					</param>
				</params>
			</url>
			<url>
				<value>/hrm/jobactivities/HrmJobActivitiesAdd.jsp</value>
				<params>
					<param>
						<value>isBrowser</value>
						<rules>
							<rule>##CONST:MULTINUMBER##</rule>
						</rules>
					</param>
				</params>
			</url>
			<url>
				<value>/hrm/resource/HrmResourceBasicEdit.jsp</value>
				<params>
					<param>
						<value>isView</value>
						<rules>
							<rule>##CONST:MULTINUMBER##</rule>
						</rules>
					</param>
				</params>
			</url>
			<url>
				<value>/hrm/performance/targetPlan/PlanModulOperation.jsp</value>
				<params>
					<param>
						<value>name</value>
						<rules>
							<rule>##CONST:NAMETITLE##</rule>
						</rules>
					</param>
				</params>
			</url>
			<url>
				<value>/hrm/HrmDialogTab.jsp</value>
				<params>
					<param>
						<value>alloption</value>
						<rules>
							<rule>##CONST:NAMETITLE##</rule>
						</rules>
					</param>
				</params>
			</url>
			<url>
				<value>/rdeploy/setting/MultiCategorySingleBrowser.jsp</value>
				<params>
					<param>
						<value>hasWarm</value>
						<rules>
							<rule>##CONST:MULTINUMBER##</rule>
						</rules>
					</param>
					<param>
						<value>folderid</value>
						<rules>
							<rule>##CONST:MULTINUMBER##</rule>
						</rules>
					</param>
					<param>
						<value>categoryname</value>
						<rules>
							<rule>##CONST:NAMETITLE##</rule>
						</rules>
					</param>
				</params>
			</url>
			<url>
				<value>/social/im/SocialHrmBrowserList.jsp</value>
				<params>
					<param>
						<value>tabid</value>
						<rules>
							<rule>##CONST:NAMETITLE##</rule>
						</rules>
					</param>
					<param>
						<value>searchName</value>
						<rules>
							<rule>##CONST:NAMETITLE##</rule>
						</rules>
					</param>
				</params>
			</url>
			<url>
				<value>/hrm/group/HrmGroupSuggestList.jsp</value>
				<params>
					<param>
						<value>createdateselect</value>
						<rules>
							<rule>##CONST:MULTINUMBER##</rule>
						</rules>
					</param>
				</params>
			</url>
			<url>
				<value>/hrm/jobtitles/HrmJobTitlesAdd.jsp</value>
				<params>
					<param>
						<value>isBrowser</value>
						<rules>
							<rule>##CONST:MULTINUMBER##</rule>
						</rules>
					</param>
				</params>
			</url>
			<url>
				<value>/rdeploy/chatproject/doc/seccategoryTableList.jsp</value>
				<params>
					<param>
						<value>isBrowser</value>
						<rules>
							<rule>##CONST:MULTINUMBER##</rule>
						</rules>
					</param>
					<param>
						<value>loadFolderType</value>
						<rules>
							<rule>##CONST:NAMETITLE##</rule>
						</rules>
					</param>
					<param>
						<value>txt</value>
						<rules>
							<rule>##CONST:NAMETITLE##</rule>
						</rules>
					</param>
				</params>
			</url>
			<url>
				<value>/docs/search/DocCommonContent.jsp</value>
				<params>
					<param>
						<value>customSearchPara</value>
						<rules>
							<rule>##CONST:NAMETITLE##</rule>
						</rules>
					</param>
				</params>
			</url>
		</urls>
	</special-non>
	<special-reg>
		<urls>
			<url>
				<value>/homepage/maint/HomepageMaintOperate.jsp</value>
				<params>
					<param>
						<value>^txtArea_[\w\d]*?$</value>
						<rules>
							<rule>##CONST:MULTINUMBER##</rule>
						</rules>
					</param>
				</params>
			</url>
			<url>
				<value>/homepage/maint/LoginMaintOperate.jsp</value>
				<params>
					<param>
						<value>^txtArea_[\w\d]*?$</value>
						<rules>
							<rule>##CONST:MULTINUMBER##</rule>
						</rules>
					</param>
				</params>
			</url>
		</urls>
	</special-reg>
</root>