<?xml version="1.0" encoding="UTF-8"?>
<root>
	<mobile>
		<no-login-urls>
			<url>/mobilemode/mobile/public.jsp</url>
			<url>/mobilemode/mobile/server.jsp</url>
			<url>/mobilemode/mobile/verifyLogin.jsp</url>
			<url>/mobilemode/mobile/verifyLogin2.jsp</url>
			<url>/mobile/plugin/fullsearch/EAssistant/index.jsp</url>
			<url>/mobilemode/public.jsp</url>
			<url>/mobile/plugin/UserCount.jsp</url>
			<url>/mobile/plugin/VerifyLogin.jsp</url>
			<url>/mobile/plugin/VerifyQuickLogin.jsp</url>
			<url>/mobile/plugin/VerifySessionKey.jsp</url>
			<url>/mobile/plugin/login/QCLoginStatus.jsp</url>
			<url>/mobile/plugin/noright.jsp</url>
			<url>/mobile/plugin/plus/login/LoingFromEb.jsp</url>
			<url>/mobile/plugin/plus/login/QCLoginStatus.jsp</url>
			<url>/mobile/plugin/config.jsp</url>
			<url>/mobile/plugin/WxInterface.jsp</url>
			<url>/mobile/plugin/CheckServer.jsp</url>
			<url>/mobile/plugin/changeUserInfo.jsp</url>
			<url>/mobile/plugin/GetMaster.jsp</url>
			<url>/mobile/plugin/AdminVerifyLogin.jsp</url>
			<url>/mobile/plugin/attr.jsp</url>
			<url>/mobile/plugin/wxsign.jsp</url>
			<url>/mobile/plugin/plus/sign/data/signOperation.jsp</url>
		</no-login-urls>
		<need-login-urls>
			<url>/cpt/</url>
			<url>/mobile/plugin/cowork/count.jsp</url>
			<url>/mobile/plugin/GetUser.jsp</url>
			<url>/mobile/plugin/plus/login/QCLogin.jsp</url>
			<url>/mobile/plugin/login/QRCodeLoginEM.jsp</url>
			<url>/mobile/plugin/login/QCLogin.jsp</url>
			<url>/mobile/plugin/cowork/CoworkOperation.jsp</url>
			<url>/mobile/plugin/2/imageFileUpload.jsp</url>
			<url>/mobile/plugin/plus/email/data/uploadOperation.jsp</url>
			<url>/mobile/plugin/email/EmailOperationGet.jsp</url>
			<url>/mobile/plugin/social/SocialVerifyLogin.jsp</url>
			<url>/mobile/browser/MobileConfigBrowser.jsp</url>
			<url>/mobile/browser/MobileCrossFrameProxy.jsp</url>
			<url>/mobile/browser/WorkflowCenterBrowser.jsp</url>
			<url>/mobile/DBconfigReader.jsp</url>
			<url>/mobile/e9/cpt/CptCheckMark.jsp</url>
			<url>/mobile/e9/cpt/CptIfOverAjax.jsp</url>
			<url>/mobile/e9/cpt/CptNumForManager.jsp</url>
			<url>/mobile/LogReader.jsp</url>
			<url>/mobile/plugin/1/addJsdetail.jsp</url>
			<url>/mobile/plugin/1/apptransfere8.jsp</url>
			<url>/mobile/plugin/1/agent/agentajax.jsp</url>
			<url>/mobile/plugin/1/agent/agentnew.jsp</url>
			<url>/mobile/plugin/1/agent/wfAgentCDBackConfirm.jsp</url>
			<url>/mobile/plugin/1/agent/WFAgentConditeAjax.jsp</url>
			<url>/mobile/plugin/1/agent/wfAgentGetBackConfirm.jsp</url>
			<url>/mobile/plugin/1/agent/wfAgentOperatorNew.jsp</url>
			<url>/mobile/plugin/1/apptransferfore9.jsp</url>
			<url>/mobile/plugin/1/browser/commonBrowser.jsp</url>
			<url>/mobile/plugin/1/browser.jsp</url>
			<url>/mobile/plugin/1/caauthajax.jsp</url>
			<url>/mobile/plugin/1/caauthwin.jsp</url>
			<url>/mobile/plugin/1/browserSignature.jsp</url>
			<url>/mobile/plugin/1/calJsdetail.jsp</url>
			<url>/mobile/plugin/1/changeAccountAjax.jsp</url>
			<url>/mobile/plugin/1/chart.jsp</url>
			<url>/mobile/plugin/1/client.jsp</url>
			<url>/mobile/plugin/1/clientInfo.jsp</url>
			<url>/mobile/plugin/1/clientSuccess.jsp</url>
			<url>/mobile/plugin/1/CptCheckMark.jsp</url>
			<url>/mobile/plugin/1/CptIfOverAjax.jsp</url>
			<url>/mobile/plugin/1/DataInputFromMobile.jsp</url>
			<url>/mobile/plugin/1/dataValidation.jsp</url>
			<url>/mobile/plugin/1/detailajax.jsp</url>
			<url>/mobile/plugin/1/divdetail.jsp</url>
			<url>/mobile/plugin/1/fna/DialogAdvanceAmtEdit4Mobile.jsp</url>
			<url>/mobile/plugin/1/fna/DialogAdvanceDnxh4Mobile.jsp</url>
			<url>/mobile/plugin/1/fna/DialogAmtEdit4Mobile.jsp</url>
			<url>/mobile/plugin/1/fna/DialogDnxh4Mobile.jsp</url>
			<url>/mobile/plugin/1/fna/wfpage/getClearSubjectMobile.jsp</url>
			<url>/mobile/plugin/1/fna/wfpage/mainBorrowSqrInfo4Mobile.jsp</url>
			<url>/mobile/plugin/1/form/detail/jsaddanddelete.jsp</url>
			<url>/mobile/plugin/1/form/detail/jscalculate.jsp</url>
			<url>/mobile/plugin/1/form/detail/rowhtml.jsp</url>
			<url>/mobile/plugin/1/form/detail/rowhtmldetail.jsp</url>
			<url>/mobile/plugin/1/form.jsp</url>
			<url>/mobile/plugin/1/FreeNodeShowSimple.jsp</url>
			<url>/mobile/plugin/1/FreeNodeWin.jsp</url>
			<url>/mobile/plugin/1/GetFreeNodeUserAjax.jsp</url>
			<url>/mobile/plugin/1/handwrittenSignatureVerification.jsp</url>
			<url>/mobile/plugin/1/formula/excelUploadFormula_AssignValue.jsp</url>
			<url>/mobile/plugin/1/formula/excelUploadFormula_SystemValue.jsp</url>
			<url>/mobile/plugin/1/html/htmlcalculate.jsp</url>
			<url>/mobile/plugin/1/html/operDetail.jsp</url>
			<url>/mobile/plugin/1/invoiceScanning.jsp</url>
			<url>/mobile/plugin/1/list/PhraseJson.jsp</url>
			<url>/mobile/plugin/1/list/RequestListOperation.jsp</url>
			<url>/mobile/plugin/1/mobileformfree.jsp</url>
			<url>/mobile/plugin/1/monitor/monitordtform.jsp</url>
			<url>/mobile/plugin/1/monitor/RequestIntervenor.jsp</url>
			<url>/mobile/plugin/1/monitor/WorkflowNextOperator.jsp</url>
			<url>/mobile/plugin/1/operationRecord.jsp</url>
			<url>/mobile/plugin/1/RequestOperation.jsp</url>
			<url>/mobile/plugin/1/SelectChange.jsp</url>
			<url>/mobile/plugin/1/signatureData.jsp</url>
			<url>/mobile/plugin/1/TriggerRemindWorkflow.jsp</url>
			<url>/mobile/plugin/1/verifyEletricSignature.jsp</url>
			<url>/mobile/plugin/1/view.jsp</url>
			<url>/mobile/plugin/1/wfDBFormulaLink.jsp</url>
			<url>/mobile/plugin/1/WfFieldAttrAjax.jsp</url>
			<url>/mobile/plugin/1/WfFieldDateAjax.jsp</url>
			<url>/mobile/plugin/1/wfFunctionManageLink.jsp</url>
			<url>/mobile/plugin/1/wfSubmitCheckAjax.jsp</url>
			<url>/mobile/plugin/1/WorkflowChangeShowAttrAjax.jsp</url>
			<url>/mobile/plugin/1/workflowNewPicture.jsp</url>
			<url>/mobile/plugin/1/workflowPicture.jsp</url>
			<url>/mobile/plugin/1/workflowStatus.jsp</url>
			<url>/mobile/plugin/11/blogFileUpload.jsp</url>
			<url>/mobile/plugin/11/comment.jsp</url>
			<url>/mobile/plugin/11/list.jsp</url>
			<url>/mobile/plugin/11/mainPage.jsp</url>
			<url>/mobile/plugin/2/networkdisk/addNetWorkDiskFile.jsp</url>
			<url>/mobile/plugin/2/operDocJSON.jsp</url>
			<url>/mobile/plugin/2/pdfview/mobile-viewer/viewer.jsp</url>
			<url>/mobile/plugin/2/pdfview/web/pdfViewer.jsp</url>
			<url>/mobile/plugin/2/pdfview/web/sysRemind.jsp</url>
			<url>/mobile/plugin/5/ChkMeetingMember.jsp</url>
			<url>/mobile/plugin/5/ChkMeetingRoom.jsp</url>
			<url>/mobile/plugin/2/reply/operDocReplyJSON.jsp</url>
			<url>/mobile/plugin/5/meetingsign.jsp</url>
			<url>/mobile/plugin/networkdisk/getCategory.jsp</url>
			<url>/mobile/plugin/networkdisk/getDataList.jsp</url>
			<url>/mobile/plugin/networkdisk/historySearch.jsp</url>
			<url>/mobile/plugin/networkdisk/list.jsp</url>
			<url>/mobile/plugin/networkdisk/shareDiskFileOrFolder.jsp</url>
			<url>/mobile/plugin/networkdisk/systemDoc.jsp</url>
			<url>/mobile/plugin/networkdisk/uploadFileForMobile.jsp</url>
			<url>/mobile/plugin/attrOprate.jsp</url>
			<url>/mobile/plugin/browser/fna2/action/fnaTreeBrowserAction.jsp</url>
			<url>/mobile/plugin/browser/MobileConfigBrowser.jsp</url>
			<url>/mobile/plugin/browser/MobileCrossFrameProxy.jsp</url>
			<url>/mobile/plugin/browser/MobileInit - 副本.jsp</url>
			<url>/mobile/plugin/browser/WorkflowCenterBrowser.jsp</url>
			<url>/mobile/plugin/browser/WorkflowCenterTreeData.jsp</url>
			<url>/mobile/plugin/browser.jsp</url>
			<url>/mobile/plugin/CAMessage.jsp</url>
			<url>/mobile/plugin/checkLockAjax.jsp</url>
			<url>/mobile/plugin/ComponentConfig.jsp</url>
			<url>/mobile/plugin/ComponentCount.jsp</url>
			<url>/mobile/plugin/ComponentList.jsp</url>
			<url>/mobile/plugin/cpt/index.jsp</url>
			<url>/mobile/plugin/contract/base/fileDownLoad.jsp</url>
			<url>/mobile/plugin/contract/base/fileUpload.jsp</url>
			<url>/mobile/plugin/contract/base/getDynamicInfo.jsp</url>
			<url>/mobile/plugin/contract/base/getHrmInfo.jsp</url>
			<url>/mobile/plugin/contract/index.jsp</url>
			<url>/mobile/plugin/contract/report/getReport.jsp</url>
			<url>/mobile/plugin/contract/report/getReportMobile.jsp</url>
			<url>/mobile/plugin/crm/browser.jsp</url>
			<url>/mobile/plugin/crm/CrmShowLocation.jsp</url>
			<url>/mobile/plugin/crm_new/cardAction.jsp</url>
			<url>/mobile/plugin/crm_new/crmAction.jsp</url>
			<url>/mobile/plugin/crm_new/hrmAction.jsp</url>
			<url>/mobile/plugin/Download.jsp</url>
			<url>/mobile/plugin/email/browser.jsp</url>
			<url>/mobile/plugin/email/EmailFileUpload.jsp</url>
			<url>/mobile/plugin/fullsearch/EAssistant/index.jsp</url>
			<url>/mobile/plugin/fullsearch/eassistantAjax.jsp</url>
			<url>/mobile/plugin/fullsearch/ForecastAjax.jsp</url>
			<url>/mobile/plugin/fullsearch/searchList.jsp</url>
			<url>/mobile/plugin/fullsearch/voiceOperation.jsp</url>
			<url>/mobile/plugin/homepagemobile/interfaces/defaultNav.jsp</url>
			<url>/mobile/plugin/homepagemobile/interfaces/element/compatible/ElementsTabContentData.jsp</url>
			<url>/mobile/plugin/homepagemobile/interfaces/element/Elements.jsp</url>
			<url>/mobile/plugin/homepagemobile/interfaces/homepageInterface.jsp</url>
			<url>/mobile/plugin/homepagemobile/interfaces/mobile/homepageInterface.jsp</url>
			<url>/mobile/plugin/homepagemobile/interfaces/mobile/tab/ElementsTabContentData.jsp</url>
			<url>/mobile/plugin/homepagemobile/interfaces/test.jsp</url>
			<url>/mobile/plugin/homepagemobile/interfaces/userToJson.jsp</url>
			<url>/mobile/plugin/GetUserConfig.jsp</url>
			<url>/mobile/plugin/hrm/changepassword.jsp</url>
			<url>/mobile/plugin/hrm/hrmBrowserInterface.jsp</url>
			<url>/mobile/plugin/hrm/hrminterface.jsp</url>
			<url>/mobile/plugin/JerseyAction.jsp</url>
			<url>/mobile/plugin/plus/email/data/uploadOperation.jsp</url>
			<url>/mobile/plugin/plus/fileupload/uploadForCowork.jsp</url>
			<url>/mobile/plugin/plus/fileupload/uploadOperation.jsp</url>
			<url>/mobile/plugin/plus/user/userOperation.jsp</url>
			<url>/mobile/plugin/PreDownload.jsp</url>
			<url>/mobile/plugin/proj/index.jsp</url>
			<url>/mobile/plugin/SetUser.jsp</url>
			<url>/mobile/plugin/SyncUser.jsp</url>
			<url>/mobile/plugin/SyncUserInfo.jsp</url>
			<url>/mobile/plugin/Update.jsp</url>
			<url>/mobile/plugin/voting/groupchatvote/deleteVote.jsp</url>
			<url>/mobile/plugin/voting/groupchatvote/getUserList.jsp</url>
			<url>/mobile/plugin/voting/groupchatvote/getVoteDetail.jsp</url>
			<url>/mobile/plugin/voting/groupchatvote/getVoteList.jsp</url>
			<url>/mobile/plugin/voting/groupchatvote/index.jsp</url>
			<url>/mobile/plugin/voting/groupchatvote/saveVote.jsp</url>
			<url>/mobile/plugin/voting/groupchatvote/submitVote.jsp</url>
			<url>/mobile/plugin/voting/groupchatvote/uploadImage.jsp</url>
			<url>/mobile/plugin/voting/groupchatvote/validateStatus.jsp</url>
			<url>/mobile/plugin/wfIframeForward.jsp</url>
			<url>/mobile/plugin/WxGetDataList.jsp</url>
			<url>/mobile/plugin/wxsign.jsp</url>
			<url>/mobile/MobileConfig.jsp</url>
			<url>/mobile/MobileConfigOperation.jsp</url>
			<url>/mobile/MobileSecuritySetting.jsp</url>
			<url>/mobile/MobileSecuritySettingOperation.jsp</url>
			<url>/mobile/WorkflowCenterBrowser.jsp</url>
			<url>/mobile/WorkflowCenterTreeData.jsp</url>
			<url>/mobile/browser/MobileConfigBrowser.jsp</url>
			<url>/mobile/browser/MobileUserBrowser.jsp</url>
			<url>/mobile/browser/WorkflowCenterTreeData.jsp</url>
			<url>/mobile/chat/addShare.jsp</url>
			<url>/mobile/plugin/1/FnaBudgetInfoMobileAjax.jsp</url>
			<url>/mobile/plugin/1/FnaBudgetInfoMobileMultiAjax.jsp</url>
			<url>/mobile/plugin/1/FnaChangeifoverJsonMobileAjax.jsp</url>
			<url>/mobile/plugin/1/FnaShareifoverJsonMobileAjax.jsp</url>
			<url>/mobile/plugin/1/FnaifoverJsonMobileAjax.jsp</url>
			<url>/mobile/plugin/1/GetOrgNameByIdMobile.jsp</url>
			<url>/mobile/plugin/1/HandwrittenSignatureAdd.jsp</url>
			<url>/mobile/plugin/1/HandwrittenSignatureEdit.jsp</url>
			<url>/mobile/plugin/1/HandwrittenSignatureList.jsp</url>
			<url>/mobile/plugin/1/RequestChooseOperator.jsp</url>
			<url>/mobile/plugin/1/RequestOperation.jsp</url>
			<url>/mobile/plugin/1/UploadHandwrittenSignature.jsp</url>
			<url>/mobile/plugin/1/agent/agentlist.jsp</url>
			<url>/mobile/plugin/1/browserSignature.jsp</url>
			<url>/mobile/plugin/1/createlist.jsp</url>
			<url>/mobile/plugin/1/createwfdata.jsp</url>
			<url>/mobile/plugin/1/detailview.jsp</url>
			<url>/mobile/plugin/1/fna/FnaElecInvoiceUtil.jsp</url>
			<url>/mobile/plugin/1/fna/MultiInvoiceOCRAjax.jsp</url>
			<url>/mobile/plugin/1/fna/imageOCRAjax.jsp</url>
			<url>/mobile/plugin/1/fna/imageOCRAjax_emobile.jsp</url>
			<url>/mobile/plugin/1/fna/invoiceInfoAjax.jsp</url>
			<url>/mobile/plugin/1/fna/wfpage/FnaifoverJsonAjaxBorrow4Mobile.jsp</url>
			<url>/mobile/plugin/1/fna/wfpage/FnaifoverJsonAjaxRepayment4Mobile.jsp</url>
			<url>/mobile/plugin/1/fna/wfpage/dialogAdvanceAmountOfHistoryQry4Mobile.jsp</url>
			<url>/mobile/plugin/1/fna/wfpage/dialogAmountOfHistoryQry4Mobile.jsp</url>
			<url>/mobile/plugin/1/fna/wfpage/getAdvanceRequestInfo4Mobile.jsp</url>
			<url>/mobile/plugin/1/fna/wfpage/getBorrowRequestInfo4Mobile.jsp</url>
			<url>/mobile/plugin/1/formula/excelUploadFormula_Db_ajax.jsp</url>
			<url>/mobile/plugin/1/monitor/MonitorOperation.jsp</url>
			<url>/mobile/plugin/1/operationButtonJson.jsp</url>
			<url>/mobile/plugin/1/requestChooseOperator_mobile.jsp</url>
			<url>/mobile/plugin/1/showLocationTrack.jsp</url>
			<url>/mobile/plugin/1/status/requestOperationStatus.jsp</url>
			<url>/mobile/plugin/1/workflowAjaxUrl.jsp</url>
			<url>/mobile/plugin/1/workflowBillAction.jsp</url>
			<url>/mobile/plugin/1/workflowPicDisplayInfo.jsp</url>
			<url>/mobile/plugin/1/workflowSign.jsp</url>
			<url>/mobile/plugin/1/workflowSign4Separation.jsp</url>
			<url>/mobile/plugin/1/workflowSignAttachFiles.jsp</url>
			<url>/mobile/plugin/11/BlogViewContent.jsp</url>
			<url>/mobile/plugin/11/uitls/blogOpt.jsp</url>
			<url>/mobile/plugin/11/viewBlog.jsp</url>
			<url>/mobile/plugin/12/count.jsp</url>
			<url>/mobile/plugin/12/getjson.jsp</url>
			<url>/mobile/plugin/12/list.jsp</url>
			<url>/mobile/plugin/12/postjson.jsp</url>
			<url>/mobile/plugin/12/view.jsp</url>
			<url>/mobile/plugin/2/content.jsp</url>
			<url>/mobile/plugin/2/getCategoryTreeJSON.jsp</url>
			<url>/mobile/plugin/2/getDocContent.jsp</url>
			<url>/mobile/plugin/2/getDocJSON.jsp</url>
			<url>/mobile/plugin/2/getDocReplyJSON.jsp</url>
			<url>/mobile/plugin/2/getDocView.jsp</url>
			<url>/mobile/plugin/2/getjson.jsp</url>
			<url>/mobile/plugin/2/imageFileUpload.jsp</url>
			<url>/mobile/plugin/2/networkdisk/addNetWorkDiskFile.jsp</url>
			<url>/mobile/plugin/2/operDocJSON.jsp</url>
			<url>/mobile/plugin/2/reply/docPraiseJSON.jsp</url>
			<url>/mobile/plugin/2/reply/getDocReplyJSONForData.jsp</url>
			<url>/mobile/plugin/2/reply/operDocReplyJSON.jsp</url>
			<url>/mobile/plugin/2/view.jsp</url>
			<url>/mobile/plugin/4/getjson.jsp</url>
			<url>/mobile/plugin/4/list.jsp</url>
			<url>/mobile/plugin/4/postjson.jsp</url>
			<url>/mobile/plugin/4/select.jsp</url>
			<url>/mobile/plugin/4/view.jsp</url>
			<url>/mobile/plugin/5/ChkMeetingService.jsp</url>
			<url>/mobile/plugin/5/QRsign.jsp</url>
			<url>/mobile/plugin/5/detail.jsp</url>
			<url>/mobile/plugin/5/list.jsp</url>
			<url>/mobile/plugin/5/meeting.jsp</url>
			<url>/mobile/plugin/5/meetingsign.jsp</url>
			<url>/mobile/plugin/5/opreation.jsp</url>
			<url>/mobile/plugin/5/select.jsp</url>
			<url>/mobile/plugin/5/view.jsp</url>
			<url>/mobile/plugin/6/get.jsp</url>
			<url>/mobile/plugin/6/list.jsp</url>
			<url>/mobile/plugin/6/view.jsp</url>
			<url>/mobile/plugin/CheckIn.jsp</url>
			<url>/mobile/plugin/MobilehasWfCreatePermission.jsp</url>
			<url>/mobile/plugin/WorkCenter.jsp</url>
			<url>/mobile/plugin/browser/AttrWorkflowBrowser.jsp</url>
			<url>/mobile/plugin/browser/BrowserOperation.jsp</url>
			<url>/mobile/plugin/browser/DocTreeDocFieldBrowserMulti.jsp</url>
			<url>/mobile/plugin/browser/DocTreeDocFieldBrowserMultiXML.jsp</url>
			<url>/mobile/plugin/browser/HrmOrgTreeBrowser.jsp</url>
			<url>/mobile/plugin/browser/HrmOrgTreeData.jsp</url>
			<url>/mobile/plugin/browser/HrmRolesBrowser.jsp</url>
			<url>/mobile/plugin/browser/MobileDocBrowser.jsp</url>
			<url>/mobile/plugin/browser/MobileDocColBrowser.jsp</url>
			<url>/mobile/plugin/browser/MobileDocColSetting.jsp</url>
			<url>/mobile/plugin/browser/MobileInit.jsp</url>
			<url>/mobile/plugin/browser/MobileUserBrowser.jsp</url>
			<url>/mobile/plugin/browser/MobileWorkflowBrowser.jsp</url>
			<url>/mobile/plugin/browser/MobileWorkflowSingleSelect.jsp</url>
			<url>/mobile/plugin/browser/ModeRemindBrowser.jsp</url>
			<url>/mobile/plugin/browser/ModeRemindOperation.jsp</url>
			<url>/mobile/plugin/browser/MutiDocBrowser.jsp</url>
			<url>/mobile/plugin/browser/MutiResourceBrowser.jsp</url>
			<url>/mobile/plugin/browser/MutiResourceSearch.jsp</url>
			<url>/mobile/plugin/browser/MutiResourceSelect.jsp</url>
			<url>/mobile/plugin/browser/MutilCategoryBrowser.jsp</url>
			<url>/mobile/plugin/browser/MutilCategoryBrowserXML.jsp</url>
			<url>/mobile/plugin/browser/NewsBrowser.jsp</url>
			<url>/mobile/plugin/browser/ResourceMultiXML.jsp</url>
			<url>/mobile/plugin/browser/SearchByGroup.jsp</url>
			<url>/mobile/plugin/browser/SearchByOrgan.jsp</url>
			<url>/mobile/plugin/browsernew/departBrowser.jsp</url>
			<url>/mobile/plugin/browsernew/departBrowserAction.jsp</url>
			<url>/mobile/plugin/chat/addShare.jsp</url>
			<url>/mobile/plugin/chat/wfParticipants.jsp</url>
			<url>/mobile/plugin/contract/base/ContractStatusChange.jsp</url>
			<url>/mobile/plugin/contract/base/authority.jsp</url>
			<url>/mobile/plugin/contract/base/comment.jsp</url>
			<url>/mobile/plugin/contract/base/dynamic.jsp</url>
			<url>/mobile/plugin/contract/base/getConTypeInfo.jsp</url>
			<url>/mobile/plugin/contract/base/getContractInfo.jsp</url>
			<url>/mobile/plugin/contract/base/getContractList.jsp</url>
			<url>/mobile/plugin/contract/base/getIncomList.jsp</url>
			<url>/mobile/plugin/contract/base/getIncomListByCons.jsp</url>
			<url>/mobile/plugin/contract/base/getMobileHomeTotal.jsp</url>
			<url>/mobile/plugin/contract/base/getNoLookTab.jsp</url>
			<url>/mobile/plugin/contract/base/getPayList.jsp</url>
			<url>/mobile/plugin/contract/base/getPossibleConByRiskItem.jsp</url>
			<url>/mobile/plugin/contract/base/getRelatedContractList.jsp</url>
			<url>/mobile/plugin/contract/base/getRemaindInfo.jsp</url>
			<url>/mobile/plugin/contract/base/getRiskListByCons.jsp</url>
			<url>/mobile/plugin/contract/base/getRiskremaind.jsp</url>
			<url>/mobile/plugin/contract/base/userInfo.jsp</url>
			<url>/mobile/plugin/cowork/CoworkOperation.jsp</url>
			<url>/mobile/plugin/cowork/count.jsp</url>
			<url>/mobile/plugin/cowork/list.jsp</url>
			<url>/mobile/plugin/cowork/view.jsp</url>
			<url>/mobile/plugin/crm/CrmAddShare.jsp</url>
			<url>/mobile/plugin/crm/CrmContact.jsp</url>
			<url>/mobile/plugin/crm/CrmContactOperation.jsp</url>
			<url>/mobile/plugin/crm/CrmListContent.jsp</url>
			<url>/mobile/plugin/crm/CrmMain.jsp</url>
			<url>/mobile/plugin/crm/CrmView.jsp</url>
			<url>/mobile/plugin/crm/ShareOperation.jsp</url>
			<url>/mobile/plugin/crm/dialog.jsp</url>
			<url>/mobile/plugin/crm_new/CRMReportData.jsp</url>
			<url>/mobile/plugin/crm_new/CrmContactOperation.jsp</url>
			<url>/mobile/plugin/crm_new/CrmSectorReportData.jsp</url>
			<url>/mobile/plugin/crm_new/card.jsp</url>
			<url>/mobile/plugin/crm_new/cardCustomers.jsp</url>
			<url>/mobile/plugin/crm_new/contacter.jsp</url>
			<url>/mobile/plugin/crm_new/contacterEdit.jsp</url>
			<url>/mobile/plugin/crm_new/crmContacterTitle.jsp</url>
			<url>/mobile/plugin/crm_new/crmContacts.jsp</url>
			<url>/mobile/plugin/crm_new/crmContactsAdd.jsp</url>
			<url>/mobile/plugin/crm_new/crmContactsAddNew.jsp</url>
			<url>/mobile/plugin/crm_new/crmContactsEdit.jsp</url>
			<url>/mobile/plugin/crm_new/crmCustomer.jsp</url>
			<url>/mobile/plugin/crm_new/crmDesc.jsp</url>
			<url>/mobile/plugin/crm_new/crmManager.jsp</url>
			<url>/mobile/plugin/crm_new/crmMap.jsp</url>
			<url>/mobile/plugin/crm_new/crmSector.jsp</url>
			<url>/mobile/plugin/crm_new/crmSellChance.jsp</url>
			<url>/mobile/plugin/crm_new/crmSellChanceAction.jsp</url>
			<url>/mobile/plugin/crm_new/crmSellChanceAdd.jsp</url>
			<url>/mobile/plugin/crm_new/crmSellChanceCustomer.jsp</url>
			<url>/mobile/plugin/crm_new/crmSellChanceStatus.jsp</url>
			<url>/mobile/plugin/crm_new/crmSellChanceSufactor.jsp</url>
			<url>/mobile/plugin/crm_new/crmSellChanceType.jsp</url>
			<url>/mobile/plugin/crm_new/crmShareView.jsp</url>
			<url>/mobile/plugin/crm_new/crmSize.jsp</url>
			<url>/mobile/plugin/crm_new/crmStatus.jsp</url>
			<url>/mobile/plugin/crm_new/crmType.jsp</url>
			<url>/mobile/plugin/crm_new/crmWay.jsp</url>
			<url>/mobile/plugin/crm_new/custAddr.jsp</url>
			<url>/mobile/plugin/crm_new/customer.jsp</url>
			<url>/mobile/plugin/crm_new/customerAdd.jsp</url>
			<url>/mobile/plugin/crm_new/customerAddExist.jsp</url>
			<url>/mobile/plugin/crm_new/displayPicOnMobile.jsp</url>
			<url>/mobile/plugin/crm_new/hrmList.jsp</url>
			<url>/mobile/plugin/crm_new/index.jsp</url>
			<url>/mobile/plugin/crm_new/newContactRecord.jsp</url>
			<url>/mobile/plugin/crm_new/newCrmShare.jsp</url>
			<url>/mobile/plugin/crm_new/sellchance.jsp</url>
			<url>/mobile/plugin/crm_new/signInout.jsp</url>
			<url>/mobile/plugin/crm_new/toolbar.jsp</url>
			<url>/mobile/plugin/dialog.jsp</url>
			<url>/mobile/plugin/ding/postjson.jsp</url>
			<url>/mobile/plugin/email/EmailCount.jsp</url>
			<url>/mobile/plugin/email/EmailData.jsp</url>
			<url>/mobile/plugin/email/EmailDone.jsp</url>
			<url>/mobile/plugin/email/EmailListContent.jsp</url>
			<url>/mobile/plugin/email/EmailLoadHrm.jsp</url>
			<url>/mobile/plugin/email/EmailMain.jsp</url>
			<url>/mobile/plugin/email/EmailMenu.jsp</url>
			<url>/mobile/plugin/email/EmailNew.jsp</url>
			<url>/mobile/plugin/email/EmailNewIn.jsp</url>
			<url>/mobile/plugin/email/EmailNewOperation.jsp</url>
			<url>/mobile/plugin/email/EmailOperationGet.jsp</url>
			<url>/mobile/plugin/email/EmailView.jsp</url>
			<url>/mobile/plugin/email/EmailViewOperation.jsp</url>
			<url>/mobile/plugin/email/dialog.jsp</url>
			<url>/mobile/plugin/email/forwardBtnDialog.jsp</url>
			<url>/mobile/plugin/fullsearch/EAssistant/eWorkbenchAjax.jsp</url>
			<url>/mobile/plugin/fullsearch/InitParamAjax.jsp</url>
			<url>/mobile/plugin/fullsearch/ViewFaqDetailLib.jsp</url>
			<url>/mobile/plugin/fullsearch/ajaxVoice.jsp</url>
			<url>/mobile/plugin/fullsearch/getFetch.jsp</url>
			<url>/mobile/plugin/fullsearch/getjson.jsp</url>
			<url>/mobile/plugin/fullsearch/list.jsp</url>
			<url>/mobile/plugin/fullsearch/locationUtil.jsp</url>
			<url>/mobile/plugin/fullsearch/oldlist.jsp</url>
			<url>/mobile/plugin/fullsearch/voice.jsp</url>
			<url>/mobile/plugin/goal/NoRight.jsp</url>
			<url>/mobile/plugin/goal/addOperation.jsp</url>
			<url>/mobile/plugin/goal/changeStatus.jsp</url>
			<url>/mobile/plugin/goal/favOperation.jsp</url>
			<url>/mobile/plugin/goal/getCompanyGoalList.jsp</url>
			<url>/mobile/plugin/goal/getGoalList.jsp</url>
			<url>/mobile/plugin/goal/getMoreFb.jsp</url>
			<url>/mobile/plugin/goal/getMoreLog.jsp</url>
			<url>/mobile/plugin/goal/getSubGoal.jsp</url>
			<url>/mobile/plugin/goal/goalAdd.jsp</url>
			<url>/mobile/plugin/goal/goalDetail.jsp</url>
			<url>/mobile/plugin/goal/goalMain.jsp</url>
			<url>/mobile/plugin/goal/saveFb.jsp</url>
			<url>/mobile/plugin/homepagemobile/homepage.jsp</url>
			<url>/mobile/plugin/homepagemobile/interfaces/customMenuToJson.jsp</url>
			<url>/mobile/plugin/homepagemobile/interfaces/documentToJson.jsp</url>
			<url>/mobile/plugin/homepagemobile/interfaces/leftMenuToJson.jsp</url>
			<url>/mobile/plugin/homepagemobile/interfaces/mobilePortalMenuToJson.jsp</url>
			<url>/mobile/plugin/homepagemobile/interfaces/portalMenuToJson.jsp</url>
			<url>/mobile/plugin/homepagemobile/interfaces/quickSearchItemsToJson.jsp</url>
			<url>/mobile/plugin/homepagemobile/interfaces/topMenuToJson.jsp</url>
			<url>/mobile/plugin/hrm/forgotPassword.jsp</url>
			<url>/mobile/plugin/hrm/hrminterface4E.jsp</url>
			<url>/mobile/plugin/login/QCLoginManager.jsp</url>
			<url>/mobile/plugin/login/QCLoginManagerOperation.jsp</url>
			<url>/mobile/plugin/login/QCMoibleLoginCaOperation.jsp</url>
			<url>/mobile/plugin/login/QCOperation.jsp</url>
			<url>/mobile/plugin/mobilelist.jsp</url>
			<url>/mobile/plugin/msign/postjson.jsp</url>
			<url>/mobile/plugin/networkdisk/docDetail.jsp</url>
			<url>/mobile/plugin/networkdisk/docReplyList.jsp</url>
			<url>/mobile/plugin/networkdisk/list.jsp</url>
			<url>/mobile/plugin/news/docReply.jsp</url>
			<url>/mobile/plugin/news/operation.jsp</url>
			<url>/mobile/plugin/news/operation_wev8.jsp</url>
			<url>/mobile/plugin/newtask/NoRight.jsp</url>
			<url>/mobile/plugin/newtask/addOperation.jsp</url>
			<url>/mobile/plugin/newtask/changeStatus.jsp</url>
			<url>/mobile/plugin/newtask/count.jsp</url>
			<url>/mobile/plugin/newtask/favOperation.jsp</url>
			<url>/mobile/plugin/newtask/getMoreFb.jsp</url>
			<url>/mobile/plugin/newtask/getMoreLog.jsp</url>
			<url>/mobile/plugin/newtask/getMoreTaskname.jsp</url>
			<url>/mobile/plugin/newtask/getSubTask.jsp</url>
			<url>/mobile/plugin/newtask/getTaskList.jsp</url>
			<url>/mobile/plugin/newtask/saveFb.jsp</url>
			<url>/mobile/plugin/newtask/selectTaskName.jsp</url>
			<url>/mobile/plugin/newtask/subList.jsp</url>
			<url>/mobile/plugin/newtask/taskAdd.jsp</url>
			<url>/mobile/plugin/newtask/taskDetail.jsp</url>
			<url>/mobile/plugin/newtask/taskMain.jsp</url>
			<url>/mobile/plugin/newtask/updateOperation.jsp</url>
			<url>/mobile/plugin/performance/AccessOperation.jsp</url>
			<url>/mobile/plugin/performance/AccessView.jsp</url>
			<url>/mobile/plugin/performance/accessMain.jsp</url>
			<url>/mobile/plugin/performance/classOperation.jsp</url>
			<url>/mobile/plugin/performance/download.jsp</url>
			<url>/mobile/plugin/performance/getAccessList.jsp</url>
			<url>/mobile/plugin/performance/getResultList.jsp</url>
			<url>/mobile/plugin/performance/perforMain.jsp</url>
			<url>/mobile/plugin/performance/perforcount.jsp</url>
			<url>/mobile/plugin/performance/perforhand.jsp</url>
			<url>/mobile/plugin/plus/browser/departBrowser.jsp</url>
			<url>/mobile/plugin/plus/browser/departBrowserAction.jsp</url>
			<url>/mobile/plugin/plus/browser/hrmBrowser.jsp</url>
			<url>/mobile/plugin/plus/browser/hrmBrowserAction.jsp</url>
			<url>/mobile/plugin/plus/browser/hrmBrowserAction_en.jsp</url>
			<url>/mobile/plugin/plus/browser/hrmBrowser_en.jsp</url>
			<url>/mobile/plugin/plus/browser/wfBrowser.jsp</url>
			<url>/mobile/plugin/plus/browser/wfBrowserAction.jsp</url>
			<url>/mobile/plugin/plus/cowork/data/coworkOperation.jsp</url>
			<url>/mobile/plugin/plus/doc/data/docList.jsp</url>
			<url>/mobile/plugin/plus/doc/data/docOperation.jsp</url>
			<url>/mobile/plugin/plus/email/data/EmailView.jsp</url>
			<url>/mobile/plugin/plus/fileupload/getFileSize.jsp</url>
			<url>/mobile/plugin/plus/hrm/data/hrmOperation.jsp</url>
			<url>/mobile/plugin/plus/login/QCLoginOperation.jsp</url>
			<url>/mobile/plugin/plus/meeting/data/MeetingUtil.jsp</url>
			<url>/mobile/plugin/plus/meeting/data/meetingOperation.jsp</url>
			<url>/mobile/plugin/plus/meeting/data/saveMeetingFlow.jsp</url>
			<url>/mobile/plugin/plus/user/checkUser.jsp</url>
			<url>/mobile/plugin/plus/vote/data/count.jsp</url>
			<url>/mobile/plugin/plus/vote/data/voteOperation.jsp</url>
			<url>/mobile/plugin/plus/workflow/data/wfForHs.jsp</url>
			<url>/mobile/plugin/plus/workflow/data/wfList.jsp</url>
			<url>/mobile/plugin/plus/workflow/data/wfMultiOperation.jsp</url>
			<url>/mobile/plugin/plus/workflow/data/wfOperation.jsp</url>
			<url>/mobile/plugin/plus/workflow/data/wfOperationForAll.jsp</url>
			<url>/mobile/plugin/plus/workflow/data/workflowOperation.jsp</url>
			<url>/mobile/plugin/plus/workplan/data/workPlanOperation.jsp</url>
			<url>/mobile/plugin/proj/gantt.jsp</url>
			<url>/mobile/plugin/rong/postjson.jsp</url>
			<url>/mobile/plugin/social/FavDirOperation.jsp</url>
			<url>/mobile/plugin/social/FavouriteOp.jsp</url>
			<url>/mobile/plugin/social/SocialMobileOperation.jsp</url>
			<url>/mobile/plugin/social/broadcastdetails.jsp</url>
			<url>/mobile/plugin/syncData.jsp</url>
			<url>/mobile/plugin/task/NoRight.jsp</url>
			<url>/mobile/plugin/task/addOperation.jsp</url>
			<url>/mobile/plugin/task/changeStatus.jsp</url>
			<url>/mobile/plugin/task/count.jsp</url>
			<url>/mobile/plugin/task/favOperation.jsp</url>
			<url>/mobile/plugin/task/getMoreFb.jsp</url>
			<url>/mobile/plugin/task/getMoreLog.jsp</url>
			<url>/mobile/plugin/task/getMoreTaskname.jsp</url>
			<url>/mobile/plugin/task/getSubList.jsp</url>
			<url>/mobile/plugin/task/getSubTask.jsp</url>
			<url>/mobile/plugin/task/getTaskList.jsp</url>
			<url>/mobile/plugin/task/newTaskMain.jsp</url>
			<url>/mobile/plugin/task/saveFb.jsp</url>
			<url>/mobile/plugin/task/selectTaskName.jsp</url>
			<url>/mobile/plugin/task/subList.jsp</url>
			<url>/mobile/plugin/task/taskAdd.jsp</url>
			<url>/mobile/plugin/task/taskDetail.jsp</url>
			<url>/mobile/plugin/task/taskMain.jsp</url>
			<url>/mobile/plugin/voting/groupchatvote/index.jsp</url>
			<url>/mobile/plugin/workrelate/PlanOperation.jsp</url>
			<url>/mobile/plugin/workrelate/PlanView.jsp</url>
			<url>/mobile/plugin/workrelate/auditMain.jsp</url>
			<url>/mobile/plugin/workrelate/download.jsp</url>
			<url>/mobile/plugin/workrelate/getAuditList.jsp</url>
			<url>/mobile/plugin/workrelate/getResultList.jsp</url>
			<url>/mobile/plugin/workrelate/plancount.jsp</url>
			<url>/mobile/plugin/workrelate/planhand.jsp</url>
			<url>/mobile/plugin/workrelate/relateMain.jsp</url>
			<url>/mobilemode/Action.jsp</url>
			<url>/mobilemode/H5Check.jsp</url>
			<url>/mobilemode/MECAction.jsp</url>
			<url>/mobilemode/MobileAppModelInfoList.jsp</url>
			<url>/mobilemode/MobileSettings.jsp</url>
			<url>/mobilemode/MultiDchartSQLHelp.jsp</url>
			<url>/mobilemode/actiontemplet/formSubmissionTempletAction.jsp</url>
			<url>/mobilemode/actiontemplet/listUrlTempletAction.jsp</url>
			<url>/mobilemode/actiontemplet/urltempletAction.jsp</url>
			<url>/mobilemode/admin/appCreate.jsp</url>
			<url>/mobilemode/admin/appDesigner.jsp</url>
			<url>/mobilemode/admin/appThumbnail.jsp</url>
			<url>/mobilemode/admin/applist.jsp</url>
			<url>/mobilemode/admin/dialog/addNavMenu.jsp</url>
			<url>/mobilemode/admin/dialog/badgeConfig.jsp</url>
			<url>/mobilemode/admin/dialog/browser/BrowserMain.jsp</url>
			<url>/mobilemode/admin/dialog/browser/TreeBrowser.jsp</url>
			<url>/mobilemode/admin/dialog/browser/TreeBrowserIframe.jsp</url>
			<url>/mobilemode/admin/dialog/browser/UserDefinedBrowserTypeBrowser.jsp</url>
			<url>/mobilemode/admin/dialog/browserShowFieldConfig.jsp</url>
			<url>/mobilemode/admin/dialog/chart2SQLHelp.jsp</url>
			<url>/mobilemode/admin/dialog/chartSQLHelp.jsp</url>
			<url>/mobilemode/admin/dialog/chartSearchHelp.jsp</url>
			<url>/mobilemode/admin/dialog/createNewMecToTab.jsp</url>
			<url>/mobilemode/admin/dialog/cubeBrowserMobileLayout.jsp</url>
			<url>/mobilemode/admin/dialog/customSearchParamsConfig.jsp</url>
			<url>/mobilemode/admin/dialog/defaultparaminfo.jsp</url>
			<url>/mobilemode/admin/dialog/fileUpload.jsp</url>
			<url>/mobilemode/admin/dialog/fselectSQLHelp.jsp</url>
			<url>/mobilemode/admin/dialog/jsonConfig.jsp</url>
			<url>/mobilemode/admin/dialog/listSearchConfig.jsp</url>
			<url>/mobilemode/admin/dialog/numremind.jsp</url>
			<url>/mobilemode/admin/dialog/paraminfo.jsp</url>
			<url>/mobilemode/admin/dialog/picset.jsp</url>
			<url>/mobilemode/admin/dialog/scriptlib/ScriptCenter.jsp</url>
			<url>/mobilemode/admin/dialog/selectFromMECHandlerPool.jsp</url>
			<url>/mobilemode/admin/dialog/setup/saveAsTmp.jsp</url>
			<url>/mobilemode/admin/dialog/setup/templateChoose.jsp</url>
			<url>/mobilemode/admin/dialog/setup/vardesc.jsp</url>
			<url>/mobilemode/admin/dialog/setup/varparserdoc.jsp</url>
			<url>/mobilemode/admin/dialog/setup/veSet.jsp</url>
			<url>/mobilemode/admin/dialog/sqlhelp/FunnelChartHelp.jsp</url>
			<url>/mobilemode/admin/dialog/sqlhelp/barChartHelp.jsp</url>
			<url>/mobilemode/admin/dialog/sqlhelp/gaugeChartSQLHelp.jsp</url>
			<url>/mobilemode/admin/dialog/sqlhelp/lineChartHelp.jsp</url>
			<url>/mobilemode/admin/dialog/sqlhelp/pieChartHelp.jsp</url>
			<url>/mobilemode/admin/dialog/sqlhelp/radarChartHelp.jsp</url>
			<url>/mobilemode/admin/dialog/swipeContentEdit.jsp</url>
			<url>/mobilemode/admin/dialog/touchEntry.jsp</url>
			<url>/mobilemode/admin/functionsDetail.jsp</url>
			<url>/mobilemode/admin/genStaticpageAll.jsp</url>
			<url>/mobilemode/admin/init.jsp</url>
			<url>/mobilemode/admin/op.jsp</url>
			<url>/mobilemode/admin/preview.jsp</url>
			<url>/mobilemode/admin/skinDesigner.jsp</url>
			<url>/mobilemode/admin/sync.jsp</url>
			<url>/mobilemode/admin/version.jsp</url>
			<url>/mobilemode/admin/webEditor.jsp</url>
			<url>/mobilemode/app.jsp</url>
			<url>/mobilemode/appComponentlist.jsp</url>
			<url>/mobilemode/appComponentlistLeft.jsp</url>
			<url>/mobilemode/appDesigner.jsp</url>
			<url>/mobilemode/appFormUIInit.jsp</url>
			<url>/mobilemode/appFormUIList.jsp</url>
			<url>/mobilemode/appHomepageCopy.jsp</url>
			<url>/mobilemode/appHomepageCreate.jsp</url>
			<url>/mobilemode/appHomepageExpandView.jsp</url>
			<url>/mobilemode/appHomepageInit.jsp</url>
			<url>/mobilemode/appHomepageTransform.jsp</url>
			<url>/mobilemode/appHomepageView.jsp</url>
			<url>/mobilemode/appHomepageViewWrap.jsp</url>
			<url>/mobilemode/appModel.jsp</url>
			<url>/mobilemode/appModelDesign.jsp</url>
			<url>/mobilemode/appModelDesignTree.jsp</url>
			<url>/mobilemode/appbase.jsp</url>
			<url>/mobilemode/appio.jsp</url>
			<url>/mobilemode/apps/api/docList.jsp</url>
			<url>/mobilemode/apps/api/workflowList.jsp</url>
			<url>/mobilemode/apps/blog/BlogContentOperation.jsp</url>
			<url>/mobilemode/apps/blog/BlogOperation.jsp</url>
			<url>/mobilemode/apps/blog/BlogreplyContentOperation.jsp</url>
			<url>/mobilemode/apps/cowork/CoworkOperation.jsp</url>
			<url>/mobilemode/apps/cowork/CoworkdiscussOperation.jsp</url>
			<url>/mobilemode/apps/cowork/coworklist.jsp</url>
			<url>/mobilemode/apps/document/Operation.jsp</url>
			<url>/mobilemode/apps/document/docimglist.jsp</url>
			<url>/mobilemode/apps/document/doclist.jsp</url>
			<url>/mobilemode/apps/document/docservice.jsp</url>
			<url>/mobilemode/apps/fna2/imageOCRAjax.jsp</url>
			<url>/mobilemode/apps/fna2/index.jsp</url>
			<url>/mobilemode/apps/fna2/invoiceInfoAjax.jsp</url>
			<url>/mobilemode/apps/ktree/comment.jsp</url>
			<url>/mobilemode/apps/ktree/commentAction.jsp</url>
			<url>/mobilemode/apps/pms/Operation.jsp</url>
			<url>/mobilemode/apps/pms/alldaily.jsp</url>
			<url>/mobilemode/apps/pms/daily.jsp</url>
			<url>/mobilemode/apps/pms/log.jsp</url>
			<url>/mobilemode/apps/pms/prj.jsp</url>
			<url>/mobilemode/apps/pms/prjs.jsp</url>
			<url>/mobilemode/apps/pms/prjservice.jsp</url>
			<url>/mobilemode/appstore.jsp</url>
			<url>/mobilemode/appuidesign.jsp</url>
			<url>/mobilemode/appuidesign2.jsp</url>
			<url>/mobilemode/barChartHelp.jsp</url>
			<url>/mobilemode/browser.jsp</url>
			<url>/mobilemode/browser/commonBrowser.jsp</url>
			<url>/mobilemode/browser/commonBrowserAction.jsp</url>
			<url>/mobilemode/browser/commonTreeBrowser.jsp</url>
			<url>/mobilemode/browser/commonTreeBrowserAction.jsp</url>
			<url>/mobilemode/browser/hrmBrowser.jsp</url>
			<url>/mobilemode/browser/hrmBrowserAction.jsp</url>
			<url>/mobilemode/buttonEntry.jsp</url>
			<url>/mobilemode/chart2SQLHelp.jsp</url>
			<url>/mobilemode/chartSQLHelp.jsp</url>
			<url>/mobilemode/cleanLocalStoreCache.jsp</url>
			<url>/mobilemode/createNewMecToTab.jsp</url>
			<url>/mobilemode/defaultparaminfo.jsp</url>
			<url>/mobilemode/dialog.jsp</url>
			<url>/mobilemode/displayPicOnMobile.jsp</url>
			<url>/mobilemode/editMenu.jsp</url>
			<url>/mobilemode/fbuttonEntry.jsp</url>
			<url>/mobilemode/fileUpload.jsp</url>
			<url>/mobilemode/formComponentAction.jsp</url>
			<url>/mobilemode/formWorkflowAction.jsp</url>
			<url>/mobilemode/formbasebrowserview.jsp</url>
			<url>/mobilemode/formbaseview.jsp</url>
			<url>/mobilemode/formview.jsp</url>
			<url>/mobilemode/fselectSQLHelp.jsp</url>
			<url>/mobilemode/gmuview.jsp</url>
			<url>/mobilemode/homepageSource.jsp</url>
			<url>/mobilemode/imgScaling.jsp</url>
			<url>/mobilemode/init.jsp</url>
			<url>/mobilemode/init2.jsp</url>
			<url>/mobilemode/jscodedesc.jsp</url>
			<url>/mobilemode/layout.jsp</url>
			<url>/mobilemode/lbs.jsp</url>
			<url>/mobilemode/lineChartHelp.jsp</url>
			<url>/mobilemode/linkedit.jsp</url>
			<url>/mobilemode/listSearchConfig.jsp</url>
			<url>/mobilemode/map.jsp</url>
			<url>/mobilemode/message.jsp</url>
			<url>/mobilemode/mobile/base.jsp</url>
			<url>/mobilemode/mobile/cacheManager.jsp</url>
			<url>/mobilemode/mobile/demo/api/formSubmit/action.jsp</url>
			<url>/mobilemode/mobile/demo/plugin/Calendar/data.jsp</url>
			<url>/mobilemode/mobile/demo/plugin/HoriList/data.jsp</url>
			<url>/mobilemode/mobile/demo/plugin/NGridTable/data.jsp</url>
			<url>/mobilemode/mobile/demo/plugin/NList/data.jsp</url>
			<url>/mobilemode/mobile/demo/plugin/UrlGridTable/data.jsp</url>
			<url>/mobilemode/mobile/demo/plugin/UrlList/data.jsp</url>
			<url>/mobilemode/mobile/page.jsp</url>
			<url>/mobilemode/mobile/portal.jsp</url>
			<url>/mobilemode/mobile/view.jsp</url>
			<url>/mobilemode/mobileUserInit.jsp</url>
			<url>/mobilemode/mobiledevice.jsp</url>
			<url>/mobilemode/noright.jsp</url>
			<url>/mobilemode/numremind.jsp</url>
			<url>/mobilemode/paraminfo.jsp</url>
			<url>/mobilemode/paraminfo_ws.jsp</url>
			<url>/mobilemode/pc/asyncMsg.jsp</url>
			<url>/mobilemode/picset.jsp</url>
			<url>/mobilemode/picsetAction.jsp</url>
			<url>/mobilemode/pieChartHelp.jsp</url>
			<url>/mobilemode/preview.jsp</url>
			<url>/mobilemode/preview2.jsp</url>
			<url>/mobilemode/resourceLoader.jsp</url>
			<url>/mobilemode/scriptlib/ScriptCenter.jsp</url>
			<url>/mobilemode/searchbrowser.jsp</url>
			<url>/mobilemode/searchtriggerbrowser.jsp</url>
			<url>/mobilemode/selectFromMECHandlerPool.jsp</url>
			<url>/mobilemode/setup/SelectChangeAjax.jsp</url>
			<url>/mobilemode/setup/SubcompanyBrowser.jsp</url>
			<url>/mobilemode/setup/checkright4setting.jsp</url>
			<url>/mobilemode/setup/navEntry.jsp</url>
			<url>/mobilemode/setup/publish.jsp</url>
			<url>/mobilemode/setup/saveAsTmp.jsp</url>
			<url>/mobilemode/setup/skinChoose.jsp</url>
			<url>/mobilemode/setup/skinManage.jsp</url>
			<url>/mobilemode/setup/templateChoose.jsp</url>
			<url>/mobilemode/setup/templateManage.jsp</url>
			<url>/mobilemode/setup/vardesc.jsp</url>
			<url>/mobilemode/setup/varparserdoc.jsp</url>
			<url>/mobilemode/setup/veSet.jsp</url>
			<url>/mobilemode/setup/viewUrl.jsp</url>
			<url>/mobilemode/showmap.jsp</url>
			<url>/mobilemode/showpic.jsp</url>
			<url>/mobilemode/swipeContentEdit.jsp</url>
			<url>/mobilemode/templateDesign.jsp</url>
			<url>/mobilemode/templateEdit.jsp</url>
			<url>/mobilemode/templet/templetAction.jsp</url>
			<url>/mobilemode/timezone.jsp</url>
			<url>/mobilemode/touchEntry.jsp</url>
			<url>/mobilemode/unsupporthtml5_wev8.jsp</url>
			<url>/mobilemode/apps/mobile-reimbursement/CreateWorkflow.jsp</url>
			<url>/mobilemode/mobile/demo/plugin/Form/formAction.jsp</url>
			<url>/mobilemode/showdata.jsp</url>
			<url>/mobilemode/Action.jsp</url>
		</need-login-urls>
	</mobile>
</root>