<?xml version="1.0" encoding="UTF-8"?>
<root>
		<special-reg>
		<urls>
				  <url>
					<value>__someCommonParamsRule__</value>
					<params>
					   <param>
						<is-dynamic-param>0</is-dynamic-param>
						<value>^fieldsql\d+?_?\d*?$</value>
						<rules>
						  <rule>##sqlkeyword1##</rule>
						</rules>
					  </param>
					</params>
				 </url>
				  <url>
					<value>/mobile/plugin/1/RequestOperation.jsp</value>
					<params>
					   <param>
						<is-dynamic-param>0</is-dynamic-param>
						<value>^fieldsql\d+?_?\d*?$</value>
						<rules>
						  <rule>##sqlkeyword1##</rule>
						</rules>
					  </param>
					</params>
				 </url>
				 <url>
					<value>/mobile/plugin/plus/fileupload/uploadOperation.jsp</value>
					<params>
					   <param>
						<is-dynamic-param>0</is-dynamic-param>
						<value>^fieldsql\d+?_?\d*?$</value>
						<rules>
						  <rule>##sqlkeyword1##</rule>
						</rules>
					  </param>
					</params>
				 </url>
				  <url>
					<value>/formmode/data/ModeDataOperation.jsp</value>
					<params>
					   <param>
						<is-dynamic-param>0</is-dynamic-param>
						<value>^fieldsql\d+?_?\d*?$</value>
						<rules>
						  <rule>##sqlkeyword1##</rule>
						</rules>
					  </param>
					</params>
				 </url>
		</urls>
	</special-reg>
</root>
