<?xml version="1.0" encoding="UTF-8"?>
<root>
	<special-non>
		<urls>
				 <url>
					<value>/formmode/search/CustomSearchButtOperation.jsp</value>
					<params>
					   <param>
						<is-dynamic-param>0</is-dynamic-param>
						<value>jsmethodname</value>
						<rules>
						  <rule>##CONST:CODE##</rule>
						</rules>
					  </param>
					   <param>
						<is-dynamic-param>0</is-dynamic-param>
						<value>jsmethodbody</value>
						<rules>
						  <rule>##CONST:CODE##</rule>
						</rules>
					  </param>
					</params>
				 </url>
				
		</urls>
		</special-non>
</root>
