<?xml version="1.0" encoding="UTF-8"?>
<root>
	<no-login-urls>
		<url>/messager/</url>
		<url>/social/</url>
		<url>/mobile/</url>
		<url>/mobilemode/</url>
	</no-login-urls>
	<special-non>
		<urls>
				 <url>
					<value>/mobilemode/swipeContentEdit.jsp</value>
					<params>
					   <param>
						<is-dynamic-param>0</is-dynamic-param>
						<value>swipeContent</value>
						<rules>
						  <rule>##CONST:CODE##</rule>
						</rules>
					  </param>
					</params>
				 </url>
				
		</urls>
		</special-non>
		<special-reg>
		<urls>
				  <url>
					<value>/workflow/request/RequestRemarkOperation.jsp</value>
					<params>
					   <param>
						<is-dynamic-param>0</is-dynamic-param>
						<value>^fieldsql\d+?_?\d*?$</value>
						<rules>
						  <rule>##sqlkeyword1##</rule>
						</rules>
					  </param>
					</params>
				 </url>
				 <url>
					<value>/workflow/request/RequestRemark.jsp</value>
					<params>
					   <param>
						<is-dynamic-param>0</is-dynamic-param>
						<value>^fieldsql\d+?_?\d*?$</value>
						<rules>
						  <rule>##sqlkeyword1##</rule>
						</rules>
					  </param>
					</params>
				 </url>
				  <url>
					<value>/workflow/request/RequestOperation.jsp</value>
					<params>
					   <param>
						<is-dynamic-param>0</is-dynamic-param>
						<value>^fieldsql\d+?_?\d*?$</value>
						<rules>
						  <rule>##sqlkeyword1##</rule>
						</rules>
					  </param>
					</params>
				 </url>
		</urls>
	</special-reg>
</root>
