<?xml version="1.0" encoding="UTF-8"?>
<root>
	<special-non>
		<urls>
			   <url>   
                   <value>/fna/maintenance/BudgetfeeTypeBrowser.jsp</value>
                   <params>
                     <param>
                         <value>sqlwhere</value>
                         <rules>
                           <rule>##CONST:CODE##</rule>
                         </rules>
                      </param>
                   </params>
               </url>
			    <url>   
                   <value>/workflow/html/LayoutOperation.jsp</value>
                   <params>
                     <param>
                         <value>layouttext</value>
                         <rules>
                           <rule>##CONST:CODE##</rule>
                         </rules>
                      </param>
                   </params>
               </url>
			    <url>   
                   <value>/mobile/plugin/2/imageFileUpload.jsp</value>
                   <params>
                     <param>
                         <value>uploaddata</value>
						 <max-length>-1</max-length>
                         <rules>
                           <rule>##CONST:CODE##</rule>
                         </rules>
                      </param>
                   </params>
               </url>
			    <url>   
                   <value>/mobilemode/apps/e-cology/email/SaveEmailOperation.jsp</value>
                   <params>
                     <param>
                         <value>mouldtext</value>
						 <max-length>-1</max-length>
                         <rules>
                           <rule>##CONST:CODE##</rule>
                         </rules>
                      </param>
                   </params>
               </url>
			    <url>   
                   <value>/login/RemindLogin.jsp</value>
                   <params>
                     <param>
                         <value>RedirectFile</value>
                         <rules>
                           <rule>##CONST:NAMETITLE##</rule>
                         </rules>
                      </param>
                   </params>
               </url>
			    <url>   
                   <value>/docs/docs/UploadDoc.jsp</value>
                   <params>
                     <param>
                         <value>doccontent</value>
						 <max-length>-1</max-length>
                      </param>
                   </params>
               </url>
			    <url>
					<value>/voting/groupchatvote/SaveVoting.jsp</value>
					<params>
					   <param>
						<is-dynamic-param>0</is-dynamic-param>
						<value>enddate</value>
						<rules>
						  <rule>##CONST:NAMETITLE##</rule>
						</rules>
					  </param>
					  <param>
						<is-dynamic-param>0</is-dynamic-param>
						<value>endtime</value>
						<rules>
						  <rule>##CONST:NAMETITLE##</rule>
						</rules>
					  </param>
					  <param>
						<is-dynamic-param>0</is-dynamic-param>
						<value>finishtime</value>
						<rules>
						  <rule>##CONST:NAMETITLE##</rule>
						</rules>
					  </param>
					</params>
				 </url>
			    <url>   
                   <value>/workflow/exceldesign/excelUploadCode.jsp</value>
                   <params>
                     <param>
                         <value>str1</value>
						 <max-length>-1</max-length>
						 <rules>
                           <rule>##CONST:CODE##</rule>
                         </rules>
                      </param>
                   </params>
               </url>
			   <url>
					<value>__someCommonParamsRule__</value>
					<params>
					    <param>
							<value>Referer</value>
							<rules>
							  <rule>##CONST:NAMETITLE##</rule>
							</rules>
						</param>
						 <param>
							<value>User-Agent</value>
							<rules>
							  <rule>##CONST:NAMETITLE##</rule>
							</rules>
						</param>
						 <param>
                         <value>str1</value>
						 <max-length>-1</max-length>
						 <rules>
                           <rule>##CONST:CODE##</rule>
                         </rules>
                      </param>
					  <param>
							<value>Cookie</value>
							<rules>
								<rule>##CONST:CODE##</rule>
							</rules>
						</param>
					</params>
				 </url>
				  <url>
						<value>__cookieparamsrule__</value>
						<params>
						   <param>
							<is-dynamic-param>0</is-dynamic-param>
							<value>Cookie</value>
							<rules>
							  <rule>##CONST:CODE##</rule>
							</rules>
						  </param>
						</params>
					  </url>
				 <url>
					<value>/workflow/search/WFSearchTemp.jsp</value>
					<params>
					    <param>
							<value>complete</value>
							<rules>
							  <rule>##CONST:LETTERS##</rule>
							</rules>
						</param>
					</params>
				 </url>
		</urls>
	</special-non>
	<special-reg>
		<urls>
			   <url>   
                   <value>__someCommonParamsRule__</value>
                   <params>
                     <param>
                         <value>^__multilangpre_itemFieldName_\d{1,5}$</value>
                         <rules>
                           <rule>##CONST:NAMETITLE##</rule>
                         </rules>
                      </param>
                   </params>
               </url>
			    <url>   
                   <value>/api/integration/workflowtrigger/getTriggerOperation</value>
                   <params>
                     <param>
                         <value>^outerdetailwhere\d{1,5}$</value>
                         <rules>
                           <rule>##CONST:DML##</rule>
                         </rules>
                      </param>
                   </params>
               </url>
		</urls>
	</special-reg>
	<need-login-urls>
		<url>/contract/</url>
	</need-login-urls>
	<mobile>
		<no-login-urls>
			<url>/mobile/plugin/plus/workflow/data/workflowOperation.jsp</url>
			<url>/mobilemode/init2.jsp</url>
			<url>/mobilemode/H5Check.jsp</url>
			<url>/mobilemode/admin/init.jsp</url>
			<url>/mobilemode/admin/dialog/scriptlib/ScriptCenter.jsp</url>
			<url>/mobilemode/admin/dialog/setup/saveAsTmp.jsp</url>
			<url>/mobilemode/admin/version.jsp</url>
			<url>/mobilemode/Action.jsp</url>
			<url>/mobilemode/admin/dialog/numremind.jsp</url>
			<url>/mobilemode/preview.jsp</url>
			<url>/mobilemode/init.jsp</url>
			<url>/mobilemode/setup/templateChoose.jsp</url>
			<url>/mobilemode/setup/saveAsTmp.jsp</url>
			<url>/mobilemode/setup/viewUrl.jsp</url>
			<url>/mobilemode/appDesigner.jsp</url>
			<url>/mobilemode/appModelDesignTree.jsp</url>
			<url>/mobilemode/appuidesign2.jsp</url>
			<url>/mobilemode/appHomepageCreate.jsp</url>
			<url>/mobilemode/appHomepageCopy.jsp</url>
			<url>/mobilemode/appHomepageTransform.jsp</url>
			<url>/mobilemode/homepageSource.jsp</url>
			<url>/mobilemode/listSearchConfig.jsp</url>
			<url>/mobilemode/swipeContentEdit.jsp</url>
			<url>/mobilemode/scriptlib/ScriptCenter.jsp</url>
			<url>/mobilemode/appHomepageViewWrap.jsp</url>
		</no-login-urls>
	</mobile>
	<skip-any-check-list>
		<url>/workflow/html/LayoutOperation.jsp</url>
		<url>/mobile/plugin/Download.jsp</url>
	</skip-any-check-list>

</root>
