<?xml version="1.0" encoding="UTF-8"?>
<root>
	<special-non>
		<urls>
			<url>
				<value>/mobile/plugin/SyncUserInfo.jsp</value>
				<params>
				  <param>
					<value>userIdentifiers</value>
					<rules>
					  <rule>^[0-9, ]*$</rule>
					</rules>
				  </param>
				</params>
			  </url>
			  <url>
				<value>/cpt/manage/validate.jsp</value>
				<params>
				  <param>
					<value>capitalid</value>
					<rules>
					  <rule>^[0-9]*$</rule>
					</rules>
				  </param>
				</params>
			  </url>
		</urls>
	</special-non>
	<need-login-urls>
		<url>/cpt/</url>
	</need-login-urls>
</root>
