<?xml version="1.0" encoding="UTF-8"?>
<root>
	<special-non>
		<urls>
				 <url>
					<value>/api/workflow/formula/getFormulas</value>
					<params>
					
					    <param>
							<value>titlename</value>
							<rules>
							  <rule>##CONST:NAMETITLE##</rule>
							</rules>
						  </param>
					  
					</params>
				 </url>
				  <url>
					<value>/api/integration/workflowtrigger/getTriggerOperation</value>
					<params>
					
					    <param>
							<value>baseInfo</value>
							<rules>
							  <rule>##CONST:CODE##</rule>
							</rules>
						  </param>
					  
					</params>
				 </url>
		</urls>
	</special-non>
</root>
