<?xml version="1.0" encoding="UTF-8"?>
<root>
	<special-non>
		<urls>
			<url>
				<value>__cookieparamsrule__</value>
				<params>
				  <param>
					<is-dynamic-param>0</is-dynamic-param>
					<value>rongsdk</value>
					<rules>
					  <rule>##CONST:LETTERS##</rule>
					</rules>
				  </param>
				  <param>
					<is-dynamic-param>0</is-dynamic-param>
					<value>languageidweaver</value>
					<rules>
					  <rule>##CONST:MULTINUMBER##</rule>
					</rules>
				  </param>				 
				  <param>
					<is-dynamic-param>0</is-dynamic-param>
					<value>testbancookie</value>
					<rules>
					  <rule>##CONST:LETTERS##</rule>
					</rules>
				  </param>
				  <param>
					<is-dynamic-param>0</is-dynamic-param>
					<value>loginfileweaver</value>
					<rules>
					  <rule>##CONST:URL##</rule>
					</rules>
				  </param>
				  <param>
					<is-dynamic-param>0</is-dynamic-param>
					<value>systemlanguid</value>
					<rules>
					  <rule>##CONST:LETTERS##</rule>
					</rules>
				  </param>
				  <param>
					<is-dynamic-param>0</is-dynamic-param>
					<value>workrelateindex</value>
					<rules>
					  <rule>##CONST:LETTERS##</rule>
					</rules>
				  </param>
				  <param>
					<is-dynamic-param>0</is-dynamic-param>
					<value>loginidweaver</value>
					<rules>
					  <rule>##CONST:LOGINID##</rule>
					</rules>
				  </param>
				  <param>
					<is-dynamic-param>0</is-dynamic-param>
					<value>msgid</value>
					<rules>
					  <rule>##CONST:LETTERS##</rule>
					</rules>
				  </param>
				  <param>
					<is-dynamic-param>0</is-dynamic-param>
					<value>logincookiecheck</value>
					<rules>
					  <rule>##CONST:LETTERS##</rule>
					</rules>
				  </param>
				  <param>
					<is-dynamic-param>0</is-dynamic-param>
					<value>wfcookie</value>
					<rules>
					  <rule>##CONST:LETTERS##</rule>
					</rules>
				  </param>
				  <param>
					<is-dynamic-param>0</is-dynamic-param>
					<value>coworkLayout</value>
					<rules>
					  <rule>##CONST:LETTERS##</rule>
					</rules>
				  </param>
				</params>
			  </url>
		  </urls>
		</special-non>
</root>
