<?xml version="1.0" encoding="UTF-8"?>
<root>
	<special-non>
		<urls>
			<url>
				<value>/cpt/maintenance/CptAssortmentTree2.jsp</value>
				<params>
					<param>
						<value>cptdata1_maintenance</value>
						<rules>
							<rule>##CONST:MULTINUMBER##</rule>
						</rules>
					</param>
				</params>
			</url>
			<url>
				<value>/cpt/maintenance/CptAssortmentTree2.js</value>
				<params>
					<param>
						<value>cptdata1_maintenance</value>
						<rules>
							<rule>##CONST:MULTINUMBER##</rule>
						</rules>
					</param>
				</params>
			</url>
			<url>
				<value>/fna/budget/FnaBudgetViewData.jsp</value>
				<params>
					<param>
						<value>guid1</value>
						<rules>
							<rule>##CONST:LETTERS##</rule>
						</rules>
					</param>
				</params>
			</url>
			<url>
				<value>/fna/budget/FnaBudgetViewInner1.jsp</value>
				<params>
					<param>
						<value>guid1</value>
						<rules>
							<rule>##CONST:LETTERS##</rule>
						</rules>
					</param>
				</params>
			</url>
			<url>
				<value>/proj/process/ViewPrjDiscuss.jsp</value>
				<params>
					<param>
						<value>createdate1</value>
						<rules>
							<rule>##CONST:DATE##</rule>
						</rules>
					</param>
				</params>
			</url>
			<url>
				<value>/proj/process/ViewPrjTaskSub.jsp</value>
				<params>
					<param>
						<value>planenddate1</value>
						<rules>
							<rule>##CONST:DATE##</rule>
						</rules>
					</param>
					<param>
						<value>planbegindate1</value>
						<rules>
							<rule>##CONST:DATE##</rule>
						</rules>
					</param>
					<param>
						<value>actualbegindate1</value>
						<rules>
							<rule>##CONST:DATE##</rule>
						</rules>
					</param>
					<param>
						<value>actualenddate1</value>
						<rules>
							<rule>##CONST:DATE##</rule>
						</rules>
					</param>
				</params>
			</url>
			<url>
				<value>/system/systemmonitor/proj/ProjMonitorTab.jsp</value>
				<params>
					<param>
						<value>planenddate1</value>
						<rules>
							<rule>##CONST:DATE##</rule>
						</rules>
					</param>
					<param>
						<value>planbegindate1</value>
						<rules>
							<rule>##CONST:DATE##</rule>
						</rules>
					</param>
					<param>
						<value>finish1</value>
						<rules>
							<rule>##CONST:DATE##</rule>
						</rules>
					</param>
				</params>
			</url>
			<url>
				<value>/workflow/search/WFCustomSearchMiddleHandler.jsp</value>
				<params>
					<param>
						<value>createrid2</value>
						<rules>
							<rule>##CONST:MULTINUMBER##</rule>
						</rules>
					</param>
				</params>
			</url>
			<url>
				<value>/system/systemmonitor/workflow/WorkflowMonitorList.jsp</value>
				<params>
					<param>
						<value>createrid2</value>
						<rules>
							<rule>##CONST:MULTINUMBER##</rule>
						</rules>
					</param>
				</params>
			</url>
			<url>
				<value>/workflow/request/wfAgentList.jsp</value>
				<params>
					<param>
						<value>createrid2</value>
						<rules>
							<rule>##CONST:MULTINUMBER##</rule>
						</rules>
					</param>
				</params>
			</url>
			<url>
				<value>__someCommonParamsRule__</value>
				<params>
					<param>
						<value>createrid2</value>
						<rules>
							<rule>##CONST:MULTINUMBER##</rule>
						</rules>
					</param>
				</params>
			</url>
		</urls>
	</special-non>	
</root>