<?xml version="1.0" encoding="UTF-8"?>
<root>
	<special-non>
		<urls>
			<url>
				<value>/api/mobilemode/admin/designer/saveHomepageContent</value>
				<params>
					<param>
						<value>mecJsonStr</value>
						<rules>
							<rule>##CONST:CODE##</rule>
						</rules>
					</param>
					<param>
						<value>pageAttr</value>
						<rules>
							<rule>##CONST:CODE##</rule>
						</rules>
					</param>
					<param>
						<value>uicontent</value>
						<rules>
							<rule>##CONST:FREEHTML##</rule>
						</rules>
					</param>
				</params>
			</url>
		</urls>
	</special-non>
</root>
