<?xml version="1.0" encoding="UTF-8"?>
<root>
	
	<!--special rule-->
	<special-non>
		<urls>
			 <url>
				<value>/api/portal/element/view</value>
				<params>
				   <param>
					<is-dynamic-param>0</is-dynamic-param>
					<value>eid</value>
					<rules>
					  <rule>##CONST:MULTINUMBER##</rule>
					</rules>
				  </param>
				</params>
			 </url>
			  <url>
				<value>/api/portal/homepage/hpdata</value>
				<params>
				   <param>
					<is-dynamic-param>0</is-dynamic-param>
					<value>hpid</value>
					<rules>
					  <rule>##CONST:MULTINUMBER##</rule>
					</rules>
				  </param>
				</params>
			 </url>
			  <url>
				<value>/api/workplan/base/getbasedata</value>
				<params>
				   <param>
					<is-dynamic-param>0</is-dynamic-param>
					<value>crmid</value>
					<rules>
					  <rule>##CONST:MULTINUMBER##</rule>
					</rules>
				  </param>
				</params>
			 </url>
			  <url>
				<value>/api/hrm/resource/gethrmresourcetab</value>
				<params>
				   <param>
					<is-dynamic-param>0</is-dynamic-param>
					<value>id</value>
					<rules>
					  <rule>##CONST:MULTINUMBER##</rule>
					</rules>
				  </param>
				</params>
			 </url>
			 <url>
				<value>/api/hrm/resource/getresourcecard</value>
				<params>
				   <param>
					<is-dynamic-param>0</is-dynamic-param>
					<value>id</value>
					<rules>
					  <rule>##CONST:MULTINUMBER##</rule>
					</rules>
				  </param>
				</params>
			 </url>
			 <url>
				<value>/api/hrm/organization/getsubcompanyformfield</value>
				<params>
				   <param>
					<is-dynamic-param>0</is-dynamic-param>
					<value>id</value>
					<rules>
					  <rule>##CONST:MULTINUMBER##</rule>
					</rules>
				  </param>
				</params>
			 </url>
			 <url>
				<value>/api/hrm/organization/getdepartmentformfield</value>
				<params>
				   <param>
					<is-dynamic-param>0</is-dynamic-param>
					<value>id</value>
					<rules>
					  <rule>##CONST:MULTINUMBER##</rule>
					</rules>
				  </param>
				</params>
			 </url>
				
		</urls>
	</special-non>
</root>