<?xml version="1.0" encoding="UTF-8"?>
<root>
	<special-non>
		<urls>
			<url>
				<value>/crm/data/muticustomerbrowser.jsp</value>
				<params>
					<param>
						<value>crmcode</value>
						<rules>
							<rule>##CONST:NAMETITLE##</rule>
						</rules>
					</param>
				</params>
			</url>
			<url>
				<value>/homepage/maint/LoginMaintOperate.jsp</value>
				<params>
				  <param>
					<is-dynamic-param>0</is-dynamic-param>
					<value>redirectUrl</value>
					<rules>
					  <rule>##CONST:URL##</rule>
					</rules>
				  </param>
				</params>
			 </url>
			 <url>
				<value>/formmode/view/addformmode.jsp</value>
				<params>
					<param>
						<value>customTreeDataId</value>
						<rules>
							<rule>##CONST:NAMETITLE##</rule>
						</rules>
					</param>
				</params>
			</url>
		</urls>
	</special-non>
	<special-reg>
		<urls>
			<url>
				<value>/formmode/search/CustomSearchBySimpleIframe.jsp</value>
				<params>
					<param>
						<value>^con_?\d+?_value\d*?$</value>
						<rules>
							<rule>##CONST:NAMETITLE##</rule>
						</rules>
					</param>
				</params>
			</url>
		</urls>
	</special-reg>
</root>