<?xml version="1.0" encoding="UTF-8"?>
<root>
	<html-filter-white-list>
		<all-attributes>height,width,style,font,align,title,alt,border,cellspacing,cellpadding,contenteditable,class</all-attributes>
		<tags>
			<tag>
				<value>html</value>
			</tag>
			<tag>
				<value>body</value>
			</tag>
			<tag>
				<value>head</value>
			</tag>
			<tag>
				<value>p</value>
			</tag>
			<tag>
				<value>a</value>
				<attributes>href,onclick,target,linkid,linktype</attributes>
			</tag>
			<tag>
				<value>ul</value>
			</tag>
			<tag>
				<value>li</value>
			</tag>
			<tag>
				<value>h1</value>
			</tag>
			<tag>
				<value>h2</value>
			</tag>
			<tag>
				<value>h3</value>
			</tag>
			<tag>
				<value>h4</value>
			</tag>
			<tag>
				<value>h5</value>
			</tag>
			<tag>
				<value>h6</value>
			</tag>
			<tag>
				<value>ol</value>
			</tag>
			<tag>
				<value>i</value>
			</tag>
			<tag>
				<value>strong</value>
			</tag>
			<tag>
				<value>table</value>
			</tag>
			<tag>
				<value>tbody</value>
			</tag>
			<tag>
				<value>thead</value>
			</tag>
			<tag>
				<value>tfoot</value>
			</tag>
			<tag>
				<value>tr</value>
			</tag>
			<tag>
				<value>th</value>
			</tag>
			<tag>
				<value>td</value>
			</tag>
			<tag>
				<value>u</value>
			</tag>
			<tag>
				<value>i</value>
			</tag>
			<tag>
				<value>colgroup</value>
			</tag>
			<tag>
				<value>col</value>
			</tag>
			<tag>
				<value>font</value>
			</tag>
			<tag>
				<value>img</value>
				<attributes>src</attributes>
			</tag>
			<tag>
				<value>span</value>
			</tag>
			<tag>
				<value>div</value>
			</tag>
			<tag>
				<value>em</value>
			</tag>
			<tag>
				<value>s</value>
			</tag>
		</tags>
	</html-filter-white-list>
</root>