<?xml version="1.0" encoding="UTF-8"?>
<root>
	<special-non>
		<urls>
				<url>
					<value>/api/app/no0000012/detail/list</value>
					<params>
					    <param>
							<value>heads</value>
							<rules>
							  <rule>##CONST:CODE##</rule>
							</rules>
						</param>
					</params>
				 </url>
				 <url>
					<value>/api/app/no0000012/detail/trigger</value>
					<params>
					    <param>
							<value>heads</value>
							<rules>
							  <rule>##CONST:CODE##</rule>
							</rules>
						</param>
					</params>
				 </url>
				 <url>
					<value>/api/app/no0000012/detail/simplifylist</value>
					<params>
					    <param>
							<value>heads</value>
							<rules>
							  <rule>##CONST:CODE##</rule>
							</rules>
						</param>
					</params>
				 </url>
				  <url>
					<value>/api/app/no0000012/detail/save</value>
					<params>
					    <param>
							<value>heads</value>
							<rules>
							  <rule>##CONST:CODE##</rule>
							</rules>
						</param>
					</params>
				 </url>
				 <url>
					<value>/api/app/no0000012/detail/export</value>
					<params>
					    <param>
							<value>heads</value>
							<rules>
							  <rule>##CONST:CODE##</rule>
							</rules>
						</param>
					</params>
				 </url>
				 <url>
					<value>/cloudstore/app/no_mode/ControlServlet.jsp</value>
					<params>
					    <param>
							<value>heads</value>
							<rules>
							  <rule>##CONST:CODE##</rule>
							</rules>
						</param>
					</params>
				 </url>
				 
				 <url>
					<value>/api/app/no0000012/set/save</value>
					<params>
					    <param>
							<value>values</value>
							<rules>
							  <rule>##CONST:CODE##</rule>
							</rules>
						</param>
					</params>
				 </url>
				 <url>   
                   <value>/cloudstore/app/no0000144/ControlServlet.jsp</value>
                   <params>
                     <param>
                         <value>heads</value>
                         <rules>
                           <rule>##CONST:CODE##</rule>
                         </rules>
                      </param>
                   </params>
               </url>
			   <url>   
                   <value>/cloudstore/app/no0000012/ControlJersey.jsp</value>
                   <params>
                     <param>
                         <value>heads</value>
                         <rules>
                           <rule>##CONST:CODE##</rule>
                         </rules>
                      </param>
                   </params>
               </url>
			   
		</urls>
	</special-non>
</root>
