<?xml version="1.0" encoding="UTF-8"?>
<root>
	 <id>resourceElement</id>
	<title>人员</title>								<!-- 元素名称简体中文 -->
	<titleEN>hrm</titleEN>							<!-- 元素名称英文 -->
	<titleTHK>人员</titleTHK>						<!-- 元素名称繁体 -->
	<desc>人员展示</desc>							<!-- 元素描述 -->
	<icon>resource/image/default.gif</icon>			<!-- 元素图标地址 -->
	<linkMode>2</linkMode>							<!-- 元素列表链接打开方式-1不显示配置，1是当前页，2是新窗口 -->
	<perpage>10</perpage>							<!-- 列表每页行数 -->
	<loginview>0</loginview>
	<type>3</type>

	<private>
		<jsList></jsList>
	</private>
	<public>
		<jsIdList></jsIdList>
		<cssIdList></cssIdList>
	</public>

	<view>
		<url></url>
		<method></method>
	</view>
	<setting>
		<url></url>
		<method></method>
	</setting>
	<more>
		<url></url>
		<method></method>
	</more>
	<operation></operation>
	<view>											 
		<url>docDSP.jsp</url>						<!-- 元素页面地址 -->
		<method></method>
	</view>

	<more>											 
		<url>docMore.jsp</url>						<!-- 元素 更多 的链接地址 -->
		<method></method>
	</more>
	<operation>
		<url>docMore.jsp</url>						<!-- 元素 处理 的链接地址 -->
		<method></method>
	</operation>
 
	<displayfield>									<!-- 元素列表显示列配置信息定义 -->
		<item>
			<fieldtitle>姓名</fieldtitle>			<!-- 元素字段显示名称 -->
			<fieldname>title</fieldname>			<!-- 元素字段物理名称 -->
			<islimitnum>1</islimitnum>				<!-- 是否启用元素列表字段显示长度限制 0不启用，1启用 -->
		</item>
		<item>
			<fieldtitle>出生日期</fieldtitle>			
			<fieldname>date1</fieldname>			
			<islimitnum>1</islimitnum>				<!-- 是否启用元素列表字段显示长度限制 0不启用，1启用 -->
		</item>
	</displayfield>

	<settingfield>									<!-- 元素参数内容设置 -->
		<item>
			<settingtitle>姓名</settingtitle>		<!-- 元素内容字段显示名称 -->
			<settingfield>nameStr</settingfield>	<!-- 元素内容字段物理名称 -->
			<settingtype>input</settingtype>		<!-- 元素内容字段标签类型 -->
			<settinginit>张三</settinginit>			<!-- 元素内容字段默认值 -->
		</item>
		<item>
			<settingtitle>爱好</settingtitle>       <!-- 同上 -->
			<settingfield>hobbyStr</settingfield>
			<settingtype>checkbox</settingtype>		<!-- 展示为checkbox -->
			<list>
				<item value='1'>旅游</item>				<!-- 元素字段选项 -->
				<item value='2'>打球</item>
			</list>
			<settinginit>1</settinginit>
		</item>
		<item>
			<settingtitle>性别</settingtitle>		<!-- 同上 -->
			<settingfield>hobbyStr</settingfield>
			<settingtype>radio</settingtype>		<!-- 展示为radio-->
			<list>
				<item value='1'>男</item>
				<item value='2'>女</item>
			</list>
			<settinginit>1</settinginit>
		</item>
		<item>
			<settingtitle>专家</settingtitle>		<!-- 同上 -->
			<settingfield>hobbyStr</settingfield>
			<settingtype>select</settingtype>		<!-- 展示为下拉框-->
			<list>
				<item value='1'>集成管理</item>
				<item value='2'>知识管理</item>
			</list>
			<settinginit>1</settinginit>
		</item>

	</settingfield>

</root>