<?xml version="1.0" encoding="GB2312"?>
<ROOT>
<fnaFeeWfInfo>
<datas count="18">
<data1>
<column name="id" type="4">1</column>
<column name="workflowid" type="4">35</column>
<column name="enable" type="4">1</column>
<column name="lastModifiedDate" type="1">2016-09-07</column>
<column name="templateFile" type="12">FnaSubmitRequestJs.jsp</column>
<column name="templateFileMobile" type="12">FnaSubmitRequestJs4Mobile.jsp</column>
<column name="fnaWfType" type="1">fnaFeeWf</column>
<column name="fnaWfTypeBorrow" type="4">0</column>
<column name="fnaWfTypeColl" type="4">0</column>
<column name="fnaWfTypeReverse" type="4">0</column>
<column name="fnaWfTypeReim" type="4">1</column>
<column name="overStandardTips" type="12"/>
<column name="isAllNodesControl" type="4">1</column>
<column name="fnaWfTypeReverseAdvance" type="4">0</column>
</data1>
<data2>
<column name="id" type="4">2</column>
<column name="workflowid" type="4">37</column>
<column name="enable" type="4">1</column>
<column name="lastModifiedDate" type="1">2016-08-19</column>
<column name="templateFile" type="12">FnaSubmitRequestJs.jsp</column>
<column name="templateFileMobile" type="12">FnaSubmitRequestJs4Mobile.jsp</column>
<column name="fnaWfType" type="1">fnaFeeWf</column>
<column name="fnaWfTypeBorrow" type="4">0</column>
<column name="fnaWfTypeColl" type="4">3</column>
<column name="fnaWfTypeReverse" type="4">2</column>
<column name="fnaWfTypeReim" type="4">1</column>
<column name="overStandardTips" type="12"/>
<column name="isAllNodesControl" type="4">1</column>
<column name="fnaWfTypeReverseAdvance" type="4">0</column>
</data2>
<data3>
<column name="id" type="4">3</column>
<column name="workflowid" type="4">38</column>
<column name="enable" type="4">1</column>
<column name="lastModifiedDate" type="1">2016-08-19</column>
<column name="templateFile" type="12">FnaSubmitRequestJs.jsp</column>
<column name="templateFileMobile" type="12">FnaSubmitRequestJs4Mobile.jsp</column>
<column name="fnaWfType" type="1">fnaFeeWf</column>
<column name="fnaWfTypeBorrow" type="4">0</column>
<column name="fnaWfTypeColl" type="4">3</column>
<column name="fnaWfTypeReverse" type="4">2</column>
<column name="fnaWfTypeReim" type="4">1</column>
<column name="overStandardTips" type="12"/>
<column name="isAllNodesControl" type="4">1</column>
<column name="fnaWfTypeReverseAdvance" type="4">0</column>
</data3>
<data4>
<column name="id" type="4">4</column>
<column name="workflowid" type="4">39</column>
<column name="enable" type="4">1</column>
<column name="lastModifiedDate" type="1">2016-08-22</column>
<column name="templateFile" type="12">FnaSubmitRequestJsBorrow.jsp</column>
<column name="templateFileMobile" type="12">FnaSubmitRequestJsBorrow4Mobile.jsp</column>
<column name="fnaWfType" type="1">borrow</column>
<column name="fnaWfTypeBorrow" type="4">1</column>
<column name="fnaWfTypeColl" type="4">2</column>
<column name="fnaWfTypeReverse" type="4">0</column>
<column name="fnaWfTypeReim" type="4">0</column>
<column name="overStandardTips" type="12"/>
<column name="isAllNodesControl" type="4"/>
<column name="fnaWfTypeReverseAdvance" type="4">0</column>
</data4>
<data5>
<column name="id" type="4">5</column>
<column name="workflowid" type="4">40</column>
<column name="enable" type="4">1</column>
<column name="lastModifiedDate" type="1">2016-09-07</column>
<column name="templateFile" type="12">FnaSubmitRequestJsRepayment.jsp</column>
<column name="templateFileMobile" type="12">FnaSubmitRequestJsRepayment4Mobile.jsp</column>
<column name="fnaWfType" type="1">repayment</column>
<column name="fnaWfTypeBorrow" type="4">1</column>
<column name="fnaWfTypeColl" type="4">0</column>
<column name="fnaWfTypeReverse" type="4">2</column>
<column name="fnaWfTypeReim" type="4">0</column>
<column name="overStandardTips" type="12"/>
<column name="isAllNodesControl" type="4"/>
<column name="fnaWfTypeReverseAdvance" type="4">0</column>
</data5>
<data6>
<column name="id" type="4">6</column>
<column name="workflowid" type="4">41</column>
<column name="enable" type="4">1</column>
<column name="lastModifiedDate" type="1">2016-08-23</column>
<column name="templateFile" type="12">FnaSubmitRequestJs.jsp</column>
<column name="templateFileMobile" type="12">FnaSubmitRequestJs4Mobile.jsp</column>
<column name="fnaWfType" type="1">fnaFeeWf</column>
<column name="fnaWfTypeBorrow" type="4">0</column>
<column name="fnaWfTypeColl" type="4">0</column>
<column name="fnaWfTypeReverse" type="4">0</column>
<column name="fnaWfTypeReim" type="4">1</column>
<column name="overStandardTips" type="12"/>
<column name="isAllNodesControl" type="4">1</column>
<column name="fnaWfTypeReverseAdvance" type="4">0</column>
</data6>
<data7>
<column name="id" type="4">7</column>
<column name="workflowid" type="4">42</column>
<column name="enable" type="4">1</column>
<column name="lastModifiedDate" type="1">2016-08-23</column>
<column name="templateFile" type="12">FnaSubmitRequestJs.jsp</column>
<column name="templateFileMobile" type="12">FnaSubmitRequestJs4Mobile.jsp</column>
<column name="fnaWfType" type="1">fnaFeeWf</column>
<column name="fnaWfTypeBorrow" type="4">0</column>
<column name="fnaWfTypeColl" type="4">3</column>
<column name="fnaWfTypeReverse" type="4">2</column>
<column name="fnaWfTypeReim" type="4">1</column>
<column name="overStandardTips" type="12"/>
<column name="isAllNodesControl" type="4">1</column>
<column name="fnaWfTypeReverseAdvance" type="4">0</column>
</data7>
<data8>
<column name="id" type="4">8</column>
<column name="workflowid" type="4">43</column>
<column name="enable" type="4">1</column>
<column name="lastModifiedDate" type="1">2016-08-23</column>
<column name="templateFile" type="12">FnaSubmitRequestJs.jsp</column>
<column name="templateFileMobile" type="12">FnaSubmitRequestJs4Mobile.jsp</column>
<column name="fnaWfType" type="1">fnaFeeWf</column>
<column name="fnaWfTypeBorrow" type="4">0</column>
<column name="fnaWfTypeColl" type="4">3</column>
<column name="fnaWfTypeReverse" type="4">2</column>
<column name="fnaWfTypeReim" type="4">1</column>
<column name="overStandardTips" type="12"/>
<column name="isAllNodesControl" type="4">1</column>
<column name="fnaWfTypeReverseAdvance" type="4">0</column>
</data8>
<data9>
<column name="id" type="4">9</column>
<column name="workflowid" type="4">44</column>
<column name="enable" type="4">1</column>
<column name="lastModifiedDate" type="1">2016-08-23</column>
<column name="templateFile" type="12">FnaSubmitRequestJs.jsp</column>
<column name="templateFileMobile" type="12">FnaSubmitRequestJs4Mobile.jsp</column>
<column name="fnaWfType" type="1">fnaFeeWf</column>
<column name="fnaWfTypeBorrow" type="4">0</column>
<column name="fnaWfTypeColl" type="4">0</column>
<column name="fnaWfTypeReverse" type="4">0</column>
<column name="fnaWfTypeReim" type="4">1</column>
<column name="overStandardTips" type="12"/>
<column name="isAllNodesControl" type="4">1</column>
<column name="fnaWfTypeReverseAdvance" type="4">0</column>
</data9>
<data10>
<column name="id" type="4">10</column>
<column name="workflowid" type="4">45</column>
<column name="enable" type="4">1</column>
<column name="lastModifiedDate" type="1">2016-08-23</column>
<column name="templateFile" type="12">FnaSubmitRequestJs.jsp</column>
<column name="templateFileMobile" type="12">FnaSubmitRequestJs4Mobile.jsp</column>
<column name="fnaWfType" type="1">fnaFeeWf</column>
<column name="fnaWfTypeBorrow" type="4">0</column>
<column name="fnaWfTypeColl" type="4">3</column>
<column name="fnaWfTypeReverse" type="4">2</column>
<column name="fnaWfTypeReim" type="4">1</column>
<column name="overStandardTips" type="12"/>
<column name="isAllNodesControl" type="4">1</column>
<column name="fnaWfTypeReverseAdvance" type="4">0</column>
</data10>
<data11>
<column name="id" type="4">11</column>
<column name="workflowid" type="4">46</column>
<column name="enable" type="4">1</column>
<column name="lastModifiedDate" type="1">2016-08-24</column>
<column name="templateFile" type="12">FnaSubmitRequestJs.jsp</column>
<column name="templateFileMobile" type="12">FnaSubmitRequestJs4Mobile.jsp</column>
<column name="fnaWfType" type="1">fnaFeeWf</column>
<column name="fnaWfTypeBorrow" type="4">0</column>
<column name="fnaWfTypeColl" type="4">3</column>
<column name="fnaWfTypeReverse" type="4">2</column>
<column name="fnaWfTypeReim" type="4">1</column>
<column name="overStandardTips" type="12"/>
<column name="isAllNodesControl" type="4">1</column>
<column name="fnaWfTypeReverseAdvance" type="4">0</column>
</data11>
<data12>
<column name="id" type="4">12</column>
<column name="workflowid" type="4">47</column>
<column name="enable" type="4">1</column>
<column name="lastModifiedDate" type="1">2016-08-24</column>
<column name="templateFile" type="12">FnaSubmitRequestJs.jsp</column>
<column name="templateFileMobile" type="12">FnaSubmitRequestJs4Mobile.jsp</column>
<column name="fnaWfType" type="1">fnaFeeWf</column>
<column name="fnaWfTypeBorrow" type="4">0</column>
<column name="fnaWfTypeColl" type="4">0</column>
<column name="fnaWfTypeReverse" type="4">0</column>
<column name="fnaWfTypeReim" type="4">1</column>
<column name="overStandardTips" type="12"/>
<column name="isAllNodesControl" type="4">1</column>
<column name="fnaWfTypeReverseAdvance" type="4">0</column>
</data12>
<data13>
<column name="id" type="4">13</column>
<column name="workflowid" type="4">48</column>
<column name="enable" type="4">1</column>
<column name="lastModifiedDate" type="1">2016-09-20</column>
<column name="templateFile" type="12">FnaSubmitRequestJs.jsp</column>
<column name="templateFileMobile" type="12">FnaSubmitRequestJs4Mobile.jsp</column>
<column name="fnaWfType" type="1">fnaFeeWf</column>
<column name="fnaWfTypeBorrow" type="4">0</column>
<column name="fnaWfTypeColl" type="4">0</column>
<column name="fnaWfTypeReverse" type="4">0</column>
<column name="fnaWfTypeReim" type="4">1</column>
<column name="overStandardTips" type="12"/>
<column name="isAllNodesControl" type="4">1</column>
<column name="fnaWfTypeReverseAdvance" type="4">1</column>
</data13>
<data14>
<column name="id" type="4">14</column>
<column name="workflowid" type="4">49</column>
<column name="enable" type="4">1</column>
<column name="lastModifiedDate" type="1">2016-09-20</column>
<column name="templateFile" type="12">FnaSubmitRequestJs.jsp</column>
<column name="templateFileMobile" type="12">FnaSubmitRequestJs4Mobile.jsp</column>
<column name="fnaWfType" type="1">fnaFeeWf</column>
<column name="fnaWfTypeBorrow" type="4">0</column>
<column name="fnaWfTypeColl" type="4">0</column>
<column name="fnaWfTypeReverse" type="4">0</column>
<column name="fnaWfTypeReim" type="4">1</column>
<column name="overStandardTips" type="12"/>
<column name="isAllNodesControl" type="4">1</column>
<column name="fnaWfTypeReverseAdvance" type="4">1</column>
</data14>
<data15>
<column name="id" type="4">15</column>
<column name="workflowid" type="4">50</column>
<column name="enable" type="4">1</column>
<column name="lastModifiedDate" type="1">2016-09-01</column>
<column name="templateFile" type="12">FnaSubmitRequestJsShare.jsp</column>
<column name="templateFileMobile" type="12">FnaSubmitRequestJsShare4Mobile.jsp</column>
<column name="fnaWfType" type="1">share</column>
<column name="fnaWfTypeBorrow" type="4">1</column>
<column name="fnaWfTypeColl" type="4">2</column>
<column name="fnaWfTypeReverse" type="4">0</column>
<column name="fnaWfTypeReim" type="4">0</column>
<column name="overStandardTips" type="12"/>
<column name="isAllNodesControl" type="4"/>
<column name="fnaWfTypeReverseAdvance" type="4">0</column>
</data15>
<data16>
<column name="id" type="4">16</column>
<column name="workflowid" type="4">53</column>
<column name="enable" type="4">1</column>
<column name="lastModifiedDate" type="1">2016-09-19</column>
<column name="templateFile" type="12">FnaSubmitRequestJsChange.jsp</column>
<column name="templateFileMobile" type="12">FnaSubmitRequestJsChange4Mobile.jsp</column>
<column name="fnaWfType" type="1">change</column>
<column name="fnaWfTypeBorrow" type="4">1</column>
<column name="fnaWfTypeColl" type="4">2</column>
<column name="fnaWfTypeReverse" type="4">0</column>
<column name="fnaWfTypeReim" type="4">0</column>
<column name="overStandardTips" type="12"/>
<column name="isAllNodesControl" type="4"/>
<column name="fnaWfTypeReverseAdvance" type="4">0</column>
</data16>
<data17>
<column name="id" type="4">17</column>
<column name="workflowid" type="4">54</column>
<column name="enable" type="4">1</column>
<column name="lastModifiedDate" type="1">2016-09-19</column>
<column name="templateFile" type="12">FnaSubmitRequestJsChange.jsp</column>
<column name="templateFileMobile" type="12">FnaSubmitRequestJsChange4Mobile.jsp</column>
<column name="fnaWfType" type="1">change</column>
<column name="fnaWfTypeBorrow" type="4">1</column>
<column name="fnaWfTypeColl" type="4">2</column>
<column name="fnaWfTypeReverse" type="4">0</column>
<column name="fnaWfTypeReim" type="4">0</column>
<column name="overStandardTips" type="12"/>
<column name="isAllNodesControl" type="4"/>
<column name="fnaWfTypeReverseAdvance" type="4">0</column>
</data17>
<data18>
<column name="id" type="4">18</column>
<column name="workflowid" type="4">52</column>
<column name="enable" type="4">1</column>
<column name="lastModifiedDate" type="1">2016-09-18</column>
<column name="templateFile" type="12">FnaSubmitRequestJsAdvance.jsp</column>
<column name="templateFileMobile" type="12">FnaSubmitRequestJsAdvance4Mobile.jsp</column>
<column name="fnaWfType" type="1">advance</column>
<column name="fnaWfTypeBorrow" type="4">0</column>
<column name="fnaWfTypeColl" type="4">0</column>
<column name="fnaWfTypeReverse" type="4">0</column>
<column name="fnaWfTypeReim" type="4">0</column>
<column name="overStandardTips" type="12"/>
<column name="isAllNodesControl" type="4"/>
<column name="fnaWfTypeReverseAdvance" type="4">0</column>
</data18>
</datas>
</fnaFeeWfInfo>
</ROOT>
