<?xml version="1.0" encoding="GB2312"?>
<ROOT>
<rule_expressions>
<datas count="4">
<data1>
<column name="id" type="4">17</column>
<column name="ruleid" type="4">3</column>
<column name="relation" type="4">-1</column>
<column name="expids" type="12"/>
<column name="expbaseid" type="4">9</column>
</data1>
<data2>
<column name="id" type="4">18</column>
<column name="ruleid" type="4">3</column>
<column name="relation" type="4">1</column>
<column name="expids" type="12">17</column>
<column name="expbaseid" type="4"/>
</data2>
<data3>
<column name="id" type="4">19</column>
<column name="ruleid" type="4">4</column>
<column name="relation" type="4">-1</column>
<column name="expids" type="12"/>
<column name="expbaseid" type="4">10</column>
</data3>
<data4>
<column name="id" type="4">20</column>
<column name="ruleid" type="4">4</column>
<column name="relation" type="4">1</column>
<column name="expids" type="12">19</column>
<column name="expbaseid" type="4"/>
</data4>
</datas>
</rule_expressions>
</ROOT>
