<?xml version="1.0" encoding="GB2312"?>
<ROOT>
<rule_expressions>
<datas count="4">
<data1>
<column name="id" type="4">23</column>
<column name="ruleid" type="4">1</column>
<column name="relation" type="4">-1</column>
<column name="expids" type="12"/>
<column name="expbaseid" type="4">12</column>
</data1>
<data2>
<column name="id" type="4">24</column>
<column name="ruleid" type="4">1</column>
<column name="relation" type="4">1</column>
<column name="expids" type="12">23</column>
<column name="expbaseid" type="4"/>
</data2>
<data3>
<column name="id" type="4">25</column>
<column name="ruleid" type="4">2</column>
<column name="relation" type="4">-1</column>
<column name="expids" type="12"/>
<column name="expbaseid" type="4">13</column>
</data3>
<data4>
<column name="id" type="4">26</column>
<column name="ruleid" type="4">2</column>
<column name="relation" type="4">1</column>
<column name="expids" type="12">25</column>
<column name="expbaseid" type="4"/>
</data4>
</datas>
</rule_expressions>
</ROOT>
