<?xml version="1.0" encoding="GB2312"?>
<ROOT>
<rule_maplist>
<datas count="2">
<data1>
<column name="id" type="4">1</column>
<column name="wfid" type="4">35</column>
<column name="linkid" type="4">173</column>
<column name="ruleid" type="4">1</column>
<column name="isused" type="4">1</column>
<column name="rulesrc" type="4">1</column>
<column name="nm" type="4">0</column>
<column name="rowidenty" type="4">0</column>
<column name="detailid" type="4"/>
</data1>
<data2>
<column name="id" type="4">2</column>
<column name="wfid" type="4">35</column>
<column name="linkid" type="4">174</column>
<column name="ruleid" type="4">2</column>
<column name="isused" type="4">1</column>
<column name="rulesrc" type="4">1</column>
<column name="nm" type="4">0</column>
<column name="rowidenty" type="4">0</column>
<column name="detailid" type="4"/>
</data2>
</datas>
</rule_maplist>
</ROOT>
