<?xml version="1.0" encoding="GB2312"?>
<ROOT>
<workflow_billfield>
<datas count="20">
<data1>
<column name="id" type="4">6240</column>
<column name="billid" type="4">-10</column>
<column name="fieldname" type="12">currtype</column>
<column name="fieldlabel" type="4">-9237</column>
<column name="fielddbtype" type="12">int</column>
<column name="fieldhtmltype" type="1">5</column>
<column name="type" type="4">1</column>
<column name="viewtype" type="4">0</column>
<column name="detailtable" type="12"/>
<column name="fromUser" type="1">1</column>
<column name="textheight" type="4">0</column>
<column name="dsporder" type="3">11.50</column>
<column name="childfieldid" type="4"/>
<column name="imgheight" type="4">100</column>
<column name="imgwidth" type="4">100</column>
<column name="places" type="4">0</column>
<column name="qfws" type="12">0</column>
<column name="textheight_2" type="12"/>
<column name="selectitem" type="4">0</column>
<column name="linkfield" type="4">0</column>
<column name="selectItemType" type="1">0</column>
<column name="pubchoiceId" type="4">0</column>
<column name="pubchilchoiceId" type="4">0</column>
<column name="statelev" type="4"/>
<column name="locatetype" type="1"/>
</data1>
<data2>
<column name="id" type="4">6241</column>
<column name="billid" type="4">-10</column>
<column name="fieldname" type="12">flowno</column>
<column name="fieldlabel" type="4">-9216</column>
<column name="fielddbtype" type="12">varchar(50)</column>
<column name="fieldhtmltype" type="1">1</column>
<column name="type" type="4">1</column>
<column name="viewtype" type="4">0</column>
<column name="detailtable" type="12"/>
<column name="fromUser" type="1">1</column>
<column name="textheight" type="4">0</column>
<column name="dsporder" type="3">1.00</column>
<column name="childfieldid" type="4"/>
<column name="imgheight" type="4">100</column>
<column name="imgwidth" type="4">100</column>
<column name="places" type="4">0</column>
<column name="qfws" type="12">0</column>
<column name="textheight_2" type="12"/>
<column name="selectitem" type="4">0</column>
<column name="linkfield" type="4">0</column>
<column name="selectItemType" type="1">0</column>
<column name="pubchoiceId" type="4">0</column>
<column name="pubchilchoiceId" type="4">0</column>
<column name="statelev" type="4"/>
<column name="locatetype" type="1"/>
</data2>
<data3>
<column name="id" type="4">6242</column>
<column name="billid" type="4">-10</column>
<column name="fieldname" type="12">reqdate</column>
<column name="fieldlabel" type="4">855</column>
<column name="fielddbtype" type="12">char(10)</column>
<column name="fieldhtmltype" type="1">3</column>
<column name="type" type="4">2</column>
<column name="viewtype" type="4">0</column>
<column name="detailtable" type="12"/>
<column name="fromUser" type="1">1</column>
<column name="textheight" type="4">0</column>
<column name="dsporder" type="3">2.00</column>
<column name="childfieldid" type="4"/>
<column name="imgheight" type="4">100</column>
<column name="imgwidth" type="4">100</column>
<column name="places" type="4">0</column>
<column name="qfws" type="12">0</column>
<column name="textheight_2" type="12"/>
<column name="selectitem" type="4">0</column>
<column name="linkfield" type="4">0</column>
<column name="selectItemType" type="1">0</column>
<column name="pubchoiceId" type="4">0</column>
<column name="pubchilchoiceId" type="4">0</column>
<column name="statelev" type="4"/>
<column name="locatetype" type="1"/>
</data3>
<data4>
<column name="id" type="4">6243</column>
<column name="billid" type="4">-10</column>
<column name="fieldname" type="12">reqman</column>
<column name="fieldlabel" type="4">-9217</column>
<column name="fielddbtype" type="12">int</column>
<column name="fieldhtmltype" type="1">3</column>
<column name="type" type="4">1</column>
<column name="viewtype" type="4">0</column>
<column name="detailtable" type="12"/>
<column name="fromUser" type="1">1</column>
<column name="textheight" type="4">0</column>
<column name="dsporder" type="3">3.00</column>
<column name="childfieldid" type="4"/>
<column name="imgheight" type="4">100</column>
<column name="imgwidth" type="4">100</column>
<column name="places" type="4">0</column>
<column name="qfws" type="12">0</column>
<column name="textheight_2" type="12"/>
<column name="selectitem" type="4">0</column>
<column name="linkfield" type="4">0</column>
<column name="selectItemType" type="1">0</column>
<column name="pubchoiceId" type="4">0</column>
<column name="pubchilchoiceId" type="4">0</column>
<column name="statelev" type="4"/>
<column name="locatetype" type="1"/>
</data4>
<data5>
<column name="id" type="4">6244</column>
<column name="billid" type="4">-10</column>
<column name="fieldname" type="12">reqsub</column>
<column name="fieldlabel" type="4">-9218</column>
<column name="fielddbtype" type="12">int</column>
<column name="fieldhtmltype" type="1">3</column>
<column name="type" type="4">164</column>
<column name="viewtype" type="4">0</column>
<column name="detailtable" type="12"/>
<column name="fromUser" type="1">1</column>
<column name="textheight" type="4">0</column>
<column name="dsporder" type="3">4.00</column>
<column name="childfieldid" type="4"/>
<column name="imgheight" type="4">100</column>
<column name="imgwidth" type="4">100</column>
<column name="places" type="4">0</column>
<column name="qfws" type="12">0</column>
<column name="textheight_2" type="12"/>
<column name="selectitem" type="4">0</column>
<column name="linkfield" type="4">0</column>
<column name="selectItemType" type="1">0</column>
<column name="pubchoiceId" type="4">0</column>
<column name="pubchilchoiceId" type="4">0</column>
<column name="statelev" type="4"/>
<column name="locatetype" type="1"/>
</data5>
<data6>
<column name="id" type="4">6245</column>
<column name="billid" type="4">-10</column>
<column name="fieldname" type="12">reqdept</column>
<column name="fieldlabel" type="4">32958</column>
<column name="fielddbtype" type="12">int</column>
<column name="fieldhtmltype" type="1">3</column>
<column name="type" type="4">4</column>
<column name="viewtype" type="4">0</column>
<column name="detailtable" type="12"/>
<column name="fromUser" type="1">1</column>
<column name="textheight" type="4">0</column>
<column name="dsporder" type="3">5.00</column>
<column name="childfieldid" type="4"/>
<column name="imgheight" type="4">100</column>
<column name="imgwidth" type="4">100</column>
<column name="places" type="4">0</column>
<column name="qfws" type="12">0</column>
<column name="textheight_2" type="12"/>
<column name="selectitem" type="4">0</column>
<column name="linkfield" type="4">0</column>
<column name="selectItemType" type="1">0</column>
<column name="pubchoiceId" type="4">0</column>
<column name="pubchilchoiceId" type="4">0</column>
<column name="statelev" type="4"/>
<column name="locatetype" type="1"/>
</data6>
<data7>
<column name="id" type="4">6246</column>
<column name="billid" type="4">-10</column>
<column name="fieldname" type="12">reqstation</column>
<column name="fieldlabel" type="4">-9219</column>
<column name="fielddbtype" type="12">int</column>
<column name="fieldhtmltype" type="1">3</column>
<column name="type" type="4">24</column>
<column name="viewtype" type="4">0</column>
<column name="detailtable" type="12"/>
<column name="fromUser" type="1">1</column>
<column name="textheight" type="4">0</column>
<column name="dsporder" type="3">6.00</column>
<column name="childfieldid" type="4"/>
<column name="imgheight" type="4">100</column>
<column name="imgwidth" type="4">100</column>
<column name="places" type="4">0</column>
<column name="qfws" type="12">0</column>
<column name="textheight_2" type="12"/>
<column name="selectitem" type="4">0</column>
<column name="linkfield" type="4">0</column>
<column name="selectItemType" type="1">0</column>
<column name="pubchoiceId" type="4">0</column>
<column name="pubchilchoiceId" type="4">0</column>
<column name="statelev" type="4"/>
<column name="locatetype" type="1"/>
</data7>
<data8>
<column name="id" type="4">6247</column>
<column name="billid" type="4">-10</column>
<column name="fieldname" type="12">reqtel</column>
<column name="fieldlabel" type="4">15858</column>
<column name="fielddbtype" type="12">varchar(50)</column>
<column name="fieldhtmltype" type="1">1</column>
<column name="type" type="4">1</column>
<column name="viewtype" type="4">0</column>
<column name="detailtable" type="12"/>
<column name="fromUser" type="1">1</column>
<column name="textheight" type="4">0</column>
<column name="dsporder" type="3">7.00</column>
<column name="childfieldid" type="4"/>
<column name="imgheight" type="4">100</column>
<column name="imgwidth" type="4">100</column>
<column name="places" type="4">0</column>
<column name="qfws" type="12">0</column>
<column name="textheight_2" type="12"/>
<column name="selectitem" type="4">0</column>
<column name="linkfield" type="4">0</column>
<column name="selectItemType" type="1">0</column>
<column name="pubchoiceId" type="4">0</column>
<column name="pubchilchoiceId" type="4">0</column>
<column name="statelev" type="4"/>
<column name="locatetype" type="1"/>
</data8>
<data9>
<column name="id" type="4">6248</column>
<column name="billid" type="4">-10</column>
<column name="fieldname" type="12">remark</column>
<column name="fieldlabel" type="4">-9283</column>
<column name="fielddbtype" type="12">text</column>
<column name="fieldhtmltype" type="1">2</column>
<column name="type" type="4">1</column>
<column name="viewtype" type="4">0</column>
<column name="detailtable" type="12"/>
<column name="fromUser" type="1">1</column>
<column name="textheight" type="4">4</column>
<column name="dsporder" type="3">8.00</column>
<column name="childfieldid" type="4"/>
<column name="imgheight" type="4">100</column>
<column name="imgwidth" type="4">100</column>
<column name="places" type="4">0</column>
<column name="qfws" type="12">0</column>
<column name="textheight_2" type="12"/>
<column name="selectitem" type="4">0</column>
<column name="linkfield" type="4">0</column>
<column name="selectItemType" type="1">0</column>
<column name="pubchoiceId" type="4">0</column>
<column name="pubchilchoiceId" type="4">0</column>
<column name="statelev" type="4"/>
<column name="locatetype" type="1"/>
</data9>
<data10>
<column name="id" type="4">6249</column>
<column name="billid" type="4">-10</column>
<column name="fieldname" type="12">expensetype</column>
<column name="fieldlabel" type="4">-9284</column>
<column name="fielddbtype" type="12">int</column>
<column name="fieldhtmltype" type="1">5</column>
<column name="type" type="4">1</column>
<column name="viewtype" type="4">0</column>
<column name="detailtable" type="12"/>
<column name="fromUser" type="1">1</column>
<column name="textheight" type="4">0</column>
<column name="dsporder" type="3">9.00</column>
<column name="childfieldid" type="4">0</column>
<column name="imgheight" type="4">100</column>
<column name="imgwidth" type="4">100</column>
<column name="places" type="4">0</column>
<column name="qfws" type="12">0</column>
<column name="textheight_2" type="12"/>
<column name="selectitem" type="4">0</column>
<column name="linkfield" type="4">0</column>
<column name="selectItemType" type="1">0</column>
<column name="pubchoiceId" type="4">0</column>
<column name="pubchilchoiceId" type="4">0</column>
<column name="statelev" type="4"/>
<column name="locatetype" type="1"/>
</data10>
<data11>
<column name="id" type="4">6250</column>
<column name="billid" type="4">-10</column>
<column name="fieldname" type="12">eeramt</column>
<column name="fieldlabel" type="4">856</column>
<column name="fielddbtype" type="12">decimal(15,2)</column>
<column name="fieldhtmltype" type="1">1</column>
<column name="type" type="4">3</column>
<column name="viewtype" type="4">0</column>
<column name="detailtable" type="12"/>
<column name="fromUser" type="1">1</column>
<column name="textheight" type="4">0</column>
<column name="dsporder" type="3">10.00</column>
<column name="childfieldid" type="4"/>
<column name="imgheight" type="4">100</column>
<column name="imgwidth" type="4">100</column>
<column name="places" type="4">0</column>
<column name="qfws" type="12">0</column>
<column name="textheight_2" type="12"/>
<column name="selectitem" type="4">0</column>
<column name="linkfield" type="4">0</column>
<column name="selectItemType" type="1">0</column>
<column name="pubchoiceId" type="4">0</column>
<column name="pubchilchoiceId" type="4">0</column>
<column name="statelev" type="4"/>
<column name="locatetype" type="1"/>
</data11>
<data12>
<column name="id" type="4">6251</column>
<column name="billid" type="4">-10</column>
<column name="fieldname" type="12">cneeramt</column>
<column name="fieldlabel" type="4">-9224</column>
<column name="fielddbtype" type="12">decimal(15,2)</column>
<column name="fieldhtmltype" type="1">1</column>
<column name="type" type="4">3</column>
<column name="viewtype" type="4">0</column>
<column name="detailtable" type="12"/>
<column name="fromUser" type="1">1</column>
<column name="textheight" type="4">0</column>
<column name="dsporder" type="3">11.00</column>
<column name="childfieldid" type="4"/>
<column name="imgheight" type="4">100</column>
<column name="imgwidth" type="4">100</column>
<column name="places" type="4">0</column>
<column name="qfws" type="12">0</column>
<column name="textheight_2" type="12"/>
<column name="selectitem" type="4">0</column>
<column name="linkfield" type="4">0</column>
<column name="selectItemType" type="1">0</column>
<column name="pubchoiceId" type="4">0</column>
<column name="pubchilchoiceId" type="4">0</column>
<column name="statelev" type="4"/>
<column name="locatetype" type="1"/>
</data12>
<data13>
<column name="id" type="4">6252</column>
<column name="billid" type="4">-10</column>
<column name="fieldname" type="12">reqattachid</column>
<column name="fieldlabel" type="4">22194</column>
<column name="fielddbtype" type="12">text</column>
<column name="fieldhtmltype" type="1">6</column>
<column name="type" type="4">1</column>
<column name="viewtype" type="4">0</column>
<column name="detailtable" type="12"/>
<column name="fromUser" type="1">1</column>
<column name="textheight" type="4">5</column>
<column name="dsporder" type="3">12.00</column>
<column name="childfieldid" type="4"/>
<column name="imgheight" type="4">100</column>
<column name="imgwidth" type="4">100</column>
<column name="places" type="4">0</column>
<column name="qfws" type="12">0</column>
<column name="textheight_2" type="12"/>
<column name="selectitem" type="4">0</column>
<column name="linkfield" type="4">0</column>
<column name="selectItemType" type="1">0</column>
<column name="pubchoiceId" type="4">0</column>
<column name="pubchilchoiceId" type="4">0</column>
<column name="statelev" type="4"/>
<column name="locatetype" type="1"/>
</data13>
<data14>
<column name="id" type="4">6268</column>
<column name="billid" type="4">-10</column>
<column name="fieldname" type="12">budgetmonth</column>
<column name="fieldlabel" type="4">-9221</column>
<column name="fielddbtype" type="12">char(10)</column>
<column name="fieldhtmltype" type="1">3</column>
<column name="type" type="4">2</column>
<column name="viewtype" type="4">1</column>
<column name="detailtable" type="12">formtable_main_10_dt1</column>
<column name="fromUser" type="1">1</column>
<column name="textheight" type="4">0</column>
<column name="dsporder" type="3">1.00</column>
<column name="childfieldid" type="4"/>
<column name="imgheight" type="4">50</column>
<column name="imgwidth" type="4">50</column>
<column name="places" type="4"/>
<column name="qfws" type="12"/>
<column name="textheight_2" type="12"/>
<column name="selectitem" type="4"/>
<column name="linkfield" type="4"/>
<column name="selectItemType" type="1">0</column>
<column name="pubchoiceId" type="4">0</column>
<column name="pubchilchoiceId" type="4">0</column>
<column name="statelev" type="4"/>
<column name="locatetype" type="1"/>
</data14>
<data15>
<column name="id" type="4">6269</column>
<column name="billid" type="4">-10</column>
<column name="fieldname" type="12">budgettype</column>
<column name="fieldlabel" type="4">15371</column>
<column name="fielddbtype" type="12">int</column>
<column name="fieldhtmltype" type="1">5</column>
<column name="type" type="4">1</column>
<column name="viewtype" type="4">1</column>
<column name="detailtable" type="12">formtable_main_10_dt1</column>
<column name="fromUser" type="1">1</column>
<column name="textheight" type="4">0</column>
<column name="dsporder" type="3">2.00</column>
<column name="childfieldid" type="4"/>
<column name="imgheight" type="4">50</column>
<column name="imgwidth" type="4">50</column>
<column name="places" type="4"/>
<column name="qfws" type="12"/>
<column name="textheight_2" type="12"/>
<column name="selectitem" type="4"/>
<column name="linkfield" type="4"/>
<column name="selectItemType" type="1">0</column>
<column name="pubchoiceId" type="4">0</column>
<column name="pubchilchoiceId" type="4">0</column>
<column name="statelev" type="4"/>
<column name="locatetype" type="1"/>
</data15>
<data16>
<column name="id" type="4">6270</column>
<column name="billid" type="4">-10</column>
<column name="fieldname" type="12">costcenterid</column>
<column name="fieldlabel" type="4">-9222</column>
<column name="fielddbtype" type="12">int</column>
<column name="fieldhtmltype" type="1">3</column>
<column name="type" type="4">4</column>
<column name="viewtype" type="4">1</column>
<column name="detailtable" type="12">formtable_main_10_dt1</column>
<column name="fromUser" type="1">1</column>
<column name="textheight" type="4">0</column>
<column name="dsporder" type="3">3.00</column>
<column name="childfieldid" type="4"/>
<column name="imgheight" type="4">50</column>
<column name="imgwidth" type="4">50</column>
<column name="places" type="4"/>
<column name="qfws" type="12"/>
<column name="textheight_2" type="12"/>
<column name="selectitem" type="4"/>
<column name="linkfield" type="4"/>
<column name="selectItemType" type="1">0</column>
<column name="pubchoiceId" type="4">0</column>
<column name="pubchilchoiceId" type="4">0</column>
<column name="statelev" type="4"/>
<column name="locatetype" type="1"/>
</data16>
<data17>
<column name="id" type="4">6271</column>
<column name="billid" type="4">-10</column>
<column name="fieldname" type="12">budgetaccountid</column>
<column name="fieldlabel" type="4">1462</column>
<column name="fielddbtype" type="12">int</column>
<column name="fieldhtmltype" type="1">3</column>
<column name="type" type="4">22</column>
<column name="viewtype" type="4">1</column>
<column name="detailtable" type="12">formtable_main_10_dt1</column>
<column name="fromUser" type="1">1</column>
<column name="textheight" type="4">0</column>
<column name="dsporder" type="3">4.00</column>
<column name="childfieldid" type="4"/>
<column name="imgheight" type="4">50</column>
<column name="imgwidth" type="4">50</column>
<column name="places" type="4"/>
<column name="qfws" type="12"/>
<column name="textheight_2" type="12"/>
<column name="selectitem" type="4"/>
<column name="linkfield" type="4"/>
<column name="selectItemType" type="1">0</column>
<column name="pubchoiceId" type="4">0</column>
<column name="pubchilchoiceId" type="4">0</column>
<column name="statelev" type="4"/>
<column name="locatetype" type="1"/>
</data17>
<data18>
<column name="id" type="4">6272</column>
<column name="billid" type="4">-10</column>
<column name="fieldname" type="12">ablebudgetamt</column>
<column name="fieldlabel" type="4">33045</column>
<column name="fielddbtype" type="12">varchar(300)</column>
<column name="fieldhtmltype" type="1">1</column>
<column name="type" type="4">1</column>
<column name="viewtype" type="4">1</column>
<column name="detailtable" type="12">formtable_main_10_dt1</column>
<column name="fromUser" type="1">1</column>
<column name="textheight" type="4">0</column>
<column name="dsporder" type="3">5.00</column>
<column name="childfieldid" type="4"/>
<column name="imgheight" type="4">50</column>
<column name="imgwidth" type="4">50</column>
<column name="places" type="4"/>
<column name="qfws" type="12"/>
<column name="textheight_2" type="12"/>
<column name="selectitem" type="4"/>
<column name="linkfield" type="4"/>
<column name="selectItemType" type="1">0</column>
<column name="pubchoiceId" type="4">0</column>
<column name="pubchilchoiceId" type="4">0</column>
<column name="statelev" type="4"/>
<column name="locatetype" type="1"/>
</data18>
<data19>
<column name="id" type="4">6273</column>
<column name="billid" type="4">-10</column>
<column name="fieldname" type="12">applyamt</column>
<column name="fieldlabel" type="4">856</column>
<column name="fielddbtype" type="12">decimal(15,2)</column>
<column name="fieldhtmltype" type="1">1</column>
<column name="type" type="4">3</column>
<column name="viewtype" type="4">1</column>
<column name="detailtable" type="12">formtable_main_10_dt1</column>
<column name="fromUser" type="1">1</column>
<column name="textheight" type="4">0</column>
<column name="dsporder" type="3">6.00</column>
<column name="childfieldid" type="4"/>
<column name="imgheight" type="4">50</column>
<column name="imgwidth" type="4">50</column>
<column name="places" type="4"/>
<column name="qfws" type="12"/>
<column name="textheight_2" type="12"/>
<column name="selectitem" type="4"/>
<column name="linkfield" type="4"/>
<column name="selectItemType" type="1">0</column>
<column name="pubchoiceId" type="4">0</column>
<column name="pubchilchoiceId" type="4">0</column>
<column name="statelev" type="4"/>
<column name="locatetype" type="1"/>
</data19>
<data20>
<column name="id" type="4">6274</column>
<column name="billid" type="4">-10</column>
<column name="fieldname" type="12">reqprojectid</column>
<column name="fieldlabel" type="4">782</column>
<column name="fielddbtype" type="12">int</column>
<column name="fieldhtmltype" type="1">3</column>
<column name="type" type="4">8</column>
<column name="viewtype" type="4">0</column>
<column name="detailtable" type="12"/>
<column name="fromUser" type="1">1</column>
<column name="textheight" type="4">0</column>
<column name="dsporder" type="3">13.00</column>
<column name="childfieldid" type="4">0</column>
<column name="imgheight" type="4">100</column>
<column name="imgwidth" type="4">100</column>
<column name="places" type="4">0</column>
<column name="qfws" type="12">0</column>
<column name="textheight_2" type="12"/>
<column name="selectitem" type="4">0</column>
<column name="linkfield" type="4">0</column>
<column name="selectItemType" type="1">0</column>
<column name="pubchoiceId" type="4">0</column>
<column name="pubchilchoiceId" type="4">0</column>
<column name="statelev" type="4"/>
<column name="locatetype" type="1"/>
</data20>
</datas>
</workflow_billfield>
</ROOT>
