<?xml version="1.0" encoding="GB2312"?>
<ROOT>
<workflow_nodefieldattr>
<datas count="12">
<data1>
<column name="id" type="4">477</column>
<column name="fieldid" type="4">6207</column>
<column name="formid" type="4">-9</column>
<column name="isbill" type="4">1</column>
<column name="nodeid" type="4">201</column>
<column name="attrcontent" type="12">doFieldMath(" $6206$ ")</column>
<column name="caltype" type="4">2</column>
<column name="othertype" type="4">0</column>
<column name="transtype" type="4">0</column>
<column name="datasourceid" type="12"/>
</data1>
<data2>
<column name="id" type="4">478</column>
<column name="fieldid" type="4">6207</column>
<column name="formid" type="4">-9</column>
<column name="isbill" type="4">1</column>
<column name="nodeid" type="4">202</column>
<column name="attrcontent" type="12">doFieldMath(" $6206$ ")</column>
<column name="caltype" type="4">2</column>
<column name="othertype" type="4">0</column>
<column name="transtype" type="4">0</column>
<column name="datasourceid" type="12"/>
</data2>
<data3>
<column name="id" type="4">479</column>
<column name="fieldid" type="4">6207</column>
<column name="formid" type="4">-9</column>
<column name="isbill" type="4">1</column>
<column name="nodeid" type="4">203</column>
<column name="attrcontent" type="12">doFieldMath(" $6206$ ")</column>
<column name="caltype" type="4">2</column>
<column name="othertype" type="4">0</column>
<column name="transtype" type="4">0</column>
<column name="datasourceid" type="12"/>
</data3>
<data4>
<column name="id" type="4">480</column>
<column name="fieldid" type="4">6207</column>
<column name="formid" type="4">-9</column>
<column name="isbill" type="4">1</column>
<column name="nodeid" type="4">205</column>
<column name="attrcontent" type="12">doFieldMath(" $6206$ ")</column>
<column name="caltype" type="4">2</column>
<column name="othertype" type="4">0</column>
<column name="transtype" type="4">0</column>
<column name="datasourceid" type="12"/>
</data4>
<data5>
<column name="id" type="4">481</column>
<column name="fieldid" type="4">6207</column>
<column name="formid" type="4">-9</column>
<column name="isbill" type="4">1</column>
<column name="nodeid" type="4">206</column>
<column name="attrcontent" type="12">doFieldMath(" $6206$ ")</column>
<column name="caltype" type="4">2</column>
<column name="othertype" type="4">0</column>
<column name="transtype" type="4">0</column>
<column name="datasourceid" type="12"/>
</data5>
<data6>
<column name="id" type="4">482</column>
<column name="fieldid" type="4">6207</column>
<column name="formid" type="4">-9</column>
<column name="isbill" type="4">1</column>
<column name="nodeid" type="4">204</column>
<column name="attrcontent" type="12">doFieldMath(" $6206$ ")</column>
<column name="caltype" type="4">2</column>
<column name="othertype" type="4">0</column>
<column name="transtype" type="4">0</column>
<column name="datasourceid" type="12"/>
</data6>
<data7>
<column name="id" type="4">483</column>
<column name="fieldid" type="4">6207</column>
<column name="formid" type="4">-9</column>
<column name="isbill" type="4">1</column>
<column name="nodeid" type="4">207</column>
<column name="attrcontent" type="12">doFieldMath("$6206$  ")</column>
<column name="caltype" type="4">2</column>
<column name="othertype" type="4">0</column>
<column name="transtype" type="4">0</column>
<column name="datasourceid" type="12"/>
</data7>
<data8>
<column name="id" type="4">484</column>
<column name="fieldid" type="4">6207</column>
<column name="formid" type="4">-9</column>
<column name="isbill" type="4">1</column>
<column name="nodeid" type="4">208</column>
<column name="attrcontent" type="12">doFieldMath("$6206$  ")</column>
<column name="caltype" type="4">2</column>
<column name="othertype" type="4">0</column>
<column name="transtype" type="4">0</column>
<column name="datasourceid" type="12"/>
</data8>
<data9>
<column name="id" type="4">485</column>
<column name="fieldid" type="4">6207</column>
<column name="formid" type="4">-9</column>
<column name="isbill" type="4">1</column>
<column name="nodeid" type="4">209</column>
<column name="attrcontent" type="12">doFieldMath("$6206$  ")</column>
<column name="caltype" type="4">2</column>
<column name="othertype" type="4">0</column>
<column name="transtype" type="4">0</column>
<column name="datasourceid" type="12"/>
</data9>
<data10>
<column name="id" type="4">486</column>
<column name="fieldid" type="4">6207</column>
<column name="formid" type="4">-9</column>
<column name="isbill" type="4">1</column>
<column name="nodeid" type="4">211</column>
<column name="attrcontent" type="12">doFieldMath("$6206$  ")</column>
<column name="caltype" type="4">2</column>
<column name="othertype" type="4">0</column>
<column name="transtype" type="4">0</column>
<column name="datasourceid" type="12"/>
</data10>
<data11>
<column name="id" type="4">487</column>
<column name="fieldid" type="4">6207</column>
<column name="formid" type="4">-9</column>
<column name="isbill" type="4">1</column>
<column name="nodeid" type="4">212</column>
<column name="attrcontent" type="12">doFieldMath("$6206$  ")</column>
<column name="caltype" type="4">2</column>
<column name="othertype" type="4">0</column>
<column name="transtype" type="4">0</column>
<column name="datasourceid" type="12"/>
</data11>
<data12>
<column name="id" type="4">488</column>
<column name="fieldid" type="4">6207</column>
<column name="formid" type="4">-9</column>
<column name="isbill" type="4">1</column>
<column name="nodeid" type="4">210</column>
<column name="attrcontent" type="12">doFieldMath("$6206$  ")</column>
<column name="caltype" type="4">2</column>
<column name="othertype" type="4">0</column>
<column name="transtype" type="4">0</column>
<column name="datasourceid" type="12"/>
</data12>
</datas>
</workflow_nodefieldattr>
</ROOT>
