<?xml version="1.0" encoding="GB2312"?>
<ROOT>
<workflow_nodefieldattr>
<datas count="12">
<data1>
<column name="id" type="4">462</column>
<column name="fieldid" type="4">6090</column>
<column name="formid" type="4">-7</column>
<column name="isbill" type="4">1</column>
<column name="nodeid" type="4">186</column>
<column name="attrcontent" type="12">doFieldMath(" $6089$ ")</column>
<column name="caltype" type="4">2</column>
<column name="othertype" type="4">0</column>
<column name="transtype" type="4">0</column>
<column name="datasourceid" type="12"/>
</data1>
<data2>
<column name="id" type="4">463</column>
<column name="fieldid" type="4">6090</column>
<column name="formid" type="4">-7</column>
<column name="isbill" type="4">1</column>
<column name="nodeid" type="4">187</column>
<column name="attrcontent" type="12">doFieldMath(" $6089$ ")</column>
<column name="caltype" type="4">2</column>
<column name="othertype" type="4">0</column>
<column name="transtype" type="4">0</column>
<column name="datasourceid" type="12"/>
</data2>
<data3>
<column name="id" type="4">464</column>
<column name="fieldid" type="4">6090</column>
<column name="formid" type="4">-7</column>
<column name="isbill" type="4">1</column>
<column name="nodeid" type="4">189</column>
<column name="attrcontent" type="12">doFieldMath(" $6089$ ")</column>
<column name="caltype" type="4">2</column>
<column name="othertype" type="4">0</column>
<column name="transtype" type="4">0</column>
<column name="datasourceid" type="12"/>
</data3>
<data4>
<column name="id" type="4">465</column>
<column name="fieldid" type="4">6090</column>
<column name="formid" type="4">-7</column>
<column name="isbill" type="4">1</column>
<column name="nodeid" type="4">190</column>
<column name="attrcontent" type="12">doFieldMath(" $6089$ ")</column>
<column name="caltype" type="4">2</column>
<column name="othertype" type="4">0</column>
<column name="transtype" type="4">0</column>
<column name="datasourceid" type="12"/>
</data4>
<data5>
<column name="id" type="4">466</column>
<column name="fieldid" type="4">6090</column>
<column name="formid" type="4">-7</column>
<column name="isbill" type="4">1</column>
<column name="nodeid" type="4">188</column>
<column name="attrcontent" type="12">doFieldMath(" $6089$ ")</column>
<column name="caltype" type="4">2</column>
<column name="othertype" type="4">0</column>
<column name="transtype" type="4">0</column>
<column name="datasourceid" type="12"/>
</data5>
<data6>
<column name="id" type="4">467</column>
<column name="fieldid" type="4">6090</column>
<column name="formid" type="4">-7</column>
<column name="isbill" type="4">1</column>
<column name="nodeid" type="4">191</column>
<column name="attrcontent" type="12">doFieldMath("$6089$  ")</column>
<column name="caltype" type="4">2</column>
<column name="othertype" type="4">0</column>
<column name="transtype" type="4">0</column>
<column name="datasourceid" type="12"/>
</data6>
<data7>
<column name="id" type="4">468</column>
<column name="fieldid" type="4">6090</column>
<column name="formid" type="4">-7</column>
<column name="isbill" type="4">1</column>
<column name="nodeid" type="4">192</column>
<column name="attrcontent" type="12">doFieldMath("$6089$  ")</column>
<column name="caltype" type="4">2</column>
<column name="othertype" type="4">0</column>
<column name="transtype" type="4">0</column>
<column name="datasourceid" type="12"/>
</data7>
<data8>
<column name="id" type="4">469</column>
<column name="fieldid" type="4">6090</column>
<column name="formid" type="4">-7</column>
<column name="isbill" type="4">1</column>
<column name="nodeid" type="4">193</column>
<column name="attrcontent" type="12">doFieldMath("$6089$  ")</column>
<column name="caltype" type="4">2</column>
<column name="othertype" type="4">0</column>
<column name="transtype" type="4">0</column>
<column name="datasourceid" type="12"/>
</data8>
<data9>
<column name="id" type="4">470</column>
<column name="fieldid" type="4">6090</column>
<column name="formid" type="4">-7</column>
<column name="isbill" type="4">1</column>
<column name="nodeid" type="4">195</column>
<column name="attrcontent" type="12">doFieldMath("$6089$  ")</column>
<column name="caltype" type="4">2</column>
<column name="othertype" type="4">0</column>
<column name="transtype" type="4">0</column>
<column name="datasourceid" type="12"/>
</data9>
<data10>
<column name="id" type="4">471</column>
<column name="fieldid" type="4">6090</column>
<column name="formid" type="4">-7</column>
<column name="isbill" type="4">1</column>
<column name="nodeid" type="4">196</column>
<column name="attrcontent" type="12">doFieldMath("$6089$  ")</column>
<column name="caltype" type="4">2</column>
<column name="othertype" type="4">0</column>
<column name="transtype" type="4">0</column>
<column name="datasourceid" type="12"/>
</data10>
<data11>
<column name="id" type="4">472</column>
<column name="fieldid" type="4">6090</column>
<column name="formid" type="4">-7</column>
<column name="isbill" type="4">1</column>
<column name="nodeid" type="4">194</column>
<column name="attrcontent" type="12">doFieldMath("$6089$  ")</column>
<column name="caltype" type="4">2</column>
<column name="othertype" type="4">0</column>
<column name="transtype" type="4">0</column>
<column name="datasourceid" type="12"/>
</data11>
<data12>
<column name="id" type="4">528</column>
<column name="fieldid" type="4">6090</column>
<column name="formid" type="4">-7</column>
<column name="isbill" type="4">1</column>
<column name="nodeid" type="4">185</column>
<column name="attrcontent" type="12">doFieldMath(" $6089$ ")</column>
<column name="caltype" type="4">2</column>
<column name="othertype" type="4">0</column>
<column name="transtype" type="4">0</column>
<column name="datasourceid" type="12"/>
</data12>
</datas>
</workflow_nodefieldattr>
</ROOT>
