<?xml version="1.0" encoding="GB2312"?>
<ROOT>
<workflow_nodefieldattr>
<datas count="4">
<data1>
<column name="id" type="4">457</column>
<column name="fieldid" type="4">6053</column>
<column name="formid" type="4">-6</column>
<column name="isbill" type="4">1</column>
<column name="nodeid" type="4">180</column>
<column name="attrcontent" type="12">doFieldMath(" $6052$ ")</column>
<column name="caltype" type="4">2</column>
<column name="othertype" type="4">0</column>
<column name="transtype" type="4">0</column>
<column name="datasourceid" type="12"/>
</data1>
<data2>
<column name="id" type="4">458</column>
<column name="fieldid" type="4">6053</column>
<column name="formid" type="4">-6</column>
<column name="isbill" type="4">1</column>
<column name="nodeid" type="4">181</column>
<column name="attrcontent" type="12">doFieldMath(" $6052$ ")</column>
<column name="caltype" type="4">2</column>
<column name="othertype" type="4">0</column>
<column name="transtype" type="4">0</column>
<column name="datasourceid" type="12"/>
</data2>
<data3>
<column name="id" type="4">459</column>
<column name="fieldid" type="4">6053</column>
<column name="formid" type="4">-6</column>
<column name="isbill" type="4">1</column>
<column name="nodeid" type="4">182</column>
<column name="attrcontent" type="12">doFieldMath(" $6052$ ")</column>
<column name="caltype" type="4">2</column>
<column name="othertype" type="4">0</column>
<column name="transtype" type="4">0</column>
<column name="datasourceid" type="12"/>
</data3>
<data4>
<column name="id" type="4">460</column>
<column name="fieldid" type="4">6053</column>
<column name="formid" type="4">-6</column>
<column name="isbill" type="4">1</column>
<column name="nodeid" type="4">183</column>
<column name="attrcontent" type="12">doFieldMath(" $6052$ ")</column>
<column name="caltype" type="4">2</column>
<column name="othertype" type="4">0</column>
<column name="transtype" type="4">0</column>
<column name="datasourceid" type="12"/>
</data4>
</datas>
</workflow_nodefieldattr>
</ROOT>
