<?xml version="1.0" encoding="GB2312"?>
<ROOT>
<workflowactionset>
<datas count="3">
<data1>
<column name="id" type="4">77</column>
<column name="actionname" type="12">action.FnaShareFreezeNew</column>
<column name="workflowid" type="4">50</column>
<column name="nodeid" type="4">229</column>
<column name="nodelinkid" type="4">0</column>
<column name="ispreoperator" type="4">0</column>
<column name="actionorder" type="4">77777</column>
<column name="interfaceid" type="12">FnaShareFreezeNew</column>
<column name="interfacetype" type="4">3</column>
<column name="typename" type="12"/>
<column name="isused" type="4">1</column>
</data1>
<data2>
<column name="id" type="4">78</column>
<column name="actionname" type="12">action.FnaShareEffectNew</column>
<column name="workflowid" type="4">50</column>
<column name="nodeid" type="4">233</column>
<column name="nodelinkid" type="4">0</column>
<column name="ispreoperator" type="4">0</column>
<column name="actionorder" type="4">88888</column>
<column name="interfaceid" type="12">FnaShareEffectNew</column>
<column name="interfacetype" type="4">3</column>
<column name="typename" type="12"/>
<column name="isused" type="4">1</column>
</data2>
<data3>
<column name="id" type="4">79</column>
<column name="actionname" type="12">action.FnaShareRejectNew</column>
<column name="workflowid" type="4">50</column>
<column name="nodeid" type="4">229</column>
<column name="nodelinkid" type="4">0</column>
<column name="ispreoperator" type="4">1</column>
<column name="actionorder" type="4">99999</column>
<column name="interfaceid" type="12">FnaShareRejectNew</column>
<column name="interfacetype" type="4">3</column>
<column name="typename" type="12"/>
<column name="isused" type="4">1</column>
</data3>
</datas>
</workflowactionset>
</ROOT>
