<?xml version="1.0" encoding="GB2312"?>
<ROOT>
<workflowactionset>
<datas count="8">
<data1>
<column name="id" type="4">10</column>
<column name="actionname" type="12">action.WorkflowFnaInWorkflowNew</column>
<column name="workflowid" type="4">38</column>
<column name="nodeid" type="4">163</column>
<column name="nodelinkid" type="4">0</column>
<column name="ispreoperator" type="4">0</column>
<column name="actionorder" type="4">77777</column>
<column name="interfaceid" type="12">WorkflowFnaInWorkflowNew</column>
<column name="interfacetype" type="4">3</column>
<column name="typename" type="12"/>
<column name="isused" type="4">1</column>
</data1>
<data2>
<column name="id" type="4">11</column>
<column name="actionname" type="12">action.WorkflowFnaInWorkflowNew</column>
<column name="workflowid" type="4">38</column>
<column name="nodeid" type="4">166</column>
<column name="nodelinkid" type="4">0</column>
<column name="ispreoperator" type="4">0</column>
<column name="actionorder" type="4">77777</column>
<column name="interfaceid" type="12">WorkflowFnaInWorkflowNew</column>
<column name="interfacetype" type="4">3</column>
<column name="typename" type="12"/>
<column name="isused" type="4">1</column>
</data2>
<data3>
<column name="id" type="4">12</column>
<column name="actionname" type="12">action.WorkflowFnaEffectNew</column>
<column name="workflowid" type="4">38</column>
<column name="nodeid" type="4">167</column>
<column name="nodelinkid" type="4">0</column>
<column name="ispreoperator" type="4">0</column>
<column name="actionorder" type="4">88888</column>
<column name="interfaceid" type="12">WorkflowFnaEffectNew</column>
<column name="interfacetype" type="4">3</column>
<column name="typename" type="12"/>
<column name="isused" type="4">1</column>
</data3>
<data4>
<column name="id" type="4">13</column>
<column name="actionname" type="12">action.WorkflowFnaRejectNew</column>
<column name="workflowid" type="4">38</column>
<column name="nodeid" type="4">163</column>
<column name="nodelinkid" type="4">0</column>
<column name="ispreoperator" type="4">1</column>
<column name="actionorder" type="4">99999</column>
<column name="interfaceid" type="12">WorkflowFnaRejectNew</column>
<column name="interfacetype" type="4">3</column>
<column name="typename" type="12"/>
<column name="isused" type="4">1</column>
</data4>
<data5>
<column name="id" type="4">14</column>
<column name="actionname" type="12">action.FnaBorrowFreezeNew</column>
<column name="workflowid" type="4">38</column>
<column name="nodeid" type="4">163</column>
<column name="nodelinkid" type="4">0</column>
<column name="ispreoperator" type="4">0</column>
<column name="actionorder" type="4">77777</column>
<column name="interfaceid" type="12">FnaBorrowFreezeNew</column>
<column name="interfacetype" type="4">3</column>
<column name="typename" type="12"/>
<column name="isused" type="4">1</column>
</data5>
<data6>
<column name="id" type="4">15</column>
<column name="actionname" type="12">action.FnaBorrowFreezeNew</column>
<column name="workflowid" type="4">38</column>
<column name="nodeid" type="4">166</column>
<column name="nodelinkid" type="4">0</column>
<column name="ispreoperator" type="4">0</column>
<column name="actionorder" type="4">77777</column>
<column name="interfaceid" type="12">FnaBorrowFreezeNew</column>
<column name="interfacetype" type="4">3</column>
<column name="typename" type="12"/>
<column name="isused" type="4">1</column>
</data6>
<data7>
<column name="id" type="4">16</column>
<column name="actionname" type="12">action.FnaBorrowReverseNew</column>
<column name="workflowid" type="4">38</column>
<column name="nodeid" type="4">167</column>
<column name="nodelinkid" type="4">0</column>
<column name="ispreoperator" type="4">0</column>
<column name="actionorder" type="4">88888</column>
<column name="interfaceid" type="12">FnaBorrowReverseNew</column>
<column name="interfacetype" type="4">3</column>
<column name="typename" type="12"/>
<column name="isused" type="4">1</column>
</data7>
<data8>
<column name="id" type="4">17</column>
<column name="actionname" type="12">action.FnaBorrowReleaseFreezeNew</column>
<column name="workflowid" type="4">38</column>
<column name="nodeid" type="4">163</column>
<column name="nodelinkid" type="4">0</column>
<column name="ispreoperator" type="4">1</column>
<column name="actionorder" type="4">99999</column>
<column name="interfaceid" type="12">FnaBorrowReleaseFreezeNew</column>
<column name="interfacetype" type="4">3</column>
<column name="typename" type="12"/>
<column name="isused" type="4">1</column>
</data8>
</datas>
</workflowactionset>
</ROOT>
