<?xml version="1.0" encoding="GB2312"?>
<ROOT>
<workflow_nodeform>
<datas count="168">
<data1>
<column name="nodeid" type="4">197</column>
<column name="fieldid" type="4">6440</column>
<column name="isview" type="1">1</column>
<column name="isedit" type="1">1</column>
<column name="ismandatory" type="1"/>
<column name="orderid" type="3"/>
</data1>
<data2>
<column name="nodeid" type="4">197</column>
<column name="fieldid" type="4">-5</column>
<column name="isview" type="1"/>
<column name="isedit" type="1"/>
<column name="ismandatory" type="1"/>
<column name="orderid" type="3">0.00</column>
</data2>
<data3>
<column name="nodeid" type="4">197</column>
<column name="fieldid" type="4">-4</column>
<column name="isview" type="1"/>
<column name="isedit" type="1"/>
<column name="ismandatory" type="1"/>
<column name="orderid" type="3">0.00</column>
</data3>
<data4>
<column name="nodeid" type="4">197</column>
<column name="fieldid" type="4">-3</column>
<column name="isview" type="1"/>
<column name="isedit" type="1"/>
<column name="ismandatory" type="1"/>
<column name="orderid" type="3">0.00</column>
</data4>
<data5>
<column name="nodeid" type="4">197</column>
<column name="fieldid" type="4">-2</column>
<column name="isview" type="1">1</column>
<column name="isedit" type="1">1</column>
<column name="ismandatory" type="1">1</column>
<column name="orderid" type="3">0.00</column>
</data5>
<data6>
<column name="nodeid" type="4">197</column>
<column name="fieldid" type="4">-1</column>
<column name="isview" type="1"/>
<column name="isedit" type="1"/>
<column name="ismandatory" type="1"/>
<column name="orderid" type="3">0.00</column>
</data6>
<data7>
<column name="nodeid" type="4">197</column>
<column name="fieldid" type="4">6120</column>
<column name="isview" type="1"/>
<column name="isedit" type="1"/>
<column name="ismandatory" type="1"/>
<column name="orderid" type="3">3.00</column>
</data7>
<data8>
<column name="nodeid" type="4">197</column>
<column name="fieldid" type="4">6136</column>
<column name="isview" type="1">1</column>
<column name="isedit" type="1">1</column>
<column name="ismandatory" type="1">1</column>
<column name="orderid" type="3">3.00</column>
</data8>
<data9>
<column name="nodeid" type="4">197</column>
<column name="fieldid" type="4">6144</column>
<column name="isview" type="1">1</column>
<column name="isedit" type="1">1</column>
<column name="ismandatory" type="1"/>
<column name="orderid" type="3">3.00</column>
</data9>
<data10>
<column name="nodeid" type="4">197</column>
<column name="fieldid" type="4">6147</column>
<column name="isview" type="1">1</column>
<column name="isedit" type="1">1</column>
<column name="ismandatory" type="1">1</column>
<column name="orderid" type="3">3.00</column>
</data10>
<data11>
<column name="nodeid" type="4">197</column>
<column name="fieldid" type="4">6121</column>
<column name="isview" type="1">1</column>
<column name="isedit" type="1"/>
<column name="ismandatory" type="1"/>
<column name="orderid" type="3">4.00</column>
</data11>
<data12>
<column name="nodeid" type="4">197</column>
<column name="fieldid" type="4">6137</column>
<column name="isview" type="1">1</column>
<column name="isedit" type="1"/>
<column name="ismandatory" type="1"/>
<column name="orderid" type="3">4.00</column>
</data12>
<data13>
<column name="nodeid" type="4">197</column>
<column name="fieldid" type="4">6145</column>
<column name="isview" type="1">1</column>
<column name="isedit" type="1">1</column>
<column name="ismandatory" type="1">1</column>
<column name="orderid" type="3">4.00</column>
</data13>
<data14>
<column name="nodeid" type="4">197</column>
<column name="fieldid" type="4">6148</column>
<column name="isview" type="1">1</column>
<column name="isedit" type="1">1</column>
<column name="ismandatory" type="1">1</column>
<column name="orderid" type="3">4.00</column>
</data14>
<data15>
<column name="nodeid" type="4">197</column>
<column name="fieldid" type="4">6122</column>
<column name="isview" type="1">1</column>
<column name="isedit" type="1"/>
<column name="ismandatory" type="1"/>
<column name="orderid" type="3">5.00</column>
</data15>
<data16>
<column name="nodeid" type="4">197</column>
<column name="fieldid" type="4">6138</column>
<column name="isview" type="1">1</column>
<column name="isedit" type="1"/>
<column name="ismandatory" type="1"/>
<column name="orderid" type="3">5.00</column>
</data16>
<data17>
<column name="nodeid" type="4">197</column>
<column name="fieldid" type="4">6146</column>
<column name="isview" type="1">1</column>
<column name="isedit" type="1">1</column>
<column name="ismandatory" type="1">1</column>
<column name="orderid" type="3">5.00</column>
</data17>
<data18>
<column name="nodeid" type="4">197</column>
<column name="fieldid" type="4">6149</column>
<column name="isview" type="1">1</column>
<column name="isedit" type="1">1</column>
<column name="ismandatory" type="1">1</column>
<column name="orderid" type="3">5.00</column>
</data18>
<data19>
<column name="nodeid" type="4">197</column>
<column name="fieldid" type="4">6123</column>
<column name="isview" type="1">1</column>
<column name="isedit" type="1"/>
<column name="ismandatory" type="1"/>
<column name="orderid" type="3">6.00</column>
</data19>
<data20>
<column name="nodeid" type="4">197</column>
<column name="fieldid" type="4">6139</column>
<column name="isview" type="1">1</column>
<column name="isedit" type="1"/>
<column name="ismandatory" type="1"/>
<column name="orderid" type="3">6.00</column>
</data20>
<data21>
<column name="nodeid" type="4">197</column>
<column name="fieldid" type="4">6150</column>
<column name="isview" type="1">1</column>
<column name="isedit" type="1">1</column>
<column name="ismandatory" type="1">1</column>
<column name="orderid" type="3">6.00</column>
</data21>
<data22>
<column name="nodeid" type="4">197</column>
<column name="fieldid" type="4">6124</column>
<column name="isview" type="1">1</column>
<column name="isedit" type="1"/>
<column name="ismandatory" type="1"/>
<column name="orderid" type="3">7.00</column>
</data22>
<data23>
<column name="nodeid" type="4">197</column>
<column name="fieldid" type="4">6140</column>
<column name="isview" type="1">1</column>
<column name="isedit" type="1"/>
<column name="ismandatory" type="1"/>
<column name="orderid" type="3">7.00</column>
</data23>
<data24>
<column name="nodeid" type="4">197</column>
<column name="fieldid" type="4">6151</column>
<column name="isview" type="1">1</column>
<column name="isedit" type="1"/>
<column name="ismandatory" type="1"/>
<column name="orderid" type="3">7.00</column>
</data24>
<data25>
<column name="nodeid" type="4">197</column>
<column name="fieldid" type="4">6125</column>
<column name="isview" type="1">1</column>
<column name="isedit" type="1"/>
<column name="ismandatory" type="1"/>
<column name="orderid" type="3">8.00</column>
</data25>
<data26>
<column name="nodeid" type="4">197</column>
<column name="fieldid" type="4">6141</column>
<column name="isview" type="1">1</column>
<column name="isedit" type="1"/>
<column name="ismandatory" type="1"/>
<column name="orderid" type="3">8.00</column>
</data26>
<data27>
<column name="nodeid" type="4">197</column>
<column name="fieldid" type="4">6152</column>
<column name="isview" type="1">1</column>
<column name="isedit" type="1">1</column>
<column name="ismandatory" type="1">1</column>
<column name="orderid" type="3">8.00</column>
</data27>
<data28>
<column name="nodeid" type="4">197</column>
<column name="fieldid" type="4">6126</column>
<column name="isview" type="1">1</column>
<column name="isedit" type="1"/>
<column name="ismandatory" type="1"/>
<column name="orderid" type="3">9.00</column>
</data28>
<data29>
<column name="nodeid" type="4">197</column>
<column name="fieldid" type="4">6142</column>
<column name="isview" type="1">1</column>
<column name="isedit" type="1">1</column>
<column name="ismandatory" type="1">1</column>
<column name="orderid" type="3">9.00</column>
</data29>
<data30>
<column name="nodeid" type="4">197</column>
<column name="fieldid" type="4">6143</column>
<column name="isview" type="1">1</column>
<column name="isedit" type="1">1</column>
<column name="ismandatory" type="1">1</column>
<column name="orderid" type="3">10.00</column>
</data30>
<data31>
<column name="nodeid" type="4">197</column>
<column name="fieldid" type="4">6153</column>
<column name="isview" type="1">1</column>
<column name="isedit" type="1">1</column>
<column name="ismandatory" type="1">1</column>
<column name="orderid" type="3">10.00</column>
</data31>
<data32>
<column name="nodeid" type="4">197</column>
<column name="fieldid" type="4">6129</column>
<column name="isview" type="1">1</column>
<column name="isedit" type="1"/>
<column name="ismandatory" type="1"/>
<column name="orderid" type="3">12.00</column>
</data32>
<data33>
<column name="nodeid" type="4">197</column>
<column name="fieldid" type="4">6130</column>
<column name="isview" type="1">1</column>
<column name="isedit" type="1"/>
<column name="ismandatory" type="1"/>
<column name="orderid" type="3">13.00</column>
</data33>
<data34>
<column name="nodeid" type="4">197</column>
<column name="fieldid" type="4">6119</column>
<column name="isview" type="1">1</column>
<column name="isedit" type="1">1</column>
<column name="ismandatory" type="1">1</column>
<column name="orderid" type="3">13.50</column>
</data34>
<data35>
<column name="nodeid" type="4">197</column>
<column name="fieldid" type="4">6132</column>
<column name="isview" type="1">1</column>
<column name="isedit" type="1">1</column>
<column name="ismandatory" type="1">1</column>
<column name="orderid" type="3">15.00</column>
</data35>
<data36>
<column name="nodeid" type="4">197</column>
<column name="fieldid" type="4">6133</column>
<column name="isview" type="1">1</column>
<column name="isedit" type="1">1</column>
<column name="ismandatory" type="1">1</column>
<column name="orderid" type="3">16.00</column>
</data36>
<data37>
<column name="nodeid" type="4">197</column>
<column name="fieldid" type="4">6134</column>
<column name="isview" type="1">1</column>
<column name="isedit" type="1"/>
<column name="ismandatory" type="1"/>
<column name="orderid" type="3">17.00</column>
</data37>
<data38>
<column name="nodeid" type="4">197</column>
<column name="fieldid" type="4">6135</column>
<column name="isview" type="1">1</column>
<column name="isedit" type="1">1</column>
<column name="ismandatory" type="1"/>
<column name="orderid" type="3">18.00</column>
</data38>
<data39>
<column name="nodeid" type="4">197</column>
<column name="fieldid" type="4">6154</column>
<column name="isview" type="1">1</column>
<column name="isedit" type="1">1</column>
<column name="ismandatory" type="1">1</column>
<column name="orderid" type="3">19.00</column>
</data39>
<data40>
<column name="nodeid" type="4">197</column>
<column name="fieldid" type="4">6155</column>
<column name="isview" type="1">1</column>
<column name="isedit" type="1">1</column>
<column name="ismandatory" type="1">1</column>
<column name="orderid" type="3">20.00</column>
</data40>
<data41>
<column name="nodeid" type="4">197</column>
<column name="fieldid" type="4">6156</column>
<column name="isview" type="1">1</column>
<column name="isedit" type="1">1</column>
<column name="ismandatory" type="1">1</column>
<column name="orderid" type="3">21.00</column>
</data41>
<data42>
<column name="nodeid" type="4">197</column>
<column name="fieldid" type="4">6157</column>
<column name="isview" type="1">1</column>
<column name="isedit" type="1">1</column>
<column name="ismandatory" type="1">1</column>
<column name="orderid" type="3">22.00</column>
</data42>
<data43>
<column name="nodeid" type="4">198</column>
<column name="fieldid" type="4">6440</column>
<column name="isview" type="1"/>
<column name="isedit" type="1"/>
<column name="ismandatory" type="1"/>
<column name="orderid" type="3"/>
</data43>
<data44>
<column name="nodeid" type="4">198</column>
<column name="fieldid" type="4">-5</column>
<column name="isview" type="1"/>
<column name="isedit" type="1"/>
<column name="ismandatory" type="1"/>
<column name="orderid" type="3">0.00</column>
</data44>
<data45>
<column name="nodeid" type="4">198</column>
<column name="fieldid" type="4">-4</column>
<column name="isview" type="1"/>
<column name="isedit" type="1"/>
<column name="ismandatory" type="1"/>
<column name="orderid" type="3">0.00</column>
</data45>
<data46>
<column name="nodeid" type="4">198</column>
<column name="fieldid" type="4">-3</column>
<column name="isview" type="1"/>
<column name="isedit" type="1"/>
<column name="ismandatory" type="1"/>
<column name="orderid" type="3">0.00</column>
</data46>
<data47>
<column name="nodeid" type="4">198</column>
<column name="fieldid" type="4">-2</column>
<column name="isview" type="1">1</column>
<column name="isedit" type="1"/>
<column name="ismandatory" type="1"/>
<column name="orderid" type="3">0.00</column>
</data47>
<data48>
<column name="nodeid" type="4">198</column>
<column name="fieldid" type="4">-1</column>
<column name="isview" type="1"/>
<column name="isedit" type="1"/>
<column name="ismandatory" type="1"/>
<column name="orderid" type="3">0.00</column>
</data48>
<data49>
<column name="nodeid" type="4">198</column>
<column name="fieldid" type="4">6120</column>
<column name="isview" type="1"/>
<column name="isedit" type="1"/>
<column name="ismandatory" type="1"/>
<column name="orderid" type="3">3.00</column>
</data49>
<data50>
<column name="nodeid" type="4">198</column>
<column name="fieldid" type="4">6136</column>
<column name="isview" type="1">1</column>
<column name="isedit" type="1"/>
<column name="ismandatory" type="1"/>
<column name="orderid" type="3">3.00</column>
</data50>
<data51>
<column name="nodeid" type="4">198</column>
<column name="fieldid" type="4">6144</column>
<column name="isview" type="1">1</column>
<column name="isedit" type="1"/>
<column name="ismandatory" type="1"/>
<column name="orderid" type="3">3.00</column>
</data51>
<data52>
<column name="nodeid" type="4">198</column>
<column name="fieldid" type="4">6147</column>
<column name="isview" type="1">1</column>
<column name="isedit" type="1"/>
<column name="ismandatory" type="1"/>
<column name="orderid" type="3">3.00</column>
</data52>
<data53>
<column name="nodeid" type="4">198</column>
<column name="fieldid" type="4">6121</column>
<column name="isview" type="1">1</column>
<column name="isedit" type="1"/>
<column name="ismandatory" type="1"/>
<column name="orderid" type="3">4.00</column>
</data53>
<data54>
<column name="nodeid" type="4">198</column>
<column name="fieldid" type="4">6137</column>
<column name="isview" type="1">1</column>
<column name="isedit" type="1"/>
<column name="ismandatory" type="1"/>
<column name="orderid" type="3">4.00</column>
</data54>
<data55>
<column name="nodeid" type="4">198</column>
<column name="fieldid" type="4">6145</column>
<column name="isview" type="1">1</column>
<column name="isedit" type="1"/>
<column name="ismandatory" type="1"/>
<column name="orderid" type="3">4.00</column>
</data55>
<data56>
<column name="nodeid" type="4">198</column>
<column name="fieldid" type="4">6148</column>
<column name="isview" type="1">1</column>
<column name="isedit" type="1"/>
<column name="ismandatory" type="1"/>
<column name="orderid" type="3">4.00</column>
</data56>
<data57>
<column name="nodeid" type="4">198</column>
<column name="fieldid" type="4">6122</column>
<column name="isview" type="1">1</column>
<column name="isedit" type="1"/>
<column name="ismandatory" type="1"/>
<column name="orderid" type="3">5.00</column>
</data57>
<data58>
<column name="nodeid" type="4">198</column>
<column name="fieldid" type="4">6138</column>
<column name="isview" type="1">1</column>
<column name="isedit" type="1"/>
<column name="ismandatory" type="1"/>
<column name="orderid" type="3">5.00</column>
</data58>
<data59>
<column name="nodeid" type="4">198</column>
<column name="fieldid" type="4">6146</column>
<column name="isview" type="1">1</column>
<column name="isedit" type="1"/>
<column name="ismandatory" type="1"/>
<column name="orderid" type="3">5.00</column>
</data59>
<data60>
<column name="nodeid" type="4">198</column>
<column name="fieldid" type="4">6149</column>
<column name="isview" type="1">1</column>
<column name="isedit" type="1"/>
<column name="ismandatory" type="1"/>
<column name="orderid" type="3">5.00</column>
</data60>
<data61>
<column name="nodeid" type="4">198</column>
<column name="fieldid" type="4">6123</column>
<column name="isview" type="1">1</column>
<column name="isedit" type="1"/>
<column name="ismandatory" type="1"/>
<column name="orderid" type="3">6.00</column>
</data61>
<data62>
<column name="nodeid" type="4">198</column>
<column name="fieldid" type="4">6139</column>
<column name="isview" type="1">1</column>
<column name="isedit" type="1"/>
<column name="ismandatory" type="1"/>
<column name="orderid" type="3">6.00</column>
</data62>
<data63>
<column name="nodeid" type="4">198</column>
<column name="fieldid" type="4">6150</column>
<column name="isview" type="1">1</column>
<column name="isedit" type="1"/>
<column name="ismandatory" type="1"/>
<column name="orderid" type="3">6.00</column>
</data63>
<data64>
<column name="nodeid" type="4">198</column>
<column name="fieldid" type="4">6124</column>
<column name="isview" type="1">1</column>
<column name="isedit" type="1"/>
<column name="ismandatory" type="1"/>
<column name="orderid" type="3">7.00</column>
</data64>
<data65>
<column name="nodeid" type="4">198</column>
<column name="fieldid" type="4">6140</column>
<column name="isview" type="1">1</column>
<column name="isedit" type="1"/>
<column name="ismandatory" type="1"/>
<column name="orderid" type="3">7.00</column>
</data65>
<data66>
<column name="nodeid" type="4">198</column>
<column name="fieldid" type="4">6151</column>
<column name="isview" type="1">1</column>
<column name="isedit" type="1"/>
<column name="ismandatory" type="1"/>
<column name="orderid" type="3">7.00</column>
</data66>
<data67>
<column name="nodeid" type="4">198</column>
<column name="fieldid" type="4">6125</column>
<column name="isview" type="1">1</column>
<column name="isedit" type="1"/>
<column name="ismandatory" type="1"/>
<column name="orderid" type="3">8.00</column>
</data67>
<data68>
<column name="nodeid" type="4">198</column>
<column name="fieldid" type="4">6141</column>
<column name="isview" type="1">1</column>
<column name="isedit" type="1"/>
<column name="ismandatory" type="1"/>
<column name="orderid" type="3">8.00</column>
</data68>
<data69>
<column name="nodeid" type="4">198</column>
<column name="fieldid" type="4">6152</column>
<column name="isview" type="1">1</column>
<column name="isedit" type="1"/>
<column name="ismandatory" type="1"/>
<column name="orderid" type="3">8.00</column>
</data69>
<data70>
<column name="nodeid" type="4">198</column>
<column name="fieldid" type="4">6126</column>
<column name="isview" type="1">1</column>
<column name="isedit" type="1"/>
<column name="ismandatory" type="1"/>
<column name="orderid" type="3">9.00</column>
</data70>
<data71>
<column name="nodeid" type="4">198</column>
<column name="fieldid" type="4">6142</column>
<column name="isview" type="1">1</column>
<column name="isedit" type="1"/>
<column name="ismandatory" type="1"/>
<column name="orderid" type="3">9.00</column>
</data71>
<data72>
<column name="nodeid" type="4">198</column>
<column name="fieldid" type="4">6143</column>
<column name="isview" type="1">1</column>
<column name="isedit" type="1"/>
<column name="ismandatory" type="1"/>
<column name="orderid" type="3">10.00</column>
</data72>
<data73>
<column name="nodeid" type="4">198</column>
<column name="fieldid" type="4">6153</column>
<column name="isview" type="1">1</column>
<column name="isedit" type="1"/>
<column name="ismandatory" type="1"/>
<column name="orderid" type="3">10.00</column>
</data73>
<data74>
<column name="nodeid" type="4">198</column>
<column name="fieldid" type="4">6129</column>
<column name="isview" type="1">1</column>
<column name="isedit" type="1"/>
<column name="ismandatory" type="1"/>
<column name="orderid" type="3">12.00</column>
</data74>
<data75>
<column name="nodeid" type="4">198</column>
<column name="fieldid" type="4">6130</column>
<column name="isview" type="1">1</column>
<column name="isedit" type="1"/>
<column name="ismandatory" type="1"/>
<column name="orderid" type="3">13.00</column>
</data75>
<data76>
<column name="nodeid" type="4">198</column>
<column name="fieldid" type="4">6119</column>
<column name="isview" type="1">1</column>
<column name="isedit" type="1"/>
<column name="ismandatory" type="1"/>
<column name="orderid" type="3">13.50</column>
</data76>
<data77>
<column name="nodeid" type="4">198</column>
<column name="fieldid" type="4">6132</column>
<column name="isview" type="1">1</column>
<column name="isedit" type="1"/>
<column name="ismandatory" type="1"/>
<column name="orderid" type="3">15.00</column>
</data77>
<data78>
<column name="nodeid" type="4">198</column>
<column name="fieldid" type="4">6133</column>
<column name="isview" type="1">1</column>
<column name="isedit" type="1"/>
<column name="ismandatory" type="1"/>
<column name="orderid" type="3">16.00</column>
</data78>
<data79>
<column name="nodeid" type="4">198</column>
<column name="fieldid" type="4">6134</column>
<column name="isview" type="1">1</column>
<column name="isedit" type="1"/>
<column name="ismandatory" type="1"/>
<column name="orderid" type="3">17.00</column>
</data79>
<data80>
<column name="nodeid" type="4">198</column>
<column name="fieldid" type="4">6135</column>
<column name="isview" type="1">1</column>
<column name="isedit" type="1"/>
<column name="ismandatory" type="1"/>
<column name="orderid" type="3">18.00</column>
</data80>
<data81>
<column name="nodeid" type="4">198</column>
<column name="fieldid" type="4">6154</column>
<column name="isview" type="1">1</column>
<column name="isedit" type="1"/>
<column name="ismandatory" type="1"/>
<column name="orderid" type="3">19.00</column>
</data81>
<data82>
<column name="nodeid" type="4">198</column>
<column name="fieldid" type="4">6155</column>
<column name="isview" type="1">1</column>
<column name="isedit" type="1"/>
<column name="ismandatory" type="1"/>
<column name="orderid" type="3">20.00</column>
</data82>
<data83>
<column name="nodeid" type="4">198</column>
<column name="fieldid" type="4">6156</column>
<column name="isview" type="1">1</column>
<column name="isedit" type="1"/>
<column name="ismandatory" type="1"/>
<column name="orderid" type="3">21.00</column>
</data83>
<data84>
<column name="nodeid" type="4">198</column>
<column name="fieldid" type="4">6157</column>
<column name="isview" type="1">1</column>
<column name="isedit" type="1"/>
<column name="ismandatory" type="1"/>
<column name="orderid" type="3">22.00</column>
</data84>
<data85>
<column name="nodeid" type="4">199</column>
<column name="fieldid" type="4">6440</column>
<column name="isview" type="1"/>
<column name="isedit" type="1"/>
<column name="ismandatory" type="1"/>
<column name="orderid" type="3"/>
</data85>
<data86>
<column name="nodeid" type="4">199</column>
<column name="fieldid" type="4">-5</column>
<column name="isview" type="1"/>
<column name="isedit" type="1"/>
<column name="ismandatory" type="1"/>
<column name="orderid" type="3">0.00</column>
</data86>
<data87>
<column name="nodeid" type="4">199</column>
<column name="fieldid" type="4">-4</column>
<column name="isview" type="1"/>
<column name="isedit" type="1"/>
<column name="ismandatory" type="1"/>
<column name="orderid" type="3">0.00</column>
</data87>
<data88>
<column name="nodeid" type="4">199</column>
<column name="fieldid" type="4">-3</column>
<column name="isview" type="1"/>
<column name="isedit" type="1"/>
<column name="ismandatory" type="1"/>
<column name="orderid" type="3">0.00</column>
</data88>
<data89>
<column name="nodeid" type="4">199</column>
<column name="fieldid" type="4">-2</column>
<column name="isview" type="1">1</column>
<column name="isedit" type="1"/>
<column name="ismandatory" type="1"/>
<column name="orderid" type="3">0.00</column>
</data89>
<data90>
<column name="nodeid" type="4">199</column>
<column name="fieldid" type="4">-1</column>
<column name="isview" type="1"/>
<column name="isedit" type="1"/>
<column name="ismandatory" type="1"/>
<column name="orderid" type="3">0.00</column>
</data90>
<data91>
<column name="nodeid" type="4">199</column>
<column name="fieldid" type="4">6120</column>
<column name="isview" type="1"/>
<column name="isedit" type="1"/>
<column name="ismandatory" type="1"/>
<column name="orderid" type="3">3.00</column>
</data91>
<data92>
<column name="nodeid" type="4">199</column>
<column name="fieldid" type="4">6136</column>
<column name="isview" type="1">1</column>
<column name="isedit" type="1"/>
<column name="ismandatory" type="1"/>
<column name="orderid" type="3">3.00</column>
</data92>
<data93>
<column name="nodeid" type="4">199</column>
<column name="fieldid" type="4">6144</column>
<column name="isview" type="1">1</column>
<column name="isedit" type="1"/>
<column name="ismandatory" type="1"/>
<column name="orderid" type="3">3.00</column>
</data93>
<data94>
<column name="nodeid" type="4">199</column>
<column name="fieldid" type="4">6147</column>
<column name="isview" type="1">1</column>
<column name="isedit" type="1"/>
<column name="ismandatory" type="1"/>
<column name="orderid" type="3">3.00</column>
</data94>
<data95>
<column name="nodeid" type="4">199</column>
<column name="fieldid" type="4">6121</column>
<column name="isview" type="1">1</column>
<column name="isedit" type="1"/>
<column name="ismandatory" type="1"/>
<column name="orderid" type="3">4.00</column>
</data95>
<data96>
<column name="nodeid" type="4">199</column>
<column name="fieldid" type="4">6137</column>
<column name="isview" type="1">1</column>
<column name="isedit" type="1"/>
<column name="ismandatory" type="1"/>
<column name="orderid" type="3">4.00</column>
</data96>
<data97>
<column name="nodeid" type="4">199</column>
<column name="fieldid" type="4">6145</column>
<column name="isview" type="1">1</column>
<column name="isedit" type="1"/>
<column name="ismandatory" type="1"/>
<column name="orderid" type="3">4.00</column>
</data97>
<data98>
<column name="nodeid" type="4">199</column>
<column name="fieldid" type="4">6148</column>
<column name="isview" type="1">1</column>
<column name="isedit" type="1"/>
<column name="ismandatory" type="1"/>
<column name="orderid" type="3">4.00</column>
</data98>
<data99>
<column name="nodeid" type="4">199</column>
<column name="fieldid" type="4">6122</column>
<column name="isview" type="1">1</column>
<column name="isedit" type="1"/>
<column name="ismandatory" type="1"/>
<column name="orderid" type="3">5.00</column>
</data99>
<data100>
<column name="nodeid" type="4">199</column>
<column name="fieldid" type="4">6138</column>
<column name="isview" type="1">1</column>
<column name="isedit" type="1"/>
<column name="ismandatory" type="1"/>
<column name="orderid" type="3">5.00</column>
</data100>
<data101>
<column name="nodeid" type="4">199</column>
<column name="fieldid" type="4">6146</column>
<column name="isview" type="1">1</column>
<column name="isedit" type="1"/>
<column name="ismandatory" type="1"/>
<column name="orderid" type="3">5.00</column>
</data101>
<data102>
<column name="nodeid" type="4">199</column>
<column name="fieldid" type="4">6149</column>
<column name="isview" type="1">1</column>
<column name="isedit" type="1"/>
<column name="ismandatory" type="1"/>
<column name="orderid" type="3">5.00</column>
</data102>
<data103>
<column name="nodeid" type="4">199</column>
<column name="fieldid" type="4">6123</column>
<column name="isview" type="1">1</column>
<column name="isedit" type="1"/>
<column name="ismandatory" type="1"/>
<column name="orderid" type="3">6.00</column>
</data103>
<data104>
<column name="nodeid" type="4">199</column>
<column name="fieldid" type="4">6139</column>
<column name="isview" type="1">1</column>
<column name="isedit" type="1"/>
<column name="ismandatory" type="1"/>
<column name="orderid" type="3">6.00</column>
</data104>
<data105>
<column name="nodeid" type="4">199</column>
<column name="fieldid" type="4">6150</column>
<column name="isview" type="1">1</column>
<column name="isedit" type="1"/>
<column name="ismandatory" type="1"/>
<column name="orderid" type="3">6.00</column>
</data105>
<data106>
<column name="nodeid" type="4">199</column>
<column name="fieldid" type="4">6124</column>
<column name="isview" type="1">1</column>
<column name="isedit" type="1"/>
<column name="ismandatory" type="1"/>
<column name="orderid" type="3">7.00</column>
</data106>
<data107>
<column name="nodeid" type="4">199</column>
<column name="fieldid" type="4">6140</column>
<column name="isview" type="1">1</column>
<column name="isedit" type="1"/>
<column name="ismandatory" type="1"/>
<column name="orderid" type="3">7.00</column>
</data107>
<data108>
<column name="nodeid" type="4">199</column>
<column name="fieldid" type="4">6151</column>
<column name="isview" type="1">1</column>
<column name="isedit" type="1"/>
<column name="ismandatory" type="1"/>
<column name="orderid" type="3">7.00</column>
</data108>
<data109>
<column name="nodeid" type="4">199</column>
<column name="fieldid" type="4">6125</column>
<column name="isview" type="1">1</column>
<column name="isedit" type="1"/>
<column name="ismandatory" type="1"/>
<column name="orderid" type="3">8.00</column>
</data109>
<data110>
<column name="nodeid" type="4">199</column>
<column name="fieldid" type="4">6141</column>
<column name="isview" type="1">1</column>
<column name="isedit" type="1"/>
<column name="ismandatory" type="1"/>
<column name="orderid" type="3">8.00</column>
</data110>
<data111>
<column name="nodeid" type="4">199</column>
<column name="fieldid" type="4">6152</column>
<column name="isview" type="1">1</column>
<column name="isedit" type="1"/>
<column name="ismandatory" type="1"/>
<column name="orderid" type="3">8.00</column>
</data111>
<data112>
<column name="nodeid" type="4">199</column>
<column name="fieldid" type="4">6126</column>
<column name="isview" type="1">1</column>
<column name="isedit" type="1"/>
<column name="ismandatory" type="1"/>
<column name="orderid" type="3">9.00</column>
</data112>
<data113>
<column name="nodeid" type="4">199</column>
<column name="fieldid" type="4">6142</column>
<column name="isview" type="1">1</column>
<column name="isedit" type="1"/>
<column name="ismandatory" type="1"/>
<column name="orderid" type="3">9.00</column>
</data113>
<data114>
<column name="nodeid" type="4">199</column>
<column name="fieldid" type="4">6143</column>
<column name="isview" type="1">1</column>
<column name="isedit" type="1"/>
<column name="ismandatory" type="1"/>
<column name="orderid" type="3">10.00</column>
</data114>
<data115>
<column name="nodeid" type="4">199</column>
<column name="fieldid" type="4">6153</column>
<column name="isview" type="1">1</column>
<column name="isedit" type="1"/>
<column name="ismandatory" type="1"/>
<column name="orderid" type="3">10.00</column>
</data115>
<data116>
<column name="nodeid" type="4">199</column>
<column name="fieldid" type="4">6129</column>
<column name="isview" type="1">1</column>
<column name="isedit" type="1"/>
<column name="ismandatory" type="1"/>
<column name="orderid" type="3">12.00</column>
</data116>
<data117>
<column name="nodeid" type="4">199</column>
<column name="fieldid" type="4">6130</column>
<column name="isview" type="1">1</column>
<column name="isedit" type="1"/>
<column name="ismandatory" type="1"/>
<column name="orderid" type="3">13.00</column>
</data117>
<data118>
<column name="nodeid" type="4">199</column>
<column name="fieldid" type="4">6119</column>
<column name="isview" type="1">1</column>
<column name="isedit" type="1"/>
<column name="ismandatory" type="1"/>
<column name="orderid" type="3">13.50</column>
</data118>
<data119>
<column name="nodeid" type="4">199</column>
<column name="fieldid" type="4">6132</column>
<column name="isview" type="1">1</column>
<column name="isedit" type="1"/>
<column name="ismandatory" type="1"/>
<column name="orderid" type="3">15.00</column>
</data119>
<data120>
<column name="nodeid" type="4">199</column>
<column name="fieldid" type="4">6133</column>
<column name="isview" type="1">1</column>
<column name="isedit" type="1"/>
<column name="ismandatory" type="1"/>
<column name="orderid" type="3">16.00</column>
</data120>
<data121>
<column name="nodeid" type="4">199</column>
<column name="fieldid" type="4">6134</column>
<column name="isview" type="1">1</column>
<column name="isedit" type="1"/>
<column name="ismandatory" type="1"/>
<column name="orderid" type="3">17.00</column>
</data121>
<data122>
<column name="nodeid" type="4">199</column>
<column name="fieldid" type="4">6135</column>
<column name="isview" type="1">1</column>
<column name="isedit" type="1"/>
<column name="ismandatory" type="1"/>
<column name="orderid" type="3">18.00</column>
</data122>
<data123>
<column name="nodeid" type="4">199</column>
<column name="fieldid" type="4">6154</column>
<column name="isview" type="1">1</column>
<column name="isedit" type="1"/>
<column name="ismandatory" type="1"/>
<column name="orderid" type="3">19.00</column>
</data123>
<data124>
<column name="nodeid" type="4">199</column>
<column name="fieldid" type="4">6155</column>
<column name="isview" type="1">1</column>
<column name="isedit" type="1"/>
<column name="ismandatory" type="1"/>
<column name="orderid" type="3">20.00</column>
</data124>
<data125>
<column name="nodeid" type="4">199</column>
<column name="fieldid" type="4">6156</column>
<column name="isview" type="1">1</column>
<column name="isedit" type="1"/>
<column name="ismandatory" type="1"/>
<column name="orderid" type="3">21.00</column>
</data125>
<data126>
<column name="nodeid" type="4">199</column>
<column name="fieldid" type="4">6157</column>
<column name="isview" type="1">1</column>
<column name="isedit" type="1"/>
<column name="ismandatory" type="1"/>
<column name="orderid" type="3">22.00</column>
</data126>
<data127>
<column name="nodeid" type="4">200</column>
<column name="fieldid" type="4">6440</column>
<column name="isview" type="1"/>
<column name="isedit" type="1">0</column>
<column name="ismandatory" type="1">0</column>
<column name="orderid" type="3"/>
</data127>
<data128>
<column name="nodeid" type="4">200</column>
<column name="fieldid" type="4">-5</column>
<column name="isview" type="1"/>
<column name="isedit" type="1">0</column>
<column name="ismandatory" type="1">0</column>
<column name="orderid" type="3">0.00</column>
</data128>
<data129>
<column name="nodeid" type="4">200</column>
<column name="fieldid" type="4">-4</column>
<column name="isview" type="1"/>
<column name="isedit" type="1">0</column>
<column name="ismandatory" type="1">0</column>
<column name="orderid" type="3">0.00</column>
</data129>
<data130>
<column name="nodeid" type="4">200</column>
<column name="fieldid" type="4">-3</column>
<column name="isview" type="1"/>
<column name="isedit" type="1">0</column>
<column name="ismandatory" type="1">0</column>
<column name="orderid" type="3">0.00</column>
</data130>
<data131>
<column name="nodeid" type="4">200</column>
<column name="fieldid" type="4">-2</column>
<column name="isview" type="1">1</column>
<column name="isedit" type="1">0</column>
<column name="ismandatory" type="1">0</column>
<column name="orderid" type="3">0.00</column>
</data131>
<data132>
<column name="nodeid" type="4">200</column>
<column name="fieldid" type="4">-1</column>
<column name="isview" type="1"/>
<column name="isedit" type="1">0</column>
<column name="ismandatory" type="1">0</column>
<column name="orderid" type="3">0.00</column>
</data132>
<data133>
<column name="nodeid" type="4">200</column>
<column name="fieldid" type="4">6120</column>
<column name="isview" type="1"/>
<column name="isedit" type="1">0</column>
<column name="ismandatory" type="1">0</column>
<column name="orderid" type="3">3.00</column>
</data133>
<data134>
<column name="nodeid" type="4">200</column>
<column name="fieldid" type="4">6136</column>
<column name="isview" type="1">1</column>
<column name="isedit" type="1">0</column>
<column name="ismandatory" type="1">0</column>
<column name="orderid" type="3">3.00</column>
</data134>
<data135>
<column name="nodeid" type="4">200</column>
<column name="fieldid" type="4">6144</column>
<column name="isview" type="1">1</column>
<column name="isedit" type="1">0</column>
<column name="ismandatory" type="1">0</column>
<column name="orderid" type="3">3.00</column>
</data135>
<data136>
<column name="nodeid" type="4">200</column>
<column name="fieldid" type="4">6147</column>
<column name="isview" type="1">1</column>
<column name="isedit" type="1">0</column>
<column name="ismandatory" type="1">0</column>
<column name="orderid" type="3">3.00</column>
</data136>
<data137>
<column name="nodeid" type="4">200</column>
<column name="fieldid" type="4">6121</column>
<column name="isview" type="1">1</column>
<column name="isedit" type="1">0</column>
<column name="ismandatory" type="1">0</column>
<column name="orderid" type="3">4.00</column>
</data137>
<data138>
<column name="nodeid" type="4">200</column>
<column name="fieldid" type="4">6137</column>
<column name="isview" type="1">1</column>
<column name="isedit" type="1">0</column>
<column name="ismandatory" type="1">0</column>
<column name="orderid" type="3">4.00</column>
</data138>
<data139>
<column name="nodeid" type="4">200</column>
<column name="fieldid" type="4">6145</column>
<column name="isview" type="1">1</column>
<column name="isedit" type="1">0</column>
<column name="ismandatory" type="1">0</column>
<column name="orderid" type="3">4.00</column>
</data139>
<data140>
<column name="nodeid" type="4">200</column>
<column name="fieldid" type="4">6148</column>
<column name="isview" type="1">1</column>
<column name="isedit" type="1">0</column>
<column name="ismandatory" type="1">0</column>
<column name="orderid" type="3">4.00</column>
</data140>
<data141>
<column name="nodeid" type="4">200</column>
<column name="fieldid" type="4">6122</column>
<column name="isview" type="1">1</column>
<column name="isedit" type="1">0</column>
<column name="ismandatory" type="1">0</column>
<column name="orderid" type="3">5.00</column>
</data141>
<data142>
<column name="nodeid" type="4">200</column>
<column name="fieldid" type="4">6138</column>
<column name="isview" type="1">1</column>
<column name="isedit" type="1">0</column>
<column name="ismandatory" type="1">0</column>
<column name="orderid" type="3">5.00</column>
</data142>
<data143>
<column name="nodeid" type="4">200</column>
<column name="fieldid" type="4">6146</column>
<column name="isview" type="1">1</column>
<column name="isedit" type="1">0</column>
<column name="ismandatory" type="1">0</column>
<column name="orderid" type="3">5.00</column>
</data143>
<data144>
<column name="nodeid" type="4">200</column>
<column name="fieldid" type="4">6149</column>
<column name="isview" type="1">1</column>
<column name="isedit" type="1">0</column>
<column name="ismandatory" type="1">0</column>
<column name="orderid" type="3">5.00</column>
</data144>
<data145>
<column name="nodeid" type="4">200</column>
<column name="fieldid" type="4">6123</column>
<column name="isview" type="1">1</column>
<column name="isedit" type="1">0</column>
<column name="ismandatory" type="1">0</column>
<column name="orderid" type="3">6.00</column>
</data145>
<data146>
<column name="nodeid" type="4">200</column>
<column name="fieldid" type="4">6139</column>
<column name="isview" type="1">1</column>
<column name="isedit" type="1">0</column>
<column name="ismandatory" type="1">0</column>
<column name="orderid" type="3">6.00</column>
</data146>
<data147>
<column name="nodeid" type="4">200</column>
<column name="fieldid" type="4">6150</column>
<column name="isview" type="1">1</column>
<column name="isedit" type="1">0</column>
<column name="ismandatory" type="1">0</column>
<column name="orderid" type="3">6.00</column>
</data147>
<data148>
<column name="nodeid" type="4">200</column>
<column name="fieldid" type="4">6124</column>
<column name="isview" type="1">1</column>
<column name="isedit" type="1">0</column>
<column name="ismandatory" type="1">0</column>
<column name="orderid" type="3">7.00</column>
</data148>
<data149>
<column name="nodeid" type="4">200</column>
<column name="fieldid" type="4">6140</column>
<column name="isview" type="1">1</column>
<column name="isedit" type="1">0</column>
<column name="ismandatory" type="1">0</column>
<column name="orderid" type="3">7.00</column>
</data149>
<data150>
<column name="nodeid" type="4">200</column>
<column name="fieldid" type="4">6151</column>
<column name="isview" type="1">1</column>
<column name="isedit" type="1">0</column>
<column name="ismandatory" type="1">0</column>
<column name="orderid" type="3">7.00</column>
</data150>
<data151>
<column name="nodeid" type="4">200</column>
<column name="fieldid" type="4">6125</column>
<column name="isview" type="1">1</column>
<column name="isedit" type="1">0</column>
<column name="ismandatory" type="1">0</column>
<column name="orderid" type="3">8.00</column>
</data151>
<data152>
<column name="nodeid" type="4">200</column>
<column name="fieldid" type="4">6141</column>
<column name="isview" type="1">1</column>
<column name="isedit" type="1">0</column>
<column name="ismandatory" type="1">0</column>
<column name="orderid" type="3">8.00</column>
</data152>
<data153>
<column name="nodeid" type="4">200</column>
<column name="fieldid" type="4">6152</column>
<column name="isview" type="1">1</column>
<column name="isedit" type="1">0</column>
<column name="ismandatory" type="1">0</column>
<column name="orderid" type="3">8.00</column>
</data153>
<data154>
<column name="nodeid" type="4">200</column>
<column name="fieldid" type="4">6126</column>
<column name="isview" type="1">1</column>
<column name="isedit" type="1">0</column>
<column name="ismandatory" type="1">0</column>
<column name="orderid" type="3">9.00</column>
</data154>
<data155>
<column name="nodeid" type="4">200</column>
<column name="fieldid" type="4">6142</column>
<column name="isview" type="1">1</column>
<column name="isedit" type="1">0</column>
<column name="ismandatory" type="1">0</column>
<column name="orderid" type="3">9.00</column>
</data155>
<data156>
<column name="nodeid" type="4">200</column>
<column name="fieldid" type="4">6143</column>
<column name="isview" type="1">1</column>
<column name="isedit" type="1">0</column>
<column name="ismandatory" type="1">0</column>
<column name="orderid" type="3">10.00</column>
</data156>
<data157>
<column name="nodeid" type="4">200</column>
<column name="fieldid" type="4">6153</column>
<column name="isview" type="1">1</column>
<column name="isedit" type="1">0</column>
<column name="ismandatory" type="1">0</column>
<column name="orderid" type="3">10.00</column>
</data157>
<data158>
<column name="nodeid" type="4">200</column>
<column name="fieldid" type="4">6129</column>
<column name="isview" type="1">1</column>
<column name="isedit" type="1">0</column>
<column name="ismandatory" type="1">0</column>
<column name="orderid" type="3">12.00</column>
</data158>
<data159>
<column name="nodeid" type="4">200</column>
<column name="fieldid" type="4">6130</column>
<column name="isview" type="1">1</column>
<column name="isedit" type="1">0</column>
<column name="ismandatory" type="1">0</column>
<column name="orderid" type="3">13.00</column>
</data159>
<data160>
<column name="nodeid" type="4">200</column>
<column name="fieldid" type="4">6119</column>
<column name="isview" type="1">1</column>
<column name="isedit" type="1">0</column>
<column name="ismandatory" type="1">0</column>
<column name="orderid" type="3">13.50</column>
</data160>
<data161>
<column name="nodeid" type="4">200</column>
<column name="fieldid" type="4">6132</column>
<column name="isview" type="1">1</column>
<column name="isedit" type="1">0</column>
<column name="ismandatory" type="1">0</column>
<column name="orderid" type="3">15.00</column>
</data161>
<data162>
<column name="nodeid" type="4">200</column>
<column name="fieldid" type="4">6133</column>
<column name="isview" type="1">1</column>
<column name="isedit" type="1">0</column>
<column name="ismandatory" type="1">0</column>
<column name="orderid" type="3">16.00</column>
</data162>
<data163>
<column name="nodeid" type="4">200</column>
<column name="fieldid" type="4">6134</column>
<column name="isview" type="1">1</column>
<column name="isedit" type="1">0</column>
<column name="ismandatory" type="1">0</column>
<column name="orderid" type="3">17.00</column>
</data163>
<data164>
<column name="nodeid" type="4">200</column>
<column name="fieldid" type="4">6135</column>
<column name="isview" type="1">1</column>
<column name="isedit" type="1">0</column>
<column name="ismandatory" type="1">0</column>
<column name="orderid" type="3">18.00</column>
</data164>
<data165>
<column name="nodeid" type="4">200</column>
<column name="fieldid" type="4">6154</column>
<column name="isview" type="1">1</column>
<column name="isedit" type="1">0</column>
<column name="ismandatory" type="1">0</column>
<column name="orderid" type="3">19.00</column>
</data165>
<data166>
<column name="nodeid" type="4">200</column>
<column name="fieldid" type="4">6155</column>
<column name="isview" type="1">1</column>
<column name="isedit" type="1">0</column>
<column name="ismandatory" type="1">0</column>
<column name="orderid" type="3">20.00</column>
</data166>
<data167>
<column name="nodeid" type="4">200</column>
<column name="fieldid" type="4">6156</column>
<column name="isview" type="1">1</column>
<column name="isedit" type="1">0</column>
<column name="ismandatory" type="1">0</column>
<column name="orderid" type="3">21.00</column>
</data167>
<data168>
<column name="nodeid" type="4">200</column>
<column name="fieldid" type="4">6157</column>
<column name="isview" type="1">1</column>
<column name="isedit" type="1">0</column>
<column name="ismandatory" type="1">0</column>
<column name="orderid" type="3">22.00</column>
</data168>
</datas>
</workflow_nodeform>
</ROOT>
