<?xml version="1.0" encoding="GB2312"?>
<ROOT>
<workflow_nodefieldattr>
<datas count="4">
<data1>
<column name="id" type="4">473</column>
<column name="fieldid" type="4">6130</column>
<column name="formid" type="4">-8</column>
<column name="isbill" type="4">1</column>
<column name="nodeid" type="4">197</column>
<column name="attrcontent" type="12">doFieldMath(" $6129$ ")</column>
<column name="caltype" type="4">2</column>
<column name="othertype" type="4">0</column>
<column name="transtype" type="4">0</column>
<column name="datasourceid" type="12"/>
</data1>
<data2>
<column name="id" type="4">474</column>
<column name="fieldid" type="4">6130</column>
<column name="formid" type="4">-8</column>
<column name="isbill" type="4">1</column>
<column name="nodeid" type="4">198</column>
<column name="attrcontent" type="12">doFieldMath(" $6129$ ")</column>
<column name="caltype" type="4">2</column>
<column name="othertype" type="4">0</column>
<column name="transtype" type="4">0</column>
<column name="datasourceid" type="12"/>
</data2>
<data3>
<column name="id" type="4">475</column>
<column name="fieldid" type="4">6130</column>
<column name="formid" type="4">-8</column>
<column name="isbill" type="4">1</column>
<column name="nodeid" type="4">199</column>
<column name="attrcontent" type="12">doFieldMath(" $6129$ ")</column>
<column name="caltype" type="4">2</column>
<column name="othertype" type="4">0</column>
<column name="transtype" type="4">0</column>
<column name="datasourceid" type="12"/>
</data3>
<data4>
<column name="id" type="4">476</column>
<column name="fieldid" type="4">6130</column>
<column name="formid" type="4">-8</column>
<column name="isbill" type="4">1</column>
<column name="nodeid" type="4">200</column>
<column name="attrcontent" type="12">doFieldMath(" $6129$ ")</column>
<column name="caltype" type="4">2</column>
<column name="othertype" type="4">0</column>
<column name="transtype" type="4">0</column>
<column name="datasourceid" type="12"/>
</data4>
</datas>
</workflow_nodefieldattr>
</ROOT>
