<?xml version="1.0" encoding="GB2312"?>
<ROOT>
<Workflow_DataInput_field>
<datas count="24">
<data1>
<column name="id" type="4">185</column>
<column name="DataInputID" type="4">42</column>
<column name="TableID" type="4">69</column>
<column name="Type" type="4">1</column>
<column name="DBFieldName" type="12">requestid</column>
<column name="PageFieldName" type="12">field5978</column>
<column name="pagefieldindex" type="4">0</column>
</data1>
<data2>
<column name="id" type="4">186</column>
<column name="DataInputID" type="4">42</column>
<column name="TableID" type="4">69</column>
<column name="Type" type="4">2</column>
<column name="DBFieldName" type="12">peerswho</column>
<column name="PageFieldName" type="12">field5853</column>
<column name="pagefieldindex" type="4">0</column>
</data2>
<data3>
<column name="id" type="4">187</column>
<column name="DataInputID" type="4">42</column>
<column name="TableID" type="4">69</column>
<column name="Type" type="4">2</column>
<column name="DBFieldName" type="12">traveltype</column>
<column name="PageFieldName" type="12">field5865</column>
<column name="pagefieldindex" type="4">0</column>
</data3>
<data4>
<column name="id" type="4">188</column>
<column name="DataInputID" type="4">42</column>
<column name="TableID" type="4">69</column>
<column name="Type" type="4">2</column>
<column name="DBFieldName" type="12">currtype</column>
<column name="PageFieldName" type="12">field6042</column>
<column name="pagefieldindex" type="4">0</column>
</data4>
<data5>
<column name="id" type="4">189</column>
<column name="DataInputID" type="4">43</column>
<column name="TableID" type="4">70</column>
<column name="Type" type="4">1</column>
<column name="DBFieldName" type="12">requestid</column>
<column name="PageFieldName" type="12">field5978</column>
<column name="pagefieldindex" type="4">0</column>
</data5>
<data6>
<column name="id" type="4">190</column>
<column name="DataInputID" type="4">43</column>
<column name="TableID" type="4">71</column>
<column name="Type" type="4">2</column>
<column name="DBFieldName" type="12">begindate</column>
<column name="PageFieldName" type="12">field5935</column>
<column name="pagefieldindex" type="4">4</column>
</data6>
<data7>
<column name="id" type="4">191</column>
<column name="DataInputID" type="4">43</column>
<column name="TableID" type="4">71</column>
<column name="Type" type="4">2</column>
<column name="DBFieldName" type="12">enddate</column>
<column name="PageFieldName" type="12">field5936</column>
<column name="pagefieldindex" type="4">4</column>
</data7>
<data8>
<column name="id" type="4">192</column>
<column name="DataInputID" type="4">43</column>
<column name="TableID" type="4">71</column>
<column name="Type" type="4">2</column>
<column name="DBFieldName" type="12">fromcityid</column>
<column name="PageFieldName" type="12">field5937</column>
<column name="pagefieldindex" type="4">4</column>
</data8>
<data9>
<column name="id" type="4">193</column>
<column name="DataInputID" type="4">43</column>
<column name="TableID" type="4">71</column>
<column name="Type" type="4">2</column>
<column name="DBFieldName" type="12">tocityid</column>
<column name="PageFieldName" type="12">field5938</column>
<column name="pagefieldindex" type="4">4</column>
</data9>
<data10>
<column name="id" type="4">194</column>
<column name="DataInputID" type="4">43</column>
<column name="TableID" type="4">71</column>
<column name="Type" type="4">2</column>
<column name="DBFieldName" type="12">vehicle</column>
<column name="PageFieldName" type="12">field5939</column>
<column name="pagefieldindex" type="4">4</column>
</data10>
<data11>
<column name="id" type="4">195</column>
<column name="DataInputID" type="4">44</column>
<column name="TableID" type="4">72</column>
<column name="Type" type="4">1</column>
<column name="DBFieldName" type="12">requestid</column>
<column name="PageFieldName" type="12">field5978</column>
<column name="pagefieldindex" type="4">0</column>
</data11>
<data12>
<column name="id" type="4">196</column>
<column name="DataInputID" type="4">44</column>
<column name="TableID" type="4">73</column>
<column name="Type" type="4">2</column>
<column name="DBFieldName" type="12">begindate</column>
<column name="PageFieldName" type="12">field5944</column>
<column name="pagefieldindex" type="4">5</column>
</data12>
<data13>
<column name="id" type="4">197</column>
<column name="DataInputID" type="4">44</column>
<column name="TableID" type="4">73</column>
<column name="Type" type="4">2</column>
<column name="DBFieldName" type="12">enddate</column>
<column name="PageFieldName" type="12">field5945</column>
<column name="pagefieldindex" type="4">5</column>
</data13>
<data14>
<column name="id" type="4">198</column>
<column name="DataInputID" type="4">44</column>
<column name="TableID" type="4">73</column>
<column name="Type" type="4">2</column>
<column name="DBFieldName" type="12">cityid</column>
<column name="PageFieldName" type="12">field5946</column>
<column name="pagefieldindex" type="4">5</column>
</data14>
<data15>
<column name="id" type="4">199</column>
<column name="DataInputID" type="4">44</column>
<column name="TableID" type="4">73</column>
<column name="Type" type="4">2</column>
<column name="DBFieldName" type="12">hotelstaydays</column>
<column name="PageFieldName" type="12">field5952</column>
<column name="pagefieldindex" type="4">5</column>
</data15>
<data16>
<column name="id" type="4">200</column>
<column name="DataInputID" type="4">45</column>
<column name="TableID" type="4">74</column>
<column name="Type" type="4">1</column>
<column name="DBFieldName" type="12">requestid</column>
<column name="PageFieldName" type="12">field5978</column>
<column name="pagefieldindex" type="4">0</column>
</data16>
<data17>
<column name="id" type="4">201</column>
<column name="DataInputID" type="4">45</column>
<column name="TableID" type="4">75</column>
<column name="Type" type="4">2</column>
<column name="DBFieldName" type="12">begindate</column>
<column name="PageFieldName" type="12">field5957</column>
<column name="pagefieldindex" type="4">6</column>
</data17>
<data18>
<column name="id" type="4">202</column>
<column name="DataInputID" type="4">45</column>
<column name="TableID" type="4">75</column>
<column name="Type" type="4">2</column>
<column name="DBFieldName" type="12">enddate</column>
<column name="PageFieldName" type="12">field5958</column>
<column name="pagefieldindex" type="4">6</column>
</data18>
<data19>
<column name="id" type="4">203</column>
<column name="DataInputID" type="4">45</column>
<column name="TableID" type="4">75</column>
<column name="Type" type="4">2</column>
<column name="DBFieldName" type="12">cityid</column>
<column name="PageFieldName" type="12">field5959</column>
<column name="pagefieldindex" type="4">6</column>
</data19>
<data20>
<column name="id" type="4">204</column>
<column name="DataInputID" type="4">45</column>
<column name="TableID" type="4">75</column>
<column name="Type" type="4">2</column>
<column name="DBFieldName" type="12">mealdays</column>
<column name="PageFieldName" type="12">field5964</column>
<column name="pagefieldindex" type="4">6</column>
</data20>
<data21>
<column name="id" type="4">205</column>
<column name="DataInputID" type="4">46</column>
<column name="TableID" type="4">76</column>
<column name="Type" type="4">1</column>
<column name="DBFieldName" type="12">requestid</column>
<column name="PageFieldName" type="12">field5978</column>
<column name="pagefieldindex" type="4">0</column>
</data21>
<data22>
<column name="id" type="4">206</column>
<column name="DataInputID" type="4">46</column>
<column name="TableID" type="4">77</column>
<column name="Type" type="4">2</column>
<column name="DBFieldName" type="12">begindate</column>
<column name="PageFieldName" type="12">field5970</column>
<column name="pagefieldindex" type="4">7</column>
</data22>
<data23>
<column name="id" type="4">207</column>
<column name="DataInputID" type="4">46</column>
<column name="TableID" type="4">77</column>
<column name="Type" type="4">2</column>
<column name="DBFieldName" type="12">enddate</column>
<column name="PageFieldName" type="12">field5971</column>
<column name="pagefieldindex" type="4">7</column>
</data23>
<data24>
<column name="id" type="4">208</column>
<column name="DataInputID" type="4">46</column>
<column name="TableID" type="4">77</column>
<column name="Type" type="4">2</column>
<column name="DBFieldName" type="12">content</column>
<column name="PageFieldName" type="12">field5972</column>
<column name="pagefieldindex" type="4">7</column>
</data24>
</datas>
</Workflow_DataInput_field>
</ROOT>
