<?xml version="1.0" encoding="GB2312"?>
<ROOT>
<workflow_nodefieldattr>
<datas count="6">
<data1>
<column name="id" type="4">510</column>
<column name="fieldid" type="4">6391</column>
<column name="formid" type="4">-14</column>
<column name="isbill" type="4">1</column>
<column name="nodeid" type="4">241</column>
<column name="attrcontent" type="12">doFieldMath(" $6390$ ")</column>
<column name="caltype" type="4">2</column>
<column name="othertype" type="4">0</column>
<column name="transtype" type="4">0</column>
<column name="datasourceid" type="12"/>
</data1>
<data2>
<column name="id" type="4">511</column>
<column name="fieldid" type="4">6391</column>
<column name="formid" type="4">-14</column>
<column name="isbill" type="4">1</column>
<column name="nodeid" type="4">242</column>
<column name="attrcontent" type="12">doFieldMath(" $6390$ ")</column>
<column name="caltype" type="4">2</column>
<column name="othertype" type="4">0</column>
<column name="transtype" type="4">0</column>
<column name="datasourceid" type="12"/>
</data2>
<data3>
<column name="id" type="4">512</column>
<column name="fieldid" type="4">6391</column>
<column name="formid" type="4">-14</column>
<column name="isbill" type="4">1</column>
<column name="nodeid" type="4">243</column>
<column name="attrcontent" type="12">doFieldMath(" $6390$ ")</column>
<column name="caltype" type="4">2</column>
<column name="othertype" type="4">0</column>
<column name="transtype" type="4">0</column>
<column name="datasourceid" type="12"/>
</data3>
<data4>
<column name="id" type="4">513</column>
<column name="fieldid" type="4">6391</column>
<column name="formid" type="4">-14</column>
<column name="isbill" type="4">1</column>
<column name="nodeid" type="4">245</column>
<column name="attrcontent" type="12">doFieldMath(" $6390$ ")</column>
<column name="caltype" type="4">2</column>
<column name="othertype" type="4">0</column>
<column name="transtype" type="4">0</column>
<column name="datasourceid" type="12"/>
</data4>
<data5>
<column name="id" type="4">514</column>
<column name="fieldid" type="4">6391</column>
<column name="formid" type="4">-14</column>
<column name="isbill" type="4">1</column>
<column name="nodeid" type="4">246</column>
<column name="attrcontent" type="12">doFieldMath(" $6390$ ")</column>
<column name="caltype" type="4">2</column>
<column name="othertype" type="4">0</column>
<column name="transtype" type="4">0</column>
<column name="datasourceid" type="12"/>
</data5>
<data6>
<column name="id" type="4">515</column>
<column name="fieldid" type="4">6391</column>
<column name="formid" type="4">-14</column>
<column name="isbill" type="4">1</column>
<column name="nodeid" type="4">244</column>
<column name="attrcontent" type="12">doFieldMath(" $6390$ ")</column>
<column name="caltype" type="4">2</column>
<column name="othertype" type="4">0</column>
<column name="transtype" type="4">0</column>
<column name="datasourceid" type="12"/>
</data6>
</datas>
</workflow_nodefieldattr>
</ROOT>
