<?xml version="1.0" encoding="GB2312"?>
<ROOT>
<Workflow_DataInput_field>
<datas count="3">
<data1>
<column name="id" type="4">134</column>
<column name="DataInputID" type="4">31</column>
<column name="TableID" type="4">50</column>
<column name="Type" type="4">1</column>
<column name="DBFieldName" type="12">requestid</column>
<column name="PageFieldName" type="12">field6298</column>
<column name="pagefieldindex" type="4">0</column>
</data1>
<data2>
<column name="id" type="4">135</column>
<column name="DataInputID" type="4">31</column>
<column name="TableID" type="4">50</column>
<column name="Type" type="4">2</column>
<column name="DBFieldName" type="12">currtype</column>
<column name="PageFieldName" type="12">field6276</column>
<column name="pagefieldindex" type="4">0</column>
</data2>
<data3>
<column name="id" type="4">136</column>
<column name="DataInputID" type="4">31</column>
<column name="TableID" type="4">50</column>
<column name="Type" type="4">2</column>
<column name="DBFieldName" type="12">expensetype</column>
<column name="PageFieldName" type="12">field6285</column>
<column name="pagefieldindex" type="4">0</column>
</data3>
</datas>
</Workflow_DataInput_field>
</ROOT>
