<?xml version="1.0" encoding="GB2312"?>
<ROOT>
<workflow_flownode>
<datas count="5">
<data1>
<column name="workflowid" type="4">40</column>
<column name="nodeid" type="4">175</column>
<column name="nodetype" type="1">0</column>
<column name="viewnodeids" type="12">-1</column>
<column name="ismode" type="12">2</column>
<column name="showdes" type="12"/>
<column name="printdes" type="12"/>
<column name="isFormSignature" type="1"/>
<column name="nodetitle" type="12"/>
<column name="viewtypeall" type="1">1</column>
<column name="viewdescall" type="1">1</column>
<column name="showtype" type="1">1</column>
<column name="vtapprove" type="1">0</column>
<column name="vtrealize" type="1">0</column>
<column name="vtforward" type="1">0</column>
<column name="vtpostil" type="1">0</column>
<column name="vtrecipient" type="1">0</column>
<column name="vtreject" type="1">0</column>
<column name="vtsuperintend" type="1">0</column>
<column name="vtover" type="1">0</column>
<column name="vdcomments" type="1">1</column>
<column name="vddeptname" type="1">1</column>
<column name="vdoperator" type="1">1</column>
<column name="vddate" type="1">1</column>
<column name="vdtime" type="1">1</column>
<column name="stnull" type="1">0</column>
<column name="formSignatureWidth" type="4"/>
<column name="formSignatureHeight" type="4"/>
<column name="drawbackflag" type="1">1</column>
<column name="IsPendingForward" type="1">1</column>
<column name="IsWaitForwardOpinion" type="1"/>
<column name="IsBeForward" type="1"/>
<column name="IsSubmitedOpinion" type="1">1</column>
<column name="IsSubmitForward" type="1"/>
<column name="IsFreeWorkflow" type="1"/>
<column name="freewfsetcurnamecn" type="12"/>
<column name="freewfsetcurnameen" type="12"/>
<column name="rejectbackflag" type="1">1</column>
<column name="issignmustinput" type="4"/>
<column name="toexcel" type="1"/>
<column name="vsignupload" type="1">1</column>
<column name="vsigndoc" type="1">1</column>
<column name="vsignworkflow" type="1">1</column>
<column name="freewfsetcurnametw" type="12"/>
<column name="IsBeForwardSubmit" type="1"/>
<column name="IsBeForwardModify" type="1"/>
<column name="IsBeForwardPending" type="1"/>
<column name="IsShowPendingForward" type="1"/>
<column name="IsShowWaitForwardOpinion" type="1"/>
<column name="IsShowBeForward" type="1"/>
<column name="IsShowSubmitedOpinion" type="1"/>
<column name="IsShowSubmitForward" type="1"/>
<column name="IsShowBeForwardSubmit" type="1"/>
<column name="IsShowBeForwardModify" type="1"/>
<column name="IsShowBeForwardPending" type="1"/>
<column name="isfeedback" type="1">1</column>
<column name="isnullnotfeedback" type="1"/>
<column name="vtintervenor" type="1">0</column>
<column name="IsBeForwardTodo" type="1"/>
<column name="IsShowBeForwardTodo" type="1"/>
<column name="IsBeForwardAlready" type="1"/>
<column name="IsShowBeForwardAlready" type="1"/>
<column name="IsAlreadyForward" type="1"/>
<column name="IsShowAlreadyForward" type="1"/>
<column name="IsBeForwardSubmitAlready" type="1"/>
<column name="IsShowBeForwardSubmitAlready" type="1"/>
<column name="IsBeForwardSubmitNotaries" type="1"/>
<column name="IsShowBeForwardSubmitNotaries" type="1"/>
<column name="Freefs" type="12"/>
<column name="nodeorder" type="4">1</column>
<column name="signfieldids" type="12"/>
<column name="ishideinput" type="4"/>
<column name="ishidearea" type="4"/>
<column name="issubwfAllEnd" type="1"/>
<column name="subwfscope" type="12"/>
<column name="subwfdiffscope" type="12"/>
<column name="issubwfremind" type="1"/>
<column name="subwfremindtype" type="12"/>
<column name="subwfremindoperator" type="12"/>
<column name="subwfremindobject" type="12"/>
<column name="subwfremindperson" type="12"/>
<column name="subwffreeforword" type="1"/>
<column name="IsTakingOpinions" type="1"/>
<column name="IsHandleForward" type="1"/>
<column name="vtTakingOpinions" type="1">0</column>
<column name="vtHandleForward" type="1">0</column>
<column name="vttpostil" type="1">0</column>
<column name="vtrpostil" type="1">0</column>
<column name="vmobilesource" type="1">1</column>
<column name="ruleRelationship" type="1"/>
<column name="pdfprint" type="1">0</column>
<column name="UseExceptionHandle" type="1"/>
<column name="ExceptionHandleWay" type="1"/>
<column name="FlowToAssignNode" type="4"/>
<column name="notseeeachother" type="1"/>
<column name="printflowComment" type="1">1</column>
<column name="subProcessSummary" type="1"/>
<column name="isRemarkLocation" type="4">0</column>
<column name="isRejectRemind" type="1"/>
<column name="isChangRejectNode" type="1"/>
<column name="isSelectRejectNode" type="4"/>
<column name="rejectableNodes" type="-1"/>
<column name="isSubmitDirectNode" type="1"/>
</data1>
<data2>
<column name="workflowid" type="4">40</column>
<column name="nodeid" type="4">176</column>
<column name="nodetype" type="1">1</column>
<column name="viewnodeids" type="12">-1</column>
<column name="ismode" type="12">2</column>
<column name="showdes" type="12"/>
<column name="printdes" type="12"/>
<column name="isFormSignature" type="1"/>
<column name="nodetitle" type="12"/>
<column name="viewtypeall" type="1">1</column>
<column name="viewdescall" type="1">1</column>
<column name="showtype" type="1">1</column>
<column name="vtapprove" type="1">0</column>
<column name="vtrealize" type="1">0</column>
<column name="vtforward" type="1">0</column>
<column name="vtpostil" type="1">0</column>
<column name="vtrecipient" type="1">0</column>
<column name="vtreject" type="1">0</column>
<column name="vtsuperintend" type="1">0</column>
<column name="vtover" type="1">0</column>
<column name="vdcomments" type="1">1</column>
<column name="vddeptname" type="1">1</column>
<column name="vdoperator" type="1">1</column>
<column name="vddate" type="1">1</column>
<column name="vdtime" type="1">1</column>
<column name="stnull" type="1">0</column>
<column name="formSignatureWidth" type="4"/>
<column name="formSignatureHeight" type="4"/>
<column name="drawbackflag" type="1"/>
<column name="IsPendingForward" type="1">1</column>
<column name="IsWaitForwardOpinion" type="1">0</column>
<column name="IsBeForward" type="1"/>
<column name="IsSubmitedOpinion" type="1">1</column>
<column name="IsSubmitForward" type="1"/>
<column name="IsFreeWorkflow" type="1">0</column>
<column name="freewfsetcurnamecn" type="12"/>
<column name="freewfsetcurnameen" type="12"/>
<column name="rejectbackflag" type="1"/>
<column name="issignmustinput" type="4"/>
<column name="toexcel" type="1"/>
<column name="vsignupload" type="1">1</column>
<column name="vsigndoc" type="1">1</column>
<column name="vsignworkflow" type="1">1</column>
<column name="freewfsetcurnametw" type="12"/>
<column name="IsBeForwardSubmit" type="1"/>
<column name="IsBeForwardModify" type="1"/>
<column name="IsBeForwardPending" type="1"/>
<column name="IsShowPendingForward" type="1"/>
<column name="IsShowWaitForwardOpinion" type="1"/>
<column name="IsShowBeForward" type="1"/>
<column name="IsShowSubmitedOpinion" type="1"/>
<column name="IsShowSubmitForward" type="1"/>
<column name="IsShowBeForwardSubmit" type="1"/>
<column name="IsShowBeForwardModify" type="1"/>
<column name="IsShowBeForwardPending" type="1"/>
<column name="isfeedback" type="1">1</column>
<column name="isnullnotfeedback" type="1"/>
<column name="vtintervenor" type="1">0</column>
<column name="IsBeForwardTodo" type="1"/>
<column name="IsShowBeForwardTodo" type="1"/>
<column name="IsBeForwardAlready" type="1"/>
<column name="IsShowBeForwardAlready" type="1"/>
<column name="IsAlreadyForward" type="1"/>
<column name="IsShowAlreadyForward" type="1"/>
<column name="IsBeForwardSubmitAlready" type="1"/>
<column name="IsShowBeForwardSubmitAlready" type="1"/>
<column name="IsBeForwardSubmitNotaries" type="1"/>
<column name="IsShowBeForwardSubmitNotaries" type="1"/>
<column name="Freefs" type="12"/>
<column name="nodeorder" type="4">2</column>
<column name="signfieldids" type="12"/>
<column name="ishideinput" type="4"/>
<column name="ishidearea" type="4"/>
<column name="issubwfAllEnd" type="1"/>
<column name="subwfscope" type="12"/>
<column name="subwfdiffscope" type="12"/>
<column name="issubwfremind" type="1"/>
<column name="subwfremindtype" type="12"/>
<column name="subwfremindoperator" type="12"/>
<column name="subwfremindobject" type="12"/>
<column name="subwfremindperson" type="12"/>
<column name="subwffreeforword" type="1"/>
<column name="IsTakingOpinions" type="1">0</column>
<column name="IsHandleForward" type="1">0</column>
<column name="vtTakingOpinions" type="1">0</column>
<column name="vtHandleForward" type="1">0</column>
<column name="vttpostil" type="1">0</column>
<column name="vtrpostil" type="1">0</column>
<column name="vmobilesource" type="1">1</column>
<column name="ruleRelationship" type="1"/>
<column name="pdfprint" type="1">0</column>
<column name="UseExceptionHandle" type="1"/>
<column name="ExceptionHandleWay" type="1"/>
<column name="FlowToAssignNode" type="4"/>
<column name="notseeeachother" type="1"/>
<column name="printflowComment" type="1">1</column>
<column name="subProcessSummary" type="1"/>
<column name="isRemarkLocation" type="4">0</column>
<column name="isRejectRemind" type="1"/>
<column name="isChangRejectNode" type="1">0</column>
<column name="isSelectRejectNode" type="4">1</column>
<column name="rejectableNodes" type="-1"/>
<column name="isSubmitDirectNode" type="1"/>
</data2>
<data3>
<column name="workflowid" type="4">40</column>
<column name="nodeid" type="4">177</column>
<column name="nodetype" type="1">1</column>
<column name="viewnodeids" type="12">-1</column>
<column name="ismode" type="12">2</column>
<column name="showdes" type="12"/>
<column name="printdes" type="12"/>
<column name="isFormSignature" type="1"/>
<column name="nodetitle" type="12"/>
<column name="viewtypeall" type="1">1</column>
<column name="viewdescall" type="1">1</column>
<column name="showtype" type="1">1</column>
<column name="vtapprove" type="1">0</column>
<column name="vtrealize" type="1">0</column>
<column name="vtforward" type="1">0</column>
<column name="vtpostil" type="1">0</column>
<column name="vtrecipient" type="1">0</column>
<column name="vtreject" type="1">0</column>
<column name="vtsuperintend" type="1">0</column>
<column name="vtover" type="1">0</column>
<column name="vdcomments" type="1">1</column>
<column name="vddeptname" type="1">1</column>
<column name="vdoperator" type="1">1</column>
<column name="vddate" type="1">1</column>
<column name="vdtime" type="1">1</column>
<column name="stnull" type="1">0</column>
<column name="formSignatureWidth" type="4"/>
<column name="formSignatureHeight" type="4"/>
<column name="drawbackflag" type="1"/>
<column name="IsPendingForward" type="1">1</column>
<column name="IsWaitForwardOpinion" type="1">0</column>
<column name="IsBeForward" type="1"/>
<column name="IsSubmitedOpinion" type="1">1</column>
<column name="IsSubmitForward" type="1"/>
<column name="IsFreeWorkflow" type="1">0</column>
<column name="freewfsetcurnamecn" type="12"/>
<column name="freewfsetcurnameen" type="12"/>
<column name="rejectbackflag" type="1"/>
<column name="issignmustinput" type="4"/>
<column name="toexcel" type="1"/>
<column name="vsignupload" type="1">1</column>
<column name="vsigndoc" type="1">1</column>
<column name="vsignworkflow" type="1">1</column>
<column name="freewfsetcurnametw" type="12"/>
<column name="IsBeForwardSubmit" type="1"/>
<column name="IsBeForwardModify" type="1"/>
<column name="IsBeForwardPending" type="1"/>
<column name="IsShowPendingForward" type="1"/>
<column name="IsShowWaitForwardOpinion" type="1"/>
<column name="IsShowBeForward" type="1"/>
<column name="IsShowSubmitedOpinion" type="1"/>
<column name="IsShowSubmitForward" type="1"/>
<column name="IsShowBeForwardSubmit" type="1"/>
<column name="IsShowBeForwardModify" type="1"/>
<column name="IsShowBeForwardPending" type="1"/>
<column name="isfeedback" type="1">1</column>
<column name="isnullnotfeedback" type="1"/>
<column name="vtintervenor" type="1">0</column>
<column name="IsBeForwardTodo" type="1"/>
<column name="IsShowBeForwardTodo" type="1"/>
<column name="IsBeForwardAlready" type="1"/>
<column name="IsShowBeForwardAlready" type="1"/>
<column name="IsAlreadyForward" type="1"/>
<column name="IsShowAlreadyForward" type="1"/>
<column name="IsBeForwardSubmitAlready" type="1"/>
<column name="IsShowBeForwardSubmitAlready" type="1"/>
<column name="IsBeForwardSubmitNotaries" type="1"/>
<column name="IsShowBeForwardSubmitNotaries" type="1"/>
<column name="Freefs" type="12"/>
<column name="nodeorder" type="4">3</column>
<column name="signfieldids" type="12"/>
<column name="ishideinput" type="4"/>
<column name="ishidearea" type="4"/>
<column name="issubwfAllEnd" type="1"/>
<column name="subwfscope" type="12"/>
<column name="subwfdiffscope" type="12"/>
<column name="issubwfremind" type="1"/>
<column name="subwfremindtype" type="12"/>
<column name="subwfremindoperator" type="12"/>
<column name="subwfremindobject" type="12"/>
<column name="subwfremindperson" type="12"/>
<column name="subwffreeforword" type="1"/>
<column name="IsTakingOpinions" type="1">0</column>
<column name="IsHandleForward" type="1">0</column>
<column name="vtTakingOpinions" type="1">0</column>
<column name="vtHandleForward" type="1">0</column>
<column name="vttpostil" type="1">0</column>
<column name="vtrpostil" type="1">0</column>
<column name="vmobilesource" type="1">1</column>
<column name="ruleRelationship" type="1"/>
<column name="pdfprint" type="1">0</column>
<column name="UseExceptionHandle" type="1"/>
<column name="ExceptionHandleWay" type="1"/>
<column name="FlowToAssignNode" type="4"/>
<column name="notseeeachother" type="1"/>
<column name="printflowComment" type="1">1</column>
<column name="subProcessSummary" type="1"/>
<column name="isRemarkLocation" type="4">0</column>
<column name="isRejectRemind" type="1"/>
<column name="isChangRejectNode" type="1">0</column>
<column name="isSelectRejectNode" type="4">1</column>
<column name="rejectableNodes" type="-1"/>
<column name="isSubmitDirectNode" type="1"/>
</data3>
<data4>
<column name="workflowid" type="4">40</column>
<column name="nodeid" type="4">178</column>
<column name="nodetype" type="1">1</column>
<column name="viewnodeids" type="12">-1</column>
<column name="ismode" type="12">2</column>
<column name="showdes" type="12"/>
<column name="printdes" type="12"/>
<column name="isFormSignature" type="1"/>
<column name="nodetitle" type="12"/>
<column name="viewtypeall" type="1">1</column>
<column name="viewdescall" type="1">1</column>
<column name="showtype" type="1">1</column>
<column name="vtapprove" type="1">0</column>
<column name="vtrealize" type="1">0</column>
<column name="vtforward" type="1">0</column>
<column name="vtpostil" type="1">0</column>
<column name="vtrecipient" type="1">0</column>
<column name="vtreject" type="1">0</column>
<column name="vtsuperintend" type="1">0</column>
<column name="vtover" type="1">0</column>
<column name="vdcomments" type="1">1</column>
<column name="vddeptname" type="1">1</column>
<column name="vdoperator" type="1">1</column>
<column name="vddate" type="1">1</column>
<column name="vdtime" type="1">1</column>
<column name="stnull" type="1">0</column>
<column name="formSignatureWidth" type="4"/>
<column name="formSignatureHeight" type="4"/>
<column name="drawbackflag" type="1"/>
<column name="IsPendingForward" type="1">1</column>
<column name="IsWaitForwardOpinion" type="1">0</column>
<column name="IsBeForward" type="1"/>
<column name="IsSubmitedOpinion" type="1">1</column>
<column name="IsSubmitForward" type="1"/>
<column name="IsFreeWorkflow" type="1">0</column>
<column name="freewfsetcurnamecn" type="12"/>
<column name="freewfsetcurnameen" type="12"/>
<column name="rejectbackflag" type="1">1</column>
<column name="issignmustinput" type="4"/>
<column name="toexcel" type="1"/>
<column name="vsignupload" type="1">1</column>
<column name="vsigndoc" type="1">1</column>
<column name="vsignworkflow" type="1">1</column>
<column name="freewfsetcurnametw" type="12"/>
<column name="IsBeForwardSubmit" type="1"/>
<column name="IsBeForwardModify" type="1"/>
<column name="IsBeForwardPending" type="1"/>
<column name="IsShowPendingForward" type="1"/>
<column name="IsShowWaitForwardOpinion" type="1"/>
<column name="IsShowBeForward" type="1"/>
<column name="IsShowSubmitedOpinion" type="1"/>
<column name="IsShowSubmitForward" type="1"/>
<column name="IsShowBeForwardSubmit" type="1"/>
<column name="IsShowBeForwardModify" type="1"/>
<column name="IsShowBeForwardPending" type="1"/>
<column name="isfeedback" type="1">1</column>
<column name="isnullnotfeedback" type="1"/>
<column name="vtintervenor" type="1">0</column>
<column name="IsBeForwardTodo" type="1"/>
<column name="IsShowBeForwardTodo" type="1"/>
<column name="IsBeForwardAlready" type="1"/>
<column name="IsShowBeForwardAlready" type="1"/>
<column name="IsAlreadyForward" type="1"/>
<column name="IsShowAlreadyForward" type="1"/>
<column name="IsBeForwardSubmitAlready" type="1"/>
<column name="IsShowBeForwardSubmitAlready" type="1"/>
<column name="IsBeForwardSubmitNotaries" type="1"/>
<column name="IsShowBeForwardSubmitNotaries" type="1"/>
<column name="Freefs" type="12"/>
<column name="nodeorder" type="4">4</column>
<column name="signfieldids" type="12"/>
<column name="ishideinput" type="4"/>
<column name="ishidearea" type="4"/>
<column name="issubwfAllEnd" type="1"/>
<column name="subwfscope" type="12"/>
<column name="subwfdiffscope" type="12"/>
<column name="issubwfremind" type="1"/>
<column name="subwfremindtype" type="12"/>
<column name="subwfremindoperator" type="12"/>
<column name="subwfremindobject" type="12"/>
<column name="subwfremindperson" type="12"/>
<column name="subwffreeforword" type="1"/>
<column name="IsTakingOpinions" type="1">0</column>
<column name="IsHandleForward" type="1">0</column>
<column name="vtTakingOpinions" type="1">0</column>
<column name="vtHandleForward" type="1">0</column>
<column name="vttpostil" type="1">0</column>
<column name="vtrpostil" type="1">0</column>
<column name="vmobilesource" type="1">1</column>
<column name="ruleRelationship" type="1"/>
<column name="pdfprint" type="1">0</column>
<column name="UseExceptionHandle" type="1"/>
<column name="ExceptionHandleWay" type="1"/>
<column name="FlowToAssignNode" type="4"/>
<column name="notseeeachother" type="1"/>
<column name="printflowComment" type="1">1</column>
<column name="subProcessSummary" type="1"/>
<column name="isRemarkLocation" type="4">0</column>
<column name="isRejectRemind" type="1"/>
<column name="isChangRejectNode" type="1">0</column>
<column name="isSelectRejectNode" type="4">1</column>
<column name="rejectableNodes" type="-1"/>
<column name="isSubmitDirectNode" type="1"/>
</data4>
<data5>
<column name="workflowid" type="4">40</column>
<column name="nodeid" type="4">179</column>
<column name="nodetype" type="1">3</column>
<column name="viewnodeids" type="12">-1</column>
<column name="ismode" type="12">2</column>
<column name="showdes" type="12"/>
<column name="printdes" type="12"/>
<column name="isFormSignature" type="1"/>
<column name="nodetitle" type="12"/>
<column name="viewtypeall" type="1">1</column>
<column name="viewdescall" type="1">1</column>
<column name="showtype" type="1">1</column>
<column name="vtapprove" type="1">0</column>
<column name="vtrealize" type="1">0</column>
<column name="vtforward" type="1">0</column>
<column name="vtpostil" type="1">0</column>
<column name="vtrecipient" type="1">0</column>
<column name="vtreject" type="1">0</column>
<column name="vtsuperintend" type="1">0</column>
<column name="vtover" type="1">0</column>
<column name="vdcomments" type="1">1</column>
<column name="vddeptname" type="1">1</column>
<column name="vdoperator" type="1">1</column>
<column name="vddate" type="1">1</column>
<column name="vdtime" type="1">1</column>
<column name="stnull" type="1">0</column>
<column name="formSignatureWidth" type="4"/>
<column name="formSignatureHeight" type="4"/>
<column name="drawbackflag" type="1"/>
<column name="IsPendingForward" type="1">1</column>
<column name="IsWaitForwardOpinion" type="1"/>
<column name="IsBeForward" type="1"/>
<column name="IsSubmitedOpinion" type="1">1</column>
<column name="IsSubmitForward" type="1"/>
<column name="IsFreeWorkflow" type="1"/>
<column name="freewfsetcurnamecn" type="12"/>
<column name="freewfsetcurnameen" type="12"/>
<column name="rejectbackflag" type="1"/>
<column name="issignmustinput" type="4"/>
<column name="toexcel" type="1"/>
<column name="vsignupload" type="1">1</column>
<column name="vsigndoc" type="1">1</column>
<column name="vsignworkflow" type="1">1</column>
<column name="freewfsetcurnametw" type="12"/>
<column name="IsBeForwardSubmit" type="1"/>
<column name="IsBeForwardModify" type="1"/>
<column name="IsBeForwardPending" type="1"/>
<column name="IsShowPendingForward" type="1"/>
<column name="IsShowWaitForwardOpinion" type="1"/>
<column name="IsShowBeForward" type="1"/>
<column name="IsShowSubmitedOpinion" type="1"/>
<column name="IsShowSubmitForward" type="1"/>
<column name="IsShowBeForwardSubmit" type="1"/>
<column name="IsShowBeForwardModify" type="1"/>
<column name="IsShowBeForwardPending" type="1"/>
<column name="isfeedback" type="1">1</column>
<column name="isnullnotfeedback" type="1"/>
<column name="vtintervenor" type="1">0</column>
<column name="IsBeForwardTodo" type="1"/>
<column name="IsShowBeForwardTodo" type="1"/>
<column name="IsBeForwardAlready" type="1"/>
<column name="IsShowBeForwardAlready" type="1"/>
<column name="IsAlreadyForward" type="1"/>
<column name="IsShowAlreadyForward" type="1"/>
<column name="IsBeForwardSubmitAlready" type="1"/>
<column name="IsShowBeForwardSubmitAlready" type="1"/>
<column name="IsBeForwardSubmitNotaries" type="1"/>
<column name="IsShowBeForwardSubmitNotaries" type="1"/>
<column name="Freefs" type="12"/>
<column name="nodeorder" type="4">5</column>
<column name="signfieldids" type="12"/>
<column name="ishideinput" type="4"/>
<column name="ishidearea" type="4"/>
<column name="issubwfAllEnd" type="1"/>
<column name="subwfscope" type="12"/>
<column name="subwfdiffscope" type="12"/>
<column name="issubwfremind" type="1"/>
<column name="subwfremindtype" type="12"/>
<column name="subwfremindoperator" type="12"/>
<column name="subwfremindobject" type="12"/>
<column name="subwfremindperson" type="12"/>
<column name="subwffreeforword" type="1"/>
<column name="IsTakingOpinions" type="1"/>
<column name="IsHandleForward" type="1"/>
<column name="vtTakingOpinions" type="1">0</column>
<column name="vtHandleForward" type="1">0</column>
<column name="vttpostil" type="1">0</column>
<column name="vtrpostil" type="1">0</column>
<column name="vmobilesource" type="1">1</column>
<column name="ruleRelationship" type="1"/>
<column name="pdfprint" type="1">0</column>
<column name="UseExceptionHandle" type="1"/>
<column name="ExceptionHandleWay" type="1"/>
<column name="FlowToAssignNode" type="4"/>
<column name="notseeeachother" type="1"/>
<column name="printflowComment" type="1">1</column>
<column name="subProcessSummary" type="1"/>
<column name="isRemarkLocation" type="4">0</column>
<column name="isRejectRemind" type="1"/>
<column name="isChangRejectNode" type="1"/>
<column name="isSelectRejectNode" type="4"/>
<column name="rejectableNodes" type="-1"/>
<column name="isSubmitDirectNode" type="1"/>
</data5>
</datas>
</workflow_flownode>
</ROOT>
