<?xml version="1.0" encoding="GB2312"?>
<ROOT>
<workflowactionset>
<datas count="2">
<data1>
<column name="id" type="4">107</column>
<column name="actionname" type="12">action.FnaAdvanceEffectNew</column>
<column name="workflowid" type="4">52</column>
<column name="nodeid" type="4">245</column>
<column name="nodelinkid" type="4">0</column>
<column name="ispreoperator" type="4">0</column>
<column name="actionorder" type="4">77777</column>
<column name="interfaceid" type="12">FnaAdvanceEffectNew</column>
<column name="interfacetype" type="4">3</column>
<column name="typename" type="12"/>
<column name="isused" type="4">1</column>
</data1>
<data2>
<column name="id" type="4">108</column>
<column name="actionname" type="12">action.FnaAdvanceReleaseNew</column>
<column name="workflowid" type="4">52</column>
<column name="nodeid" type="4">241</column>
<column name="nodelinkid" type="4">0</column>
<column name="ispreoperator" type="4">1</column>
<column name="actionorder" type="4">77777</column>
<column name="interfaceid" type="12">FnaAdvanceReleaseNew</column>
<column name="interfacetype" type="4">3</column>
<column name="typename" type="12"/>
<column name="isused" type="4">1</column>
</data2>
</datas>
</workflowactionset>
</ROOT>
