<?xml version="1.0" encoding="GB2312"?>
<ROOT>
<Workflow_DataInput_main>
<datas count="5">
<data1>
<column name="id" type="4">42</column>
<column name="entryID" type="4">1</column>
<column name="WhereClause" type="12"/>
<column name="IsCycle" type="4">1</column>
<column name="OrderID" type="4">1</column>
<column name="datasourcename" type="12"/>
</data1>
<data2>
<column name="id" type="4">43</column>
<column name="entryID" type="4">1</column>
<column name="WhereClause" type="12">a.id=b.mainid</column>
<column name="IsCycle" type="4">1</column>
<column name="OrderID" type="4">2</column>
<column name="datasourcename" type="12"/>
</data2>
<data3>
<column name="id" type="4">44</column>
<column name="entryID" type="4">1</column>
<column name="WhereClause" type="12">c.id=d.mainid</column>
<column name="IsCycle" type="4">1</column>
<column name="OrderID" type="4">3</column>
<column name="datasourcename" type="12"/>
</data3>
<data4>
<column name="id" type="4">45</column>
<column name="entryID" type="4">1</column>
<column name="WhereClause" type="12">e.id=f.mainid</column>
<column name="IsCycle" type="4">1</column>
<column name="OrderID" type="4">4</column>
<column name="datasourcename" type="12"/>
</data4>
<data5>
<column name="id" type="4">46</column>
<column name="entryID" type="4">1</column>
<column name="WhereClause" type="12">g.id=h.mainid</column>
<column name="IsCycle" type="4">1</column>
<column name="OrderID" type="4">5</column>
<column name="datasourcename" type="12"/>
</data5>
</datas>
</Workflow_DataInput_main>
</ROOT>
