<?xml version="1.0" encoding="GB2312"?>
<ROOT>
<workflowactionset>
<datas count="2">
<data1>
<column name="id" type="4">26</column>
<column name="actionname" type="12">action.FnaBorrowEffectNew</column>
<column name="workflowid" type="4">39</column>
<column name="nodeid" type="4">173</column>
<column name="nodelinkid" type="4">0</column>
<column name="ispreoperator" type="4">0</column>
<column name="actionorder" type="4">88888</column>
<column name="interfaceid" type="12">FnaBorrowEffectNew</column>
<column name="interfacetype" type="4">3</column>
<column name="typename" type="12"/>
<column name="isused" type="4">1</column>
</data1>
<data2>
<column name="id" type="4">27</column>
<column name="actionname" type="12">action.FnaBorrowReleaseNew</column>
<column name="workflowid" type="4">39</column>
<column name="nodeid" type="4">169</column>
<column name="nodelinkid" type="4">0</column>
<column name="ispreoperator" type="4">1</column>
<column name="actionorder" type="4">99999</column>
<column name="interfaceid" type="12">FnaBorrowReleaseNew</column>
<column name="interfacetype" type="4">3</column>
<column name="typename" type="12"/>
<column name="isused" type="4">1</column>
</data2>
</datas>
</workflowactionset>
</ROOT>
