<?xml version="1.0" encoding="GB2312"?>
<ROOT>
<Workflow_DataInput_table>
<datas count="9">
<data1>
<column name="id" type="4">69</column>
<column name="DataInputID" type="4">42</column>
<column name="TableName" type="12">formtable_main_2</column>
<column name="Alias" type="12"/>
<column name="FormId" type="12">0</column>
</data1>
<data2>
<column name="id" type="4">70</column>
<column name="DataInputID" type="4">43</column>
<column name="TableName" type="12">formtable_main_2</column>
<column name="Alias" type="12">a</column>
<column name="FormId" type="12">0</column>
</data2>
<data3>
<column name="id" type="4">71</column>
<column name="DataInputID" type="4">43</column>
<column name="TableName" type="12">formtable_main_2_dt2</column>
<column name="Alias" type="12">b</column>
<column name="FormId" type="12">0</column>
</data3>
<data4>
<column name="id" type="4">72</column>
<column name="DataInputID" type="4">44</column>
<column name="TableName" type="12">formtable_main_2</column>
<column name="Alias" type="12">c</column>
<column name="FormId" type="12">0</column>
</data4>
<data5>
<column name="id" type="4">73</column>
<column name="DataInputID" type="4">44</column>
<column name="TableName" type="12">formtable_main_2_dt3</column>
<column name="Alias" type="12">d</column>
<column name="FormId" type="12">0</column>
</data5>
<data6>
<column name="id" type="4">74</column>
<column name="DataInputID" type="4">45</column>
<column name="TableName" type="12">formtable_main_2</column>
<column name="Alias" type="12">e</column>
<column name="FormId" type="12">0</column>
</data6>
<data7>
<column name="id" type="4">75</column>
<column name="DataInputID" type="4">45</column>
<column name="TableName" type="12">formtable_main_2_dt4</column>
<column name="Alias" type="12">f</column>
<column name="FormId" type="12">0</column>
</data7>
<data8>
<column name="id" type="4">76</column>
<column name="DataInputID" type="4">46</column>
<column name="TableName" type="12">formtable_main_2</column>
<column name="Alias" type="12">g</column>
<column name="FormId" type="12">0</column>
</data8>
<data9>
<column name="id" type="4">77</column>
<column name="DataInputID" type="4">46</column>
<column name="TableName" type="12">formtable_main_2_dt5</column>
<column name="Alias" type="12">h</column>
<column name="FormId" type="12">0</column>
</data9>
</datas>
</Workflow_DataInput_table>
</ROOT>
