<?xml version="1.0" encoding="GB2312"?>
<ROOT>
<workflow_nodefieldattr>
<datas count="6">
<data1>
<column name="id" type="4">489</column>
<column name="fieldid" type="4">5990</column>
<column name="formid" type="4">-4</column>
<column name="isbill" type="4">1</column>
<column name="nodeid" type="4">169</column>
<column name="attrcontent" type="12">doFieldMath(" $5989$ ")</column>
<column name="caltype" type="4">2</column>
<column name="othertype" type="4">0</column>
<column name="transtype" type="4">0</column>
<column name="datasourceid" type="12"/>
</data1>
<data2>
<column name="id" type="4">490</column>
<column name="fieldid" type="4">5990</column>
<column name="formid" type="4">-4</column>
<column name="isbill" type="4">1</column>
<column name="nodeid" type="4">170</column>
<column name="attrcontent" type="12">doFieldMath(" $5989$ ")</column>
<column name="caltype" type="4">2</column>
<column name="othertype" type="4">0</column>
<column name="transtype" type="4">0</column>
<column name="datasourceid" type="12"/>
</data2>
<data3>
<column name="id" type="4">491</column>
<column name="fieldid" type="4">5990</column>
<column name="formid" type="4">-4</column>
<column name="isbill" type="4">1</column>
<column name="nodeid" type="4">171</column>
<column name="attrcontent" type="12">doFieldMath(" $5989$ ")</column>
<column name="caltype" type="4">2</column>
<column name="othertype" type="4">0</column>
<column name="transtype" type="4">0</column>
<column name="datasourceid" type="12"/>
</data3>
<data4>
<column name="id" type="4">492</column>
<column name="fieldid" type="4">5990</column>
<column name="formid" type="4">-4</column>
<column name="isbill" type="4">1</column>
<column name="nodeid" type="4">173</column>
<column name="attrcontent" type="12">doFieldMath(" $5989$ ")</column>
<column name="caltype" type="4">2</column>
<column name="othertype" type="4">0</column>
<column name="transtype" type="4">0</column>
<column name="datasourceid" type="12"/>
</data4>
<data5>
<column name="id" type="4">493</column>
<column name="fieldid" type="4">5990</column>
<column name="formid" type="4">-4</column>
<column name="isbill" type="4">1</column>
<column name="nodeid" type="4">174</column>
<column name="attrcontent" type="12">doFieldMath(" $5989$ ")</column>
<column name="caltype" type="4">2</column>
<column name="othertype" type="4">0</column>
<column name="transtype" type="4">0</column>
<column name="datasourceid" type="12"/>
</data5>
<data6>
<column name="id" type="4">494</column>
<column name="fieldid" type="4">5990</column>
<column name="formid" type="4">-4</column>
<column name="isbill" type="4">1</column>
<column name="nodeid" type="4">172</column>
<column name="attrcontent" type="12">doFieldMath(" $5989$ ")</column>
<column name="caltype" type="4">2</column>
<column name="othertype" type="4">0</column>
<column name="transtype" type="4">0</column>
<column name="datasourceid" type="12"/>
</data6>
</datas>
</workflow_nodefieldattr>
</ROOT>
