<?xml version="1.0" encoding="GB2312"?>
<ROOT>
<Workflow_DataInput_field>
<datas count="3">
<data1>
<column name="id" type="4">125</column>
<column name="DataInputID" type="4">29</column>
<column name="TableID" type="4">48</column>
<column name="Type" type="4">1</column>
<column name="DBFieldName" type="12">requestid</column>
<column name="PageFieldName" type="12">field6091</column>
<column name="pagefieldindex" type="4">0</column>
</data1>
<data2>
<column name="id" type="4">126</column>
<column name="DataInputID" type="4">29</column>
<column name="TableID" type="4">48</column>
<column name="Type" type="4">2</column>
<column name="DBFieldName" type="12">currtype</column>
<column name="PageFieldName" type="12">field6086</column>
<column name="pagefieldindex" type="4">0</column>
</data2>
<data3>
<column name="id" type="4">127</column>
<column name="DataInputID" type="4">29</column>
<column name="TableID" type="4">48</column>
<column name="Type" type="4">2</column>
<column name="DBFieldName" type="12">expensetype</column>
<column name="PageFieldName" type="12">field6085</column>
<column name="pagefieldindex" type="4">0</column>
</data3>
</datas>
</Workflow_DataInput_field>
</ROOT>
