<?xml version="1.0" encoding="GB2312"?>
<ROOT>
<workflowactionset>
<datas count="3">
<data1>
<column name="id" type="4">28</column>
<column name="actionname" type="12">action.FnaBorrowFreezeNew</column>
<column name="workflowid" type="4">40</column>
<column name="nodeid" type="4">175</column>
<column name="nodelinkid" type="4">0</column>
<column name="ispreoperator" type="4">0</column>
<column name="actionorder" type="4">77777</column>
<column name="interfaceid" type="12">FnaBorrowFreezeNew</column>
<column name="interfacetype" type="4">3</column>
<column name="typename" type="12"/>
<column name="isused" type="4">1</column>
</data1>
<data2>
<column name="id" type="4">29</column>
<column name="actionname" type="12">action.FnaBorrowReverseNew</column>
<column name="workflowid" type="4">40</column>
<column name="nodeid" type="4">178</column>
<column name="nodelinkid" type="4">0</column>
<column name="ispreoperator" type="4">0</column>
<column name="actionorder" type="4">88888</column>
<column name="interfaceid" type="12">FnaBorrowReverseNew</column>
<column name="interfacetype" type="4">3</column>
<column name="typename" type="12"/>
<column name="isused" type="4">1</column>
</data2>
<data3>
<column name="id" type="4">30</column>
<column name="actionname" type="12">action.FnaBorrowReleaseFreezeNew</column>
<column name="workflowid" type="4">40</column>
<column name="nodeid" type="4">175</column>
<column name="nodelinkid" type="4">0</column>
<column name="ispreoperator" type="4">1</column>
<column name="actionorder" type="4">99999</column>
<column name="interfaceid" type="12">FnaBorrowReleaseFreezeNew</column>
<column name="interfacetype" type="4">3</column>
<column name="typename" type="12"/>
<column name="isused" type="4">1</column>
</data3>
</datas>
</workflowactionset>
</ROOT>
