<?xml version="1.0" encoding="GB2312"?>
<ROOT>
<workflowactionset>
<datas count="8">
<data1>
<column name="id" type="4">99</column>
<column name="actionname" type="12">action.WorkflowFnaInWorkflowNew</column>
<column name="workflowid" type="4">49</column>
<column name="nodeid" type="4">223</column>
<column name="nodelinkid" type="4">0</column>
<column name="ispreoperator" type="4">0</column>
<column name="actionorder" type="4">77777</column>
<column name="interfaceid" type="12">WorkflowFnaInWorkflowNew</column>
<column name="interfacetype" type="4">3</column>
<column name="typename" type="12"/>
<column name="isused" type="4">1</column>
</data1>
<data2>
<column name="id" type="4">100</column>
<column name="actionname" type="12">action.WorkflowFnaInWorkflowNew</column>
<column name="workflowid" type="4">49</column>
<column name="nodeid" type="4">226</column>
<column name="nodelinkid" type="4">0</column>
<column name="ispreoperator" type="4">0</column>
<column name="actionorder" type="4">77777</column>
<column name="interfaceid" type="12">WorkflowFnaInWorkflowNew</column>
<column name="interfacetype" type="4">3</column>
<column name="typename" type="12"/>
<column name="isused" type="4">1</column>
</data2>
<data3>
<column name="id" type="4">101</column>
<column name="actionname" type="12">action.WorkflowFnaEffectNew</column>
<column name="workflowid" type="4">49</column>
<column name="nodeid" type="4">227</column>
<column name="nodelinkid" type="4">0</column>
<column name="ispreoperator" type="4">0</column>
<column name="actionorder" type="4">88888</column>
<column name="interfaceid" type="12">WorkflowFnaEffectNew</column>
<column name="interfacetype" type="4">3</column>
<column name="typename" type="12"/>
<column name="isused" type="4">1</column>
</data3>
<data4>
<column name="id" type="4">102</column>
<column name="actionname" type="12">action.WorkflowFnaRejectNew</column>
<column name="workflowid" type="4">49</column>
<column name="nodeid" type="4">223</column>
<column name="nodelinkid" type="4">0</column>
<column name="ispreoperator" type="4">1</column>
<column name="actionorder" type="4">99999</column>
<column name="interfaceid" type="12">WorkflowFnaRejectNew</column>
<column name="interfacetype" type="4">3</column>
<column name="typename" type="12"/>
<column name="isused" type="4">1</column>
</data4>
<data5>
<column name="id" type="4">103</column>
<column name="actionname" type="12">action.FnaAdvanceFreezeNew</column>
<column name="workflowid" type="4">49</column>
<column name="nodeid" type="4">223</column>
<column name="nodelinkid" type="4">0</column>
<column name="ispreoperator" type="4">0</column>
<column name="actionorder" type="4">77777</column>
<column name="interfaceid" type="12">FnaAdvanceFreezeNew</column>
<column name="interfacetype" type="4">3</column>
<column name="typename" type="12"/>
<column name="isused" type="4">1</column>
</data5>
<data6>
<column name="id" type="4">104</column>
<column name="actionname" type="12">action.FnaAdvanceFreezeNew</column>
<column name="workflowid" type="4">49</column>
<column name="nodeid" type="4">226</column>
<column name="nodelinkid" type="4">0</column>
<column name="ispreoperator" type="4">0</column>
<column name="actionorder" type="4">77777</column>
<column name="interfaceid" type="12">FnaAdvanceFreezeNew</column>
<column name="interfacetype" type="4">3</column>
<column name="typename" type="12"/>
<column name="isused" type="4">1</column>
</data6>
<data7>
<column name="id" type="4">105</column>
<column name="actionname" type="12">action.FnaAdvanceReverseNew</column>
<column name="workflowid" type="4">49</column>
<column name="nodeid" type="4">227</column>
<column name="nodelinkid" type="4">0</column>
<column name="ispreoperator" type="4">0</column>
<column name="actionorder" type="4">77777</column>
<column name="interfaceid" type="12">FnaAdvanceReverseNew</column>
<column name="interfacetype" type="4">3</column>
<column name="typename" type="12"/>
<column name="isused" type="4">1</column>
</data7>
<data8>
<column name="id" type="4">106</column>
<column name="actionname" type="12">action.FnaAdvanceReleaseFreezeNew</column>
<column name="workflowid" type="4">49</column>
<column name="nodeid" type="4">223</column>
<column name="nodelinkid" type="4">0</column>
<column name="ispreoperator" type="4">1</column>
<column name="actionorder" type="4">77777</column>
<column name="interfaceid" type="12">FnaAdvanceReleaseFreezeNew</column>
<column name="interfacetype" type="4">3</column>
<column name="typename" type="12"/>
<column name="isused" type="4">1</column>
</data8>
</datas>
</workflowactionset>
</ROOT>
