<?xml version="1.0" encoding="GB2312"?>
<ROOT>
<workflow_nodefieldattr>
<datas count="5">
<data1>
<column name="id" type="4">439</column>
<column name="fieldid" type="4">5813</column>
<column name="formid" type="4">-2</column>
<column name="isbill" type="4">1</column>
<column name="nodeid" type="4">149</column>
<column name="attrcontent" type="12">doFieldMath(" $5806$ ")</column>
<column name="caltype" type="4">2</column>
<column name="othertype" type="4">0</column>
<column name="transtype" type="4">0</column>
<column name="datasourceid" type="12"/>
</data1>
<data2>
<column name="id" type="4">440</column>
<column name="fieldid" type="4">5813</column>
<column name="formid" type="4">-2</column>
<column name="isbill" type="4">1</column>
<column name="nodeid" type="4">150</column>
<column name="attrcontent" type="12">doFieldMath(" $5806$ ")</column>
<column name="caltype" type="4">2</column>
<column name="othertype" type="4">0</column>
<column name="transtype" type="4">0</column>
<column name="datasourceid" type="12"/>
</data2>
<data3>
<column name="id" type="4">441</column>
<column name="fieldid" type="4">5813</column>
<column name="formid" type="4">-2</column>
<column name="isbill" type="4">1</column>
<column name="nodeid" type="4">151</column>
<column name="attrcontent" type="12">doFieldMath(" $5806$ ")</column>
<column name="caltype" type="4">2</column>
<column name="othertype" type="4">0</column>
<column name="transtype" type="4">0</column>
<column name="datasourceid" type="12"/>
</data3>
<data4>
<column name="id" type="4">442</column>
<column name="fieldid" type="4">5813</column>
<column name="formid" type="4">-2</column>
<column name="isbill" type="4">1</column>
<column name="nodeid" type="4">152</column>
<column name="attrcontent" type="12">doFieldMath(" $5806$ ")</column>
<column name="caltype" type="4">2</column>
<column name="othertype" type="4">0</column>
<column name="transtype" type="4">0</column>
<column name="datasourceid" type="12"/>
</data4>
<data5>
<column name="id" type="4">443</column>
<column name="fieldid" type="4">5813</column>
<column name="formid" type="4">-2</column>
<column name="isbill" type="4">1</column>
<column name="nodeid" type="4">153</column>
<column name="attrcontent" type="12">doFieldMath(" $5806$ ")</column>
<column name="caltype" type="4">2</column>
<column name="othertype" type="4">0</column>
<column name="transtype" type="4">0</column>
<column name="datasourceid" type="12"/>
</data5>
</datas>
</workflow_nodefieldattr>
</ROOT>
