<?xml version="1.0" encoding="GB2312"?>
<ROOT>
<workflow_nodefieldattr>
<datas count="5">
<data1>
<column name="id" type="4">495</column>
<column name="fieldid" type="4">6020</column>
<column name="formid" type="4">-5</column>
<column name="isbill" type="4">1</column>
<column name="nodeid" type="4">175</column>
<column name="attrcontent" type="12">doFieldMath(" $6019$ ")</column>
<column name="caltype" type="4">2</column>
<column name="othertype" type="4">0</column>
<column name="transtype" type="4">0</column>
<column name="datasourceid" type="12"/>
</data1>
<data2>
<column name="id" type="4">496</column>
<column name="fieldid" type="4">6020</column>
<column name="formid" type="4">-5</column>
<column name="isbill" type="4">1</column>
<column name="nodeid" type="4">176</column>
<column name="attrcontent" type="12">doFieldMath(" $6019$ ")</column>
<column name="caltype" type="4">2</column>
<column name="othertype" type="4">0</column>
<column name="transtype" type="4">0</column>
<column name="datasourceid" type="12"/>
</data2>
<data3>
<column name="id" type="4">497</column>
<column name="fieldid" type="4">6020</column>
<column name="formid" type="4">-5</column>
<column name="isbill" type="4">1</column>
<column name="nodeid" type="4">177</column>
<column name="attrcontent" type="12">doFieldMath(" $6019$ ")</column>
<column name="caltype" type="4">2</column>
<column name="othertype" type="4">0</column>
<column name="transtype" type="4">0</column>
<column name="datasourceid" type="12"/>
</data3>
<data4>
<column name="id" type="4">498</column>
<column name="fieldid" type="4">6020</column>
<column name="formid" type="4">-5</column>
<column name="isbill" type="4">1</column>
<column name="nodeid" type="4">179</column>
<column name="attrcontent" type="12">doFieldMath(" $6019$ ")</column>
<column name="caltype" type="4">2</column>
<column name="othertype" type="4">0</column>
<column name="transtype" type="4">0</column>
<column name="datasourceid" type="12"/>
</data4>
<data5>
<column name="id" type="4">499</column>
<column name="fieldid" type="4">6020</column>
<column name="formid" type="4">-5</column>
<column name="isbill" type="4">1</column>
<column name="nodeid" type="4">178</column>
<column name="attrcontent" type="12">doFieldMath(" $6019$ ")</column>
<column name="caltype" type="4">2</column>
<column name="othertype" type="4">0</column>
<column name="transtype" type="4">0</column>
<column name="datasourceid" type="12"/>
</data5>
</datas>
</workflow_nodefieldattr>
</ROOT>
