<?xml version="1.0" encoding="GB2312"?>
<ROOT>
<workflow_viewattrlinkage>
<datas count="2">
<data1>
<column name="workflowid" type="4">35</column>
<column name="nodeid" type="4">149</column>
<column name="selectfieldid" type="12">6038_0</column>
<column name="selectfieldvalue" type="12">0</column>
<column name="changefieldids" type="12">6039_0,5818_0</column>
<column name="viewattr" type="1">2</column>
</data1>
<data2>
<column name="workflowid" type="4">35</column>
<column name="nodeid" type="4">149</column>
<column name="selectfieldid" type="12">6038_0</column>
<column name="selectfieldvalue" type="12">1</column>
<column name="changefieldids" type="12">6039_0,5818_0</column>
<column name="viewattr" type="1">3</column>
</data2>
</datas>
</workflow_viewattrlinkage>
</ROOT>
