<?xml version="1.0" encoding="GB2312"?>
<ROOT>
<workflow_addinoperate>
<datas count="3">
<data1>
<column name="id" type="4">82</column>
<column name="objid" type="4">252</column>
<column name="isnode" type="4">1</column>
<column name="workflowid" type="4">54</column>
<column name="fieldid" type="4"/>
<column name="fieldop1id" type="4"/>
<column name="fieldop2id" type="4"/>
<column name="operation" type="4"/>
<column name="customervalue" type="12">1</column>
<column name="rules" type="4"/>
<column name="type" type="4">3</column>
<column name="ispreadd" type="1">0</column>
<column name="wftomodesetid" type="12"/>
<column name="isnewsap" type="12">0</column>
<column name="wftofinancesetid" type="4"/>
<column name="isTriggerReject" type="4">0</column>
</data1>
<data2>
<column name="id" type="4">83</column>
<column name="objid" type="4">255</column>
<column name="isnode" type="4">1</column>
<column name="workflowid" type="4">54</column>
<column name="fieldid" type="4"/>
<column name="fieldop1id" type="4"/>
<column name="fieldop2id" type="4"/>
<column name="operation" type="4"/>
<column name="customervalue" type="12">1</column>
<column name="rules" type="4"/>
<column name="type" type="4">3</column>
<column name="ispreadd" type="1">0</column>
<column name="wftomodesetid" type="12"/>
<column name="isnewsap" type="12">0</column>
<column name="wftofinancesetid" type="4"/>
<column name="isTriggerReject" type="4">0</column>
</data2>
<data3>
<column name="id" type="4">84</column>
<column name="objid" type="4">252</column>
<column name="isnode" type="4">1</column>
<column name="workflowid" type="4">54</column>
<column name="fieldid" type="4"/>
<column name="fieldop1id" type="4"/>
<column name="fieldop2id" type="4"/>
<column name="operation" type="4"/>
<column name="customervalue" type="12">1</column>
<column name="rules" type="4"/>
<column name="type" type="4">3</column>
<column name="ispreadd" type="1">1</column>
<column name="wftomodesetid" type="12"/>
<column name="isnewsap" type="12">0</column>
<column name="wftofinancesetid" type="4"/>
<column name="isTriggerReject" type="4">1</column>
</data3>
</datas>
</workflow_addinoperate>
</ROOT>
