<?xml version="1.0" encoding="GB2312"?>
<ROOT>
<Workflow_DataInput_field>
<datas count="6">
<data1>
<column name="id" type="4">128</column>
<column name="DataInputID" type="4">30</column>
<column name="TableID" type="4">49</column>
<column name="Type" type="4">1</column>
<column name="DBFieldName" type="12">requestid</column>
<column name="PageFieldName" type="12">field6208</column>
<column name="pagefieldindex" type="4">0</column>
</data1>
<data2>
<column name="id" type="4">129</column>
<column name="DataInputID" type="4">30</column>
<column name="TableID" type="4">49</column>
<column name="Type" type="4">2</column>
<column name="DBFieldName" type="12">currtype</column>
<column name="PageFieldName" type="12">field6203</column>
<column name="pagefieldindex" type="4">0</column>
</data2>
<data3>
<column name="id" type="4">130</column>
<column name="DataInputID" type="4">30</column>
<column name="TableID" type="4">49</column>
<column name="Type" type="4">2</column>
<column name="DBFieldName" type="12">receptionman</column>
<column name="PageFieldName" type="12">field6236</column>
<column name="pagefieldindex" type="4">0</column>
</data3>
<data4>
<column name="id" type="4">131</column>
<column name="DataInputID" type="4">30</column>
<column name="TableID" type="4">49</column>
<column name="Type" type="4">2</column>
<column name="DBFieldName" type="12">receptiondate</column>
<column name="PageFieldName" type="12">field6238</column>
<column name="pagefieldindex" type="4">0</column>
</data4>
<data5>
<column name="id" type="4">132</column>
<column name="DataInputID" type="4">30</column>
<column name="TableID" type="4">49</column>
<column name="Type" type="4">2</column>
<column name="DBFieldName" type="12">receptionstaff</column>
<column name="PageFieldName" type="12">field6239</column>
<column name="pagefieldindex" type="4">0</column>
</data5>
<data6>
<column name="id" type="4">133</column>
<column name="DataInputID" type="4">30</column>
<column name="TableID" type="4">49</column>
<column name="Type" type="4">2</column>
<column name="DBFieldName" type="12">receptiontype</column>
<column name="PageFieldName" type="12">field6237</column>
<column name="pagefieldindex" type="4">0</column>
</data6>
</datas>
</Workflow_DataInput_field>
</ROOT>
