<?xml version="1.0" encoding="GB2312"?>
<ROOT>
<workflow_nodeform>
<datas count="100">
<data1>
<column name="nodeid" type="4">247</column>
<column name="fieldid" type="4">-5</column>
<column name="isview" type="1"/>
<column name="isedit" type="1"/>
<column name="ismandatory" type="1"/>
<column name="orderid" type="3">0.00</column>
</data1>
<data2>
<column name="nodeid" type="4">247</column>
<column name="fieldid" type="4">-3</column>
<column name="isview" type="1"/>
<column name="isedit" type="1"/>
<column name="ismandatory" type="1"/>
<column name="orderid" type="3">0.00</column>
</data2>
<data3>
<column name="nodeid" type="4">247</column>
<column name="fieldid" type="4">-1</column>
<column name="isview" type="1"/>
<column name="isedit" type="1"/>
<column name="ismandatory" type="1"/>
<column name="orderid" type="3">0.00</column>
</data3>
<data4>
<column name="nodeid" type="4">247</column>
<column name="fieldid" type="4">-2</column>
<column name="isview" type="1">1</column>
<column name="isedit" type="1">1</column>
<column name="ismandatory" type="1">1</column>
<column name="orderid" type="3">1.00</column>
</data4>
<data5>
<column name="nodeid" type="4">247</column>
<column name="fieldid" type="4">-4</column>
<column name="isview" type="1"/>
<column name="isedit" type="1"/>
<column name="ismandatory" type="1"/>
<column name="orderid" type="3">2.00</column>
</data5>
<data6>
<column name="nodeid" type="4">247</column>
<column name="fieldid" type="4">6404</column>
<column name="isview" type="1">1</column>
<column name="isedit" type="1"/>
<column name="ismandatory" type="1"/>
<column name="orderid" type="3">3.00</column>
</data6>
<data7>
<column name="nodeid" type="4">247</column>
<column name="fieldid" type="4">6412</column>
<column name="isview" type="1">1</column>
<column name="isedit" type="1">1</column>
<column name="ismandatory" type="1">1</column>
<column name="orderid" type="3">3.00</column>
</data7>
<data8>
<column name="nodeid" type="4">247</column>
<column name="fieldid" type="4">6405</column>
<column name="isview" type="1">1</column>
<column name="isedit" type="1"/>
<column name="ismandatory" type="1"/>
<column name="orderid" type="3">4.00</column>
</data8>
<data9>
<column name="nodeid" type="4">247</column>
<column name="fieldid" type="4">6413</column>
<column name="isview" type="1">1</column>
<column name="isedit" type="1">1</column>
<column name="ismandatory" type="1">1</column>
<column name="orderid" type="3">4.00</column>
</data9>
<data10>
<column name="nodeid" type="4">247</column>
<column name="fieldid" type="4">6406</column>
<column name="isview" type="1">1</column>
<column name="isedit" type="1"/>
<column name="ismandatory" type="1"/>
<column name="orderid" type="3">5.00</column>
</data10>
<data11>
<column name="nodeid" type="4">247</column>
<column name="fieldid" type="4">6414</column>
<column name="isview" type="1">1</column>
<column name="isedit" type="1">1</column>
<column name="ismandatory" type="1">1</column>
<column name="orderid" type="3">5.00</column>
</data11>
<data12>
<column name="nodeid" type="4">247</column>
<column name="fieldid" type="4">6407</column>
<column name="isview" type="1">1</column>
<column name="isedit" type="1"/>
<column name="ismandatory" type="1"/>
<column name="orderid" type="3">6.00</column>
</data12>
<data13>
<column name="nodeid" type="4">247</column>
<column name="fieldid" type="4">6415</column>
<column name="isview" type="1">1</column>
<column name="isedit" type="1">1</column>
<column name="ismandatory" type="1">1</column>
<column name="orderid" type="3">6.00</column>
</data13>
<data14>
<column name="nodeid" type="4">247</column>
<column name="fieldid" type="4">6408</column>
<column name="isview" type="1">1</column>
<column name="isedit" type="1"/>
<column name="ismandatory" type="1"/>
<column name="orderid" type="3">7.00</column>
</data14>
<data15>
<column name="nodeid" type="4">247</column>
<column name="fieldid" type="4">6416</column>
<column name="isview" type="1">1</column>
<column name="isedit" type="1"/>
<column name="ismandatory" type="1"/>
<column name="orderid" type="3">7.00</column>
</data15>
<data16>
<column name="nodeid" type="4">247</column>
<column name="fieldid" type="4">6409</column>
<column name="isview" type="1">1</column>
<column name="isedit" type="1"/>
<column name="ismandatory" type="1"/>
<column name="orderid" type="3">8.00</column>
</data16>
<data17>
<column name="nodeid" type="4">247</column>
<column name="fieldid" type="4">6417</column>
<column name="isview" type="1">1</column>
<column name="isedit" type="1">1</column>
<column name="ismandatory" type="1">1</column>
<column name="orderid" type="3">8.00</column>
</data17>
<data18>
<column name="nodeid" type="4">247</column>
<column name="fieldid" type="4">6410</column>
<column name="isview" type="1">1</column>
<column name="isedit" type="1">1</column>
<column name="ismandatory" type="1">1</column>
<column name="orderid" type="3">9.00</column>
</data18>
<data19>
<column name="nodeid" type="4">247</column>
<column name="fieldid" type="4">6418</column>
<column name="isview" type="1">1</column>
<column name="isedit" type="1"/>
<column name="ismandatory" type="1"/>
<column name="orderid" type="3">9.00</column>
</data19>
<data20>
<column name="nodeid" type="4">247</column>
<column name="fieldid" type="4">6411</column>
<column name="isview" type="1">1</column>
<column name="isedit" type="1">1</column>
<column name="ismandatory" type="1">1</column>
<column name="orderid" type="3">10.00</column>
</data20>
<data21>
<column name="nodeid" type="4">248</column>
<column name="fieldid" type="4">-5</column>
<column name="isview" type="1"/>
<column name="isedit" type="1"/>
<column name="ismandatory" type="1"/>
<column name="orderid" type="3">0.00</column>
</data21>
<data22>
<column name="nodeid" type="4">248</column>
<column name="fieldid" type="4">-3</column>
<column name="isview" type="1"/>
<column name="isedit" type="1"/>
<column name="ismandatory" type="1"/>
<column name="orderid" type="3">0.00</column>
</data22>
<data23>
<column name="nodeid" type="4">248</column>
<column name="fieldid" type="4">-1</column>
<column name="isview" type="1"/>
<column name="isedit" type="1"/>
<column name="ismandatory" type="1"/>
<column name="orderid" type="3">0.00</column>
</data23>
<data24>
<column name="nodeid" type="4">248</column>
<column name="fieldid" type="4">-2</column>
<column name="isview" type="1">1</column>
<column name="isedit" type="1"/>
<column name="ismandatory" type="1"/>
<column name="orderid" type="3">1.00</column>
</data24>
<data25>
<column name="nodeid" type="4">248</column>
<column name="fieldid" type="4">-4</column>
<column name="isview" type="1"/>
<column name="isedit" type="1"/>
<column name="ismandatory" type="1"/>
<column name="orderid" type="3">2.00</column>
</data25>
<data26>
<column name="nodeid" type="4">248</column>
<column name="fieldid" type="4">6404</column>
<column name="isview" type="1">1</column>
<column name="isedit" type="1"/>
<column name="ismandatory" type="1"/>
<column name="orderid" type="3">3.00</column>
</data26>
<data27>
<column name="nodeid" type="4">248</column>
<column name="fieldid" type="4">6412</column>
<column name="isview" type="1">1</column>
<column name="isedit" type="1"/>
<column name="ismandatory" type="1"/>
<column name="orderid" type="3">3.00</column>
</data27>
<data28>
<column name="nodeid" type="4">248</column>
<column name="fieldid" type="4">6405</column>
<column name="isview" type="1">1</column>
<column name="isedit" type="1"/>
<column name="ismandatory" type="1"/>
<column name="orderid" type="3">4.00</column>
</data28>
<data29>
<column name="nodeid" type="4">248</column>
<column name="fieldid" type="4">6413</column>
<column name="isview" type="1">1</column>
<column name="isedit" type="1"/>
<column name="ismandatory" type="1"/>
<column name="orderid" type="3">4.00</column>
</data29>
<data30>
<column name="nodeid" type="4">248</column>
<column name="fieldid" type="4">6406</column>
<column name="isview" type="1">1</column>
<column name="isedit" type="1"/>
<column name="ismandatory" type="1"/>
<column name="orderid" type="3">5.00</column>
</data30>
<data31>
<column name="nodeid" type="4">248</column>
<column name="fieldid" type="4">6414</column>
<column name="isview" type="1">1</column>
<column name="isedit" type="1"/>
<column name="ismandatory" type="1"/>
<column name="orderid" type="3">5.00</column>
</data31>
<data32>
<column name="nodeid" type="4">248</column>
<column name="fieldid" type="4">6407</column>
<column name="isview" type="1">1</column>
<column name="isedit" type="1"/>
<column name="ismandatory" type="1"/>
<column name="orderid" type="3">6.00</column>
</data32>
<data33>
<column name="nodeid" type="4">248</column>
<column name="fieldid" type="4">6415</column>
<column name="isview" type="1">1</column>
<column name="isedit" type="1"/>
<column name="ismandatory" type="1"/>
<column name="orderid" type="3">6.00</column>
</data33>
<data34>
<column name="nodeid" type="4">248</column>
<column name="fieldid" type="4">6408</column>
<column name="isview" type="1">1</column>
<column name="isedit" type="1"/>
<column name="ismandatory" type="1"/>
<column name="orderid" type="3">7.00</column>
</data34>
<data35>
<column name="nodeid" type="4">248</column>
<column name="fieldid" type="4">6416</column>
<column name="isview" type="1">1</column>
<column name="isedit" type="1"/>
<column name="ismandatory" type="1"/>
<column name="orderid" type="3">7.00</column>
</data35>
<data36>
<column name="nodeid" type="4">248</column>
<column name="fieldid" type="4">6409</column>
<column name="isview" type="1">1</column>
<column name="isedit" type="1"/>
<column name="ismandatory" type="1"/>
<column name="orderid" type="3">8.00</column>
</data36>
<data37>
<column name="nodeid" type="4">248</column>
<column name="fieldid" type="4">6417</column>
<column name="isview" type="1">1</column>
<column name="isedit" type="1"/>
<column name="ismandatory" type="1"/>
<column name="orderid" type="3">8.00</column>
</data37>
<data38>
<column name="nodeid" type="4">248</column>
<column name="fieldid" type="4">6410</column>
<column name="isview" type="1">1</column>
<column name="isedit" type="1"/>
<column name="ismandatory" type="1"/>
<column name="orderid" type="3">9.00</column>
</data38>
<data39>
<column name="nodeid" type="4">248</column>
<column name="fieldid" type="4">6418</column>
<column name="isview" type="1">1</column>
<column name="isedit" type="1"/>
<column name="ismandatory" type="1"/>
<column name="orderid" type="3">9.00</column>
</data39>
<data40>
<column name="nodeid" type="4">248</column>
<column name="fieldid" type="4">6411</column>
<column name="isview" type="1">1</column>
<column name="isedit" type="1"/>
<column name="ismandatory" type="1"/>
<column name="orderid" type="3">10.00</column>
</data40>
<data41>
<column name="nodeid" type="4">249</column>
<column name="fieldid" type="4">-5</column>
<column name="isview" type="1"/>
<column name="isedit" type="1"/>
<column name="ismandatory" type="1"/>
<column name="orderid" type="3">0.00</column>
</data41>
<data42>
<column name="nodeid" type="4">249</column>
<column name="fieldid" type="4">-3</column>
<column name="isview" type="1"/>
<column name="isedit" type="1"/>
<column name="ismandatory" type="1"/>
<column name="orderid" type="3">0.00</column>
</data42>
<data43>
<column name="nodeid" type="4">249</column>
<column name="fieldid" type="4">-1</column>
<column name="isview" type="1"/>
<column name="isedit" type="1"/>
<column name="ismandatory" type="1"/>
<column name="orderid" type="3">0.00</column>
</data43>
<data44>
<column name="nodeid" type="4">249</column>
<column name="fieldid" type="4">-2</column>
<column name="isview" type="1">1</column>
<column name="isedit" type="1"/>
<column name="ismandatory" type="1"/>
<column name="orderid" type="3">1.00</column>
</data44>
<data45>
<column name="nodeid" type="4">249</column>
<column name="fieldid" type="4">-4</column>
<column name="isview" type="1"/>
<column name="isedit" type="1"/>
<column name="ismandatory" type="1"/>
<column name="orderid" type="3">2.00</column>
</data45>
<data46>
<column name="nodeid" type="4">249</column>
<column name="fieldid" type="4">6404</column>
<column name="isview" type="1">1</column>
<column name="isedit" type="1"/>
<column name="ismandatory" type="1"/>
<column name="orderid" type="3">3.00</column>
</data46>
<data47>
<column name="nodeid" type="4">249</column>
<column name="fieldid" type="4">6412</column>
<column name="isview" type="1">1</column>
<column name="isedit" type="1"/>
<column name="ismandatory" type="1"/>
<column name="orderid" type="3">3.00</column>
</data47>
<data48>
<column name="nodeid" type="4">249</column>
<column name="fieldid" type="4">6405</column>
<column name="isview" type="1">1</column>
<column name="isedit" type="1"/>
<column name="ismandatory" type="1"/>
<column name="orderid" type="3">4.00</column>
</data48>
<data49>
<column name="nodeid" type="4">249</column>
<column name="fieldid" type="4">6413</column>
<column name="isview" type="1">1</column>
<column name="isedit" type="1"/>
<column name="ismandatory" type="1"/>
<column name="orderid" type="3">4.00</column>
</data49>
<data50>
<column name="nodeid" type="4">249</column>
<column name="fieldid" type="4">6406</column>
<column name="isview" type="1">1</column>
<column name="isedit" type="1"/>
<column name="ismandatory" type="1"/>
<column name="orderid" type="3">5.00</column>
</data50>
<data51>
<column name="nodeid" type="4">249</column>
<column name="fieldid" type="4">6414</column>
<column name="isview" type="1">1</column>
<column name="isedit" type="1"/>
<column name="ismandatory" type="1"/>
<column name="orderid" type="3">5.00</column>
</data51>
<data52>
<column name="nodeid" type="4">249</column>
<column name="fieldid" type="4">6407</column>
<column name="isview" type="1">1</column>
<column name="isedit" type="1"/>
<column name="ismandatory" type="1"/>
<column name="orderid" type="3">6.00</column>
</data52>
<data53>
<column name="nodeid" type="4">249</column>
<column name="fieldid" type="4">6415</column>
<column name="isview" type="1">1</column>
<column name="isedit" type="1"/>
<column name="ismandatory" type="1"/>
<column name="orderid" type="3">6.00</column>
</data53>
<data54>
<column name="nodeid" type="4">249</column>
<column name="fieldid" type="4">6408</column>
<column name="isview" type="1">1</column>
<column name="isedit" type="1"/>
<column name="ismandatory" type="1"/>
<column name="orderid" type="3">7.00</column>
</data54>
<data55>
<column name="nodeid" type="4">249</column>
<column name="fieldid" type="4">6416</column>
<column name="isview" type="1">1</column>
<column name="isedit" type="1"/>
<column name="ismandatory" type="1"/>
<column name="orderid" type="3">7.00</column>
</data55>
<data56>
<column name="nodeid" type="4">249</column>
<column name="fieldid" type="4">6409</column>
<column name="isview" type="1">1</column>
<column name="isedit" type="1"/>
<column name="ismandatory" type="1"/>
<column name="orderid" type="3">8.00</column>
</data56>
<data57>
<column name="nodeid" type="4">249</column>
<column name="fieldid" type="4">6417</column>
<column name="isview" type="1">1</column>
<column name="isedit" type="1"/>
<column name="ismandatory" type="1"/>
<column name="orderid" type="3">8.00</column>
</data57>
<data58>
<column name="nodeid" type="4">249</column>
<column name="fieldid" type="4">6410</column>
<column name="isview" type="1">1</column>
<column name="isedit" type="1"/>
<column name="ismandatory" type="1"/>
<column name="orderid" type="3">9.00</column>
</data58>
<data59>
<column name="nodeid" type="4">249</column>
<column name="fieldid" type="4">6418</column>
<column name="isview" type="1">1</column>
<column name="isedit" type="1"/>
<column name="ismandatory" type="1"/>
<column name="orderid" type="3">9.00</column>
</data59>
<data60>
<column name="nodeid" type="4">249</column>
<column name="fieldid" type="4">6411</column>
<column name="isview" type="1">1</column>
<column name="isedit" type="1"/>
<column name="ismandatory" type="1"/>
<column name="orderid" type="3">10.00</column>
</data60>
<data61>
<column name="nodeid" type="4">250</column>
<column name="fieldid" type="4">-5</column>
<column name="isview" type="1"/>
<column name="isedit" type="1"/>
<column name="ismandatory" type="1"/>
<column name="orderid" type="3">0.00</column>
</data61>
<data62>
<column name="nodeid" type="4">250</column>
<column name="fieldid" type="4">-3</column>
<column name="isview" type="1"/>
<column name="isedit" type="1"/>
<column name="ismandatory" type="1"/>
<column name="orderid" type="3">0.00</column>
</data62>
<data63>
<column name="nodeid" type="4">250</column>
<column name="fieldid" type="4">-1</column>
<column name="isview" type="1"/>
<column name="isedit" type="1"/>
<column name="ismandatory" type="1"/>
<column name="orderid" type="3">0.00</column>
</data63>
<data64>
<column name="nodeid" type="4">250</column>
<column name="fieldid" type="4">-2</column>
<column name="isview" type="1">1</column>
<column name="isedit" type="1"/>
<column name="ismandatory" type="1"/>
<column name="orderid" type="3">1.00</column>
</data64>
<data65>
<column name="nodeid" type="4">250</column>
<column name="fieldid" type="4">-4</column>
<column name="isview" type="1"/>
<column name="isedit" type="1"/>
<column name="ismandatory" type="1"/>
<column name="orderid" type="3">2.00</column>
</data65>
<data66>
<column name="nodeid" type="4">250</column>
<column name="fieldid" type="4">6404</column>
<column name="isview" type="1">1</column>
<column name="isedit" type="1"/>
<column name="ismandatory" type="1"/>
<column name="orderid" type="3">3.00</column>
</data66>
<data67>
<column name="nodeid" type="4">250</column>
<column name="fieldid" type="4">6412</column>
<column name="isview" type="1">1</column>
<column name="isedit" type="1"/>
<column name="ismandatory" type="1"/>
<column name="orderid" type="3">3.00</column>
</data67>
<data68>
<column name="nodeid" type="4">250</column>
<column name="fieldid" type="4">6405</column>
<column name="isview" type="1">1</column>
<column name="isedit" type="1"/>
<column name="ismandatory" type="1"/>
<column name="orderid" type="3">4.00</column>
</data68>
<data69>
<column name="nodeid" type="4">250</column>
<column name="fieldid" type="4">6413</column>
<column name="isview" type="1">1</column>
<column name="isedit" type="1"/>
<column name="ismandatory" type="1"/>
<column name="orderid" type="3">4.00</column>
</data69>
<data70>
<column name="nodeid" type="4">250</column>
<column name="fieldid" type="4">6406</column>
<column name="isview" type="1">1</column>
<column name="isedit" type="1"/>
<column name="ismandatory" type="1"/>
<column name="orderid" type="3">5.00</column>
</data70>
<data71>
<column name="nodeid" type="4">250</column>
<column name="fieldid" type="4">6414</column>
<column name="isview" type="1">1</column>
<column name="isedit" type="1"/>
<column name="ismandatory" type="1"/>
<column name="orderid" type="3">5.00</column>
</data71>
<data72>
<column name="nodeid" type="4">250</column>
<column name="fieldid" type="4">6407</column>
<column name="isview" type="1">1</column>
<column name="isedit" type="1"/>
<column name="ismandatory" type="1"/>
<column name="orderid" type="3">6.00</column>
</data72>
<data73>
<column name="nodeid" type="4">250</column>
<column name="fieldid" type="4">6415</column>
<column name="isview" type="1">1</column>
<column name="isedit" type="1"/>
<column name="ismandatory" type="1"/>
<column name="orderid" type="3">6.00</column>
</data73>
<data74>
<column name="nodeid" type="4">250</column>
<column name="fieldid" type="4">6408</column>
<column name="isview" type="1">1</column>
<column name="isedit" type="1"/>
<column name="ismandatory" type="1"/>
<column name="orderid" type="3">7.00</column>
</data74>
<data75>
<column name="nodeid" type="4">250</column>
<column name="fieldid" type="4">6416</column>
<column name="isview" type="1">1</column>
<column name="isedit" type="1"/>
<column name="ismandatory" type="1"/>
<column name="orderid" type="3">7.00</column>
</data75>
<data76>
<column name="nodeid" type="4">250</column>
<column name="fieldid" type="4">6409</column>
<column name="isview" type="1">1</column>
<column name="isedit" type="1"/>
<column name="ismandatory" type="1"/>
<column name="orderid" type="3">8.00</column>
</data76>
<data77>
<column name="nodeid" type="4">250</column>
<column name="fieldid" type="4">6417</column>
<column name="isview" type="1">1</column>
<column name="isedit" type="1"/>
<column name="ismandatory" type="1"/>
<column name="orderid" type="3">8.00</column>
</data77>
<data78>
<column name="nodeid" type="4">250</column>
<column name="fieldid" type="4">6410</column>
<column name="isview" type="1">1</column>
<column name="isedit" type="1"/>
<column name="ismandatory" type="1"/>
<column name="orderid" type="3">9.00</column>
</data78>
<data79>
<column name="nodeid" type="4">250</column>
<column name="fieldid" type="4">6418</column>
<column name="isview" type="1">1</column>
<column name="isedit" type="1">1</column>
<column name="ismandatory" type="1">1</column>
<column name="orderid" type="3">9.00</column>
</data79>
<data80>
<column name="nodeid" type="4">250</column>
<column name="fieldid" type="4">6411</column>
<column name="isview" type="1">1</column>
<column name="isedit" type="1"/>
<column name="ismandatory" type="1"/>
<column name="orderid" type="3">10.00</column>
</data80>
<data81>
<column name="nodeid" type="4">251</column>
<column name="fieldid" type="4">-5</column>
<column name="isview" type="1"/>
<column name="isedit" type="1">0</column>
<column name="ismandatory" type="1">0</column>
<column name="orderid" type="3">0.00</column>
</data81>
<data82>
<column name="nodeid" type="4">251</column>
<column name="fieldid" type="4">-3</column>
<column name="isview" type="1"/>
<column name="isedit" type="1">0</column>
<column name="ismandatory" type="1">0</column>
<column name="orderid" type="3">0.00</column>
</data82>
<data83>
<column name="nodeid" type="4">251</column>
<column name="fieldid" type="4">-1</column>
<column name="isview" type="1"/>
<column name="isedit" type="1">0</column>
<column name="ismandatory" type="1">0</column>
<column name="orderid" type="3">0.00</column>
</data83>
<data84>
<column name="nodeid" type="4">251</column>
<column name="fieldid" type="4">-2</column>
<column name="isview" type="1">1</column>
<column name="isedit" type="1">0</column>
<column name="ismandatory" type="1">0</column>
<column name="orderid" type="3">1.00</column>
</data84>
<data85>
<column name="nodeid" type="4">251</column>
<column name="fieldid" type="4">-4</column>
<column name="isview" type="1"/>
<column name="isedit" type="1">0</column>
<column name="ismandatory" type="1">0</column>
<column name="orderid" type="3">2.00</column>
</data85>
<data86>
<column name="nodeid" type="4">251</column>
<column name="fieldid" type="4">6404</column>
<column name="isview" type="1">1</column>
<column name="isedit" type="1">0</column>
<column name="ismandatory" type="1">0</column>
<column name="orderid" type="3">3.00</column>
</data86>
<data87>
<column name="nodeid" type="4">251</column>
<column name="fieldid" type="4">6412</column>
<column name="isview" type="1">1</column>
<column name="isedit" type="1">0</column>
<column name="ismandatory" type="1">0</column>
<column name="orderid" type="3">3.00</column>
</data87>
<data88>
<column name="nodeid" type="4">251</column>
<column name="fieldid" type="4">6405</column>
<column name="isview" type="1">1</column>
<column name="isedit" type="1">0</column>
<column name="ismandatory" type="1">0</column>
<column name="orderid" type="3">4.00</column>
</data88>
<data89>
<column name="nodeid" type="4">251</column>
<column name="fieldid" type="4">6413</column>
<column name="isview" type="1">1</column>
<column name="isedit" type="1">0</column>
<column name="ismandatory" type="1">0</column>
<column name="orderid" type="3">4.00</column>
</data89>
<data90>
<column name="nodeid" type="4">251</column>
<column name="fieldid" type="4">6406</column>
<column name="isview" type="1">1</column>
<column name="isedit" type="1">0</column>
<column name="ismandatory" type="1">0</column>
<column name="orderid" type="3">5.00</column>
</data90>
<data91>
<column name="nodeid" type="4">251</column>
<column name="fieldid" type="4">6414</column>
<column name="isview" type="1">1</column>
<column name="isedit" type="1">0</column>
<column name="ismandatory" type="1">0</column>
<column name="orderid" type="3">5.00</column>
</data91>
<data92>
<column name="nodeid" type="4">251</column>
<column name="fieldid" type="4">6407</column>
<column name="isview" type="1">1</column>
<column name="isedit" type="1">0</column>
<column name="ismandatory" type="1">0</column>
<column name="orderid" type="3">6.00</column>
</data92>
<data93>
<column name="nodeid" type="4">251</column>
<column name="fieldid" type="4">6415</column>
<column name="isview" type="1">1</column>
<column name="isedit" type="1">0</column>
<column name="ismandatory" type="1">0</column>
<column name="orderid" type="3">6.00</column>
</data93>
<data94>
<column name="nodeid" type="4">251</column>
<column name="fieldid" type="4">6408</column>
<column name="isview" type="1">1</column>
<column name="isedit" type="1">0</column>
<column name="ismandatory" type="1">0</column>
<column name="orderid" type="3">7.00</column>
</data94>
<data95>
<column name="nodeid" type="4">251</column>
<column name="fieldid" type="4">6416</column>
<column name="isview" type="1">1</column>
<column name="isedit" type="1">0</column>
<column name="ismandatory" type="1">0</column>
<column name="orderid" type="3">7.00</column>
</data95>
<data96>
<column name="nodeid" type="4">251</column>
<column name="fieldid" type="4">6409</column>
<column name="isview" type="1">1</column>
<column name="isedit" type="1">0</column>
<column name="ismandatory" type="1">0</column>
<column name="orderid" type="3">8.00</column>
</data96>
<data97>
<column name="nodeid" type="4">251</column>
<column name="fieldid" type="4">6417</column>
<column name="isview" type="1">1</column>
<column name="isedit" type="1">0</column>
<column name="ismandatory" type="1">0</column>
<column name="orderid" type="3">8.00</column>
</data97>
<data98>
<column name="nodeid" type="4">251</column>
<column name="fieldid" type="4">6410</column>
<column name="isview" type="1">1</column>
<column name="isedit" type="1">0</column>
<column name="ismandatory" type="1">0</column>
<column name="orderid" type="3">9.00</column>
</data98>
<data99>
<column name="nodeid" type="4">251</column>
<column name="fieldid" type="4">6418</column>
<column name="isview" type="1">1</column>
<column name="isedit" type="1">0</column>
<column name="ismandatory" type="1">0</column>
<column name="orderid" type="3">9.00</column>
</data99>
<data100>
<column name="nodeid" type="4">251</column>
<column name="fieldid" type="4">6411</column>
<column name="isview" type="1">1</column>
<column name="isedit" type="1">0</column>
<column name="ismandatory" type="1">0</column>
<column name="orderid" type="3">10.00</column>
</data100>
</datas>
</workflow_nodeform>
</ROOT>
