<?xml version="1.0" encoding="GB2312"?>
<ROOT>
<workflow_NodeFormGroup>
<datas count="6">
<data1>
<column name="nodeid" type="4">229</column>
<column name="groupid" type="4">0</column>
<column name="isadd" type="1">1</column>
<column name="isedit" type="1">1</column>
<column name="isdelete" type="1">1</column>
<column name="ishidenull" type="1">0</column>
<column name="isdefault" type="1">1</column>
<column name="isneed" type="1">0</column>
<column name="isopensapmul" type="1">0</column>
<column name="defaultrows" type="4">1</column>
<column name="isprintserial" type="1">0</column>
<column name="allowscroll" type="1">1</column>
</data1>
<data2>
<column name="nodeid" type="4">230</column>
<column name="groupid" type="4">0</column>
<column name="isadd" type="1">1</column>
<column name="isedit" type="1">1</column>
<column name="isdelete" type="1">1</column>
<column name="ishidenull" type="1">0</column>
<column name="isdefault" type="1">1</column>
<column name="isneed" type="1">0</column>
<column name="isopensapmul" type="1">0</column>
<column name="defaultrows" type="4">1</column>
<column name="isprintserial" type="1">0</column>
<column name="allowscroll" type="1">1</column>
</data2>
<data3>
<column name="nodeid" type="4">231</column>
<column name="groupid" type="4">0</column>
<column name="isadd" type="1">1</column>
<column name="isedit" type="1">1</column>
<column name="isdelete" type="1">1</column>
<column name="ishidenull" type="1">0</column>
<column name="isdefault" type="1">1</column>
<column name="isneed" type="1">0</column>
<column name="isopensapmul" type="1">0</column>
<column name="defaultrows" type="4">1</column>
<column name="isprintserial" type="1">0</column>
<column name="allowscroll" type="1">1</column>
</data3>
<data4>
<column name="nodeid" type="4">232</column>
<column name="groupid" type="4">0</column>
<column name="isadd" type="1">1</column>
<column name="isedit" type="1">1</column>
<column name="isdelete" type="1">1</column>
<column name="ishidenull" type="1">0</column>
<column name="isdefault" type="1">1</column>
<column name="isneed" type="1">0</column>
<column name="isopensapmul" type="1">0</column>
<column name="defaultrows" type="4">1</column>
<column name="isprintserial" type="1">0</column>
<column name="allowscroll" type="1">1</column>
</data4>
<data5>
<column name="nodeid" type="4">233</column>
<column name="groupid" type="4">0</column>
<column name="isadd" type="1">1</column>
<column name="isedit" type="1">1</column>
<column name="isdelete" type="1">1</column>
<column name="ishidenull" type="1">0</column>
<column name="isdefault" type="1">1</column>
<column name="isneed" type="1">0</column>
<column name="isopensapmul" type="1">0</column>
<column name="defaultrows" type="4">1</column>
<column name="isprintserial" type="1">0</column>
<column name="allowscroll" type="1">1</column>
</data5>
<data6>
<column name="nodeid" type="4">234</column>
<column name="groupid" type="4">0</column>
<column name="isadd" type="1">1</column>
<column name="isedit" type="1">1</column>
<column name="isdelete" type="1">1</column>
<column name="ishidenull" type="1">0</column>
<column name="isdefault" type="1">1</column>
<column name="isneed" type="1">0</column>
<column name="isopensapmul" type="1">0</column>
<column name="defaultrows" type="4">1</column>
<column name="isprintserial" type="1">0</column>
<column name="allowscroll" type="1">1</column>
</data6>
</datas>
</workflow_NodeFormGroup>
</ROOT>
