<?xml version="1.0" encoding="GB2312"?>
<ROOT>
<workflow_billfield>
<datas count="27">
<data1>
<column name="id" type="4">6007</column>
<column name="billid" type="4">-5</column>
<column name="fieldname" type="12">flowno</column>
<column name="fieldlabel" type="4">-9216</column>
<column name="fielddbtype" type="12">varchar(50)</column>
<column name="fieldhtmltype" type="1">1</column>
<column name="type" type="4">1</column>
<column name="viewtype" type="4">0</column>
<column name="detailtable" type="12"/>
<column name="fromUser" type="1">1</column>
<column name="textheight" type="4">0</column>
<column name="dsporder" type="3">1.00</column>
<column name="childfieldid" type="4">0</column>
<column name="imgheight" type="4">100</column>
<column name="imgwidth" type="4">100</column>
<column name="places" type="4">0</column>
<column name="qfws" type="12">0</column>
<column name="textheight_2" type="12"/>
<column name="selectitem" type="4">0</column>
<column name="linkfield" type="4">0</column>
<column name="selectItemType" type="1">0</column>
<column name="pubchoiceId" type="4">0</column>
<column name="pubchilchoiceId" type="4">0</column>
<column name="statelev" type="4"/>
<column name="locatetype" type="1"/>
</data1>
<data2>
<column name="id" type="4">6008</column>
<column name="billid" type="4">-5</column>
<column name="fieldname" type="12">reqdate</column>
<column name="fieldlabel" type="4">855</column>
<column name="fielddbtype" type="12">char(10)</column>
<column name="fieldhtmltype" type="1">3</column>
<column name="type" type="4">2</column>
<column name="viewtype" type="4">0</column>
<column name="detailtable" type="12"/>
<column name="fromUser" type="1">1</column>
<column name="textheight" type="4">0</column>
<column name="dsporder" type="3">2.00</column>
<column name="childfieldid" type="4">0</column>
<column name="imgheight" type="4">100</column>
<column name="imgwidth" type="4">100</column>
<column name="places" type="4">0</column>
<column name="qfws" type="12">0</column>
<column name="textheight_2" type="12"/>
<column name="selectitem" type="4">0</column>
<column name="linkfield" type="4">0</column>
<column name="selectItemType" type="1">0</column>
<column name="pubchoiceId" type="4">0</column>
<column name="pubchilchoiceId" type="4">0</column>
<column name="statelev" type="4"/>
<column name="locatetype" type="1"/>
</data2>
<data3>
<column name="id" type="4">6009</column>
<column name="billid" type="4">-5</column>
<column name="fieldname" type="12">reqman</column>
<column name="fieldlabel" type="4">-9217</column>
<column name="fielddbtype" type="12">int</column>
<column name="fieldhtmltype" type="1">3</column>
<column name="type" type="4">1</column>
<column name="viewtype" type="4">0</column>
<column name="detailtable" type="12"/>
<column name="fromUser" type="1">1</column>
<column name="textheight" type="4">0</column>
<column name="dsporder" type="3">3.00</column>
<column name="childfieldid" type="4">0</column>
<column name="imgheight" type="4">100</column>
<column name="imgwidth" type="4">100</column>
<column name="places" type="4">0</column>
<column name="qfws" type="12">0</column>
<column name="textheight_2" type="12"/>
<column name="selectitem" type="4">0</column>
<column name="linkfield" type="4">0</column>
<column name="selectItemType" type="1">0</column>
<column name="pubchoiceId" type="4">0</column>
<column name="pubchilchoiceId" type="4">0</column>
<column name="statelev" type="4"/>
<column name="locatetype" type="1"/>
</data3>
<data4>
<column name="id" type="4">6010</column>
<column name="billid" type="4">-5</column>
<column name="fieldname" type="12">reqsub</column>
<column name="fieldlabel" type="4">-9218</column>
<column name="fielddbtype" type="12">int</column>
<column name="fieldhtmltype" type="1">3</column>
<column name="type" type="4">164</column>
<column name="viewtype" type="4">0</column>
<column name="detailtable" type="12"/>
<column name="fromUser" type="1">1</column>
<column name="textheight" type="4">0</column>
<column name="dsporder" type="3">4.00</column>
<column name="childfieldid" type="4">0</column>
<column name="imgheight" type="4">100</column>
<column name="imgwidth" type="4">100</column>
<column name="places" type="4">0</column>
<column name="qfws" type="12">0</column>
<column name="textheight_2" type="12"/>
<column name="selectitem" type="4">0</column>
<column name="linkfield" type="4">0</column>
<column name="selectItemType" type="1">0</column>
<column name="pubchoiceId" type="4">0</column>
<column name="pubchilchoiceId" type="4">0</column>
<column name="statelev" type="4"/>
<column name="locatetype" type="1"/>
</data4>
<data5>
<column name="id" type="4">6011</column>
<column name="billid" type="4">-5</column>
<column name="fieldname" type="12">reqdept</column>
<column name="fieldlabel" type="4">32958</column>
<column name="fielddbtype" type="12">int</column>
<column name="fieldhtmltype" type="1">3</column>
<column name="type" type="4">4</column>
<column name="viewtype" type="4">0</column>
<column name="detailtable" type="12"/>
<column name="fromUser" type="1">1</column>
<column name="textheight" type="4">0</column>
<column name="dsporder" type="3">5.00</column>
<column name="childfieldid" type="4">0</column>
<column name="imgheight" type="4">100</column>
<column name="imgwidth" type="4">100</column>
<column name="places" type="4">0</column>
<column name="qfws" type="12">0</column>
<column name="textheight_2" type="12"/>
<column name="selectitem" type="4">0</column>
<column name="linkfield" type="4">0</column>
<column name="selectItemType" type="1">0</column>
<column name="pubchoiceId" type="4">0</column>
<column name="pubchilchoiceId" type="4">0</column>
<column name="statelev" type="4"/>
<column name="locatetype" type="1"/>
</data5>
<data6>
<column name="id" type="4">6012</column>
<column name="billid" type="4">-5</column>
<column name="fieldname" type="12">reqstation</column>
<column name="fieldlabel" type="4">-9219</column>
<column name="fielddbtype" type="12">int</column>
<column name="fieldhtmltype" type="1">3</column>
<column name="type" type="4">24</column>
<column name="viewtype" type="4">0</column>
<column name="detailtable" type="12"/>
<column name="fromUser" type="1">1</column>
<column name="textheight" type="4">0</column>
<column name="dsporder" type="3">6.00</column>
<column name="childfieldid" type="4">0</column>
<column name="imgheight" type="4">100</column>
<column name="imgwidth" type="4">100</column>
<column name="places" type="4">0</column>
<column name="qfws" type="12">0</column>
<column name="textheight_2" type="12"/>
<column name="selectitem" type="4">0</column>
<column name="linkfield" type="4">0</column>
<column name="selectItemType" type="1">0</column>
<column name="pubchoiceId" type="4">0</column>
<column name="pubchilchoiceId" type="4">0</column>
<column name="statelev" type="4"/>
<column name="locatetype" type="1"/>
</data6>
<data7>
<column name="id" type="4">6013</column>
<column name="billid" type="4">-5</column>
<column name="fieldname" type="12">reqtel</column>
<column name="fieldlabel" type="4">15858</column>
<column name="fielddbtype" type="12">varchar(50)</column>
<column name="fieldhtmltype" type="1">1</column>
<column name="type" type="4">1</column>
<column name="viewtype" type="4">0</column>
<column name="detailtable" type="12"/>
<column name="fromUser" type="1">1</column>
<column name="textheight" type="4">0</column>
<column name="dsporder" type="3">7.00</column>
<column name="childfieldid" type="4">0</column>
<column name="imgheight" type="4">100</column>
<column name="imgwidth" type="4">100</column>
<column name="places" type="4">0</column>
<column name="qfws" type="12">0</column>
<column name="textheight_2" type="12"/>
<column name="selectitem" type="4">0</column>
<column name="linkfield" type="4">0</column>
<column name="selectItemType" type="1">0</column>
<column name="pubchoiceId" type="4">0</column>
<column name="pubchilchoiceId" type="4">0</column>
<column name="statelev" type="4"/>
<column name="locatetype" type="1"/>
</data7>
<data8>
<column name="id" type="4">6014</column>
<column name="billid" type="4">-5</column>
<column name="fieldname" type="12">repaytype</column>
<column name="fieldlabel" type="4">-9277</column>
<column name="fielddbtype" type="12">int</column>
<column name="fieldhtmltype" type="1">5</column>
<column name="type" type="4">1</column>
<column name="viewtype" type="4">0</column>
<column name="detailtable" type="12"/>
<column name="fromUser" type="1">1</column>
<column name="textheight" type="4">0</column>
<column name="dsporder" type="3">8.00</column>
<column name="childfieldid" type="4">0</column>
<column name="imgheight" type="4">100</column>
<column name="imgwidth" type="4">100</column>
<column name="places" type="4">0</column>
<column name="qfws" type="12">0</column>
<column name="textheight_2" type="12"/>
<column name="selectitem" type="4">0</column>
<column name="linkfield" type="4">0</column>
<column name="selectItemType" type="1">0</column>
<column name="pubchoiceId" type="4">0</column>
<column name="pubchilchoiceId" type="4">0</column>
<column name="statelev" type="4"/>
<column name="locatetype" type="1"/>
</data8>
<data9>
<column name="id" type="4">6015</column>
<column name="billid" type="4">-5</column>
<column name="fieldname" type="12">repaybankaccount</column>
<column name="fieldlabel" type="4">-9278</column>
<column name="fielddbtype" type="12">varchar(50)</column>
<column name="fieldhtmltype" type="1">1</column>
<column name="type" type="4">1</column>
<column name="viewtype" type="4">0</column>
<column name="detailtable" type="12"/>
<column name="fromUser" type="1">1</column>
<column name="textheight" type="4">0</column>
<column name="dsporder" type="3">9.00</column>
<column name="childfieldid" type="4">0</column>
<column name="imgheight" type="4">100</column>
<column name="imgwidth" type="4">100</column>
<column name="places" type="4">0</column>
<column name="qfws" type="12">0</column>
<column name="textheight_2" type="12"/>
<column name="selectitem" type="4">0</column>
<column name="linkfield" type="4">0</column>
<column name="selectItemType" type="1">0</column>
<column name="pubchoiceId" type="4">0</column>
<column name="pubchilchoiceId" type="4">0</column>
<column name="statelev" type="4"/>
<column name="locatetype" type="1"/>
</data9>
<data10>
<column name="id" type="4">6016</column>
<column name="billid" type="4">-5</column>
<column name="fieldname" type="12">proceedsbankname</column>
<column name="fieldlabel" type="4">-9279</column>
<column name="fielddbtype" type="12">varchar(100)</column>
<column name="fieldhtmltype" type="1">1</column>
<column name="type" type="4">1</column>
<column name="viewtype" type="4">0</column>
<column name="detailtable" type="12"/>
<column name="fromUser" type="1">1</column>
<column name="textheight" type="4">0</column>
<column name="dsporder" type="3">10.00</column>
<column name="childfieldid" type="4">0</column>
<column name="imgheight" type="4">100</column>
<column name="imgwidth" type="4">100</column>
<column name="places" type="4">0</column>
<column name="qfws" type="12">0</column>
<column name="textheight_2" type="12"/>
<column name="selectitem" type="4">0</column>
<column name="linkfield" type="4">0</column>
<column name="selectItemType" type="1">0</column>
<column name="pubchoiceId" type="4">0</column>
<column name="pubchilchoiceId" type="4">0</column>
<column name="statelev" type="4"/>
<column name="locatetype" type="1"/>
</data10>
<data11>
<column name="id" type="4">6017</column>
<column name="billid" type="4">-5</column>
<column name="fieldname" type="12">proceedsaccount</column>
<column name="fieldlabel" type="4">83191</column>
<column name="fielddbtype" type="12">varchar(50)</column>
<column name="fieldhtmltype" type="1">1</column>
<column name="type" type="4">1</column>
<column name="viewtype" type="4">0</column>
<column name="detailtable" type="12"/>
<column name="fromUser" type="1">1</column>
<column name="textheight" type="4">0</column>
<column name="dsporder" type="3">11.00</column>
<column name="childfieldid" type="4">0</column>
<column name="imgheight" type="4">100</column>
<column name="imgwidth" type="4">100</column>
<column name="places" type="4">0</column>
<column name="qfws" type="12">0</column>
<column name="textheight_2" type="12"/>
<column name="selectitem" type="4">0</column>
<column name="linkfield" type="4">0</column>
<column name="selectItemType" type="1">0</column>
<column name="pubchoiceId" type="4">0</column>
<column name="pubchilchoiceId" type="4">0</column>
<column name="statelev" type="4"/>
<column name="locatetype" type="1"/>
</data11>
<data12>
<column name="id" type="4">6018</column>
<column name="billid" type="4">-5</column>
<column name="fieldname" type="12">currtype</column>
<column name="fieldlabel" type="4">-9237</column>
<column name="fielddbtype" type="12">int</column>
<column name="fieldhtmltype" type="1">5</column>
<column name="type" type="4">1</column>
<column name="viewtype" type="4">0</column>
<column name="detailtable" type="12"/>
<column name="fromUser" type="1">1</column>
<column name="textheight" type="4">0</column>
<column name="dsporder" type="3">12.00</column>
<column name="childfieldid" type="4">0</column>
<column name="imgheight" type="4">100</column>
<column name="imgwidth" type="4">100</column>
<column name="places" type="4">0</column>
<column name="qfws" type="12">0</column>
<column name="textheight_2" type="12"/>
<column name="selectitem" type="4">0</column>
<column name="linkfield" type="4">0</column>
<column name="selectItemType" type="1">0</column>
<column name="pubchoiceId" type="4">0</column>
<column name="pubchilchoiceId" type="4">0</column>
<column name="statelev" type="4"/>
<column name="locatetype" type="1"/>
</data12>
<data13>
<column name="id" type="4">6019</column>
<column name="billid" type="4">-5</column>
<column name="fieldname" type="12">writeoffamt</column>
<column name="fieldlabel" type="4">23922</column>
<column name="fielddbtype" type="12">decimal(15,2)</column>
<column name="fieldhtmltype" type="1">1</column>
<column name="type" type="4">3</column>
<column name="viewtype" type="4">0</column>
<column name="detailtable" type="12"/>
<column name="fromUser" type="1">1</column>
<column name="textheight" type="4">0</column>
<column name="dsporder" type="3">13.00</column>
<column name="childfieldid" type="4">0</column>
<column name="imgheight" type="4">100</column>
<column name="imgwidth" type="4">100</column>
<column name="places" type="4">0</column>
<column name="qfws" type="12">0</column>
<column name="textheight_2" type="12"/>
<column name="selectitem" type="4">0</column>
<column name="linkfield" type="4">0</column>
<column name="selectItemType" type="1">0</column>
<column name="pubchoiceId" type="4">0</column>
<column name="pubchilchoiceId" type="4">0</column>
<column name="statelev" type="4"/>
<column name="locatetype" type="1"/>
</data13>
<data14>
<column name="id" type="4">6020</column>
<column name="billid" type="4">-5</column>
<column name="fieldname" type="12">cnwriteoffamt</column>
<column name="fieldlabel" type="4">-9280</column>
<column name="fielddbtype" type="12">decimal(15,2)</column>
<column name="fieldhtmltype" type="1">1</column>
<column name="type" type="4">3</column>
<column name="viewtype" type="4">0</column>
<column name="detailtable" type="12"/>
<column name="fromUser" type="1">1</column>
<column name="textheight" type="4">0</column>
<column name="dsporder" type="3">14.00</column>
<column name="childfieldid" type="4">0</column>
<column name="imgheight" type="4">100</column>
<column name="imgwidth" type="4">100</column>
<column name="places" type="4">0</column>
<column name="qfws" type="12">0</column>
<column name="textheight_2" type="12"/>
<column name="selectitem" type="4">0</column>
<column name="linkfield" type="4">0</column>
<column name="selectItemType" type="1">0</column>
<column name="pubchoiceId" type="4">0</column>
<column name="pubchilchoiceId" type="4">0</column>
<column name="statelev" type="4"/>
<column name="locatetype" type="1"/>
</data14>
<data15>
<column name="id" type="4">6021</column>
<column name="billid" type="4">-5</column>
<column name="fieldname" type="12">reqattachid</column>
<column name="fieldlabel" type="4">22194</column>
<column name="fielddbtype" type="12">text</column>
<column name="fieldhtmltype" type="1">6</column>
<column name="type" type="4">1</column>
<column name="viewtype" type="4">0</column>
<column name="detailtable" type="12"/>
<column name="fromUser" type="1">1</column>
<column name="textheight" type="4">5</column>
<column name="dsporder" type="3">15.00</column>
<column name="childfieldid" type="4">0</column>
<column name="imgheight" type="4">100</column>
<column name="imgwidth" type="4">100</column>
<column name="places" type="4">0</column>
<column name="qfws" type="12">0</column>
<column name="textheight_2" type="12"/>
<column name="selectitem" type="4">0</column>
<column name="linkfield" type="4">0</column>
<column name="selectItemType" type="1">0</column>
<column name="pubchoiceId" type="4">0</column>
<column name="pubchilchoiceId" type="4">0</column>
<column name="statelev" type="4"/>
<column name="locatetype" type="1"/>
</data15>
<data16>
<column name="id" type="4">6022</column>
<column name="billid" type="4">-5</column>
<column name="fieldname" type="12">repayway</column>
<column name="fieldlabel" type="4">22097</column>
<column name="fielddbtype" type="12">int</column>
<column name="fieldhtmltype" type="1">5</column>
<column name="type" type="4">1</column>
<column name="viewtype" type="4">1</column>
<column name="detailtable" type="12">formtable_main_5_dt1</column>
<column name="fromUser" type="1">1</column>
<column name="textheight" type="4">0</column>
<column name="dsporder" type="3">1.00</column>
<column name="childfieldid" type="4">0</column>
<column name="imgheight" type="4">50</column>
<column name="imgwidth" type="4">50</column>
<column name="places" type="4">0</column>
<column name="qfws" type="12">0</column>
<column name="textheight_2" type="12"/>
<column name="selectitem" type="4">0</column>
<column name="linkfield" type="4">0</column>
<column name="selectItemType" type="1">0</column>
<column name="pubchoiceId" type="4">0</column>
<column name="pubchilchoiceId" type="4">0</column>
<column name="statelev" type="4"/>
<column name="locatetype" type="1"/>
</data16>
<data17>
<column name="id" type="4">6023</column>
<column name="billid" type="4">-5</column>
<column name="fieldname" type="12">repayamt</column>
<column name="fieldlabel" type="4">22098</column>
<column name="fielddbtype" type="12">decimal(15,2)</column>
<column name="fieldhtmltype" type="1">1</column>
<column name="type" type="4">3</column>
<column name="viewtype" type="4">1</column>
<column name="detailtable" type="12">formtable_main_5_dt1</column>
<column name="fromUser" type="1">1</column>
<column name="textheight" type="4">0</column>
<column name="dsporder" type="3">2.00</column>
<column name="childfieldid" type="4">0</column>
<column name="imgheight" type="4">50</column>
<column name="imgwidth" type="4">50</column>
<column name="places" type="4">0</column>
<column name="qfws" type="12">2</column>
<column name="textheight_2" type="12"/>
<column name="selectitem" type="4">0</column>
<column name="linkfield" type="4">0</column>
<column name="selectItemType" type="1">0</column>
<column name="pubchoiceId" type="4">0</column>
<column name="pubchilchoiceId" type="4">0</column>
<column name="statelev" type="4"/>
<column name="locatetype" type="1"/>
</data17>
<data18>
<column name="id" type="4">6024</column>
<column name="billid" type="4">-5</column>
<column name="fieldname" type="12">remark</column>
<column name="fieldlabel" type="4">-9281</column>
<column name="fielddbtype" type="12">varchar(300)</column>
<column name="fieldhtmltype" type="1">1</column>
<column name="type" type="4">1</column>
<column name="viewtype" type="4">1</column>
<column name="detailtable" type="12">formtable_main_5_dt1</column>
<column name="fromUser" type="1">1</column>
<column name="textheight" type="4">0</column>
<column name="dsporder" type="3">3.00</column>
<column name="childfieldid" type="4">0</column>
<column name="imgheight" type="4">50</column>
<column name="imgwidth" type="4">50</column>
<column name="places" type="4">0</column>
<column name="qfws" type="12">0</column>
<column name="textheight_2" type="12"/>
<column name="selectitem" type="4">0</column>
<column name="linkfield" type="4">0</column>
<column name="selectItemType" type="1">0</column>
<column name="pubchoiceId" type="4">0</column>
<column name="pubchilchoiceId" type="4">0</column>
<column name="statelev" type="4"/>
<column name="locatetype" type="1"/>
</data18>
<data19>
<column name="id" type="4">6025</column>
<column name="billid" type="4">-5</column>
<column name="fieldname" type="12">adjust</column>
<column name="fieldlabel" type="4">83190</column>
<column name="fielddbtype" type="12">varchar(300)</column>
<column name="fieldhtmltype" type="1">1</column>
<column name="type" type="4">1</column>
<column name="viewtype" type="4">1</column>
<column name="detailtable" type="12">formtable_main_5_dt1</column>
<column name="fromUser" type="1">1</column>
<column name="textheight" type="4">0</column>
<column name="dsporder" type="3">4.00</column>
<column name="childfieldid" type="4">0</column>
<column name="imgheight" type="4">50</column>
<column name="imgwidth" type="4">50</column>
<column name="places" type="4">0</column>
<column name="qfws" type="12">0</column>
<column name="textheight_2" type="12"/>
<column name="selectitem" type="4">0</column>
<column name="linkfield" type="4">0</column>
<column name="selectItemType" type="1">0</column>
<column name="pubchoiceId" type="4">0</column>
<column name="pubchilchoiceId" type="4">0</column>
<column name="statelev" type="4"/>
<column name="locatetype" type="1"/>
</data19>
<data20>
<column name="id" type="4">6026</column>
<column name="billid" type="4">-5</column>
<column name="fieldname" type="12">loanworkflowid</column>
<column name="fieldlabel" type="4">83182</column>
<column name="fielddbtype" type="12">int</column>
<column name="fieldhtmltype" type="1">3</column>
<column name="type" type="4">16</column>
<column name="viewtype" type="4">1</column>
<column name="detailtable" type="12">formtable_main_5_dt2</column>
<column name="fromUser" type="1">1</column>
<column name="textheight" type="4">0</column>
<column name="dsporder" type="3">1.00</column>
<column name="childfieldid" type="4">0</column>
<column name="imgheight" type="4">50</column>
<column name="imgwidth" type="4">50</column>
<column name="places" type="4">0</column>
<column name="qfws" type="12">0</column>
<column name="textheight_2" type="12"/>
<column name="selectitem" type="4">0</column>
<column name="linkfield" type="4">0</column>
<column name="selectItemType" type="1">0</column>
<column name="pubchoiceId" type="4">0</column>
<column name="pubchilchoiceId" type="4">0</column>
<column name="statelev" type="4"/>
<column name="locatetype" type="1"/>
</data20>
<data21>
<column name="id" type="4">6027</column>
<column name="billid" type="4">-5</column>
<column name="fieldname" type="12">lwflowno</column>
<column name="fieldlabel" type="4">23884</column>
<column name="fielddbtype" type="12">varchar(50)</column>
<column name="fieldhtmltype" type="1">1</column>
<column name="type" type="4">1</column>
<column name="viewtype" type="4">1</column>
<column name="detailtable" type="12">formtable_main_5_dt2</column>
<column name="fromUser" type="1">1</column>
<column name="textheight" type="4">0</column>
<column name="dsporder" type="3">2.00</column>
<column name="childfieldid" type="4">0</column>
<column name="imgheight" type="4">50</column>
<column name="imgwidth" type="4">50</column>
<column name="places" type="4">0</column>
<column name="qfws" type="12">0</column>
<column name="textheight_2" type="12"/>
<column name="selectitem" type="4">0</column>
<column name="linkfield" type="4">0</column>
<column name="selectItemType" type="1">0</column>
<column name="pubchoiceId" type="4">0</column>
<column name="pubchilchoiceId" type="4">0</column>
<column name="statelev" type="4"/>
<column name="locatetype" type="1"/>
</data21>
<data22>
<column name="id" type="4">6028</column>
<column name="billid" type="4">-5</column>
<column name="fieldname" type="12">lwsubno</column>
<column name="fieldlabel" type="4">23891</column>
<column name="fielddbtype" type="12">int</column>
<column name="fieldhtmltype" type="1">1</column>
<column name="type" type="4">2</column>
<column name="viewtype" type="4">1</column>
<column name="detailtable" type="12">formtable_main_5_dt2</column>
<column name="fromUser" type="1">1</column>
<column name="textheight" type="4">0</column>
<column name="dsporder" type="3">3.00</column>
<column name="childfieldid" type="4">0</column>
<column name="imgheight" type="4">50</column>
<column name="imgwidth" type="4">50</column>
<column name="places" type="4">0</column>
<column name="qfws" type="12">0</column>
<column name="textheight_2" type="12"/>
<column name="selectitem" type="4">0</column>
<column name="linkfield" type="4">0</column>
<column name="selectItemType" type="1">0</column>
<column name="pubchoiceId" type="4">0</column>
<column name="pubchilchoiceId" type="4">0</column>
<column name="statelev" type="4"/>
<column name="locatetype" type="1"/>
</data22>
<data23>
<column name="id" type="4">6029</column>
<column name="billid" type="4">-5</column>
<column name="fieldname" type="12">loanamt</column>
<column name="fieldlabel" type="4">1043</column>
<column name="fielddbtype" type="12">decimal(15,2)</column>
<column name="fieldhtmltype" type="1">1</column>
<column name="type" type="4">3</column>
<column name="viewtype" type="4">1</column>
<column name="detailtable" type="12">formtable_main_5_dt2</column>
<column name="fromUser" type="1">1</column>
<column name="textheight" type="4">0</column>
<column name="dsporder" type="3">4.00</column>
<column name="childfieldid" type="4">0</column>
<column name="imgheight" type="4">50</column>
<column name="imgwidth" type="4">50</column>
<column name="places" type="4">0</column>
<column name="qfws" type="12">2</column>
<column name="textheight_2" type="12"/>
<column name="selectitem" type="4">0</column>
<column name="linkfield" type="4">0</column>
<column name="selectItemType" type="1">0</column>
<column name="pubchoiceId" type="4">0</column>
<column name="pubchilchoiceId" type="4">0</column>
<column name="statelev" type="4"/>
<column name="locatetype" type="1"/>
</data23>
<data24>
<column name="id" type="4">6030</column>
<column name="billid" type="4">-5</column>
<column name="fieldname" type="12">paidamt</column>
<column name="fieldlabel" type="4">83286</column>
<column name="fielddbtype" type="12">decimal(15,2)</column>
<column name="fieldhtmltype" type="1">1</column>
<column name="type" type="4">3</column>
<column name="viewtype" type="4">1</column>
<column name="detailtable" type="12">formtable_main_5_dt2</column>
<column name="fromUser" type="1">1</column>
<column name="textheight" type="4">0</column>
<column name="dsporder" type="3">5.00</column>
<column name="childfieldid" type="4">0</column>
<column name="imgheight" type="4">50</column>
<column name="imgwidth" type="4">50</column>
<column name="places" type="4">0</column>
<column name="qfws" type="12">2</column>
<column name="textheight_2" type="12"/>
<column name="selectitem" type="4">0</column>
<column name="linkfield" type="4">0</column>
<column name="selectItemType" type="1">0</column>
<column name="pubchoiceId" type="4">0</column>
<column name="pubchilchoiceId" type="4">0</column>
<column name="statelev" type="4"/>
<column name="locatetype" type="1"/>
</data24>
<data25>
<column name="id" type="4">6031</column>
<column name="billid" type="4">-5</column>
<column name="fieldname" type="12">payingamt</column>
<column name="fieldlabel" type="4">-9256</column>
<column name="fielddbtype" type="12">decimal(15,2)</column>
<column name="fieldhtmltype" type="1">1</column>
<column name="type" type="4">3</column>
<column name="viewtype" type="4">1</column>
<column name="detailtable" type="12">formtable_main_5_dt2</column>
<column name="fromUser" type="1">1</column>
<column name="textheight" type="4">0</column>
<column name="dsporder" type="3">6.00</column>
<column name="childfieldid" type="4">0</column>
<column name="imgheight" type="4">50</column>
<column name="imgwidth" type="4">50</column>
<column name="places" type="4">0</column>
<column name="qfws" type="12">2</column>
<column name="textheight_2" type="12"/>
<column name="selectitem" type="4">0</column>
<column name="linkfield" type="4">0</column>
<column name="selectItemType" type="1">0</column>
<column name="pubchoiceId" type="4">0</column>
<column name="pubchilchoiceId" type="4">0</column>
<column name="statelev" type="4"/>
<column name="locatetype" type="1"/>
</data25>
<data26>
<column name="id" type="4">6032</column>
<column name="billid" type="4">-5</column>
<column name="fieldname" type="12">unpayamt</column>
<column name="fieldlabel" type="4">83288</column>
<column name="fielddbtype" type="12">decimal(15,2)</column>
<column name="fieldhtmltype" type="1">1</column>
<column name="type" type="4">3</column>
<column name="viewtype" type="4">1</column>
<column name="detailtable" type="12">formtable_main_5_dt2</column>
<column name="fromUser" type="1">1</column>
<column name="textheight" type="4">0</column>
<column name="dsporder" type="3">7.00</column>
<column name="childfieldid" type="4">0</column>
<column name="imgheight" type="4">50</column>
<column name="imgwidth" type="4">50</column>
<column name="places" type="4">0</column>
<column name="qfws" type="12">2</column>
<column name="textheight_2" type="12"/>
<column name="selectitem" type="4">0</column>
<column name="linkfield" type="4">0</column>
<column name="selectItemType" type="1">0</column>
<column name="pubchoiceId" type="4">0</column>
<column name="pubchilchoiceId" type="4">0</column>
<column name="statelev" type="4"/>
<column name="locatetype" type="1"/>
</data26>
<data27>
<column name="id" type="4">6033</column>
<column name="billid" type="4">-5</column>
<column name="fieldname" type="12">payamt</column>
<column name="fieldlabel" type="4">83289</column>
<column name="fielddbtype" type="12">decimal(15,2)</column>
<column name="fieldhtmltype" type="1">1</column>
<column name="type" type="4">3</column>
<column name="viewtype" type="4">1</column>
<column name="detailtable" type="12">formtable_main_5_dt2</column>
<column name="fromUser" type="1">1</column>
<column name="textheight" type="4">0</column>
<column name="dsporder" type="3">8.00</column>
<column name="childfieldid" type="4">0</column>
<column name="imgheight" type="4">50</column>
<column name="imgwidth" type="4">50</column>
<column name="places" type="4">0</column>
<column name="qfws" type="12">2</column>
<column name="textheight_2" type="12"/>
<column name="selectitem" type="4">0</column>
<column name="linkfield" type="4">0</column>
<column name="selectItemType" type="1">0</column>
<column name="pubchoiceId" type="4">0</column>
<column name="pubchilchoiceId" type="4">0</column>
<column name="statelev" type="4"/>
<column name="locatetype" type="1"/>
</data27>
</datas>
</workflow_billfield>
</ROOT>
