<?xml version="1.0" encoding="GB2312"?>
<ROOT>
<workflow_nodefieldattr>
<datas count="18">
<data1>
<column name="id" type="4">444</column>
<column name="fieldid" type="4">5852</column>
<column name="formid" type="4">-3</column>
<column name="isbill" type="4">1</column>
<column name="nodeid" type="4">157</column>
<column name="attrcontent" type="12">doFieldMath(" $5906$ ")</column>
<column name="caltype" type="4">2</column>
<column name="othertype" type="4">0</column>
<column name="transtype" type="4">0</column>
<column name="datasourceid" type="12"/>
</data1>
<data2>
<column name="id" type="4">445</column>
<column name="fieldid" type="4">5905</column>
<column name="formid" type="4">-3</column>
<column name="isbill" type="4">1</column>
<column name="nodeid" type="4">157</column>
<column name="attrcontent" type="12">doFieldMath(" $5910$+$5911$+$5912$+$5913$ ")</column>
<column name="caltype" type="4">2</column>
<column name="othertype" type="4">0</column>
<column name="transtype" type="4">0</column>
<column name="datasourceid" type="12"/>
</data2>
<data3>
<column name="id" type="4">446</column>
<column name="fieldid" type="4">5852</column>
<column name="formid" type="4">-3</column>
<column name="isbill" type="4">1</column>
<column name="nodeid" type="4">158</column>
<column name="attrcontent" type="12">doFieldMath(" $5906$ ")</column>
<column name="caltype" type="4">2</column>
<column name="othertype" type="4">0</column>
<column name="transtype" type="4">0</column>
<column name="datasourceid" type="12"/>
</data3>
<data4>
<column name="id" type="4">447</column>
<column name="fieldid" type="4">5905</column>
<column name="formid" type="4">-3</column>
<column name="isbill" type="4">1</column>
<column name="nodeid" type="4">158</column>
<column name="attrcontent" type="12">doFieldMath(" $5910$+$5911$+$5912$+$5913$ ")</column>
<column name="caltype" type="4">2</column>
<column name="othertype" type="4">0</column>
<column name="transtype" type="4">0</column>
<column name="datasourceid" type="12"/>
</data4>
<data5>
<column name="id" type="4">448</column>
<column name="fieldid" type="4">5852</column>
<column name="formid" type="4">-3</column>
<column name="isbill" type="4">1</column>
<column name="nodeid" type="4">159</column>
<column name="attrcontent" type="12">doFieldMath(" $5906$ ")</column>
<column name="caltype" type="4">2</column>
<column name="othertype" type="4">0</column>
<column name="transtype" type="4">0</column>
<column name="datasourceid" type="12"/>
</data5>
<data6>
<column name="id" type="4">449</column>
<column name="fieldid" type="4">5905</column>
<column name="formid" type="4">-3</column>
<column name="isbill" type="4">1</column>
<column name="nodeid" type="4">159</column>
<column name="attrcontent" type="12">doFieldMath(" $5910$+$5911$+$5912$+$5913$ ")</column>
<column name="caltype" type="4">2</column>
<column name="othertype" type="4">0</column>
<column name="transtype" type="4">0</column>
<column name="datasourceid" type="12"/>
</data6>
<data7>
<column name="id" type="4">450</column>
<column name="fieldid" type="4">5852</column>
<column name="formid" type="4">-3</column>
<column name="isbill" type="4">1</column>
<column name="nodeid" type="4">161</column>
<column name="attrcontent" type="12">doFieldMath(" $5906$ ")</column>
<column name="caltype" type="4">2</column>
<column name="othertype" type="4">0</column>
<column name="transtype" type="4">0</column>
<column name="datasourceid" type="12"/>
</data7>
<data8>
<column name="id" type="4">451</column>
<column name="fieldid" type="4">5905</column>
<column name="formid" type="4">-3</column>
<column name="isbill" type="4">1</column>
<column name="nodeid" type="4">161</column>
<column name="attrcontent" type="12">doFieldMath(" $5910$+$5911$+$5912$+$5913$ ")</column>
<column name="caltype" type="4">2</column>
<column name="othertype" type="4">0</column>
<column name="transtype" type="4">0</column>
<column name="datasourceid" type="12"/>
</data8>
<data9>
<column name="id" type="4">452</column>
<column name="fieldid" type="4">5852</column>
<column name="formid" type="4">-3</column>
<column name="isbill" type="4">1</column>
<column name="nodeid" type="4">162</column>
<column name="attrcontent" type="12">doFieldMath(" $5906$ ")</column>
<column name="caltype" type="4">2</column>
<column name="othertype" type="4">0</column>
<column name="transtype" type="4">0</column>
<column name="datasourceid" type="12"/>
</data9>
<data10>
<column name="id" type="4">453</column>
<column name="fieldid" type="4">5905</column>
<column name="formid" type="4">-3</column>
<column name="isbill" type="4">1</column>
<column name="nodeid" type="4">162</column>
<column name="attrcontent" type="12">doFieldMath(" $5910$+$5911$+$5912$+$5913$ ")</column>
<column name="caltype" type="4">2</column>
<column name="othertype" type="4">0</column>
<column name="transtype" type="4">0</column>
<column name="datasourceid" type="12"/>
</data10>
<data11>
<column name="id" type="4">454</column>
<column name="fieldid" type="4">5852</column>
<column name="formid" type="4">-3</column>
<column name="isbill" type="4">1</column>
<column name="nodeid" type="4">160</column>
<column name="attrcontent" type="12">doFieldMath(" $5906$ ")</column>
<column name="caltype" type="4">2</column>
<column name="othertype" type="4">0</column>
<column name="transtype" type="4">0</column>
<column name="datasourceid" type="12"/>
</data11>
<data12>
<column name="id" type="4">455</column>
<column name="fieldid" type="4">5905</column>
<column name="formid" type="4">-3</column>
<column name="isbill" type="4">1</column>
<column name="nodeid" type="4">160</column>
<column name="attrcontent" type="12">doFieldMath(" $5910$+$5911$+$5912$+$5913$ ")</column>
<column name="caltype" type="4">2</column>
<column name="othertype" type="4">0</column>
<column name="transtype" type="4">0</column>
<column name="datasourceid" type="12"/>
</data12>
<data13>
<column name="id" type="4">539</column>
<column name="fieldid" type="4">5852</column>
<column name="formid" type="4">-3</column>
<column name="isbill" type="4">1</column>
<column name="nodeid" type="4">163</column>
<column name="attrcontent" type="12">doFieldMath(" $5906$ ")</column>
<column name="caltype" type="4">2</column>
<column name="othertype" type="4">0</column>
<column name="transtype" type="4">0</column>
<column name="datasourceid" type="12"/>
</data13>
<data14>
<column name="id" type="4">540</column>
<column name="fieldid" type="4">5905</column>
<column name="formid" type="4">-3</column>
<column name="isbill" type="4">1</column>
<column name="nodeid" type="4">163</column>
<column name="attrcontent" type="12">doFieldMath(" $5910$+$5911$+$5912$+$5913$ ")</column>
<column name="caltype" type="4">2</column>
<column name="othertype" type="4">0</column>
<column name="transtype" type="4">0</column>
<column name="datasourceid" type="12"/>
</data14>
<data15>
<column name="id" type="4">541</column>
<column name="fieldid" type="4">5852</column>
<column name="formid" type="4">-3</column>
<column name="isbill" type="4">1</column>
<column name="nodeid" type="4">164</column>
<column name="attrcontent" type="12">doFieldMath(" $5906$ ")</column>
<column name="caltype" type="4">0</column>
<column name="othertype" type="4">0</column>
<column name="transtype" type="4">0</column>
<column name="datasourceid" type="12"/>
</data15>
<data16>
<column name="id" type="4">542</column>
<column name="fieldid" type="4">5852</column>
<column name="formid" type="4">-3</column>
<column name="isbill" type="4">1</column>
<column name="nodeid" type="4">165</column>
<column name="attrcontent" type="12">doFieldMath(" $5906$ ")</column>
<column name="caltype" type="4">0</column>
<column name="othertype" type="4">0</column>
<column name="transtype" type="4">0</column>
<column name="datasourceid" type="12"/>
</data16>
<data17>
<column name="id" type="4">543</column>
<column name="fieldid" type="4">5852</column>
<column name="formid" type="4">-3</column>
<column name="isbill" type="4">1</column>
<column name="nodeid" type="4">166</column>
<column name="attrcontent" type="12">doFieldMath(" $5906$ ")</column>
<column name="caltype" type="4">0</column>
<column name="othertype" type="4">0</column>
<column name="transtype" type="4">0</column>
<column name="datasourceid" type="12"/>
</data17>
<data18>
<column name="id" type="4">544</column>
<column name="fieldid" type="4">5852</column>
<column name="formid" type="4">-3</column>
<column name="isbill" type="4">1</column>
<column name="nodeid" type="4">167</column>
<column name="attrcontent" type="12">doFieldMath(" $5906$ ")</column>
<column name="caltype" type="4">0</column>
<column name="othertype" type="4">0</column>
<column name="transtype" type="4">0</column>
<column name="datasourceid" type="12"/>
</data18>
</datas>
</workflow_nodefieldattr>
</ROOT>
