<?xml version="1.0" encoding="GB2312"?>
<ROOT>
<workflow_nodefieldattr>
<datas count="12">
<data1>
<column name="id" type="4">517</column>
<column name="fieldid" type="4">6296</column>
<column name="formid" type="4">-11</column>
<column name="isbill" type="4">1</column>
<column name="nodeid" type="4">224</column>
<column name="attrcontent" type="12">doFieldMath(" $6295$ ")</column>
<column name="caltype" type="4">2</column>
<column name="othertype" type="4">0</column>
<column name="transtype" type="4">0</column>
<column name="datasourceid" type="12"/>
</data1>
<data2>
<column name="id" type="4">518</column>
<column name="fieldid" type="4">6296</column>
<column name="formid" type="4">-11</column>
<column name="isbill" type="4">1</column>
<column name="nodeid" type="4">225</column>
<column name="attrcontent" type="12">doFieldMath(" $6295$ ")</column>
<column name="caltype" type="4">2</column>
<column name="othertype" type="4">0</column>
<column name="transtype" type="4">0</column>
<column name="datasourceid" type="12"/>
</data2>
<data3>
<column name="id" type="4">519</column>
<column name="fieldid" type="4">6296</column>
<column name="formid" type="4">-11</column>
<column name="isbill" type="4">1</column>
<column name="nodeid" type="4">227</column>
<column name="attrcontent" type="12">doFieldMath(" $6295$ ")</column>
<column name="caltype" type="4">2</column>
<column name="othertype" type="4">0</column>
<column name="transtype" type="4">0</column>
<column name="datasourceid" type="12"/>
</data3>
<data4>
<column name="id" type="4">520</column>
<column name="fieldid" type="4">6296</column>
<column name="formid" type="4">-11</column>
<column name="isbill" type="4">1</column>
<column name="nodeid" type="4">228</column>
<column name="attrcontent" type="12">doFieldMath(" $6295$ ")</column>
<column name="caltype" type="4">2</column>
<column name="othertype" type="4">0</column>
<column name="transtype" type="4">0</column>
<column name="datasourceid" type="12"/>
</data4>
<data5>
<column name="id" type="4">521</column>
<column name="fieldid" type="4">6296</column>
<column name="formid" type="4">-11</column>
<column name="isbill" type="4">1</column>
<column name="nodeid" type="4">226</column>
<column name="attrcontent" type="12">doFieldMath(" $6295$ ")</column>
<column name="caltype" type="4">2</column>
<column name="othertype" type="4">0</column>
<column name="transtype" type="4">0</column>
<column name="datasourceid" type="12"/>
</data5>
<data6>
<column name="id" type="4">532</column>
<column name="fieldid" type="4">6296</column>
<column name="formid" type="4">-11</column>
<column name="isbill" type="4">1</column>
<column name="nodeid" type="4">223</column>
<column name="attrcontent" type="12">doFieldMath(" $6295$ ")</column>
<column name="caltype" type="4">2</column>
<column name="othertype" type="4">0</column>
<column name="transtype" type="4">0</column>
<column name="datasourceid" type="12"/>
</data6>
<data7>
<column name="id" type="4">533</column>
<column name="fieldid" type="4">6296</column>
<column name="formid" type="4">-11</column>
<column name="isbill" type="4">1</column>
<column name="nodeid" type="4">217</column>
<column name="attrcontent" type="12">doFieldMath(" $6295$ ")</column>
<column name="caltype" type="4">2</column>
<column name="othertype" type="4">0</column>
<column name="transtype" type="4">0</column>
<column name="datasourceid" type="12"/>
</data7>
<data8>
<column name="id" type="4">534</column>
<column name="fieldid" type="4">6296</column>
<column name="formid" type="4">-11</column>
<column name="isbill" type="4">1</column>
<column name="nodeid" type="4">218</column>
<column name="attrcontent" type="12">doFieldMath(" $6295$ ")</column>
<column name="caltype" type="4">2</column>
<column name="othertype" type="4">0</column>
<column name="transtype" type="4">0</column>
<column name="datasourceid" type="12"/>
</data8>
<data9>
<column name="id" type="4">535</column>
<column name="fieldid" type="4">6296</column>
<column name="formid" type="4">-11</column>
<column name="isbill" type="4">1</column>
<column name="nodeid" type="4">219</column>
<column name="attrcontent" type="12">doFieldMath(" $6295$ ")</column>
<column name="caltype" type="4">2</column>
<column name="othertype" type="4">0</column>
<column name="transtype" type="4">0</column>
<column name="datasourceid" type="12"/>
</data9>
<data10>
<column name="id" type="4">536</column>
<column name="fieldid" type="4">6296</column>
<column name="formid" type="4">-11</column>
<column name="isbill" type="4">1</column>
<column name="nodeid" type="4">220</column>
<column name="attrcontent" type="12">doFieldMath(" $6295$ ")</column>
<column name="caltype" type="4">2</column>
<column name="othertype" type="4">0</column>
<column name="transtype" type="4">0</column>
<column name="datasourceid" type="12"/>
</data10>
<data11>
<column name="id" type="4">537</column>
<column name="fieldid" type="4">6296</column>
<column name="formid" type="4">-11</column>
<column name="isbill" type="4">1</column>
<column name="nodeid" type="4">221</column>
<column name="attrcontent" type="12">doFieldMath(" $6295$ ")</column>
<column name="caltype" type="4">2</column>
<column name="othertype" type="4">0</column>
<column name="transtype" type="4">0</column>
<column name="datasourceid" type="12"/>
</data11>
<data12>
<column name="id" type="4">538</column>
<column name="fieldid" type="4">6296</column>
<column name="formid" type="4">-11</column>
<column name="isbill" type="4">1</column>
<column name="nodeid" type="4">222</column>
<column name="attrcontent" type="12">doFieldMath(" $6295$ ")</column>
<column name="caltype" type="4">2</column>
<column name="othertype" type="4">0</column>
<column name="transtype" type="4">0</column>
<column name="datasourceid" type="12"/>
</data12>
</datas>
</workflow_nodefieldattr>
</ROOT>
