<?xml version="1.0" encoding="GB2312"?>
<ROOT>
<workflow_addinoperate>
<datas count="5">
<data1>
<column name="id" type="4">9</column>
<column name="objid" type="4">163</column>
<column name="isnode" type="4">1</column>
<column name="workflowid" type="4">38</column>
<column name="fieldid" type="4"/>
<column name="fieldop1id" type="4"/>
<column name="fieldop2id" type="4"/>
<column name="operation" type="4"/>
<column name="customervalue" type="12">1</column>
<column name="rules" type="4"/>
<column name="type" type="4">3</column>
<column name="ispreadd" type="1">0</column>
<column name="wftomodesetid" type="12"/>
<column name="isnewsap" type="12">0</column>
<column name="wftofinancesetid" type="4"/>
<column name="isTriggerReject" type="4">0</column>
</data1>
<data2>
<column name="id" type="4">10</column>
<column name="objid" type="4">166</column>
<column name="isnode" type="4">1</column>
<column name="workflowid" type="4">38</column>
<column name="fieldid" type="4"/>
<column name="fieldop1id" type="4"/>
<column name="fieldop2id" type="4"/>
<column name="operation" type="4"/>
<column name="customervalue" type="12">1</column>
<column name="rules" type="4"/>
<column name="type" type="4">3</column>
<column name="ispreadd" type="1">0</column>
<column name="wftomodesetid" type="12"/>
<column name="isnewsap" type="12">0</column>
<column name="wftofinancesetid" type="4"/>
<column name="isTriggerReject" type="4">0</column>
</data2>
<data3>
<column name="id" type="4">11</column>
<column name="objid" type="4">167</column>
<column name="isnode" type="4">1</column>
<column name="workflowid" type="4">38</column>
<column name="fieldid" type="4"/>
<column name="fieldop1id" type="4"/>
<column name="fieldop2id" type="4"/>
<column name="operation" type="4"/>
<column name="customervalue" type="12">1</column>
<column name="rules" type="4"/>
<column name="type" type="4">3</column>
<column name="ispreadd" type="1">0</column>
<column name="wftomodesetid" type="12"/>
<column name="isnewsap" type="12">0</column>
<column name="wftofinancesetid" type="4"/>
<column name="isTriggerReject" type="4">0</column>
</data3>
<data4>
<column name="id" type="4">12</column>
<column name="objid" type="4">163</column>
<column name="isnode" type="4">1</column>
<column name="workflowid" type="4">38</column>
<column name="fieldid" type="4"/>
<column name="fieldop1id" type="4"/>
<column name="fieldop2id" type="4"/>
<column name="operation" type="4"/>
<column name="customervalue" type="12">1</column>
<column name="rules" type="4"/>
<column name="type" type="4">3</column>
<column name="ispreadd" type="1">1</column>
<column name="wftomodesetid" type="12"/>
<column name="isnewsap" type="12">0</column>
<column name="wftofinancesetid" type="4"/>
<column name="isTriggerReject" type="4">1</column>
</data4>
<data5>
<column name="id" type="4">64</column>
<column name="objid" type="4">163</column>
<column name="isnode" type="4">1</column>
<column name="workflowid" type="4">38</column>
<column name="fieldid" type="4">5853</column>
<column name="fieldop1id" type="4">0</column>
<column name="fieldop2id" type="4">0</column>
<column name="operation" type="4">0</column>
<column name="customervalue" type="12"/>
<column name="rules" type="4">0</column>
<column name="type" type="4">0</column>
<column name="ispreadd" type="1">1</column>
<column name="wftomodesetid" type="12"/>
<column name="isnewsap" type="12">0</column>
<column name="wftofinancesetid" type="4"/>
<column name="isTriggerReject" type="4"/>
</data5>
</datas>
</workflow_addinoperate>
</ROOT>
