<?xml version="1.0" encoding="GB2312"?>
<ROOT>
<workflow_NodeFormGroup>
<datas count="12">
<data1>
<column name="nodeid" type="4">180</column>
<column name="groupid" type="4">0</column>
<column name="isadd" type="1">1</column>
<column name="isedit" type="1">1</column>
<column name="isdelete" type="1">1</column>
<column name="ishidenull" type="1">0</column>
<column name="isdefault" type="1">1</column>
<column name="isneed" type="1">0</column>
<column name="isopensapmul" type="1">0</column>
<column name="defaultrows" type="4">1</column>
<column name="isprintserial" type="1">0</column>
<column name="allowscroll" type="1">0</column>
</data1>
<data2>
<column name="nodeid" type="4">180</column>
<column name="groupid" type="4">1</column>
<column name="isadd" type="1">1</column>
<column name="isedit" type="1">1</column>
<column name="isdelete" type="1">1</column>
<column name="ishidenull" type="1">0</column>
<column name="isdefault" type="1">0</column>
<column name="isneed" type="1">0</column>
<column name="isopensapmul" type="1">0</column>
<column name="defaultrows" type="4">1</column>
<column name="isprintserial" type="1">0</column>
<column name="allowscroll" type="1">0</column>
</data2>
<data3>
<column name="nodeid" type="4">180</column>
<column name="groupid" type="4">2</column>
<column name="isadd" type="1">1</column>
<column name="isedit" type="1">1</column>
<column name="isdelete" type="1">1</column>
<column name="ishidenull" type="1">0</column>
<column name="isdefault" type="1">0</column>
<column name="isneed" type="1">0</column>
<column name="isopensapmul" type="1">0</column>
<column name="defaultrows" type="4">1</column>
<column name="isprintserial" type="1">0</column>
<column name="allowscroll" type="1">0</column>
</data3>
<data4>
<column name="nodeid" type="4">181</column>
<column name="groupid" type="4">0</column>
<column name="isadd" type="1">1</column>
<column name="isedit" type="1">1</column>
<column name="isdelete" type="1">1</column>
<column name="ishidenull" type="1">0</column>
<column name="isdefault" type="1">1</column>
<column name="isneed" type="1">0</column>
<column name="isopensapmul" type="1">0</column>
<column name="defaultrows" type="4">1</column>
<column name="isprintserial" type="1">0</column>
<column name="allowscroll" type="1">0</column>
</data4>
<data5>
<column name="nodeid" type="4">181</column>
<column name="groupid" type="4">1</column>
<column name="isadd" type="1">1</column>
<column name="isedit" type="1">1</column>
<column name="isdelete" type="1">1</column>
<column name="ishidenull" type="1">0</column>
<column name="isdefault" type="1">0</column>
<column name="isneed" type="1">0</column>
<column name="isopensapmul" type="1">0</column>
<column name="defaultrows" type="4">1</column>
<column name="isprintserial" type="1">0</column>
<column name="allowscroll" type="1">0</column>
</data5>
<data6>
<column name="nodeid" type="4">181</column>
<column name="groupid" type="4">2</column>
<column name="isadd" type="1">1</column>
<column name="isedit" type="1">1</column>
<column name="isdelete" type="1">1</column>
<column name="ishidenull" type="1">0</column>
<column name="isdefault" type="1">0</column>
<column name="isneed" type="1">0</column>
<column name="isopensapmul" type="1">0</column>
<column name="defaultrows" type="4">1</column>
<column name="isprintserial" type="1">0</column>
<column name="allowscroll" type="1">0</column>
</data6>
<data7>
<column name="nodeid" type="4">182</column>
<column name="groupid" type="4">0</column>
<column name="isadd" type="1">1</column>
<column name="isedit" type="1">1</column>
<column name="isdelete" type="1">1</column>
<column name="ishidenull" type="1">0</column>
<column name="isdefault" type="1">1</column>
<column name="isneed" type="1">0</column>
<column name="isopensapmul" type="1">0</column>
<column name="defaultrows" type="4">1</column>
<column name="isprintserial" type="1">0</column>
<column name="allowscroll" type="1">0</column>
</data7>
<data8>
<column name="nodeid" type="4">182</column>
<column name="groupid" type="4">1</column>
<column name="isadd" type="1">1</column>
<column name="isedit" type="1">1</column>
<column name="isdelete" type="1">1</column>
<column name="ishidenull" type="1">0</column>
<column name="isdefault" type="1">0</column>
<column name="isneed" type="1">0</column>
<column name="isopensapmul" type="1">0</column>
<column name="defaultrows" type="4">1</column>
<column name="isprintserial" type="1">0</column>
<column name="allowscroll" type="1">0</column>
</data8>
<data9>
<column name="nodeid" type="4">182</column>
<column name="groupid" type="4">2</column>
<column name="isadd" type="1">1</column>
<column name="isedit" type="1">1</column>
<column name="isdelete" type="1">1</column>
<column name="ishidenull" type="1">0</column>
<column name="isdefault" type="1">0</column>
<column name="isneed" type="1">0</column>
<column name="isopensapmul" type="1">0</column>
<column name="defaultrows" type="4">1</column>
<column name="isprintserial" type="1">0</column>
<column name="allowscroll" type="1">0</column>
</data9>
<data10>
<column name="nodeid" type="4">183</column>
<column name="groupid" type="4">0</column>
<column name="isadd" type="1">1</column>
<column name="isedit" type="1">1</column>
<column name="isdelete" type="1">1</column>
<column name="ishidenull" type="1">0</column>
<column name="isdefault" type="1">1</column>
<column name="isneed" type="1">0</column>
<column name="isopensapmul" type="1">0</column>
<column name="defaultrows" type="4">1</column>
<column name="isprintserial" type="1">0</column>
<column name="allowscroll" type="1">0</column>
</data10>
<data11>
<column name="nodeid" type="4">183</column>
<column name="groupid" type="4">1</column>
<column name="isadd" type="1">1</column>
<column name="isedit" type="1">1</column>
<column name="isdelete" type="1">1</column>
<column name="ishidenull" type="1">0</column>
<column name="isdefault" type="1">0</column>
<column name="isneed" type="1">0</column>
<column name="isopensapmul" type="1">0</column>
<column name="defaultrows" type="4">1</column>
<column name="isprintserial" type="1">0</column>
<column name="allowscroll" type="1">0</column>
</data11>
<data12>
<column name="nodeid" type="4">183</column>
<column name="groupid" type="4">2</column>
<column name="isadd" type="1">1</column>
<column name="isedit" type="1">1</column>
<column name="isdelete" type="1">1</column>
<column name="ishidenull" type="1">0</column>
<column name="isdefault" type="1">0</column>
<column name="isneed" type="1">0</column>
<column name="isopensapmul" type="1">0</column>
<column name="defaultrows" type="4">1</column>
<column name="isprintserial" type="1">0</column>
<column name="allowscroll" type="1">0</column>
</data12>
</datas>
</workflow_NodeFormGroup>
</ROOT>
