<?xml version="1.0" encoding="GB2312"?>
<ROOT>
<workflow_bill>
<datas count="1">
<data1>
<column name="id" type="4">-14</column>
<column name="namelabel" type="4">-9355</column>
<column name="tablename" type="12">formtable_main_14</column>
<column name="createpage" type="12"/>
<column name="managepage" type="12"/>
<column name="viewpage" type="12"/>
<column name="detailtablename" type="12"/>
<column name="detailkeyfield" type="12">mainid</column>
<column name="operationpage" type="12"/>
<column name="hasFileUp" type="1"/>
<column name="invalid" type="4"/>
<column name="formdes" type="12"/>
<column name="subcompanyid" type="4">1</column>
<column name="dsporder" type="8"/>
<column name="subcompanyid3" type="4">1</column>
<column name="from_module_" type="12"/>
</data1>
</datas>
</workflow_bill>
</ROOT>
