<?xml version="1.0" encoding="GB2312"?>
<ROOT>
<workflowactionset>
<datas count="3">
<data1>
<column name="id" type="4">109</column>
<column name="actionname" type="12">action.FnaChangeFreezeNew</column>
<column name="workflowid" type="4">53</column>
<column name="nodeid" type="4">247</column>
<column name="nodelinkid" type="4">0</column>
<column name="ispreoperator" type="4">0</column>
<column name="actionorder" type="4">77777</column>
<column name="interfaceid" type="12">FnaChangeFreezeNew</column>
<column name="interfacetype" type="4">3</column>
<column name="typename" type="12"/>
<column name="isused" type="4">1</column>
</data1>
<data2>
<column name="id" type="4">110</column>
<column name="actionname" type="12">action.FnaChangeEffectNew</column>
<column name="workflowid" type="4">53</column>
<column name="nodeid" type="4">250</column>
<column name="nodelinkid" type="4">0</column>
<column name="ispreoperator" type="4">0</column>
<column name="actionorder" type="4">88888</column>
<column name="interfaceid" type="12">FnaChangeEffectNew</column>
<column name="interfacetype" type="4">3</column>
<column name="typename" type="12"/>
<column name="isused" type="4">1</column>
</data2>
<data3>
<column name="id" type="4">111</column>
<column name="actionname" type="12">action.FnaChangeRejectNew</column>
<column name="workflowid" type="4">53</column>
<column name="nodeid" type="4">247</column>
<column name="nodelinkid" type="4">0</column>
<column name="ispreoperator" type="4">1</column>
<column name="actionorder" type="4">99999</column>
<column name="interfaceid" type="12">FnaChangeRejectNew</column>
<column name="interfacetype" type="4">3</column>
<column name="typename" type="12"/>
<column name="isused" type="4">1</column>
</data3>
</datas>
</workflowactionset>
</ROOT>
