<?xml version="1.0" encoding="GB2312"?>
<ROOT>
<workflow_billfield>
<datas count="37">
<data1>
<column name="id" type="4">6119</column>
<column name="billid" type="4">-8</column>
<column name="fieldname" type="12">currtype</column>
<column name="fieldlabel" type="4">-9237</column>
<column name="fielddbtype" type="12">int</column>
<column name="fieldhtmltype" type="1">5</column>
<column name="type" type="4">1</column>
<column name="viewtype" type="4">0</column>
<column name="detailtable" type="12"/>
<column name="fromUser" type="1">1</column>
<column name="textheight" type="4">0</column>
<column name="dsporder" type="3">11.50</column>
<column name="childfieldid" type="4"/>
<column name="imgheight" type="4">100</column>
<column name="imgwidth" type="4">100</column>
<column name="places" type="4">0</column>
<column name="qfws" type="12">0</column>
<column name="textheight_2" type="12"/>
<column name="selectitem" type="4">0</column>
<column name="linkfield" type="4">0</column>
<column name="selectItemType" type="1">0</column>
<column name="pubchoiceId" type="4">0</column>
<column name="pubchilchoiceId" type="4">0</column>
<column name="statelev" type="4"/>
<column name="locatetype" type="1"/>
</data1>
<data2>
<column name="id" type="4">6120</column>
<column name="billid" type="4">-8</column>
<column name="fieldname" type="12">flowno</column>
<column name="fieldlabel" type="4">-9216</column>
<column name="fielddbtype" type="12">varchar(50)</column>
<column name="fieldhtmltype" type="1">1</column>
<column name="type" type="4">1</column>
<column name="viewtype" type="4">0</column>
<column name="detailtable" type="12"/>
<column name="fromUser" type="1">1</column>
<column name="textheight" type="4">0</column>
<column name="dsporder" type="3">1.00</column>
<column name="childfieldid" type="4"/>
<column name="imgheight" type="4">100</column>
<column name="imgwidth" type="4">100</column>
<column name="places" type="4">0</column>
<column name="qfws" type="12">0</column>
<column name="textheight_2" type="12"/>
<column name="selectitem" type="4">0</column>
<column name="linkfield" type="4">0</column>
<column name="selectItemType" type="1">0</column>
<column name="pubchoiceId" type="4">0</column>
<column name="pubchilchoiceId" type="4">0</column>
<column name="statelev" type="4"/>
<column name="locatetype" type="1"/>
</data2>
<data3>
<column name="id" type="4">6121</column>
<column name="billid" type="4">-8</column>
<column name="fieldname" type="12">reqdate</column>
<column name="fieldlabel" type="4">855</column>
<column name="fielddbtype" type="12">char(10)</column>
<column name="fieldhtmltype" type="1">3</column>
<column name="type" type="4">2</column>
<column name="viewtype" type="4">0</column>
<column name="detailtable" type="12"/>
<column name="fromUser" type="1">1</column>
<column name="textheight" type="4">0</column>
<column name="dsporder" type="3">2.00</column>
<column name="childfieldid" type="4"/>
<column name="imgheight" type="4">100</column>
<column name="imgwidth" type="4">100</column>
<column name="places" type="4">0</column>
<column name="qfws" type="12">0</column>
<column name="textheight_2" type="12"/>
<column name="selectitem" type="4">0</column>
<column name="linkfield" type="4">0</column>
<column name="selectItemType" type="1">0</column>
<column name="pubchoiceId" type="4">0</column>
<column name="pubchilchoiceId" type="4">0</column>
<column name="statelev" type="4"/>
<column name="locatetype" type="1"/>
</data3>
<data4>
<column name="id" type="4">6122</column>
<column name="billid" type="4">-8</column>
<column name="fieldname" type="12">reqman</column>
<column name="fieldlabel" type="4">-9217</column>
<column name="fielddbtype" type="12">int</column>
<column name="fieldhtmltype" type="1">3</column>
<column name="type" type="4">1</column>
<column name="viewtype" type="4">0</column>
<column name="detailtable" type="12"/>
<column name="fromUser" type="1">1</column>
<column name="textheight" type="4">0</column>
<column name="dsporder" type="3">3.00</column>
<column name="childfieldid" type="4"/>
<column name="imgheight" type="4">100</column>
<column name="imgwidth" type="4">100</column>
<column name="places" type="4">0</column>
<column name="qfws" type="12">0</column>
<column name="textheight_2" type="12"/>
<column name="selectitem" type="4">0</column>
<column name="linkfield" type="4">0</column>
<column name="selectItemType" type="1">0</column>
<column name="pubchoiceId" type="4">0</column>
<column name="pubchilchoiceId" type="4">0</column>
<column name="statelev" type="4"/>
<column name="locatetype" type="1"/>
</data4>
<data5>
<column name="id" type="4">6123</column>
<column name="billid" type="4">-8</column>
<column name="fieldname" type="12">reqsub</column>
<column name="fieldlabel" type="4">-9218</column>
<column name="fielddbtype" type="12">int</column>
<column name="fieldhtmltype" type="1">3</column>
<column name="type" type="4">164</column>
<column name="viewtype" type="4">0</column>
<column name="detailtable" type="12"/>
<column name="fromUser" type="1">1</column>
<column name="textheight" type="4">0</column>
<column name="dsporder" type="3">4.00</column>
<column name="childfieldid" type="4"/>
<column name="imgheight" type="4">100</column>
<column name="imgwidth" type="4">100</column>
<column name="places" type="4">0</column>
<column name="qfws" type="12">0</column>
<column name="textheight_2" type="12"/>
<column name="selectitem" type="4">0</column>
<column name="linkfield" type="4">0</column>
<column name="selectItemType" type="1">0</column>
<column name="pubchoiceId" type="4">0</column>
<column name="pubchilchoiceId" type="4">0</column>
<column name="statelev" type="4"/>
<column name="locatetype" type="1"/>
</data5>
<data6>
<column name="id" type="4">6124</column>
<column name="billid" type="4">-8</column>
<column name="fieldname" type="12">reqdept</column>
<column name="fieldlabel" type="4">32958</column>
<column name="fielddbtype" type="12">int</column>
<column name="fieldhtmltype" type="1">3</column>
<column name="type" type="4">4</column>
<column name="viewtype" type="4">0</column>
<column name="detailtable" type="12"/>
<column name="fromUser" type="1">1</column>
<column name="textheight" type="4">0</column>
<column name="dsporder" type="3">5.00</column>
<column name="childfieldid" type="4"/>
<column name="imgheight" type="4">100</column>
<column name="imgwidth" type="4">100</column>
<column name="places" type="4">0</column>
<column name="qfws" type="12">0</column>
<column name="textheight_2" type="12"/>
<column name="selectitem" type="4">0</column>
<column name="linkfield" type="4">0</column>
<column name="selectItemType" type="1">0</column>
<column name="pubchoiceId" type="4">0</column>
<column name="pubchilchoiceId" type="4">0</column>
<column name="statelev" type="4"/>
<column name="locatetype" type="1"/>
</data6>
<data7>
<column name="id" type="4">6125</column>
<column name="billid" type="4">-8</column>
<column name="fieldname" type="12">reqstation</column>
<column name="fieldlabel" type="4">-9219</column>
<column name="fielddbtype" type="12">int</column>
<column name="fieldhtmltype" type="1">3</column>
<column name="type" type="4">24</column>
<column name="viewtype" type="4">0</column>
<column name="detailtable" type="12"/>
<column name="fromUser" type="1">1</column>
<column name="textheight" type="4">0</column>
<column name="dsporder" type="3">6.00</column>
<column name="childfieldid" type="4"/>
<column name="imgheight" type="4">100</column>
<column name="imgwidth" type="4">100</column>
<column name="places" type="4">0</column>
<column name="qfws" type="12">0</column>
<column name="textheight_2" type="12"/>
<column name="selectitem" type="4">0</column>
<column name="linkfield" type="4">0</column>
<column name="selectItemType" type="1">0</column>
<column name="pubchoiceId" type="4">0</column>
<column name="pubchilchoiceId" type="4">0</column>
<column name="statelev" type="4"/>
<column name="locatetype" type="1"/>
</data7>
<data8>
<column name="id" type="4">6126</column>
<column name="billid" type="4">-8</column>
<column name="fieldname" type="12">reqtel</column>
<column name="fieldlabel" type="4">15858</column>
<column name="fielddbtype" type="12">varchar(50)</column>
<column name="fieldhtmltype" type="1">1</column>
<column name="type" type="4">1</column>
<column name="viewtype" type="4">0</column>
<column name="detailtable" type="12"/>
<column name="fromUser" type="1">1</column>
<column name="textheight" type="4">0</column>
<column name="dsporder" type="3">7.00</column>
<column name="childfieldid" type="4"/>
<column name="imgheight" type="4">100</column>
<column name="imgwidth" type="4">100</column>
<column name="places" type="4">0</column>
<column name="qfws" type="12">0</column>
<column name="textheight_2" type="12"/>
<column name="selectitem" type="4">0</column>
<column name="linkfield" type="4">0</column>
<column name="selectItemType" type="1">0</column>
<column name="pubchoiceId" type="4">0</column>
<column name="pubchilchoiceId" type="4">0</column>
<column name="statelev" type="4"/>
<column name="locatetype" type="1"/>
</data8>
<data9>
<column name="id" type="4">6129</column>
<column name="billid" type="4">-8</column>
<column name="fieldname" type="12">eeramt</column>
<column name="fieldlabel" type="4">856</column>
<column name="fielddbtype" type="12">decimal(15,2)</column>
<column name="fieldhtmltype" type="1">1</column>
<column name="type" type="4">3</column>
<column name="viewtype" type="4">0</column>
<column name="detailtable" type="12"/>
<column name="fromUser" type="1">1</column>
<column name="textheight" type="4">0</column>
<column name="dsporder" type="3">10.00</column>
<column name="childfieldid" type="4"/>
<column name="imgheight" type="4">100</column>
<column name="imgwidth" type="4">100</column>
<column name="places" type="4">0</column>
<column name="qfws" type="12">0</column>
<column name="textheight_2" type="12"/>
<column name="selectitem" type="4">0</column>
<column name="linkfield" type="4">0</column>
<column name="selectItemType" type="1">0</column>
<column name="pubchoiceId" type="4">0</column>
<column name="pubchilchoiceId" type="4">0</column>
<column name="statelev" type="4"/>
<column name="locatetype" type="1"/>
</data9>
<data10>
<column name="id" type="4">6130</column>
<column name="billid" type="4">-8</column>
<column name="fieldname" type="12">cneeramt</column>
<column name="fieldlabel" type="4">-9224</column>
<column name="fielddbtype" type="12">decimal(15,2)</column>
<column name="fieldhtmltype" type="1">1</column>
<column name="type" type="4">3</column>
<column name="viewtype" type="4">0</column>
<column name="detailtable" type="12"/>
<column name="fromUser" type="1">1</column>
<column name="textheight" type="4">0</column>
<column name="dsporder" type="3">11.00</column>
<column name="childfieldid" type="4"/>
<column name="imgheight" type="4">100</column>
<column name="imgwidth" type="4">100</column>
<column name="places" type="4">0</column>
<column name="qfws" type="12">0</column>
<column name="textheight_2" type="12"/>
<column name="selectitem" type="4">0</column>
<column name="linkfield" type="4">0</column>
<column name="selectItemType" type="1">0</column>
<column name="pubchoiceId" type="4">0</column>
<column name="pubchilchoiceId" type="4">0</column>
<column name="statelev" type="4"/>
<column name="locatetype" type="1"/>
</data10>
<data11>
<column name="id" type="4">6132</column>
<column name="billid" type="4">-8</column>
<column name="fieldname" type="12">ifloan</column>
<column name="fieldlabel" type="4">-9225</column>
<column name="fielddbtype" type="12">int</column>
<column name="fieldhtmltype" type="1">5</column>
<column name="type" type="4">1</column>
<column name="viewtype" type="4">0</column>
<column name="detailtable" type="12"/>
<column name="fromUser" type="1">1</column>
<column name="textheight" type="4">0</column>
<column name="dsporder" type="3">13.00</column>
<column name="childfieldid" type="4"/>
<column name="imgheight" type="4">100</column>
<column name="imgwidth" type="4">100</column>
<column name="places" type="4">0</column>
<column name="qfws" type="12">0</column>
<column name="textheight_2" type="12"/>
<column name="selectitem" type="4">0</column>
<column name="linkfield" type="4">0</column>
<column name="selectItemType" type="1">0</column>
<column name="pubchoiceId" type="4">0</column>
<column name="pubchilchoiceId" type="4">0</column>
<column name="statelev" type="4"/>
<column name="locatetype" type="1"/>
</data11>
<data12>
<column name="id" type="4">6133</column>
<column name="billid" type="4">-8</column>
<column name="fieldname" type="12">loantype</column>
<column name="fieldlabel" type="4">22138</column>
<column name="fielddbtype" type="12">int</column>
<column name="fieldhtmltype" type="1">5</column>
<column name="type" type="4">1</column>
<column name="viewtype" type="4">0</column>
<column name="detailtable" type="12"/>
<column name="fromUser" type="1">1</column>
<column name="textheight" type="4">0</column>
<column name="dsporder" type="3">14.00</column>
<column name="childfieldid" type="4"/>
<column name="imgheight" type="4">100</column>
<column name="imgwidth" type="4">100</column>
<column name="places" type="4">0</column>
<column name="qfws" type="12">0</column>
<column name="textheight_2" type="12"/>
<column name="selectitem" type="4">0</column>
<column name="linkfield" type="4">0</column>
<column name="selectItemType" type="1">0</column>
<column name="pubchoiceId" type="4">0</column>
<column name="pubchilchoiceId" type="4">0</column>
<column name="statelev" type="4"/>
<column name="locatetype" type="1"/>
</data12>
<data13>
<column name="id" type="4">6134</column>
<column name="billid" type="4">-8</column>
<column name="fieldname" type="12">loanamt</column>
<column name="fieldlabel" type="4">-9226</column>
<column name="fielddbtype" type="12">decimal(15,2)</column>
<column name="fieldhtmltype" type="1">1</column>
<column name="type" type="4">3</column>
<column name="viewtype" type="4">0</column>
<column name="detailtable" type="12"/>
<column name="fromUser" type="1">1</column>
<column name="textheight" type="4">0</column>
<column name="dsporder" type="3">15.00</column>
<column name="childfieldid" type="4"/>
<column name="imgheight" type="4">100</column>
<column name="imgwidth" type="4">100</column>
<column name="places" type="4">0</column>
<column name="qfws" type="12">0</column>
<column name="textheight_2" type="12"/>
<column name="selectitem" type="4">0</column>
<column name="linkfield" type="4">0</column>
<column name="selectItemType" type="1">0</column>
<column name="pubchoiceId" type="4">0</column>
<column name="pubchilchoiceId" type="4">0</column>
<column name="statelev" type="4"/>
<column name="locatetype" type="1"/>
</data13>
<data14>
<column name="id" type="4">6135</column>
<column name="billid" type="4">-8</column>
<column name="fieldname" type="12">loanreason</column>
<column name="fieldlabel" type="4">-9227</column>
<column name="fielddbtype" type="12">varchar(300)</column>
<column name="fieldhtmltype" type="1">1</column>
<column name="type" type="4">1</column>
<column name="viewtype" type="4">0</column>
<column name="detailtable" type="12"/>
<column name="fromUser" type="1">1</column>
<column name="textheight" type="4">0</column>
<column name="dsporder" type="3">16.00</column>
<column name="childfieldid" type="4"/>
<column name="imgheight" type="4">100</column>
<column name="imgwidth" type="4">100</column>
<column name="places" type="4">0</column>
<column name="qfws" type="12">0</column>
<column name="textheight_2" type="12"/>
<column name="selectitem" type="4">0</column>
<column name="linkfield" type="4">0</column>
<column name="selectItemType" type="1">0</column>
<column name="pubchoiceId" type="4">0</column>
<column name="pubchilchoiceId" type="4">0</column>
<column name="statelev" type="4"/>
<column name="locatetype" type="1"/>
</data14>
<data15>
<column name="id" type="4">6136</column>
<column name="billid" type="4">-8</column>
<column name="fieldname" type="12">hrmid</column>
<column name="fieldlabel" type="4">362</column>
<column name="fielddbtype" type="12">int</column>
<column name="fieldhtmltype" type="1">3</column>
<column name="type" type="4">1</column>
<column name="viewtype" type="4">1</column>
<column name="detailtable" type="12">formtable_main_8_dt3</column>
<column name="fromUser" type="1">1</column>
<column name="textheight" type="4">0</column>
<column name="dsporder" type="3">1.00</column>
<column name="childfieldid" type="4"/>
<column name="imgheight" type="4">50</column>
<column name="imgwidth" type="4">50</column>
<column name="places" type="4"/>
<column name="qfws" type="12"/>
<column name="textheight_2" type="12"/>
<column name="selectitem" type="4"/>
<column name="linkfield" type="4"/>
<column name="selectItemType" type="1">0</column>
<column name="pubchoiceId" type="4">0</column>
<column name="pubchilchoiceId" type="4">0</column>
<column name="statelev" type="4"/>
<column name="locatetype" type="1"/>
</data15>
<data16>
<column name="id" type="4">6137</column>
<column name="billid" type="4">-8</column>
<column name="fieldname" type="12">hrmcode</column>
<column name="fieldlabel" type="4">19401</column>
<column name="fielddbtype" type="12">varchar(50)</column>
<column name="fieldhtmltype" type="1">1</column>
<column name="type" type="4">1</column>
<column name="viewtype" type="4">1</column>
<column name="detailtable" type="12">formtable_main_8_dt3</column>
<column name="fromUser" type="1">1</column>
<column name="textheight" type="4">0</column>
<column name="dsporder" type="3">2.00</column>
<column name="childfieldid" type="4"/>
<column name="imgheight" type="4">50</column>
<column name="imgwidth" type="4">50</column>
<column name="places" type="4"/>
<column name="qfws" type="12"/>
<column name="textheight_2" type="12"/>
<column name="selectitem" type="4"/>
<column name="linkfield" type="4"/>
<column name="selectItemType" type="1">0</column>
<column name="pubchoiceId" type="4">0</column>
<column name="pubchilchoiceId" type="4">0</column>
<column name="statelev" type="4"/>
<column name="locatetype" type="1"/>
</data16>
<data17>
<column name="id" type="4">6138</column>
<column name="billid" type="4">-8</column>
<column name="fieldname" type="12">hrmname</column>
<column name="fieldlabel" type="4">21965</column>
<column name="fielddbtype" type="12">varchar(50)</column>
<column name="fieldhtmltype" type="1">1</column>
<column name="type" type="4">1</column>
<column name="viewtype" type="4">1</column>
<column name="detailtable" type="12">formtable_main_8_dt3</column>
<column name="fromUser" type="1">1</column>
<column name="textheight" type="4">0</column>
<column name="dsporder" type="3">3.00</column>
<column name="childfieldid" type="4"/>
<column name="imgheight" type="4">50</column>
<column name="imgwidth" type="4">50</column>
<column name="places" type="4"/>
<column name="qfws" type="12"/>
<column name="textheight_2" type="12"/>
<column name="selectitem" type="4"/>
<column name="linkfield" type="4"/>
<column name="selectItemType" type="1">0</column>
<column name="pubchoiceId" type="4">0</column>
<column name="pubchilchoiceId" type="4">0</column>
<column name="statelev" type="4"/>
<column name="locatetype" type="1"/>
</data17>
<data18>
<column name="id" type="4">6139</column>
<column name="billid" type="4">-8</column>
<column name="fieldname" type="12">hrmbankname</column>
<column name="fieldlabel" type="4">19937</column>
<column name="fielddbtype" type="12">varchar(100)</column>
<column name="fieldhtmltype" type="1">1</column>
<column name="type" type="4">1</column>
<column name="viewtype" type="4">1</column>
<column name="detailtable" type="12">formtable_main_8_dt3</column>
<column name="fromUser" type="1">1</column>
<column name="textheight" type="4">0</column>
<column name="dsporder" type="3">4.00</column>
<column name="childfieldid" type="4"/>
<column name="imgheight" type="4">50</column>
<column name="imgwidth" type="4">50</column>
<column name="places" type="4"/>
<column name="qfws" type="12"/>
<column name="textheight_2" type="12"/>
<column name="selectitem" type="4"/>
<column name="linkfield" type="4"/>
<column name="selectItemType" type="1">0</column>
<column name="pubchoiceId" type="4">0</column>
<column name="pubchilchoiceId" type="4">0</column>
<column name="statelev" type="4"/>
<column name="locatetype" type="1"/>
</data18>
<data19>
<column name="id" type="4">6140</column>
<column name="billid" type="4">-8</column>
<column name="fieldname" type="12">hrmbankcode</column>
<column name="fieldlabel" type="4">-9235</column>
<column name="fielddbtype" type="12">varchar(50)</column>
<column name="fieldhtmltype" type="1">1</column>
<column name="type" type="4">1</column>
<column name="viewtype" type="4">1</column>
<column name="detailtable" type="12">formtable_main_8_dt3</column>
<column name="fromUser" type="1">1</column>
<column name="textheight" type="4">0</column>
<column name="dsporder" type="3">5.00</column>
<column name="childfieldid" type="4"/>
<column name="imgheight" type="4">50</column>
<column name="imgwidth" type="4">50</column>
<column name="places" type="4"/>
<column name="qfws" type="12"/>
<column name="textheight_2" type="12"/>
<column name="selectitem" type="4"/>
<column name="linkfield" type="4"/>
<column name="selectItemType" type="1">0</column>
<column name="pubchoiceId" type="4">0</column>
<column name="pubchilchoiceId" type="4">0</column>
<column name="statelev" type="4"/>
<column name="locatetype" type="1"/>
</data19>
<data20>
<column name="id" type="4">6141</column>
<column name="billid" type="4">-8</column>
<column name="fieldname" type="12">hrmbankaccount</column>
<column name="fieldlabel" type="4">22226</column>
<column name="fielddbtype" type="12">varchar(50)</column>
<column name="fieldhtmltype" type="1">1</column>
<column name="type" type="4">1</column>
<column name="viewtype" type="4">1</column>
<column name="detailtable" type="12">formtable_main_8_dt3</column>
<column name="fromUser" type="1">1</column>
<column name="textheight" type="4">0</column>
<column name="dsporder" type="3">6.00</column>
<column name="childfieldid" type="4"/>
<column name="imgheight" type="4">50</column>
<column name="imgwidth" type="4">50</column>
<column name="places" type="4"/>
<column name="qfws" type="12"/>
<column name="textheight_2" type="12"/>
<column name="selectitem" type="4"/>
<column name="linkfield" type="4"/>
<column name="selectItemType" type="1">0</column>
<column name="pubchoiceId" type="4">0</column>
<column name="pubchilchoiceId" type="4">0</column>
<column name="statelev" type="4"/>
<column name="locatetype" type="1"/>
</data20>
<data21>
<column name="id" type="4">6142</column>
<column name="billid" type="4">-8</column>
<column name="fieldname" type="12">paytype</column>
<column name="fieldlabel" type="4">15131</column>
<column name="fielddbtype" type="12">int</column>
<column name="fieldhtmltype" type="1">5</column>
<column name="type" type="4">1</column>
<column name="viewtype" type="4">1</column>
<column name="detailtable" type="12">formtable_main_8_dt3</column>
<column name="fromUser" type="1">1</column>
<column name="textheight" type="4">0</column>
<column name="dsporder" type="3">7.00</column>
<column name="childfieldid" type="4"/>
<column name="imgheight" type="4">50</column>
<column name="imgwidth" type="4">50</column>
<column name="places" type="4"/>
<column name="qfws" type="12"/>
<column name="textheight_2" type="12"/>
<column name="selectitem" type="4"/>
<column name="linkfield" type="4"/>
<column name="selectItemType" type="1">0</column>
<column name="pubchoiceId" type="4">0</column>
<column name="pubchilchoiceId" type="4">0</column>
<column name="statelev" type="4"/>
<column name="locatetype" type="1"/>
</data21>
<data22>
<column name="id" type="4">6143</column>
<column name="billid" type="4">-8</column>
<column name="fieldname" type="12">payamt</column>
<column name="fieldlabel" type="4">-9236</column>
<column name="fielddbtype" type="12">decimal(15,2)</column>
<column name="fieldhtmltype" type="1">1</column>
<column name="type" type="4">3</column>
<column name="viewtype" type="4">1</column>
<column name="detailtable" type="12">formtable_main_8_dt3</column>
<column name="fromUser" type="1">1</column>
<column name="textheight" type="4">0</column>
<column name="dsporder" type="3">8.00</column>
<column name="childfieldid" type="4"/>
<column name="imgheight" type="4">50</column>
<column name="imgwidth" type="4">50</column>
<column name="places" type="4"/>
<column name="qfws" type="12"/>
<column name="textheight_2" type="12"/>
<column name="selectitem" type="4"/>
<column name="linkfield" type="4"/>
<column name="selectItemType" type="1">0</column>
<column name="pubchoiceId" type="4">0</column>
<column name="pubchilchoiceId" type="4">0</column>
<column name="statelev" type="4"/>
<column name="locatetype" type="1"/>
</data22>
<data23>
<column name="id" type="4">6144</column>
<column name="billid" type="4">-8</column>
<column name="fieldname" type="12">loancontent</column>
<column name="fieldlabel" type="4">-9234</column>
<column name="fielddbtype" type="12">varchar(300)</column>
<column name="fieldhtmltype" type="1">1</column>
<column name="type" type="4">1</column>
<column name="viewtype" type="4">1</column>
<column name="detailtable" type="12">formtable_main_8_dt2</column>
<column name="fromUser" type="1">1</column>
<column name="textheight" type="4">0</column>
<column name="dsporder" type="3">1.00</column>
<column name="childfieldid" type="4"/>
<column name="imgheight" type="4">50</column>
<column name="imgwidth" type="4">50</column>
<column name="places" type="4"/>
<column name="qfws" type="12"/>
<column name="textheight_2" type="12"/>
<column name="selectitem" type="4"/>
<column name="linkfield" type="4"/>
<column name="selectItemType" type="1">0</column>
<column name="pubchoiceId" type="4">0</column>
<column name="pubchilchoiceId" type="4">0</column>
<column name="statelev" type="4"/>
<column name="locatetype" type="1"/>
</data23>
<data24>
<column name="id" type="4">6145</column>
<column name="billid" type="4">-8</column>
<column name="fieldname" type="12">duedate</column>
<column name="fieldlabel" type="4">18649</column>
<column name="fielddbtype" type="12">char(10)</column>
<column name="fieldhtmltype" type="1">3</column>
<column name="type" type="4">2</column>
<column name="viewtype" type="4">1</column>
<column name="detailtable" type="12">formtable_main_8_dt2</column>
<column name="fromUser" type="1">1</column>
<column name="textheight" type="4">0</column>
<column name="dsporder" type="3">2.00</column>
<column name="childfieldid" type="4"/>
<column name="imgheight" type="4">50</column>
<column name="imgwidth" type="4">50</column>
<column name="places" type="4"/>
<column name="qfws" type="12"/>
<column name="textheight_2" type="12"/>
<column name="selectitem" type="4"/>
<column name="linkfield" type="4"/>
<column name="selectItemType" type="1">0</column>
<column name="pubchoiceId" type="4">0</column>
<column name="pubchilchoiceId" type="4">0</column>
<column name="statelev" type="4"/>
<column name="locatetype" type="1"/>
</data24>
<data25>
<column name="id" type="4">6146</column>
<column name="billid" type="4">-8</column>
<column name="fieldname" type="12">applyamt</column>
<column name="fieldlabel" type="4">1043</column>
<column name="fielddbtype" type="12">decimal(15,2)</column>
<column name="fieldhtmltype" type="1">1</column>
<column name="type" type="4">3</column>
<column name="viewtype" type="4">1</column>
<column name="detailtable" type="12">formtable_main_8_dt2</column>
<column name="fromUser" type="1">1</column>
<column name="textheight" type="4">0</column>
<column name="dsporder" type="3">3.00</column>
<column name="childfieldid" type="4"/>
<column name="imgheight" type="4">50</column>
<column name="imgwidth" type="4">50</column>
<column name="places" type="4"/>
<column name="qfws" type="12"/>
<column name="textheight_2" type="12"/>
<column name="selectitem" type="4"/>
<column name="linkfield" type="4"/>
<column name="selectItemType" type="1">0</column>
<column name="pubchoiceId" type="4">0</column>
<column name="pubchilchoiceId" type="4">0</column>
<column name="statelev" type="4"/>
<column name="locatetype" type="1"/>
</data25>
<data26>
<column name="id" type="4">6147</column>
<column name="billid" type="4">-8</column>
<column name="fieldname" type="12">budgetmonth</column>
<column name="fieldlabel" type="4">-9221</column>
<column name="fielddbtype" type="12">char(10)</column>
<column name="fieldhtmltype" type="1">3</column>
<column name="type" type="4">2</column>
<column name="viewtype" type="4">1</column>
<column name="detailtable" type="12">formtable_main_8_dt1</column>
<column name="fromUser" type="1">1</column>
<column name="textheight" type="4">0</column>
<column name="dsporder" type="3">1.00</column>
<column name="childfieldid" type="4"/>
<column name="imgheight" type="4">50</column>
<column name="imgwidth" type="4">50</column>
<column name="places" type="4"/>
<column name="qfws" type="12"/>
<column name="textheight_2" type="12"/>
<column name="selectitem" type="4"/>
<column name="linkfield" type="4"/>
<column name="selectItemType" type="1">0</column>
<column name="pubchoiceId" type="4">0</column>
<column name="pubchilchoiceId" type="4">0</column>
<column name="statelev" type="4"/>
<column name="locatetype" type="1"/>
</data26>
<data27>
<column name="id" type="4">6148</column>
<column name="billid" type="4">-8</column>
<column name="fieldname" type="12">budgettype</column>
<column name="fieldlabel" type="4">15371</column>
<column name="fielddbtype" type="12">int</column>
<column name="fieldhtmltype" type="1">5</column>
<column name="type" type="4">1</column>
<column name="viewtype" type="4">1</column>
<column name="detailtable" type="12">formtable_main_8_dt1</column>
<column name="fromUser" type="1">1</column>
<column name="textheight" type="4">0</column>
<column name="dsporder" type="3">2.00</column>
<column name="childfieldid" type="4"/>
<column name="imgheight" type="4">50</column>
<column name="imgwidth" type="4">50</column>
<column name="places" type="4"/>
<column name="qfws" type="12"/>
<column name="textheight_2" type="12"/>
<column name="selectitem" type="4"/>
<column name="linkfield" type="4"/>
<column name="selectItemType" type="1">0</column>
<column name="pubchoiceId" type="4">0</column>
<column name="pubchilchoiceId" type="4">0</column>
<column name="statelev" type="4"/>
<column name="locatetype" type="1"/>
</data27>
<data28>
<column name="id" type="4">6149</column>
<column name="billid" type="4">-8</column>
<column name="fieldname" type="12">costcenterid</column>
<column name="fieldlabel" type="4">-9222</column>
<column name="fielddbtype" type="12">int</column>
<column name="fieldhtmltype" type="1">3</column>
<column name="type" type="4">4</column>
<column name="viewtype" type="4">1</column>
<column name="detailtable" type="12">formtable_main_8_dt1</column>
<column name="fromUser" type="1">1</column>
<column name="textheight" type="4">0</column>
<column name="dsporder" type="3">3.00</column>
<column name="childfieldid" type="4"/>
<column name="imgheight" type="4">50</column>
<column name="imgwidth" type="4">50</column>
<column name="places" type="4"/>
<column name="qfws" type="12"/>
<column name="textheight_2" type="12"/>
<column name="selectitem" type="4"/>
<column name="linkfield" type="4"/>
<column name="selectItemType" type="1">0</column>
<column name="pubchoiceId" type="4">0</column>
<column name="pubchilchoiceId" type="4">0</column>
<column name="statelev" type="4"/>
<column name="locatetype" type="1"/>
</data28>
<data29>
<column name="id" type="4">6150</column>
<column name="billid" type="4">-8</column>
<column name="fieldname" type="12">budgetaccountid</column>
<column name="fieldlabel" type="4">1462</column>
<column name="fielddbtype" type="12">int</column>
<column name="fieldhtmltype" type="1">3</column>
<column name="type" type="4">22</column>
<column name="viewtype" type="4">1</column>
<column name="detailtable" type="12">formtable_main_8_dt1</column>
<column name="fromUser" type="1">1</column>
<column name="textheight" type="4">0</column>
<column name="dsporder" type="3">4.00</column>
<column name="childfieldid" type="4"/>
<column name="imgheight" type="4">50</column>
<column name="imgwidth" type="4">50</column>
<column name="places" type="4"/>
<column name="qfws" type="12"/>
<column name="textheight_2" type="12"/>
<column name="selectitem" type="4"/>
<column name="linkfield" type="4"/>
<column name="selectItemType" type="1">0</column>
<column name="pubchoiceId" type="4">0</column>
<column name="pubchilchoiceId" type="4">0</column>
<column name="statelev" type="4"/>
<column name="locatetype" type="1"/>
</data29>
<data30>
<column name="id" type="4">6151</column>
<column name="billid" type="4">-8</column>
<column name="fieldname" type="12">ablebudgetamt</column>
<column name="fieldlabel" type="4">33045</column>
<column name="fielddbtype" type="12">varchar(300)</column>
<column name="fieldhtmltype" type="1">1</column>
<column name="type" type="4">1</column>
<column name="viewtype" type="4">1</column>
<column name="detailtable" type="12">formtable_main_8_dt1</column>
<column name="fromUser" type="1">1</column>
<column name="textheight" type="4">0</column>
<column name="dsporder" type="3">5.00</column>
<column name="childfieldid" type="4"/>
<column name="imgheight" type="4">50</column>
<column name="imgwidth" type="4">50</column>
<column name="places" type="4"/>
<column name="qfws" type="12"/>
<column name="textheight_2" type="12"/>
<column name="selectitem" type="4"/>
<column name="linkfield" type="4"/>
<column name="selectItemType" type="1">0</column>
<column name="pubchoiceId" type="4">0</column>
<column name="pubchilchoiceId" type="4">0</column>
<column name="statelev" type="4"/>
<column name="locatetype" type="1"/>
</data30>
<data31>
<column name="id" type="4">6152</column>
<column name="billid" type="4">-8</column>
<column name="fieldname" type="12">applyamt</column>
<column name="fieldlabel" type="4">856</column>
<column name="fielddbtype" type="12">decimal(15,2)</column>
<column name="fieldhtmltype" type="1">1</column>
<column name="type" type="4">3</column>
<column name="viewtype" type="4">1</column>
<column name="detailtable" type="12">formtable_main_8_dt1</column>
<column name="fromUser" type="1">1</column>
<column name="textheight" type="4">0</column>
<column name="dsporder" type="3">6.00</column>
<column name="childfieldid" type="4"/>
<column name="imgheight" type="4">50</column>
<column name="imgwidth" type="4">50</column>
<column name="places" type="4"/>
<column name="qfws" type="12"/>
<column name="textheight_2" type="12"/>
<column name="selectitem" type="4"/>
<column name="linkfield" type="4"/>
<column name="selectItemType" type="1">0</column>
<column name="pubchoiceId" type="4">0</column>
<column name="pubchilchoiceId" type="4">0</column>
<column name="statelev" type="4"/>
<column name="locatetype" type="1"/>
</data31>
<data32>
<column name="id" type="4">6153</column>
<column name="billid" type="4">-8</column>
<column name="fieldname" type="12">remark</column>
<column name="fieldlabel" type="4">-9287</column>
<column name="fielddbtype" type="12">text</column>
<column name="fieldhtmltype" type="1">2</column>
<column name="type" type="4">1</column>
<column name="viewtype" type="4">0</column>
<column name="detailtable" type="12"/>
<column name="fromUser" type="1">1</column>
<column name="textheight" type="4">4</column>
<column name="dsporder" type="3">8.00</column>
<column name="childfieldid" type="4"/>
<column name="imgheight" type="4">100</column>
<column name="imgwidth" type="4">100</column>
<column name="places" type="4">0</column>
<column name="qfws" type="12">0</column>
<column name="textheight_2" type="12"/>
<column name="selectitem" type="4">0</column>
<column name="linkfield" type="4">0</column>
<column name="selectItemType" type="1">0</column>
<column name="pubchoiceId" type="4">0</column>
<column name="pubchilchoiceId" type="4">0</column>
<column name="statelev" type="4"/>
<column name="locatetype" type="1"/>
</data32>
<data33>
<column name="id" type="4">6154</column>
<column name="billid" type="4">-8</column>
<column name="fieldname" type="12">receptionman</column>
<column name="fieldlabel" type="4">1057</column>
<column name="fielddbtype" type="12">varchar(100)</column>
<column name="fieldhtmltype" type="1">1</column>
<column name="type" type="4">1</column>
<column name="viewtype" type="4">0</column>
<column name="detailtable" type="12"/>
<column name="fromUser" type="1">1</column>
<column name="textheight" type="4">0</column>
<column name="dsporder" type="3">17.00</column>
<column name="childfieldid" type="4">0</column>
<column name="imgheight" type="4">100</column>
<column name="imgwidth" type="4">100</column>
<column name="places" type="4">0</column>
<column name="qfws" type="12">0</column>
<column name="textheight_2" type="12"/>
<column name="selectitem" type="4">0</column>
<column name="linkfield" type="4">0</column>
<column name="selectItemType" type="1">0</column>
<column name="pubchoiceId" type="4">0</column>
<column name="pubchilchoiceId" type="4">0</column>
<column name="statelev" type="4"/>
<column name="locatetype" type="1"/>
</data33>
<data34>
<column name="id" type="4">6155</column>
<column name="billid" type="4">-8</column>
<column name="fieldname" type="12">receptiontype</column>
<column name="fieldlabel" type="4">-9288</column>
<column name="fielddbtype" type="12">int</column>
<column name="fieldhtmltype" type="1">5</column>
<column name="type" type="4">1</column>
<column name="viewtype" type="4">0</column>
<column name="detailtable" type="12"/>
<column name="fromUser" type="1">1</column>
<column name="textheight" type="4">0</column>
<column name="dsporder" type="3">18.00</column>
<column name="childfieldid" type="4">0</column>
<column name="imgheight" type="4">100</column>
<column name="imgwidth" type="4">100</column>
<column name="places" type="4">0</column>
<column name="qfws" type="12">0</column>
<column name="textheight_2" type="12"/>
<column name="selectitem" type="4">0</column>
<column name="linkfield" type="4">0</column>
<column name="selectItemType" type="1">0</column>
<column name="pubchoiceId" type="4">0</column>
<column name="pubchilchoiceId" type="4">0</column>
<column name="statelev" type="4"/>
<column name="locatetype" type="1"/>
</data34>
<data35>
<column name="id" type="4">6156</column>
<column name="billid" type="4">-8</column>
<column name="fieldname" type="12">receptiondate</column>
<column name="fieldlabel" type="4">-9289</column>
<column name="fielddbtype" type="12">char(10)</column>
<column name="fieldhtmltype" type="1">3</column>
<column name="type" type="4">2</column>
<column name="viewtype" type="4">0</column>
<column name="detailtable" type="12"/>
<column name="fromUser" type="1">1</column>
<column name="textheight" type="4">0</column>
<column name="dsporder" type="3">19.00</column>
<column name="childfieldid" type="4">0</column>
<column name="imgheight" type="4">100</column>
<column name="imgwidth" type="4">100</column>
<column name="places" type="4">0</column>
<column name="qfws" type="12">0</column>
<column name="textheight_2" type="12"/>
<column name="selectitem" type="4">0</column>
<column name="linkfield" type="4">0</column>
<column name="selectItemType" type="1">0</column>
<column name="pubchoiceId" type="4">0</column>
<column name="pubchilchoiceId" type="4">0</column>
<column name="statelev" type="4"/>
<column name="locatetype" type="1"/>
</data35>
<data36>
<column name="id" type="4">6157</column>
<column name="billid" type="4">-8</column>
<column name="fieldname" type="12">receptionstaff</column>
<column name="fieldlabel" type="4">-9290</column>
<column name="fielddbtype" type="12">varchar(100)</column>
<column name="fieldhtmltype" type="1">1</column>
<column name="type" type="4">1</column>
<column name="viewtype" type="4">0</column>
<column name="detailtable" type="12"/>
<column name="fromUser" type="1">1</column>
<column name="textheight" type="4">0</column>
<column name="dsporder" type="3">20.00</column>
<column name="childfieldid" type="4">0</column>
<column name="imgheight" type="4">100</column>
<column name="imgwidth" type="4">100</column>
<column name="places" type="4">0</column>
<column name="qfws" type="12">0</column>
<column name="textheight_2" type="12"/>
<column name="selectitem" type="4">0</column>
<column name="linkfield" type="4">0</column>
<column name="selectItemType" type="1">0</column>
<column name="pubchoiceId" type="4">0</column>
<column name="pubchilchoiceId" type="4">0</column>
<column name="statelev" type="4"/>
<column name="locatetype" type="1"/>
</data36>
<data37>
<column name="id" type="4">6440</column>
<column name="billid" type="4">-8</column>
<column name="fieldname" type="12">type</column>
<column name="fieldlabel" type="4">22138</column>
<column name="fielddbtype" type="12">int</column>
<column name="fieldhtmltype" type="1">5</column>
<column name="type" type="4">1</column>
<column name="viewtype" type="4">1</column>
<column name="detailtable" type="12">formtable_main_8_dt2</column>
<column name="fromUser" type="1">1</column>
<column name="textheight" type="4">0</column>
<column name="dsporder" type="3">4.00</column>
<column name="childfieldid" type="4">0</column>
<column name="imgheight" type="4">50</column>
<column name="imgwidth" type="4">50</column>
<column name="places" type="4">0</column>
<column name="qfws" type="12">0</column>
<column name="textheight_2" type="12"/>
<column name="selectitem" type="4">0</column>
<column name="linkfield" type="4">0</column>
<column name="selectItemType" type="1">0</column>
<column name="pubchoiceId" type="4">0</column>
<column name="pubchilchoiceId" type="4">0</column>
<column name="statelev" type="4"/>
<column name="locatetype" type="1"/>
</data37>
</datas>
</workflow_billfield>
</ROOT>
