<?xml version="1.0" encoding="GB2312"?>
<ROOT>
<workflow_nodefieldattr>
<datas count="6">
<data1>
<column name="id" type="4">522</column>
<column name="fieldid" type="4">6327</column>
<column name="formid" type="4">-12</column>
<column name="isbill" type="4">1</column>
<column name="nodeid" type="4">229</column>
<column name="attrcontent" type="12">doFieldMath(" $6326$ ")</column>
<column name="caltype" type="4">2</column>
<column name="othertype" type="4">0</column>
<column name="transtype" type="4">0</column>
<column name="datasourceid" type="12"/>
</data1>
<data2>
<column name="id" type="4">523</column>
<column name="fieldid" type="4">6327</column>
<column name="formid" type="4">-12</column>
<column name="isbill" type="4">1</column>
<column name="nodeid" type="4">230</column>
<column name="attrcontent" type="12">doFieldMath(" $6326$ ")</column>
<column name="caltype" type="4">2</column>
<column name="othertype" type="4">0</column>
<column name="transtype" type="4">0</column>
<column name="datasourceid" type="12"/>
</data2>
<data3>
<column name="id" type="4">524</column>
<column name="fieldid" type="4">6327</column>
<column name="formid" type="4">-12</column>
<column name="isbill" type="4">1</column>
<column name="nodeid" type="4">231</column>
<column name="attrcontent" type="12">doFieldMath(" $6326$ ")</column>
<column name="caltype" type="4">2</column>
<column name="othertype" type="4">0</column>
<column name="transtype" type="4">0</column>
<column name="datasourceid" type="12"/>
</data3>
<data4>
<column name="id" type="4">525</column>
<column name="fieldid" type="4">6327</column>
<column name="formid" type="4">-12</column>
<column name="isbill" type="4">1</column>
<column name="nodeid" type="4">232</column>
<column name="attrcontent" type="12">doFieldMath(" $6326$ ")</column>
<column name="caltype" type="4">2</column>
<column name="othertype" type="4">0</column>
<column name="transtype" type="4">0</column>
<column name="datasourceid" type="12"/>
</data4>
<data5>
<column name="id" type="4">526</column>
<column name="fieldid" type="4">6327</column>
<column name="formid" type="4">-12</column>
<column name="isbill" type="4">1</column>
<column name="nodeid" type="4">234</column>
<column name="attrcontent" type="12">doFieldMath(" $6326$ ")</column>
<column name="caltype" type="4">2</column>
<column name="othertype" type="4">0</column>
<column name="transtype" type="4">0</column>
<column name="datasourceid" type="12"/>
</data5>
<data6>
<column name="id" type="4">527</column>
<column name="fieldid" type="4">6327</column>
<column name="formid" type="4">-12</column>
<column name="isbill" type="4">1</column>
<column name="nodeid" type="4">233</column>
<column name="attrcontent" type="12">doFieldMath(" $6326$ ")</column>
<column name="caltype" type="4">2</column>
<column name="othertype" type="4">0</column>
<column name="transtype" type="4">0</column>
<column name="datasourceid" type="12"/>
</data6>
</datas>
</workflow_nodefieldattr>
</ROOT>
