<?xml version="1.0" encoding="GB2312"?>
<ROOT>
<workflow_formdetailinfo>
<datas count="1">
<data1>
<column name="formid" type="4">-3</column>
<column name="rowcalstr" type="-1">detailfield_5955=detailfield_5951*detailfield_5952;detailfield_5950=detailfield_5952*detailfield_5949;detailfield_5963=detailfield_5964*detailfield_5962</column>
<column name="colcalstr" type="-1"/>
<column name="maincalstr" type="-1">mainfield_5906=detailfield_5934;mainfield_5910=detailfield_5941;mainfield_5914=detailfield_5943;mainfield_5911=detailfield_5954;mainfield_5915=detailfield_5956;mainfield_5912=detailfield_5969;mainfield_5916=detailfield_5968;mainfield_5913=detailfield_5974;mainfield_5917=detailfield_5976</column>
</data1>
</datas>
</workflow_formdetailinfo>
</ROOT>
