delete from HtmlLabelIndex where id=33198 
/
delete from HtmlLabelInfo where indexid=33198 
/
INSERT INTO HtmlLabelIndex values(33198,'人员列表') 
/
INSERT INTO HtmlLabelInfo VALUES(33198,'人员列表',7) 
/
INSERT INTO HtmlLabelInfo VALUES(33198,'Resource List',8) 
/
INSERT INTO HtmlLabelInfo VALUES(33198,'人T列表',9) 
/
delete from HtmlLabelIndex where id=124853 
/
delete from HtmlLabelInfo where indexid=124853 
/
INSERT INTO HtmlLabelIndex values(124853,'搜索姓名/首字母') 
/
INSERT INTO HtmlLabelInfo VALUES(124853,'搜索姓名/首字母',7) 
/
INSERT INTO HtmlLabelInfo VALUES(124853,'Search name/initials',8) 
/
INSERT INTO HtmlLabelInfo VALUES(124853,'搜索姓名/首字母',9) 
/
delete from HtmlLabelIndex where id=34069 
/
delete from HtmlLabelInfo where indexid=34069 
/
INSERT INTO HtmlLabelIndex values(34069,'组织维度') 
/
INSERT INTO HtmlLabelInfo VALUES(34069,'组织维度',7) 
/
INSERT INTO HtmlLabelInfo VALUES(34069,'Organization dimension',8) 
/
INSERT INTO HtmlLabelInfo VALUES(34069,'MS度',9) 
/
delete from HtmlLabelIndex where id=83704 
/
delete from HtmlLabelInfo where indexid=83704 
/
INSERT INTO HtmlLabelIndex values(83704,'显示更多') 
/
INSERT INTO HtmlLabelInfo VALUES(83704,'显示更多',7) 
/
INSERT INTO HtmlLabelInfo VALUES(83704,'Show more',8) 
/
INSERT INTO HtmlLabelInfo VALUES(83704,'@示更多',9) 
/
delete from HtmlLabelIndex where id=83705 
/
delete from HtmlLabelInfo where indexid=83705 
/
INSERT INTO HtmlLabelIndex values(83705,'收缩') 
/
INSERT INTO HtmlLabelInfo VALUES(83705,'收缩',7) 
/
INSERT INTO HtmlLabelInfo VALUES(83705,'Contraction',8) 
/
INSERT INTO HtmlLabelInfo VALUES(83705,'收s',9) 
/
delete from HtmlLabelIndex where id=33589 
/
delete from HtmlLabelInfo where indexid=33589 
/
INSERT INTO HtmlLabelIndex values(33589,'培训安排名称') 
/
INSERT INTO HtmlLabelInfo VALUES(33589,'培训安排名称',7) 
/
INSERT INTO HtmlLabelInfo VALUES(33589,'Training Schedule Name',8) 
/
INSERT INTO HtmlLabelInfo VALUES(33589,'培安排名Q',9) 
/ 
delete from HtmlLabelIndex where id=32499 
/
delete from HtmlLabelInfo where indexid=32499 
/
INSERT INTO HtmlLabelIndex values(32499,'不限制') 
/
INSERT INTO HtmlLabelInfo VALUES(32499,'不限制',7) 
/
INSERT INTO HtmlLabelInfo VALUES(32499,'No Limit',8) 
/
INSERT INTO HtmlLabelInfo VALUES(32499,'不限制',9) 
/
delete from HtmlLabelIndex where id=32670 
/
delete from HtmlLabelInfo where indexid=32670 
/
INSERT INTO HtmlLabelIndex values(32670,'对所有人保密') 
/
INSERT INTO HtmlLabelInfo VALUES(32670,'对所有人保密',7) 
/
INSERT INTO HtmlLabelInfo VALUES(32670,'Privacy for all',8) 
/
INSERT INTO HtmlLabelInfo VALUES(32670,'λ有人保密',9) 
/
delete from HtmlLabelIndex where id=32671 
/
delete from HtmlLabelInfo where indexid=32671 
/
INSERT INTO HtmlLabelIndex values(32671,'对低于自身安全级别者保密') 
/
INSERT INTO HtmlLabelInfo VALUES(32671,'对低于自身安全级别者保密',7) 
/
INSERT INTO HtmlLabelInfo VALUES(32671,'To keep the level of security below the level of their own security.',8) 
/
INSERT INTO HtmlLabelInfo VALUES(32671,'Φ陀谧陨戆踩别者保密',9) 
/
delete from HtmlLabelIndex where id=32507 
/
delete from HtmlLabelInfo where indexid=32507 
/
INSERT INTO HtmlLabelIndex values(32507,'默认启用方式') 
/
INSERT INTO HtmlLabelInfo VALUES(32507,'默认启用方式',7) 
/
INSERT INTO HtmlLabelInfo VALUES(32507,'Default Open Method',8) 
/
INSERT INTO HtmlLabelInfo VALUES(32507,'默J用方式',9) 
/
delete from HtmlLabelIndex where id=32511 
/
delete from HtmlLabelInfo where indexid=32511 
/
INSERT INTO HtmlLabelIndex values(32511,'动态密码') 
/
INSERT INTO HtmlLabelInfo VALUES(32511,'动态密码',7) 
/
INSERT INTO HtmlLabelInfo VALUES(32511,'Dynamic password',8) 
/
INSERT INTO HtmlLabelInfo VALUES(32511,'犹密a',9) 
/
delete from HtmlLabelIndex where id=18133 
/
delete from HtmlLabelInfo where indexid=18133 
/
INSERT INTO HtmlLabelIndex values(18133,'查看对象') 
/
INSERT INTO HtmlLabelInfo VALUES(18133,'查看对象',7) 
/
INSERT INTO HtmlLabelInfo VALUES(18133,'THE OBJECT OF VIEW',8) 
/
INSERT INTO HtmlLabelInfo VALUES(18133,'查看ο',9) 
/
delete from HtmlLabelIndex where id=83391 
/
delete from HtmlLabelInfo where indexid=83391 
/
INSERT INTO HtmlLabelIndex values(83391,'请先选择“考勤流程类型”！') 
/
INSERT INTO HtmlLabelInfo VALUES(83391,'请先选择“考勤流程类型”！',7) 
/
INSERT INTO HtmlLabelInfo VALUES(83391,'Please select the type of process &quot;attendance&quot;!',8) 
/
INSERT INTO HtmlLabelInfo VALUES(83391,'先x瘛翱记诹鞒填型”！',9) 
/
delete from HtmlLabelIndex where id=83405 
/
delete from HtmlLabelInfo where indexid=83405 
/
INSERT INTO HtmlLabelIndex values(83405,'将生成') 
/
INSERT INTO HtmlLabelInfo VALUES(83405,'将生成',7) 
/
INSERT INTO HtmlLabelInfo VALUES(83405,'Will generate',8) 
/
INSERT INTO HtmlLabelInfo VALUES(83405,'将生成',9) 
/
delete from HtmlLabelIndex where id=83441 
/
delete from HtmlLabelInfo where indexid=83441 
/
INSERT INTO HtmlLabelIndex values(83441,'表单，是否继续？') 
/
INSERT INTO HtmlLabelInfo VALUES(83441,'表单，是否继续？',7) 
/
INSERT INTO HtmlLabelInfo VALUES(83441,'Form, whether to continue?',8) 
/
INSERT INTO HtmlLabelInfo VALUES(83441,'表危是否^m？',9) 
/
delete from HtmlLabelIndex where id=124874 
/
delete from HtmlLabelInfo where indexid=124874 
/
INSERT INTO HtmlLabelIndex values(124874,'系统矩阵') 
/
INSERT INTO HtmlLabelInfo VALUES(124874,'系统矩阵',7) 
/
INSERT INTO HtmlLabelInfo VALUES(124874,'System matrix',8) 
/
INSERT INTO HtmlLabelInfo VALUES(124874,'系y矩',9) 
/
delete from HtmlLabelIndex where id=83937 
/
delete from HtmlLabelInfo where indexid=83937 
/
INSERT INTO HtmlLabelIndex values(83937,'分部矩阵') 
/
INSERT INTO HtmlLabelInfo VALUES(83937,'分部矩阵',7) 
/
INSERT INTO HtmlLabelInfo VALUES(83937,'Partial matrix',8) 
/
INSERT INTO HtmlLabelInfo VALUES(83937,'分部矩',9) 
/
delete from HtmlLabelIndex where id=83938 
/
delete from HtmlLabelInfo where indexid=83938 
/
INSERT INTO HtmlLabelIndex values(83938,'部门矩阵') 
/
INSERT INTO HtmlLabelInfo VALUES(83938,'部门矩阵',7) 
/
INSERT INTO HtmlLabelInfo VALUES(83938,'Sector matrix',8) 
/
INSERT INTO HtmlLabelInfo VALUES(83938,'部T矩',9) 
/
delete from HtmlLabelIndex where id=33548 
/
delete from HtmlLabelInfo where indexid=33548 
/
INSERT INTO HtmlLabelIndex values(33548,'外部集成考勤') 
/
INSERT INTO HtmlLabelInfo VALUES(33548,'外部集成考勤',7) 
/
INSERT INTO HtmlLabelInfo VALUES(33548,'External Integrate Schedule',8) 
/
INSERT INTO HtmlLabelInfo VALUES(33548,'外部集成考勤',9) 
/
delete from HtmlLabelIndex where id=21747 
/
delete from HtmlLabelInfo where indexid=21747 
/
INSERT INTO HtmlLabelIndex values(21747,'【资产信息－负责人】在人员卡片－【资产信息】页面有权查看资产信息。') 
/
INSERT INTO HtmlLabelInfo VALUES(21747,'【资产信息－负责人】在人员卡片－【资产信息】页面有权查看资产信息。',7) 
/
INSERT INTO HtmlLabelInfo VALUES(21747,'【Asset Information for】the Personnel Card-【Assets】Have the right to Read Pages of Information assets.',8) 
/
INSERT INTO HtmlLabelInfo VALUES(21747,'【Yb信息－人】在人T卡片－【Yb信息】面有嗖榭促Yb信息。',9) 
/
delete from HtmlLabelIndex where id=21746 
/
delete from HtmlLabelInfo where indexid=21746 
/
INSERT INTO HtmlLabelIndex values(21746,'【财务信息－负责人】在具有人力资源维护权限的同时，在人员卡片－【工资福利】页面有权维护财务信息。') 
/
INSERT INTO HtmlLabelInfo VALUES(21746,'【财务信息－负责人】在具有人力资源维护权限的同时，在人员卡片－【工资福利】页面有权维护财务信息。',7) 
/
INSERT INTO HtmlLabelInfo VALUES(21746,'【Financial Information for】the Competence of Hrmresources at the Same time Safeguarding the Personnel Card- Wages and Benefits【Page】of the Right to Safeguard Financial Information.',8) 
/
INSERT INTO HtmlLabelInfo VALUES(21746,'【财招畔－人】在具有人力Y源So嘞薜耐r，在人T卡片－【工Y福利】面有嗑So财招畔。',9) 
/
delete from HtmlLabelIndex where id=21745 
/
delete from HtmlLabelInfo where indexid=21745 
/
INSERT INTO HtmlLabelIndex values(21745,'【系统信息－负责人】在人员卡片－【系统信息】页面有权维护系统信息。') 
/
INSERT INTO HtmlLabelInfo VALUES(21745,'【系统信息－负责人】在人员卡片－【系统信息】页面有权维护系统信息。',7) 
/
INSERT INTO HtmlLabelInfo VALUES(21745,'【Responsible For Information Systems】in Personnel Card-【System】Pageshave the Right to Maintain Information Systems.',8) 
/
INSERT INTO HtmlLabelInfo VALUES(21745,'【系y信息－人】在人T卡片－【系y信息】面有嗑So系y信息。',9) 
/
delete from HtmlLabelIndex where id=83788 
/
delete from HtmlLabelInfo where indexid=83788 
/
INSERT INTO HtmlLabelIndex values(83788,'请输入关键字搜索') 
/
INSERT INTO HtmlLabelInfo VALUES(83788,'请输入关键字搜索',7) 
/
INSERT INTO HtmlLabelInfo VALUES(83788,'Please enter a keyword search',8) 
/
INSERT INTO HtmlLabelInfo VALUES(83788,'入PI字搜索',9) 
/
delete from HtmlNoteIndex where id=3654 
/
delete from HtmlNoteInfo where indexid=3654 
/
INSERT INTO HtmlNoteIndex values(3654,'人') 
/
INSERT INTO HtmlNoteInfo VALUES(3654,'人',7) 
/
INSERT INTO HtmlNoteInfo VALUES(3654,'people',8) 
/
INSERT INTO HtmlNoteInfo VALUES(3654,'人',9) 
/
delete from HtmlNoteIndex where id=3658 
/
delete from HtmlNoteInfo where indexid=3658 
/
INSERT INTO HtmlNoteIndex values(3658,'数据保存失败!') 
/
INSERT INTO HtmlNoteInfo VALUES(3658,'数据保存失败!',7) 
/
INSERT INTO HtmlNoteInfo VALUES(3658,'Save Data failed!',8) 
/
INSERT INTO HtmlNoteInfo VALUES(3658,'保存失!',9) 
/
delete from HtmlNoteIndex where id=3657 
/
delete from HtmlNoteInfo where indexid=3657 
/
INSERT INTO HtmlNoteIndex values(3657,'数据保存成功!') 
/
INSERT INTO HtmlNoteInfo VALUES(3657,'数据保存成功!',7) 
/
INSERT INTO HtmlNoteInfo VALUES(3657,'Save Data Success!',8) 
/
INSERT INTO HtmlNoteInfo VALUES(3657,'保存成功!',9) 
/ 
delete from HtmlNoteIndex where id=3659 
/
delete from HtmlNoteInfo where indexid=3659 
/
INSERT INTO HtmlNoteIndex values(3659,'数据获取失败!') 
/
INSERT INTO HtmlNoteInfo VALUES(3659,'数据获取失败!',7) 
/
INSERT INTO HtmlNoteInfo VALUES(3659,'Get Gata failed!',8) 
/
INSERT INTO HtmlNoteInfo VALUES(3659,'@取失!',9) 
/