delete from HtmlLabelIndex where id=22398 
/
delete from HtmlLabelInfo where indexid=22398 
/
INSERT INTO HtmlLabelIndex values(22398,'联系人管理') 
/
delete from HtmlLabelIndex where id=22399 
/
delete from HtmlLabelInfo where indexid=22399 
/
INSERT INTO HtmlLabelIndex values(22399,'联系人组管理') 
/
INSERT INTO HtmlLabelInfo VALUES(22398,'联系人管理',7) 
/
INSERT INTO HtmlLabelInfo VALUES(22398,'Contract Manager',8) 
/
INSERT INTO HtmlLabelInfo VALUES(22398,'',9) 
/
INSERT INTO HtmlLabelInfo VALUES(22399,'联系人组管理',7) 
/
INSERT INTO HtmlLabelInfo VALUES(22399,'Contract Group Manager',8) 
/
INSERT INTO HtmlLabelInfo VALUES(22399,'',9) 
/
delete from HtmlLabelIndex where id=22408 
/
delete from HtmlLabelInfo where indexid=22408 
/
INSERT INTO HtmlLabelIndex values(22408,'重新发送') 
/
INSERT INTO HtmlLabelInfo VALUES(22408,'重新发送',7) 
/
INSERT INTO HtmlLabelInfo VALUES(22408,'Send again',8) 
/
INSERT INTO HtmlLabelInfo VALUES(22408,'重新l送',9) 
/
delete from HtmlLabelIndex where id=22397 
/
delete from HtmlLabelInfo where indexid=22397 
/
INSERT INTO HtmlLabelIndex values(22397,'发送失败') 
/
INSERT INTO HtmlLabelInfo VALUES(22397,'发送失败',7) 
/
INSERT INTO HtmlLabelInfo VALUES(22397,'Send Failed',8) 
/
INSERT INTO HtmlLabelInfo VALUES(22397,'',9) 
/
delete from HtmlLabelIndex where id=22389 
/
delete from HtmlLabelInfo where indexid=22389 
/
INSERT INTO HtmlLabelIndex values(22389,'短信额度管理') 
/
INSERT INTO HtmlLabelInfo VALUES(22389,'短信额度管理',7) 
/
INSERT INTO HtmlLabelInfo VALUES(22389,'Sms acount manager',8) 
/
INSERT INTO HtmlLabelInfo VALUES(22389,'短信~度管理',9) 
/
delete from HtmlLabelIndex where id=22386 
/
delete from HtmlLabelInfo where indexid=22386 
/
INSERT INTO HtmlLabelIndex values(22386,'请根据以下格式回复') 
/
INSERT INTO HtmlLabelInfo VALUES(22386,'请根据以下格式回复',7) 
/
INSERT INTO HtmlLabelInfo VALUES(22386,'Reply as this mode',8) 
/
INSERT INTO HtmlLabelInfo VALUES(22386,'根以下格式回复',9) 
/
delete from HtmlLabelIndex where id=22382 
/
delete from HtmlLabelInfo where indexid=22382 
/
INSERT INTO HtmlLabelIndex values(22382,'当月剩余条数') 
/
INSERT INTO HtmlLabelInfo VALUES(22382,'当月剩余条数',7) 
/
INSERT INTO HtmlLabelInfo VALUES(22382,'The remaining amount',8) 
/
INSERT INTO HtmlLabelInfo VALUES(22382,'月剩Nl',9) 
/
delete from HtmlLabelIndex where id=22381 
/
delete from HtmlLabelInfo where indexid=22381 
/
INSERT INTO HtmlLabelIndex values(22381,'使用条数清零') 
/
INSERT INTO HtmlLabelInfo VALUES(22381,'使用条数清零',7) 
/
INSERT INTO HtmlLabelInfo VALUES(22381,'Clear user acount',8) 
/
INSERT INTO HtmlLabelInfo VALUES(22381,'使用l登辶',9) 
/
delete from HtmlLabelIndex where id=22380 
/
delete from HtmlLabelInfo where indexid=22380 
/
INSERT INTO HtmlLabelIndex values(22380,'月最大短信条数') 
/
INSERT INTO HtmlLabelInfo VALUES(22380,'月最大短信条数',7) 
/
INSERT INTO HtmlLabelInfo VALUES(22380,'Max sms acount every month',8) 
/
INSERT INTO HtmlLabelInfo VALUES(22380,'月最大短信l',9) 
/
delete from HtmlLabelIndex where id=22374 
/
delete from HtmlLabelInfo where indexid=22374 
/
INSERT INTO HtmlLabelIndex values(22374,'结束时间不能在发送时间之前') 
/
INSERT INTO HtmlLabelInfo VALUES(22374,'结束时间不能在发送时间之前！',7) 
/
INSERT INTO HtmlLabelInfo VALUES(22374,'End time cannot be less than send time!',8) 
/
INSERT INTO HtmlLabelInfo VALUES(22374,'Y束rg不能在l送rg之前！',9) 
/
delete from HtmlLabelIndex where id=22373 
/
delete from HtmlLabelInfo where indexid=22373 
/
INSERT INTO HtmlLabelIndex values(22373,'结束时间不能在当前时间之前') 
/
INSERT INTO HtmlLabelInfo VALUES(22373,'结束时间不能在当前时间之前！',7) 
/
INSERT INTO HtmlLabelInfo VALUES(22373,'End time cannot be less than current time!',8) 
/
INSERT INTO HtmlLabelInfo VALUES(22373,'Y束rg不能在前rg之前！',9) 
/
delete from HtmlLabelIndex where id=22369 
/
delete from HtmlLabelInfo where indexid=22369 
/
INSERT INTO HtmlLabelIndex values(22369,'保存后立刻发送') 
/
delete from HtmlLabelIndex where id=22370 
/
delete from HtmlLabelInfo where indexid=22370 
/
INSERT INTO HtmlLabelIndex values(22370,'确认发送吗') 
/
INSERT INTO HtmlLabelInfo VALUES(22369,'保存后立刻发送',7) 
/
INSERT INTO HtmlLabelInfo VALUES(22369,'Sending while saving',8) 
/
INSERT INTO HtmlLabelInfo VALUES(22369,'保存後立刻l送',9) 
/
INSERT INTO HtmlLabelInfo VALUES(22370,'确认发送吗',7) 
/
INSERT INTO HtmlLabelInfo VALUES(22370,'Sure to send',8) 
/
INSERT INTO HtmlLabelInfo VALUES(22370,'_Jl送',9) 
/
delete from HtmlLabelIndex where id=22368 
/
delete from HtmlLabelInfo where indexid=22368 
/
INSERT INTO HtmlLabelIndex values(22368,'有效投票数') 
/
delete from HtmlLabelIndex where id=22367 
/
delete from HtmlLabelInfo where indexid=22367 
/
INSERT INTO HtmlLabelIndex values(22367,'投票数') 
/
INSERT INTO HtmlLabelInfo VALUES(22367,'投票数',7) 
/
INSERT INTO HtmlLabelInfo VALUES(22367,'Voting count',8) 
/
INSERT INTO HtmlLabelInfo VALUES(22367,'投票',9) 
/
INSERT INTO HtmlLabelInfo VALUES(22368,'有效投票数',7) 
/
INSERT INTO HtmlLabelInfo VALUES(22368,'Vaild voting count',8) 
/
INSERT INTO HtmlLabelInfo VALUES(22368,'有效投票',9) 
/
delete from HtmlLabelIndex where id=22356 
/
delete from HtmlLabelInfo where indexid=22356 
/
INSERT INTO HtmlLabelIndex values(22356,'选项不能重复！') 
/
INSERT INTO HtmlLabelInfo VALUES(22356,'选项不能重复！',7) 
/
INSERT INTO HtmlLabelInfo VALUES(22356,'The options cannot be repeated!',8) 
/
INSERT INTO HtmlLabelInfo VALUES(22356,'x不能重}！',9) 
/
delete from HtmlLabelIndex where id=22355 
/
delete from HtmlLabelInfo where indexid=22355 
/
INSERT INTO HtmlLabelIndex values(22355,'不设结束时间，则投票永久有效。') 
/
delete from HtmlLabelIndex where id=22354 
/
delete from HtmlLabelInfo where indexid=22354 
/
INSERT INTO HtmlLabelIndex values(22354,'不设发送时间或在当前时间之前，则保存后立刻发送！') 
/
INSERT INTO HtmlLabelInfo VALUES(22354,'不设发送时间或在当前时间之前，则保存后立刻发送！',7) 
/
INSERT INTO HtmlLabelInfo VALUES(22354,'If no sendtime or less than now, save and sending soon!',8) 
/
INSERT INTO HtmlLabelInfo VALUES(22354,'不Ol送rg或在前rg之前，t保存後立刻l送！',9) 
/
INSERT INTO HtmlLabelInfo VALUES(22355,'不设结束时间，则投票永久有效。',7) 
/
INSERT INTO HtmlLabelInfo VALUES(22355,'if no endtime, the voting will be valid forever.',8) 
/
INSERT INTO HtmlLabelInfo VALUES(22355,'不OY束rg，t投票永久有效。',9) 
/
delete from HtmlLabelIndex where id=22348 
/
delete from HtmlLabelInfo where indexid=22348 
/
INSERT INTO HtmlLabelIndex values(22348,'已结束') 
/
delete from HtmlLabelIndex where id=22347 
/
delete from HtmlLabelInfo where indexid=22347 
/
INSERT INTO HtmlLabelIndex values(22347,'待发送') 
/
INSERT INTO HtmlLabelInfo VALUES(22347,'待发送',7) 
/
INSERT INTO HtmlLabelInfo VALUES(22347,'Wait Sending',8) 
/
INSERT INTO HtmlLabelInfo VALUES(22347,'',9) 
/
INSERT INTO HtmlLabelInfo VALUES(22348,'已结束',7) 
/
INSERT INTO HtmlLabelInfo VALUES(22348,'Has Ending',8) 
/
INSERT INTO HtmlLabelInfo VALUES(22348,'',9) 
/
delete from HtmlLabelIndex where id=22318 
/
delete from HtmlLabelInfo where indexid=22318 
/
INSERT INTO HtmlLabelIndex values(22318,'匹配内容') 
/
INSERT INTO HtmlLabelInfo VALUES(22318,'匹配内容',7) 
/
INSERT INTO HtmlLabelInfo VALUES(22318,'Matching Rule',8) 
/
INSERT INTO HtmlLabelInfo VALUES(22318,'',9) 
/
delete from HtmlLabelIndex where id=22306 
/
delete from HtmlLabelInfo where indexid=22306 
/
INSERT INTO HtmlLabelIndex values(22306,'自定义联系人组') 
/
INSERT INTO HtmlLabelInfo VALUES(22306,'自定义联系人组',7) 
/
INSERT INTO HtmlLabelInfo VALUES(22306,'Custom Contacter Group',8) 
/
INSERT INTO HtmlLabelInfo VALUES(22306,'',9) 
/
delete from HtmlLabelIndex where id=22305 
/
delete from HtmlLabelInfo where indexid=22305 
/
INSERT INTO HtmlLabelIndex values(22305,'请输入正确的手机号码！') 
/
INSERT INTO HtmlLabelInfo VALUES(22305,'请输入正确的手机号码！',7) 
/
INSERT INTO HtmlLabelInfo VALUES(22305,'Please input the true mobile number!',8) 
/
INSERT INTO HtmlLabelInfo VALUES(22305,'',9) 
/
delete from HtmlLabelIndex where id=22304 
/
delete from HtmlLabelInfo where indexid=22304 
/
INSERT INTO HtmlLabelIndex values(22304,'短信投票') 
/
INSERT INTO HtmlLabelInfo VALUES(22304,'短信投票',7) 
/
INSERT INTO HtmlLabelInfo VALUES(22304,'Sms Voting',8) 
/
INSERT INTO HtmlLabelInfo VALUES(22304,'',9) 
/

insert into SystemRights (id,rightdesc,righttype) values (813,'短信投票管理','0') 
/
insert into SystemRightsLanguage (id,languageid,rightname,rightdesc) values (813,8,'SmsVoting Manager','SmsVoting Manager') 
/
insert into SystemRightsLanguage (id,languageid,rightname,rightdesc) values (813,7,'短信投票管理','短信投票管理') 
/
insert into SystemRightsLanguage (id,languageid,rightname,rightdesc) values (813,9,'','') 
/
insert into SystemRightDetail (id,rightdetailname,rightdetail,rightid) values (4324,'短信投票管理','SmsVoting:Manager',813) 
/

delete from HtmlLabelIndex where id=22600 
/
delete from HtmlLabelInfo where indexid=22600 
/
INSERT INTO HtmlLabelIndex values(22600,'请回复') 
/
delete from HtmlLabelIndex where id=22601 
/
delete from HtmlLabelInfo where indexid=22601 
/
INSERT INTO HtmlLabelIndex values(22601,'选项，如：') 
/
INSERT INTO HtmlLabelInfo VALUES(22600,'请回复',7) 
/
INSERT INTO HtmlLabelInfo VALUES(22600,'Repeat',8) 
/
INSERT INTO HtmlLabelInfo VALUES(22600,'请回复',9) 
/
INSERT INTO HtmlLabelInfo VALUES(22601,'选项，如：',7) 
/
INSERT INTO HtmlLabelInfo VALUES(22601,'option, eg:',8) 
/
INSERT INTO HtmlLabelInfo VALUES(22601,'选项，如：',9) 
/
 
