delete from ErrorMsgIndex where id=165 
/
delete from ErrorMsgInfo where indexid=165 
/
INSERT INTO ErrorMsgIndex values(165,'一级分部数量校验') 
/
INSERT INTO ErrorMsgInfo VALUES(165,'系统中已使用的一级分部数量大于授权的一级分部数量,不能保存。',7) 
/
INSERT INTO ErrorMsgInfo VALUES(165,'The system has been used in a number of segments is greater than the authorized number of a segment',8) 
/
INSERT INTO ErrorMsgInfo VALUES(165,'系统中已使用的一级分部数量大于授权的一级分部数量,不能保存。',9) 
/


delete from HtmlLabelIndex where id=31252 
/
delete from HtmlLabelInfo where indexid=31252 
/
INSERT INTO HtmlLabelIndex values(31252,'帐套受权信息') 
/
INSERT INTO HtmlLabelInfo VALUES(31252,'帐套受权信息',7) 
/
INSERT INTO HtmlLabelInfo VALUES(31252,'Set of books attorney information',8) 
/
INSERT INTO HtmlLabelInfo VALUES(31252,'ぬ资嘈畔',9) 
/

delete from HtmlLabelIndex where id=31253 
/
delete from HtmlLabelInfo where indexid=31253 
/
INSERT INTO HtmlLabelIndex values(31253,'授权数量') 
/
INSERT INTO HtmlLabelInfo VALUES(31253,'授权数量',7) 
/
INSERT INTO HtmlLabelInfo VALUES(31253,'The number of licenses',8) 
/
INSERT INTO HtmlLabelInfo VALUES(31253,'授盗',9) 
/
 
delete from HtmlLabelIndex where id=21522 
/
delete from HtmlLabelInfo where indexid=21522 
/
INSERT INTO HtmlLabelIndex values(21522,'已使用数量') 
/
INSERT INTO HtmlLabelInfo VALUES(21522,'已使用数量',7) 
/
INSERT INTO HtmlLabelInfo VALUES(21522,'Used Amount',8) 
/
INSERT INTO HtmlLabelInfo VALUES(21522,'已使用数量',9) 
/

delete from HtmlLabelIndex where id=31254 
/
delete from HtmlLabelInfo where indexid=31254 
/
INSERT INTO HtmlLabelIndex values(31254,'帐套详细信息') 
/
INSERT INTO HtmlLabelInfo VALUES(31254,'帐套详细信息',7) 
/
INSERT INTO HtmlLabelInfo VALUES(31254,'Set of books Details',8) 
/
INSERT INTO HtmlLabelInfo VALUES(31254,'ぬ自信息',9) 
/

delete from HtmlLabelIndex where id=31255 
/
delete from HtmlLabelInfo where indexid=31255 
/
INSERT INTO HtmlLabelIndex values(31255,'帐套名称') 
/
INSERT INTO HtmlLabelInfo VALUES(31255,'帐套名称',7) 
/
INSERT INTO HtmlLabelInfo VALUES(31255,'Set of Books Name',8) 
/
INSERT INTO HtmlLabelInfo VALUES(31255,'ぬ酌Q',9) 
/

delete from HtmlLabelIndex where id=31256 
/
delete from HtmlLabelInfo where indexid=31256 
/
INSERT INTO HtmlLabelIndex values(31256,'帐套查看分部范围') 
/
INSERT INTO HtmlLabelInfo VALUES(31256,'帐套查看分部范围',7) 
/
INSERT INTO HtmlLabelInfo VALUES(31256,'View segment set of books',8) 
/
INSERT INTO HtmlLabelInfo VALUES(31256,'ぬ撞榭捶植抗',9) 
/
 

delete from HtmlLabelIndex where id=24326 
/
delete from HtmlLabelInfo where indexid=24326 
/
INSERT INTO HtmlLabelIndex values(24326,'管理分权') 
/
INSERT INTO HtmlLabelInfo VALUES(24326,'管理分权',7) 
/
INSERT INTO HtmlLabelInfo VALUES(24326,'Management Detachable',8) 
/
INSERT INTO HtmlLabelInfo VALUES(24326,'管理分权',9) 
/
 
delete from HtmlLabelIndex where id=24327 
/
delete from HtmlLabelInfo where indexid=24327 
/
INSERT INTO HtmlLabelIndex values(24327,'应用分权') 
/
INSERT INTO HtmlLabelInfo VALUES(24327,'应用分权',7) 
/
INSERT INTO HtmlLabelInfo VALUES(24327,'Application Detachable',8) 
/
INSERT INTO HtmlLabelInfo VALUES(24327,'应用分权',9) 
/

delete from HtmlLabelIndex where id=24333 
/
delete from HtmlLabelInfo where indexid=24333 
/
INSERT INTO HtmlLabelIndex values(24333,'应用分权设置') 
/
INSERT INTO HtmlLabelInfo VALUES(24333,'应用分权设置',7) 
/
INSERT INTO HtmlLabelInfo VALUES(24333,'Application Detachable Settings',8) 
/
INSERT INTO HtmlLabelInfo VALUES(24333,'应用分权设置',9) 
/
 
delete from HtmlLabelIndex where id=24334 
/
delete from HtmlLabelInfo where indexid=24334 
/
INSERT INTO HtmlLabelIndex values(24334,'范围详细报表') 
/
INSERT INTO HtmlLabelInfo VALUES(24334,'范围详细报表',7) 
/
INSERT INTO HtmlLabelInfo VALUES(24334,'Detail Report',8) 
/
INSERT INTO HtmlLabelInfo VALUES(24334,'范围详细报表',9) 
/