

delete from HtmlLabelIndex where id=127418 
/
delete from HtmlLabelInfo where indexid=127418 
/
INSERT INTO HtmlLabelIndex values(127418,'你确定要删除此移动应用吗？') 
/
INSERT INTO HtmlLabelInfo VALUES(127418,'你确定要删除此移动应用吗？',7) 
/
INSERT INTO HtmlLabelInfo VALUES(127418,'Are you sure you want to delete this mobile application?',8) 
/
INSERT INTO HtmlLabelInfo VALUES(127418,'你确定要删除此移用幔',9) 
/



delete from HtmlLabelIndex where id=127420 
/
delete from HtmlLabelInfo where indexid=127420 
/
INSERT INTO HtmlLabelIndex values(127420,'你确定要废弃此移动应用吗？') 
/
INSERT INTO HtmlLabelInfo VALUES(127420,'你确定要废弃此移动应用吗？',7) 
/
INSERT INTO HtmlLabelInfo VALUES(127420,'are you sure you want to discard this mobile application?',8) 
/
INSERT INTO HtmlLabelInfo VALUES(127420,'你确定要U此移用幔',9) 
/


delete from HtmlLabelIndex where id=127422 
/
delete from HtmlLabelInfo where indexid=127422 
/
INSERT INTO HtmlLabelIndex values(127422,'是否显示头部') 
/
INSERT INTO HtmlLabelInfo VALUES(127422,'是否显示头部',7) 
/
INSERT INTO HtmlLabelInfo VALUES(127422,'whether to display the head',8) 
/
INSERT INTO HtmlLabelInfo VALUES(127422,'是否@示^部',9) 
/


delete from HtmlLabelIndex where id=127423 
/
delete from HtmlLabelInfo where indexid=127423 
/
INSERT INTO HtmlLabelIndex values(127423,'手机运行该应用时') 
/
INSERT INTO HtmlLabelInfo VALUES(127423,'手机运行该应用时',7) 
/
INSERT INTO HtmlLabelInfo VALUES(127423,'when the mobile phone is running the application',8) 
/
INSERT INTO HtmlLabelInfo VALUES(127423,'手C\行用r',9) 
/


delete from HtmlLabelIndex where id=127424 
/
delete from HtmlLabelInfo where indexid=127424 
/
INSERT INTO HtmlLabelIndex values(127424,'（当前：显示）') 
/
INSERT INTO HtmlLabelInfo VALUES(127424,'（当前：显示）',7) 
/
INSERT INTO HtmlLabelInfo VALUES(127424,'(current: display)',8) 
/
INSERT INTO HtmlLabelInfo VALUES(127424,'（前：@示）',9) 
/




delete from HtmlLabelIndex where id=127425 
/
delete from HtmlLabelInfo where indexid=127425 
/
INSERT INTO HtmlLabelIndex values(127425,'（当前：隐藏）') 
/
INSERT INTO HtmlLabelInfo VALUES(127425,'（当前：隐藏）',7) 
/
INSERT INTO HtmlLabelInfo VALUES(127425,'(current: hidden)',8) 
/
INSERT INTO HtmlLabelInfo VALUES(127425,'（前：隐藏）',9) 
/



delete from HtmlLabelIndex where id=127426 
/
delete from HtmlLabelInfo where indexid=127426 
/
INSERT INTO HtmlLabelIndex values(127426,'文件格式错误，请选择一张图片') 
/
INSERT INTO HtmlLabelInfo VALUES(127426,'文件格式错误，请选择一张图片',7) 
/
INSERT INTO HtmlLabelInfo VALUES(127426,'File format error, please select a picture.',8) 
/
INSERT INTO HtmlLabelInfo VALUES(127426,'文件格式e`，x褚D片',9) 
/



delete from HtmlLabelIndex where id=127427 
/
delete from HtmlLabelInfo where indexid=127427 
/
INSERT INTO HtmlLabelIndex values(127427,'请填写图片地址') 
/
INSERT INTO HtmlLabelInfo VALUES(127427,'请填写图片地址',7) 
/
INSERT INTO HtmlLabelInfo VALUES(127427,'Please fill in the picture.',8) 
/
INSERT INTO HtmlLabelInfo VALUES(127427,'填D片地址',9) 
/



delete from HtmlLabelIndex where id=127428 
/
delete from HtmlLabelInfo where indexid=127428 
/
INSERT INTO HtmlLabelIndex values(127428,'请选择一张图片') 
/
INSERT INTO HtmlLabelInfo VALUES(127428,'请选择一张图片',7) 
/
INSERT INTO HtmlLabelInfo VALUES(127428,'Please choose a picture.',8) 
/
INSERT INTO HtmlLabelInfo VALUES(127428,'x褚D片',9) 
/


delete from HtmlLabelIndex where id=127429 
/
delete from HtmlLabelInfo where indexid=127429 
/
INSERT INTO HtmlLabelIndex values(127429,'未知的图片来源') 
/
INSERT INTO HtmlLabelInfo VALUES(127429,'未知的图片来源',7) 
/
INSERT INTO HtmlLabelInfo VALUES(127429,'Unknown image source',8) 
/
INSERT INTO HtmlLabelInfo VALUES(127429,'未知的D片碓',9) 
/


delete from HtmlLabelIndex where id=127430 
/
delete from HtmlLabelInfo where indexid=127430 
/
INSERT INTO HtmlLabelIndex values(127430,'加载图片库时出现错误!') 
/
INSERT INTO HtmlLabelInfo VALUES(127430,'加载图片库时出现错误!',7) 
/
INSERT INTO HtmlLabelInfo VALUES(127430,'Error loading image library!',8) 
/
INSERT INTO HtmlLabelInfo VALUES(127430,'加dD片r出Fe`!',9) 
/


delete from HtmlLabelIndex where id=127442 
/
delete from HtmlLabelInfo where indexid=127442 
/
INSERT INTO HtmlLabelIndex values(127442,'图片库') 
/
INSERT INTO HtmlLabelInfo VALUES(127442,'图片库',7) 
/
INSERT INTO HtmlLabelInfo VALUES(127442,'picture library',8) 
/
INSERT INTO HtmlLabelInfo VALUES(127442,'D片',9) 
/



delete from HtmlLabelIndex where id=127443 
/
delete from HtmlLabelInfo where indexid=127443 
/
INSERT INTO HtmlLabelIndex values(127443,'上传中') 
/
INSERT INTO HtmlLabelInfo VALUES(127443,'上传中',7) 
/
INSERT INTO HtmlLabelInfo VALUES(127443,'uploading',8) 
/
INSERT INTO HtmlLabelInfo VALUES(127443,'上髦',9) 
/


delete from HtmlLabelIndex where id=127448 
/
delete from HtmlLabelInfo where indexid=127448 
/
INSERT INTO HtmlLabelIndex values(127448,'新建移动应用') 
/
INSERT INTO HtmlLabelInfo VALUES(127448,'新建移动应用',7) 
/
INSERT INTO HtmlLabelInfo VALUES(127448,'New mobile applications',8) 
/
INSERT INTO HtmlLabelInfo VALUES(127448,'新建移用',9) 
/


delete from HtmlLabelIndex where id=127449 
/
delete from HtmlLabelInfo where indexid=127449 
/
INSERT INTO HtmlLabelIndex values(127449,'无描述信息') 
/
INSERT INTO HtmlLabelInfo VALUES(127449,'无描述信息',7) 
/
INSERT INTO HtmlLabelInfo VALUES(127449,'No description',8) 
/
INSERT INTO HtmlLabelInfo VALUES(127449,'o描述信息',9) 
/



delete from HtmlLabelIndex where id=127450 
/
delete from HtmlLabelInfo where indexid=127450 
/
INSERT INTO HtmlLabelIndex values(127450,'编辑移动应用') 
/
INSERT INTO HtmlLabelInfo VALUES(127450,'编辑移动应用',7) 
/
INSERT INTO HtmlLabelInfo VALUES(127450,'Edit mobile applications',8) 
/
INSERT INTO HtmlLabelInfo VALUES(127450,'移用',9) 
/


delete from HtmlLabelIndex where id=127451 
/
delete from HtmlLabelInfo where indexid=127451 
/
INSERT INTO HtmlLabelIndex values(127451,'确认发布？') 
/
INSERT INTO HtmlLabelInfo VALUES(127451,'确认发布？',7) 
/
INSERT INTO HtmlLabelInfo VALUES(127451,'Confirm the release?',8) 
/
INSERT INTO HtmlLabelInfo VALUES(127451,'确Jl布？',9) 
/



delete from HtmlLabelIndex where id=127452 
/
delete from HtmlLabelInfo where indexid=127452 
/
INSERT INTO HtmlLabelIndex values(127452,'确认下架？') 
/
INSERT INTO HtmlLabelInfo VALUES(127452,'确认下架？',7) 
/
INSERT INTO HtmlLabelInfo VALUES(127452,'Confirm the off the shelf?',8) 
/
INSERT INTO HtmlLabelInfo VALUES(127452,'确J下架？',9) 
/



delete from HtmlLabelIndex where id=127453 
/
delete from HtmlLabelInfo where indexid=127453 
/
INSERT INTO HtmlLabelIndex values(127453,'你确定要导出此移动应用吗?') 
/
INSERT INTO HtmlLabelInfo VALUES(127453,'你确定要导出此移动应用吗?',7) 
/
INSERT INTO HtmlLabelInfo VALUES(127453,'Are you sure you want to export this mobile application?',8) 
/
INSERT INTO HtmlLabelInfo VALUES(127453,'你确定要С龃艘用?',9) 
/


delete from HtmlLabelIndex where id=127454 
/
delete from HtmlLabelInfo where indexid=127454 
/
INSERT INTO HtmlLabelIndex values(127454,'导入移动应用') 
/
INSERT INTO HtmlLabelInfo VALUES(127454,'导入移动应用',7) 
/
INSERT INTO HtmlLabelInfo VALUES(127454,'Import mobile applications',8) 
/
INSERT INTO HtmlLabelInfo VALUES(127454,'入移用',9) 
/



delete from HtmlLabelIndex where id=127456 
/
delete from HtmlLabelInfo where indexid=127456 
/
INSERT INTO HtmlLabelIndex values(127456,'设置皮肤时出现错误') 
/
INSERT INTO HtmlLabelInfo VALUES(127456,'设置皮肤时出现错误',7) 
/
INSERT INTO HtmlLabelInfo VALUES(127456,'Error when setting the skin',8) 
/
INSERT INTO HtmlLabelInfo VALUES(127456,'O置皮wr出Fe`',9) 
/



delete from HtmlLabelIndex where id=127457 
/
delete from HtmlLabelInfo where indexid=127457 
/
INSERT INTO HtmlLabelIndex values(127457,'选择文件格式不正确，请选择jar文件！') 
/
INSERT INTO HtmlLabelInfo VALUES(127457,'选择文件格式不正确，请选择jar文件！',7) 
/
INSERT INTO HtmlLabelInfo VALUES(127457,'Select the file format is not correct, please select the jar file!',8) 
/
INSERT INTO HtmlLabelInfo VALUES(127457,'x裎募格式不正确，xjar文件！',9) 
/


delete from HtmlLabelIndex where id=127458 
/
delete from HtmlLabelInfo where indexid=127458 
/
INSERT INTO HtmlLabelIndex values(127458,'皮肤选择') 
/
INSERT INTO HtmlLabelInfo VALUES(127458,'皮肤选择',7) 
/
INSERT INTO HtmlLabelInfo VALUES(127458,'Skin Choose',8) 
/
INSERT INTO HtmlLabelInfo VALUES(127458,'皮wx',9) 
/


delete from HtmlLabelIndex where id=127462 
/
delete from HtmlLabelInfo where indexid=127462 
/
INSERT INTO HtmlLabelIndex values(127462,'皮肤管理') 
/
INSERT INTO HtmlLabelInfo VALUES(127462,'皮肤管理',7) 
/
INSERT INTO HtmlLabelInfo VALUES(127462,'Skin manage',8) 
/
INSERT INTO HtmlLabelInfo VALUES(127462,'皮w管理',9) 
/



delete from HtmlLabelIndex where id=127463 
/
delete from HtmlLabelInfo where indexid=127463 
/
INSERT INTO HtmlLabelIndex values(127463,'导入说明：') 
/
INSERT INTO HtmlLabelInfo VALUES(127463,'导入说明：',7) 
/
INSERT INTO HtmlLabelInfo VALUES(127463,'Import description:',8) 
/
INSERT INTO HtmlLabelInfo VALUES(127463,'入f明：',9) 
/



delete from HtmlLabelIndex where id=127464 
/
delete from HtmlLabelInfo where indexid=127464 
/
INSERT INTO HtmlLabelIndex values(127464,'每个皮肤都有一个唯一的ID。') 
/
INSERT INTO HtmlLabelInfo VALUES(127464,'每个皮肤都有一个唯一的ID。',7) 
/
INSERT INTO HtmlLabelInfo VALUES(127464,'Each skin has a unique ID.',8) 
/
INSERT INTO HtmlLabelInfo VALUES(127464,'每皮w都有一唯一的ID。',9) 
/



delete from HtmlLabelIndex where id=127465 
/
delete from HtmlLabelInfo where indexid=127465 
/
INSERT INTO HtmlLabelIndex values(127465,'加载皮肤时出现错误：') 
/
INSERT INTO HtmlLabelInfo VALUES(127465,'加载皮肤时出现错误：',7) 
/
INSERT INTO HtmlLabelInfo VALUES(127465,'An error occurred while loading the skin:',8) 
/
INSERT INTO HtmlLabelInfo VALUES(127465,'加d皮wr出Fe`：',9) 
/


delete from HtmlLabelIndex where id=127466 
/
delete from HtmlLabelInfo where indexid=127466 
/
INSERT INTO HtmlLabelIndex values(127466,'查看大图') 
/
INSERT INTO HtmlLabelInfo VALUES(127466,'查看大图',7) 
/
INSERT INTO HtmlLabelInfo VALUES(127466,'View larger',8) 
/
INSERT INTO HtmlLabelInfo VALUES(127466,'查看大D',9) 
/



delete from HtmlLabelIndex where id=127467 
/
delete from HtmlLabelInfo where indexid=127467 
/
INSERT INTO HtmlLabelIndex values(127467,'如果导入的皮肤和现有的皮肤ID一样，则在导入时会使用导入的皮肤覆盖现有的皮肤(常见操作为从系统中导出皮肤后再进行导入操作，此时则会覆盖掉系统现有皮肤，系统会有覆盖提示)。') 
/
INSERT INTO HtmlLabelInfo VALUES(127467,'如果导入的皮肤和现有的皮肤ID一样，则在导入时会使用导入的皮肤覆盖现有的皮肤(常见操作为从系统中导出皮肤后再进行导入操作，此时则会覆盖掉系统现有皮肤，系统会有覆盖提示)。',7) 
/
INSERT INTO HtmlLabelInfo VALUES(127467,'If the import of skin and existing skin ID is the same, at the time of the import will use imported skin covering existing skin (common operation is from system derived skin and then import operation. All of this will overwrite the existing system of skin, the system will prompt to overwrite).',8) 
/
INSERT INTO HtmlLabelInfo VALUES(127467,'如果入的皮w和F有的皮wID一樱t在入r使用入的皮w覆wF有的皮w(常操作南到y中С銎つw後再M行入操作，此rt覆w掉系yF有皮w，系y有覆w提示)。',9) 
/



delete from HtmlLabelIndex where id=127468 
/
delete from HtmlLabelInfo where indexid=127468 
/
INSERT INTO HtmlLabelIndex values(127468,'如果导入的皮肤和现有的皮肤ID不一样，则在导入后会将导入的皮肤作为一种新皮肤添加到系统中(常见操作为从其他系统或者皮肤库中导出一种新的皮肤，导入到当前系统)。') 
/
INSERT INTO HtmlLabelInfo VALUES(127468,'如果导入的皮肤和现有的皮肤ID不一样，则在导入后会将导入的皮肤作为一种新皮肤添加到系统中(常见操作为从其他系统或者皮肤库中导出一种新的皮肤，导入到当前系统)。',7) 
/
INSERT INTO HtmlLabelInfo VALUES(127468,'If the import of skin and existing skin ID is not the same, after the introduction will will into skin as a new skin added to system (common operation for from other systems or skin library derived a new skin into the system).',8) 
/
INSERT INTO HtmlLabelInfo VALUES(127468,'如果入的皮w和F有的皮wID不一樱t在入後将入的皮w作一N新皮w添加到系y中(常操作钠渌系y或者皮w熘С鲆环N新的皮w，入到前系y)。',9) 
/



delete from HtmlLabelIndex where id=127469 
/
delete from HtmlLabelInfo where indexid=127469 
/
INSERT INTO HtmlLabelIndex values(127469,'查看具体应用引用该皮肤') 
/
INSERT INTO HtmlLabelInfo VALUES(127469,'查看具体应用引用该皮肤',7) 
/
INSERT INTO HtmlLabelInfo VALUES(127469,'View specific application references to the skin',8) 
/
INSERT INTO HtmlLabelInfo VALUES(127469,'查看具w用引用皮w',9) 
/


 
delete from HtmlLabelIndex where id=127471 
/
delete from HtmlLabelInfo where indexid=127471 
/
INSERT INTO HtmlLabelIndex values(127471,'皮肤名称') 
/
INSERT INTO HtmlLabelInfo VALUES(127471,'皮肤名称',7) 
/
INSERT INTO HtmlLabelInfo VALUES(127471,'skin name',8) 
/
INSERT INTO HtmlLabelInfo VALUES(127471,'皮w名Q',9) 
/



delete from HtmlLabelIndex where id=127472 
/
delete from HtmlLabelInfo where indexid=127472 
/
INSERT INTO HtmlLabelIndex values(127472,'效果图片：') 
/
INSERT INTO HtmlLabelInfo VALUES(127472,'效果图片：',7) 
/
INSERT INTO HtmlLabelInfo VALUES(127472,'Effect picture:',8) 
/
INSERT INTO HtmlLabelInfo VALUES(127472,'效果D片：',9) 
/


delete from HtmlLabelIndex where id=127473 
/
delete from HtmlLabelInfo where indexid=127473 
/
INSERT INTO HtmlLabelIndex values(127473,'请填写皮肤名称') 
/
INSERT INTO HtmlLabelInfo VALUES(127473,'请填写皮肤名称',7) 
/
INSERT INTO HtmlLabelInfo VALUES(127473,'Please fill in the name of the skin',8) 
/
INSERT INTO HtmlLabelInfo VALUES(127473,'填皮w名Q',9) 
/
 


delete from HtmlLabelIndex where id=127474 
/
delete from HtmlLabelInfo where indexid=127474 
/
INSERT INTO HtmlLabelIndex values(127474,'保存时出现错误：') 
/
INSERT INTO HtmlLabelInfo VALUES(127474,'保存时出现错误：',7) 
/
INSERT INTO HtmlLabelInfo VALUES(127474,'Error during save:',8) 
/
INSERT INTO HtmlLabelInfo VALUES(127474,'保存r出Fe`：',9) 
/


delete from HtmlLabelIndex where id=127475 
/
delete from HtmlLabelInfo where indexid=127475 
/
INSERT INTO HtmlLabelIndex values(127475,'无应用引用该皮肤！') 
/
INSERT INTO HtmlLabelInfo VALUES(127475,'无应用引用该皮肤！',7) 
/
INSERT INTO HtmlLabelInfo VALUES(127475,'No application references to the skin!',8) 
/
INSERT INTO HtmlLabelInfo VALUES(127475,'o用引用皮w！',9) 
/


delete from HtmlLabelIndex where id=127477 
/
delete from HtmlLabelInfo where indexid=127477 
/
INSERT INTO HtmlLabelIndex values(127477,'确定要删除此皮肤吗？') 
/
INSERT INTO HtmlLabelInfo VALUES(127477,'确定要删除此皮肤吗？',7) 
/
INSERT INTO HtmlLabelInfo VALUES(127477,'Are you sure you want to delete this skin?',8) 
/
INSERT INTO HtmlLabelInfo VALUES(127477,'确定要删除此皮w幔',9) 
/


delete from HtmlLabelIndex where id=127478 
/
delete from HtmlLabelInfo where indexid=127478 
/
INSERT INTO HtmlLabelIndex values(127478,'删除时出现错误：') 
/
INSERT INTO HtmlLabelInfo VALUES(127478,'删除时出现错误：',7) 
/
INSERT INTO HtmlLabelInfo VALUES(127478,'An error occurred while deleting:',8) 
/
INSERT INTO HtmlLabelInfo VALUES(127478,'删除r出Fe`：',9) 
/


delete from HtmlLabelIndex where id=127479 
/
delete from HtmlLabelInfo where indexid=127479 
/
INSERT INTO HtmlLabelIndex values(127479,'在此处键入样式代码') 
/
INSERT INTO HtmlLabelInfo VALUES(127479,'在此处键入样式代码',7) 
/
INSERT INTO HtmlLabelInfo VALUES(127479,'Type the style code here',8) 
/
INSERT INTO HtmlLabelInfo VALUES(127479,'在此I入邮酱a',9) 
/


delete from HtmlLabelIndex where id=127480 
/
delete from HtmlLabelInfo where indexid=127480 
/
INSERT INTO HtmlLabelIndex values(127480,'加载样式代码时出现错误：') 
/
INSERT INTO HtmlLabelInfo VALUES(127480,'加载样式代码时出现错误：',7) 
/
INSERT INTO HtmlLabelInfo VALUES(127480,'An error occurred while loading the style code:',8) 
/
INSERT INTO HtmlLabelInfo VALUES(127480,'加d邮酱ar出Fe`：',9) 
/


delete from HtmlLabelIndex where id=127481 
/
delete from HtmlLabelInfo where indexid=127481 
/
INSERT INTO HtmlLabelIndex values(127481,'复制路径') 
/
INSERT INTO HtmlLabelInfo VALUES(127481,'复制路径',7) 
/
INSERT INTO HtmlLabelInfo VALUES(127481,'Copy path',8) 
/
INSERT INTO HtmlLabelInfo VALUES(127481,'}制路',9) 
/


delete from HtmlLabelIndex where id=127482 
/
delete from HtmlLabelInfo where indexid=127482 
/
INSERT INTO HtmlLabelIndex values(127482,'上传图标时出现错误：') 
/
INSERT INTO HtmlLabelInfo VALUES(127482,'上传图标时出现错误：',7) 
/
INSERT INTO HtmlLabelInfo VALUES(127482,'Error when uploading icon:',8) 
/
INSERT INTO HtmlLabelInfo VALUES(127482,'上D标r出Fe`：',9) 
/



 
delete from HtmlLabelIndex where id=127484 
/
delete from HtmlLabelInfo where indexid=127484 
/
INSERT INTO HtmlLabelIndex values(127484,'已复制到剪切板') 
/
INSERT INTO HtmlLabelInfo VALUES(127484,'已复制到剪切板',7) 
/
INSERT INTO HtmlLabelInfo VALUES(127484,'Copy to clipboard',8) 
/
INSERT INTO HtmlLabelInfo VALUES(127484,'已}制到剪切',9) 
/


delete from HtmlLabelIndex where id=127485 
/
delete from HtmlLabelInfo where indexid=127485 
/
INSERT INTO HtmlLabelIndex values(127485,'文件格式错误，请选择一个压缩文件(.zip | .rar)') 
/
INSERT INTO HtmlLabelInfo VALUES(127485,'文件格式错误，请选择一个压缩文件(.zip | .rar)',7) 
/
INSERT INTO HtmlLabelInfo VALUES(127485,'File format error, please select a compressed file(.zip | .rar)',8) 
/
INSERT INTO HtmlLabelInfo VALUES(127485,'文件格式e`，x褚嚎s文件(.zip | .rar)',9) 
/


delete from HtmlLabelIndex where id=127486 
/
delete from HtmlLabelInfo where indexid=127486 
/
INSERT INTO HtmlLabelIndex values(127486,'系统已包含将导入的皮肤，确定要覆盖吗？\n\n单击“确定”将使用导入的皮肤覆盖系统中已存在的皮肤。\n\n单击“取消”终止导入。') 
/
INSERT INTO HtmlLabelInfo VALUES(127486,'系统已包含将导入的皮肤，确定要覆盖吗？\n\n单击“确定”将使用导入的皮肤覆盖系统中已存在的皮肤。\n\n单击“取消”终止导入。',7) 
/
INSERT INTO HtmlLabelInfo VALUES(127486,'The system already contains the skin that will be imported, sure to cover it? \n\n click OK to use the skin that is already present in the imported skin coverage system. \n\n click Cancel to abort import.',8) 
/
INSERT INTO HtmlLabelInfo VALUES(127486,'系y已包含将入的皮w，确定要覆w幔\n\n簟叭范ā苯使用入的皮w覆w系y中已存在的皮w。\n\n簟叭∠”K止入。',9) 
/ 


delete from HtmlLabelIndex where id=127487 
/
delete from HtmlLabelInfo where indexid=127487 
/
INSERT INTO HtmlLabelIndex values(127487,'已终止导入') 
/
INSERT INTO HtmlLabelInfo VALUES(127487,'已终止导入',7) 
/
INSERT INTO HtmlLabelInfo VALUES(127487,'Import has been terminated',8) 
/
INSERT INTO HtmlLabelInfo VALUES(127487,'已K止入',9) 
/


delete from HtmlLabelIndex where id=127488 
/
delete from HtmlLabelInfo where indexid=127488 
/
INSERT INTO HtmlLabelIndex values(127488,'导入时出现错误：') 
/
INSERT INTO HtmlLabelInfo VALUES(127488,'导入时出现错误：',7) 
/
INSERT INTO HtmlLabelInfo VALUES(127488,'Error when importing:',8) 
/
INSERT INTO HtmlLabelInfo VALUES(127488,'入r出Fe`：',9) 
/


delete from HtmlLabelIndex where id=127489 
/
delete from HtmlLabelInfo where indexid=127489 
/
INSERT INTO HtmlLabelIndex values(127489,'终止导入时出现错误：') 
/
INSERT INTO HtmlLabelInfo VALUES(127489,'终止导入时出现错误：',7) 
/
INSERT INTO HtmlLabelInfo VALUES(127489,'Error when terminating import:',8) 
/
INSERT INTO HtmlLabelInfo VALUES(127489,'K止入r出Fe`：',9) 
/


delete from HtmlLabelIndex where id=127490 
/
delete from HtmlLabelInfo where indexid=127490 
/
INSERT INTO HtmlLabelIndex values(127490,'排序成功') 
/
INSERT INTO HtmlLabelInfo VALUES(127490,'排序成功',7) 
/
INSERT INTO HtmlLabelInfo VALUES(127490,'Sort success',8) 
/
INSERT INTO HtmlLabelInfo VALUES(127490,'排序成功',9) 
/


delete from HtmlLabelIndex where id=127491 
/
delete from HtmlLabelInfo where indexid=127491 
/
INSERT INTO HtmlLabelIndex values(127491,'排序出错：') 
/
INSERT INTO HtmlLabelInfo VALUES(127491,'排序出错：',7) 
/
INSERT INTO HtmlLabelInfo VALUES(127491,'Sort error:',8) 
/
INSERT INTO HtmlLabelInfo VALUES(127491,'排序出e：',9) 
/



delete from HtmlLabelIndex where id=127492 
/
delete from HtmlLabelInfo where indexid=127492 
/
INSERT INTO HtmlLabelIndex values(127492,'添加模块') 
/
INSERT INTO HtmlLabelInfo VALUES(127492,'添加模块',7) 
/
INSERT INTO HtmlLabelInfo VALUES(127492,'add module',8) 
/
INSERT INTO HtmlLabelInfo VALUES(127492,'添加模K',9) 
/


delete from HtmlLabelIndex where id=127493 
/
delete from HtmlLabelInfo where indexid=127493 
/
INSERT INTO HtmlLabelIndex values(127493,'添加自定义页面') 
/
INSERT INTO HtmlLabelInfo VALUES(127493,'添加自定义页面',7) 
/
INSERT INTO HtmlLabelInfo VALUES(127493,'add custom page',8) 
/
INSERT INTO HtmlLabelInfo VALUES(127493,'添加自定x面',9) 
/


delete from HtmlLabelIndex where id=127494 
/
delete from HtmlLabelInfo where indexid=127494 
/
INSERT INTO HtmlLabelIndex values(127494,'e-mobile原生控件') 
/
INSERT INTO HtmlLabelInfo VALUES(127494,'e-mobile原生控件',7) 
/
INSERT INTO HtmlLabelInfo VALUES(127494,'E-Mobile native control',8) 
/
INSERT INTO HtmlLabelInfo VALUES(127494,'e-mobile原生控件',9) 
/


delete from HtmlLabelIndex where id=127495 
/
delete from HtmlLabelInfo where indexid=127495 
/
INSERT INTO HtmlLabelIndex values(127495,'脚本') 
/
INSERT INTO HtmlLabelInfo VALUES(127495,'脚本',7) 
/
INSERT INTO HtmlLabelInfo VALUES(127495,'script',8) 
/
INSERT INTO HtmlLabelInfo VALUES(127495,'_本',9) 
/


delete from HtmlLabelIndex where id=127496 
/
delete from HtmlLabelInfo where indexid=127496 
/
INSERT INTO HtmlLabelIndex values(127496,'搜索脚本') 
/
INSERT INTO HtmlLabelInfo VALUES(127496,'搜索脚本',7) 
/
INSERT INTO HtmlLabelInfo VALUES(127496,'search script',8) 
/
INSERT INTO HtmlLabelInfo VALUES(127496,'搜索_本',9) 
/


delete from HtmlLabelIndex where id=127497 
/
delete from HtmlLabelInfo where indexid=127497 
/
INSERT INTO HtmlLabelIndex values(127497,'参数解析') 
/
INSERT INTO HtmlLabelInfo VALUES(127497,'参数解析',7) 
/
INSERT INTO HtmlLabelInfo VALUES(127497,'Parameter analysis',8) 
/
INSERT INTO HtmlLabelInfo VALUES(127497,'到馕',9) 
/


delete from HtmlLabelIndex where id=127498 
/
delete from HtmlLabelInfo where indexid=127498 
/
INSERT INTO HtmlLabelIndex values(127498,'参数解析可以通过简单的表达式获取系统数据') 
/
INSERT INTO HtmlLabelInfo VALUES(127498,'参数解析可以通过简单的表达式获取系统数据',7) 
/
INSERT INTO HtmlLabelInfo VALUES(127498,'The system data can be obtained by simple expression.',8) 
/
INSERT INTO HtmlLabelInfo VALUES(127498,'到馕隹梢酝ㄟ^蔚谋磉_式@取系y',9) 
/


delete from HtmlLabelIndex where id=127499 
/
delete from HtmlLabelInfo where indexid=127499 
/
INSERT INTO HtmlLabelIndex values(127499,'脚本：') 
/
INSERT INTO HtmlLabelInfo VALUES(127499,'脚本：',7) 
/
INSERT INTO HtmlLabelInfo VALUES(127499,'script：',8) 
/
INSERT INTO HtmlLabelInfo VALUES(127499,'_本：',9) 
/


delete from HtmlLabelIndex where id=127500 
/
delete from HtmlLabelInfo where indexid=127500 
/
INSERT INTO HtmlLabelIndex values(127500,'参数解析使用文档') 
/
INSERT INTO HtmlLabelInfo VALUES(127500,'参数解析使用文档',7) 
/
INSERT INTO HtmlLabelInfo VALUES(127500,'Parameter resolution using document',8) 
/
INSERT INTO HtmlLabelInfo VALUES(127500,'到馕鍪褂梦n',9) 
/


delete from HtmlLabelIndex where id=127501 
/
delete from HtmlLabelInfo where indexid=127501 
/
INSERT INTO HtmlLabelIndex values(127501,'请先建一个移动应用!') 
/
INSERT INTO HtmlLabelInfo VALUES(127501,'请先建一个移动应用!',7) 
/
INSERT INTO HtmlLabelInfo VALUES(127501,'Please build a mobile application!',8) 
/
INSERT INTO HtmlLabelInfo VALUES(127501,'先建一移用!',9) 
/


delete from HtmlLabelIndex where id=127502 
/
delete from HtmlLabelInfo where indexid=127502 
/
INSERT INTO HtmlLabelIndex values(127502,'添加模块布局页面') 
/
INSERT INTO HtmlLabelInfo VALUES(127502,'添加模块布局页面',7) 
/
INSERT INTO HtmlLabelInfo VALUES(127502,'Add module layout page',8) 
/
INSERT INTO HtmlLabelInfo VALUES(127502,'添加模K布局面',9) 
/


delete from HtmlLabelIndex where id=127503 
/
delete from HtmlLabelInfo where indexid=127503 
/
INSERT INTO HtmlLabelIndex values(127503,'初始化页面') 
/
INSERT INTO HtmlLabelInfo VALUES(127503,'初始化页面',7) 
/
INSERT INTO HtmlLabelInfo VALUES(127503,'Initialization page',8) 
/
INSERT INTO HtmlLabelInfo VALUES(127503,'初始化面',9) 
/
 
delete from HtmlLabelIndex where id=127504 
/
delete from HtmlLabelInfo where indexid=127504 
/
INSERT INTO HtmlLabelIndex values(127504,'复制自定义页面') 
/
INSERT INTO HtmlLabelInfo VALUES(127504,'复制自定义页面',7) 
/
INSERT INTO HtmlLabelInfo VALUES(127504,'Copy custom page',8) 
/
INSERT INTO HtmlLabelInfo VALUES(127504,'}制自定x面',9) 
/

delete from HtmlLabelIndex where id=127505 
/
delete from HtmlLabelInfo where indexid=127505 
/
INSERT INTO HtmlLabelIndex values(127505,'转移自定义页面') 
/
INSERT INTO HtmlLabelInfo VALUES(127505,'转移自定义页面',7) 
/
INSERT INTO HtmlLabelInfo VALUES(127505,'Transfer custom page',8) 
/
INSERT INTO HtmlLabelInfo VALUES(127505,'D移自定x面',9) 
/


delete from HtmlLabelIndex where id=127507 
/
delete from HtmlLabelInfo where indexid=127507 
/
INSERT INTO HtmlLabelIndex values(127507,'使用模板时出现错误：') 
/
INSERT INTO HtmlLabelInfo VALUES(127507,'使用模板时出现错误：',7) 
/
INSERT INTO HtmlLabelInfo VALUES(127507,'Error when using template:',8) 
/
INSERT INTO HtmlLabelInfo VALUES(127507,'使用模r出Fe`：',9) 
/


delete from HtmlLabelIndex where id=127508 
/
delete from HtmlLabelInfo where indexid=127508 
/
INSERT INTO HtmlLabelIndex values(127508,'请选择一个模板') 
/
INSERT INTO HtmlLabelInfo VALUES(127508,'请选择一个模板',7) 
/
INSERT INTO HtmlLabelInfo VALUES(127508,'Please select a template',8) 
/
INSERT INTO HtmlLabelInfo VALUES(127508,'x褚模',9) 
/


delete from HtmlLabelIndex where id=127509 
/
delete from HtmlLabelInfo where indexid=127509 
/
INSERT INTO HtmlLabelIndex values(127509,'选择的模板内容会覆盖掉当前页面的内容，确定继续吗？') 
/
INSERT INTO HtmlLabelInfo VALUES(127509,'选择的模板内容会覆盖掉当前页面的内容，确定继续吗？',7) 
/
INSERT INTO HtmlLabelInfo VALUES(127509,'Select the template content will cover the contents of the current page, OK to continue?',8) 
/
INSERT INTO HtmlLabelInfo VALUES(127509,'x竦哪ｉ内容覆w掉前面的内容，确定^m幔',9) 
/


delete from HtmlLabelIndex where id=127510 
/
delete from HtmlLabelInfo where indexid=127510 
/
INSERT INTO HtmlLabelIndex values(127510,'检索模板') 
/
INSERT INTO HtmlLabelInfo VALUES(127510,'检索模板',7) 
/
INSERT INTO HtmlLabelInfo VALUES(127510,'Search template',8) 
/
INSERT INTO HtmlLabelInfo VALUES(127510,'z索模',9) 
/


delete from HtmlLabelIndex where id=127511 
/
delete from HtmlLabelInfo where indexid=127511 
/
INSERT INTO HtmlLabelIndex values(127511,'创建于') 
/
INSERT INTO HtmlLabelInfo VALUES(127511,'创建于',7) 
/
INSERT INTO HtmlLabelInfo VALUES(127511,'Created in',8) 
/
INSERT INTO HtmlLabelInfo VALUES(127511,'建于',9) 
/


delete from HtmlLabelIndex where id=127512 
/
delete from HtmlLabelInfo where indexid=127512 
/
INSERT INTO HtmlLabelIndex values(127512,'请选择模块！') 
/
INSERT INTO HtmlLabelInfo VALUES(127512,'请选择模块！',7) 
/
INSERT INTO HtmlLabelInfo VALUES(127512,'Please select a module!',8) 
/
INSERT INTO HtmlLabelInfo VALUES(127512,'x衲K！',9) 
/


delete from HtmlLabelIndex where id=127513 
/
delete from HtmlLabelInfo where indexid=127513 
/
INSERT INTO HtmlLabelIndex values(127513,'自定义页面布局') 
/
INSERT INTO HtmlLabelInfo VALUES(127513,'自定义页面布局',7) 
/
INSERT INTO HtmlLabelInfo VALUES(127513,'Custom page layout',8) 
/
INSERT INTO HtmlLabelInfo VALUES(127513,'自定x面布局',9) 
/


delete from HtmlLabelIndex where id=127514 
/
delete from HtmlLabelInfo where indexid=127514 
/
INSERT INTO HtmlLabelIndex values(127514,'模块布局') 
/
INSERT INTO HtmlLabelInfo VALUES(127514,'模块布局',7) 
/
INSERT INTO HtmlLabelInfo VALUES(127514,'Module layout',8) 
/
INSERT INTO HtmlLabelInfo VALUES(127514,'模K布局',9) 
/


delete from HtmlLabelIndex where id=127515 
/
delete from HtmlLabelInfo where indexid=127515 
/
INSERT INTO HtmlLabelIndex values(127515,'自定义页面查询') 
/
INSERT INTO HtmlLabelInfo VALUES(127515,'自定义页面查询',7) 
/
INSERT INTO HtmlLabelInfo VALUES(127515,'Custom page query',8) 
/
INSERT INTO HtmlLabelInfo VALUES(127515,'自定x面查',9) 
/


delete from HtmlLabelIndex where id=127516 
/
delete from HtmlLabelInfo where indexid=127516 
/
INSERT INTO HtmlLabelIndex values(127516,'模块查询') 
/
INSERT INTO HtmlLabelInfo VALUES(127516,'模块查询',7) 
/
INSERT INTO HtmlLabelInfo VALUES(127516,'Module query',8) 
/
INSERT INTO HtmlLabelInfo VALUES(127516,'模K查',9) 
/


delete from HtmlLabelIndex where id=127517 
/
delete from HtmlLabelInfo where indexid=127517 
/
INSERT INTO HtmlLabelIndex values(127517,'显示布局无法添加原生控件，
请在页面右侧的窗体中选择新建或编辑布局中已添加的原生控件。') 
/
INSERT INTO HtmlLabelInfo VALUES(127517,'显示布局无法添加原生控件，
请在页面右侧的窗体中选择新建或编辑布局中已添加的原生控件。',7) 
/
INSERT INTO HtmlLabelInfo VALUES(127517,'Show the layout can not be added to the original control, 
in the right side of the page in the form of new or edit the layout of the original has been added to the original control.',8) 
/
INSERT INTO HtmlLabelInfo VALUES(127517,'@示布局o法添加原生控件，
在面右鹊拇绑w中x裥陆或布局中已添加的原生控件。',9) 
/


delete from HtmlLabelIndex where id=127518 
/
delete from HtmlLabelInfo where indexid=127518 
/
INSERT INTO HtmlLabelIndex values(127518,'初始化会使用选择的模板内容覆盖当前页面的内容。
确定继续吗？') 
/
INSERT INTO HtmlLabelInfo VALUES(127518,'初始化会使用选择的模板内容覆盖当前页面的内容。
确定继续吗？',7) 
/
INSERT INTO HtmlLabelInfo VALUES(127518,'Initialization will overwrite the contents of the current page with the selected template content. 
sure to continue?',8) 
/
INSERT INTO HtmlLabelInfo VALUES(127518,'初始化使用x竦哪ｉ内容覆w前面的内容。
确定^m幔',9) 
/


delete from HtmlLabelIndex where id=127519 
/
delete from HtmlLabelInfo where indexid=127519 
/
INSERT INTO HtmlLabelIndex values(127519,'你确定要删除此布局吗?') 
/
INSERT INTO HtmlLabelInfo VALUES(127519,'你确定要删除此布局吗?',7) 
/
INSERT INTO HtmlLabelInfo VALUES(127519,'Are you sure you want to delete this layout?',8) 
/
INSERT INTO HtmlLabelInfo VALUES(127519,'你确定要删除此布局?',9) 
/


delete from HtmlLabelIndex where id=127520 
/
delete from HtmlLabelInfo where indexid=127520 
/
INSERT INTO HtmlLabelIndex values(127520,'布局设计器') 
/
INSERT INTO HtmlLabelInfo VALUES(127520,'布局设计器',7) 
/
INSERT INTO HtmlLabelInfo VALUES(127520,'Layout Designer',8) 
/
INSERT INTO HtmlLabelInfo VALUES(127520,'布局O器',9) 
/


delete from HtmlLabelIndex where id=127521 
/
delete from HtmlLabelInfo where indexid=127521 
/
INSERT INTO HtmlLabelIndex values(127521,'源码') 
/
INSERT INTO HtmlLabelInfo VALUES(127521,'源码',7) 
/
INSERT INTO HtmlLabelInfo VALUES(127521,'Source code',8) 
/
INSERT INTO HtmlLabelInfo VALUES(127521,'源a',9) 
/


delete from HtmlLabelIndex where id=127522 
/
delete from HtmlLabelInfo where indexid=127522 
/
INSERT INTO HtmlLabelIndex values(127522,'正在操作，请稍候...') 
/
INSERT INTO HtmlLabelInfo VALUES(127522,'正在操作，请稍候...',7) 
/
INSERT INTO HtmlLabelInfo VALUES(127522,'Is operating, please wait...',8) 
/
INSERT INTO HtmlLabelInfo VALUES(127522,'正在操作，稍候...',9) 
/


delete from HtmlLabelIndex where id=127523 
/
delete from HtmlLabelInfo where indexid=127523 
/
INSERT INTO HtmlLabelIndex values(127523,'从Mobile获取内容') 
/
INSERT INTO HtmlLabelInfo VALUES(127523,'从Mobile获取内容',7) 
/
INSERT INTO HtmlLabelInfo VALUES(127523,'Get content from Mobile',8) 
/
INSERT INTO HtmlLabelInfo VALUES(127523,'Mobile@取内容',9) 
/


delete from HtmlLabelIndex where id=127524 
/
delete from HtmlLabelInfo where indexid=127524 
/
INSERT INTO HtmlLabelIndex values(127524,'页面地址（供外部）') 
/
INSERT INTO HtmlLabelInfo VALUES(127524,'页面地址（供外部）',7) 
/
INSERT INTO HtmlLabelInfo VALUES(127524,'Page address (for external)',8) 
/
INSERT INTO HtmlLabelInfo VALUES(127524,'面地址（供外部）',9) 
/



delete from HtmlLabelIndex where id=127525 
/
delete from HtmlLabelInfo where indexid=127525 
/
INSERT INTO HtmlLabelIndex values(127525,'插件ID已复制到剪切板') 
/
INSERT INTO HtmlLabelInfo VALUES(127525,'插件ID已复制到剪切板',7) 
/
INSERT INTO HtmlLabelInfo VALUES(127525,'Plug in ID has been copied to the clipboard',8) 
/
INSERT INTO HtmlLabelInfo VALUES(127525,'插件ID已}制到剪切',9) 
/


delete from HtmlLabelIndex where id=127526 
/
delete from HtmlLabelInfo where indexid=127526 
/
INSERT INTO HtmlLabelIndex values(127526,'正在初始化插件资源，请稍后.....') 
/
INSERT INTO HtmlLabelInfo VALUES(127526,'正在初始化插件资源，请稍后.....',7) 
/
INSERT INTO HtmlLabelInfo VALUES(127526,'Initializing the plugin resources. Please wait...',8) 
/
INSERT INTO HtmlLabelInfo VALUES(127526,'正在初始化插件Y源，稍後.....',9) 
/


delete from HtmlLabelIndex where id=127527 
/
delete from HtmlLabelInfo where indexid=127527 
/
INSERT INTO HtmlLabelIndex values(127527,'组件管理') 
/
INSERT INTO HtmlLabelInfo VALUES(127527,'组件管理',7) 
/
INSERT INTO HtmlLabelInfo VALUES(127527,'Component management',8) 
/
INSERT INTO HtmlLabelInfo VALUES(127527,'M件管理',9) 
/


delete from HtmlLabelIndex where id=127528 
/
delete from HtmlLabelInfo where indexid=127528 
/
INSERT INTO HtmlLabelIndex values(127528,'请在左侧手机区域选择组件') 
/
INSERT INTO HtmlLabelInfo VALUES(127528,'请在左侧手机区域选择组件',7) 
/
INSERT INTO HtmlLabelInfo VALUES(127528,'Please select the components in the left area of mobile phone',8) 
/
INSERT INTO HtmlLabelInfo VALUES(127528,'在左仁C^域x窠M件',9) 
/


delete from HtmlLabelIndex where id=127529 
/
delete from HtmlLabelInfo where indexid=127529 
/
INSERT INTO HtmlLabelIndex values(127529,'下拉刷新：') 
/
INSERT INTO HtmlLabelInfo VALUES(127529,'下拉刷新：',7) 
/
INSERT INTO HtmlLabelInfo VALUES(127529,'Pull down refresh:',8) 
/
INSERT INTO HtmlLabelInfo VALUES(127529,'下拉刷新：',9) 
/


delete from HtmlLabelIndex where id=127530 
/
delete from HtmlLabelInfo where indexid=127530 
/
INSERT INTO HtmlLabelIndex values(127530,'禁用皮肤：') 
/
INSERT INTO HtmlLabelInfo VALUES(127530,'禁用皮肤：',7) 
/
INSERT INTO HtmlLabelInfo VALUES(127530,'Disable skin:',8) 
/
INSERT INTO HtmlLabelInfo VALUES(127530,'禁用皮w：',9) 
/


delete from HtmlLabelIndex where id=127531 
/
delete from HtmlLabelInfo where indexid=127531 
/
INSERT INTO HtmlLabelIndex values(127531,'(此项若被勾选，该页面将不会使用皮肤样式)') 
/
INSERT INTO HtmlLabelInfo VALUES(127531,'(此项若被勾选，该页面将不会使用皮肤样式)',7) 
/
INSERT INTO HtmlLabelInfo VALUES(127531,'(if this is checked, the page will not use skin style)',8) 
/
INSERT INTO HtmlLabelInfo VALUES(127531,'(此若被勾x，面将不使用皮w邮)',9) 
/


delete from HtmlLabelIndex where id=127532 
/
delete from HtmlLabelInfo where indexid=127532 
/
INSERT INTO HtmlLabelIndex values(127532,'页面加载执行JS：') 
/
INSERT INTO HtmlLabelInfo VALUES(127532,'页面加载执行JS：',7) 
/
INSERT INTO HtmlLabelInfo VALUES(127532,'Page load execution JS:',8) 
/
INSERT INTO HtmlLabelInfo VALUES(127532,'面加d绦JS：',9) 
/


delete from HtmlLabelIndex where id=127533 
/
delete from HtmlLabelInfo where indexid=127533 
/
INSERT INTO HtmlLabelIndex values(127533,'布局新建') 
/
INSERT INTO HtmlLabelInfo VALUES(127533,'布局新建',7) 
/
INSERT INTO HtmlLabelInfo VALUES(127533,'New layout',8) 
/
INSERT INTO HtmlLabelInfo VALUES(127533,'布局新建',9) 
/


delete from HtmlLabelIndex where id=127534 
/
delete from HtmlLabelInfo where indexid=127534 
/
INSERT INTO HtmlLabelIndex values(127534,'布局列表') 
/
INSERT INTO HtmlLabelInfo VALUES(127534,'布局列表',7) 
/
INSERT INTO HtmlLabelInfo VALUES(127534,'Layout list',8) 
/
INSERT INTO HtmlLabelInfo VALUES(127534,'布局列表',9) 
/


delete from HtmlLabelIndex where id=127535 
/
delete from HtmlLabelInfo where indexid=127535 
/
INSERT INTO HtmlLabelIndex values(127535,'没有搜索结果') 
/
INSERT INTO HtmlLabelInfo VALUES(127535,'没有搜索结果',7) 
/
INSERT INTO HtmlLabelInfo VALUES(127535,'No search results',8) 
/
INSERT INTO HtmlLabelInfo VALUES(127535,']有搜索Y果',9) 
/


delete from HtmlLabelIndex where id=127536 
/
delete from HtmlLabelInfo where indexid=127536 
/
INSERT INTO HtmlLabelIndex values(127536,'请输入自定义链接') 
/
INSERT INTO HtmlLabelInfo VALUES(127536,'请输入自定义链接',7) 
/
INSERT INTO HtmlLabelInfo VALUES(127536,'Please enter a custom link',8) 
/
INSERT INTO HtmlLabelInfo VALUES(127536,'入自定x接',9) 
/


delete from HtmlLabelIndex where id=127537 
/
delete from HtmlLabelInfo where indexid=127537 
/
INSERT INTO HtmlLabelIndex values(127537,'请输入脚本') 
/
INSERT INTO HtmlLabelInfo VALUES(127537,'请输入脚本',7) 
/
INSERT INTO HtmlLabelInfo VALUES(127537,'Please enter a script',8) 
/
INSERT INTO HtmlLabelInfo VALUES(127537,'入_本',9) 
/


delete from HtmlLabelIndex where id=127538 
/
delete from HtmlLabelInfo where indexid=127538 
/
INSERT INTO HtmlLabelIndex values(127538,'更改图片') 
/
INSERT INTO HtmlLabelInfo VALUES(127538,'更改图片',7) 
/
INSERT INTO HtmlLabelInfo VALUES(127538,'Change picture',8) 
/
INSERT INTO HtmlLabelInfo VALUES(127538,'更改D片',9) 
/


 
delete from HtmlLabelIndex where id=127541 
/
delete from HtmlLabelInfo where indexid=127541 
/
INSERT INTO HtmlLabelIndex values(127541,'从Mobile获取的内容会覆盖当前页面的内容。
确定继续吗？') 
/
INSERT INTO HtmlLabelInfo VALUES(127541,'从Mobile获取的内容会覆盖当前页面的内容。
确定继续吗？',7) 
/
INSERT INTO HtmlLabelInfo VALUES(127541,'Content from Mobile will cover the contents of the current page. 
sure to continue?',8) 
/
INSERT INTO HtmlLabelInfo VALUES(127541,'Mobile@取的内容覆w前面的内容。
确定^m幔',9) 
/
 

delete from HtmlLabelIndex where id=127542 
/
delete from HtmlLabelInfo where indexid=127542 
/
INSERT INTO HtmlLabelIndex values(127542,'移动设备') 
/
INSERT INTO HtmlLabelInfo VALUES(127542,'移动设备',7) 
/
INSERT INTO HtmlLabelInfo VALUES(127542,'Mobile device',8) 
/
INSERT INTO HtmlLabelInfo VALUES(127542,'移釉O',9) 
/


delete from HtmlLabelIndex where id=127543 
/
delete from HtmlLabelInfo where indexid=127543 
/
INSERT INTO HtmlLabelIndex values(127543,'没有查询结果') 
/
INSERT INTO HtmlLabelInfo VALUES(127543,'没有查询结果',7) 
/
INSERT INTO HtmlLabelInfo VALUES(127543,'No query results',8) 
/
INSERT INTO HtmlLabelInfo VALUES(127543,']有查Y果',9) 
/


delete from HtmlLabelIndex where id=127550 
/
delete from HtmlLabelInfo where indexid=127550 
/
INSERT INTO HtmlLabelIndex values(127550,'是否为首页') 
/
INSERT INTO HtmlLabelInfo VALUES(127550,'是否为首页',7) 
/
INSERT INTO HtmlLabelInfo VALUES(127550,'Whether it is home page',8) 
/
INSERT INTO HtmlLabelInfo VALUES(127550,'是否首',9) 
/


delete from HtmlLabelIndex where id=127551 
/
delete from HtmlLabelInfo where indexid=127551 
/
INSERT INTO HtmlLabelIndex values(127551,'选择现有模板') 
/
INSERT INTO HtmlLabelInfo VALUES(127551,'选择现有模板',7) 
/
INSERT INTO HtmlLabelInfo VALUES(127551,'Select an existing template',8) 
/
INSERT INTO HtmlLabelInfo VALUES(127551,'x瘳F有模',9) 
/


delete from HtmlLabelIndex where id=127552 
/
delete from HtmlLabelInfo where indexid=127552 
/
INSERT INTO HtmlLabelIndex values(127552,'请填写模板名称') 
/
INSERT INTO HtmlLabelInfo VALUES(127552,'请填写模板名称',7) 
/
INSERT INTO HtmlLabelInfo VALUES(127552,'Please fill in the template name',8) 
/
INSERT INTO HtmlLabelInfo VALUES(127552,'填模名Q',9) 
/



delete from HtmlLabelIndex where id=127553 
/
delete from HtmlLabelInfo where indexid=127553 
/
INSERT INTO HtmlLabelIndex values(127553,'存为模板时出现错误：') 
/
INSERT INTO HtmlLabelInfo VALUES(127553,'存为模板时出现错误：',7) 
/
INSERT INTO HtmlLabelInfo VALUES(127553,'Error when saved as template:',8) 
/
INSERT INTO HtmlLabelInfo VALUES(127553,'存模r出Fe`：',9) 
/


delete from HtmlLabelIndex where id=127554 
/
delete from HtmlLabelInfo where indexid=127554 
/
INSERT INTO HtmlLabelIndex values(127554,'行业分类') 
/
INSERT INTO HtmlLabelInfo VALUES(127554,'行业分类',7) 
/
INSERT INTO HtmlLabelInfo VALUES(127554,'Industry classification',8) 
/
INSERT INTO HtmlLabelInfo VALUES(127554,'行I分',9) 
/


delete from HtmlLabelIndex where id=127555 
/
delete from HtmlLabelInfo where indexid=127555 
/
INSERT INTO HtmlLabelIndex values(127555,'如.医疗，教育，巡店，工程...等，你可以选择键入一个新的 或者 在已有中选择') 
/
INSERT INTO HtmlLabelInfo VALUES(127555,'如.医疗，教育，巡店，工程...等，你可以选择键入一个新的 或者 在已有中选择',7) 
/
INSERT INTO HtmlLabelInfo VALUES(127555,'Such as health care, education, patrol, engineering, etc., you can choose to type a new or in the existing options',8) 
/
INSERT INTO HtmlLabelInfo VALUES(127555,'如.t，教育，巡店，工程...等，你可以x矜I入一新的 或者 在已有中x',9) 
/




delete from HtmlLabelIndex where id=127556 
/
delete from HtmlLabelInfo where indexid=127556 
/
INSERT INTO HtmlLabelIndex values(127556,'页面分类') 
/
INSERT INTO HtmlLabelInfo VALUES(127556,'页面分类',7) 
/
INSERT INTO HtmlLabelInfo VALUES(127556,'Page classification',8) 
/
INSERT INTO HtmlLabelInfo VALUES(127556,'面分',9) 
/


delete from HtmlLabelIndex where id=127557 
/
delete from HtmlLabelInfo where indexid=127557 
/
INSERT INTO HtmlLabelIndex values(127557,'如.首页，列表，明细页面...等，你可以选择键入一个新的 或者 在已有中选择') 
/
INSERT INTO HtmlLabelInfo VALUES(127557,'如.首页，列表，明细页面...等，你可以选择键入一个新的 或者 在已有中选择',7) 
/
INSERT INTO HtmlLabelInfo VALUES(127557,'Such as the home page, list, detail page... Etc., you can choose to type a new or in the existing options',8) 
/
INSERT INTO HtmlLabelInfo VALUES(127557,'如.首，列表，明面...等，你可以x矜I入一新的 或者 在已有中x',9) 
/


delete from HtmlLabelIndex where id=127558 
/
delete from HtmlLabelInfo where indexid=127558 
/
INSERT INTO HtmlLabelIndex values(127558,'用于展示模板效果') 
/
INSERT INTO HtmlLabelInfo VALUES(127558,'用于展示模板效果',7) 
/
INSERT INTO HtmlLabelInfo VALUES(127558,'Used to display the template effect',8) 
/
INSERT INTO HtmlLabelInfo VALUES(127558,'用于展示模效果',9) 
/


delete from HtmlLabelIndex where id=127559 
/
delete from HtmlLabelInfo where indexid=127559 
/
INSERT INTO HtmlLabelIndex values(127559,'保存方式') 
/
INSERT INTO HtmlLabelInfo VALUES(127559,'保存方式',7) 
/
INSERT INTO HtmlLabelInfo VALUES(127559,'Save mode',8) 
/
INSERT INTO HtmlLabelInfo VALUES(127559,'保存方式',9) 
/


delete from HtmlLabelIndex where id=127560 
/
delete from HtmlLabelInfo where indexid=127560 
/
INSERT INTO HtmlLabelIndex values(127560,'新的模板') 
/
INSERT INTO HtmlLabelInfo VALUES(127560,'新的模板',7) 
/
INSERT INTO HtmlLabelInfo VALUES(127560,'New template',8) 
/
INSERT INTO HtmlLabelInfo VALUES(127560,'新的模',9) 
/


delete from HtmlLabelIndex where id=127561 
/
delete from HtmlLabelInfo where indexid=127561 
/
INSERT INTO HtmlLabelIndex values(127561,'覆盖现有模板') 
/
INSERT INTO HtmlLabelInfo VALUES(127561,'覆盖现有模板',7) 
/
INSERT INTO HtmlLabelInfo VALUES(127561,'Overwrite existing templates',8) 
/
INSERT INTO HtmlLabelInfo VALUES(127561,'覆wF有模',9) 
/


delete from HtmlLabelIndex where id=127562 
/
delete from HtmlLabelInfo where indexid=127562 
/
INSERT INTO HtmlLabelIndex values(127562,'暂无分类选择，请在上方的文本框中输入') 
/
INSERT INTO HtmlLabelInfo VALUES(127562,'暂无分类选择，请在上方的文本框中输入',7) 
/
INSERT INTO HtmlLabelInfo VALUES(127562,'There are no classified options for the time being,please input the text box at the top',8) 
/
INSERT INTO HtmlLabelInfo VALUES(127562,'o分x瘢在上方的文本框中入',9) 
/


delete from HtmlLabelIndex where id=127563 
/
delete from HtmlLabelInfo where indexid=127563 
/
INSERT INTO HtmlLabelIndex values(127563,'所属应用：') 
/
INSERT INTO HtmlLabelInfo VALUES(127563,'所属应用：',7) 
/
INSERT INTO HtmlLabelInfo VALUES(127563,'The application of:',8) 
/
INSERT INTO HtmlLabelInfo VALUES(127563,'所用：',9) 
/


delete from HtmlLabelIndex where id=127564 
/
delete from HtmlLabelInfo where indexid=127564 
/
INSERT INTO HtmlLabelIndex values(127564,'操作中,请稍后...') 
/
INSERT INTO HtmlLabelInfo VALUES(127564,'操作中,请稍后...',7) 
/
INSERT INTO HtmlLabelInfo VALUES(127564,'Operation, please later...',8) 
/
INSERT INTO HtmlLabelInfo VALUES(127564,'操作中,稍後...',9) 
/


delete from HtmlLabelIndex where id=127565 
/
delete from HtmlLabelInfo where indexid=127565 
/
INSERT INTO HtmlLabelIndex values(127565,'复制ID') 
/
INSERT INTO HtmlLabelInfo VALUES(127565,'复制ID',7) 
/
INSERT INTO HtmlLabelInfo VALUES(127565,'Copy ID',8) 
/
INSERT INTO HtmlLabelInfo VALUES(127565,'}制ID',9) 
/


delete from HtmlLabelIndex where id=127566 
/
delete from HtmlLabelInfo where indexid=127566 
/
INSERT INTO HtmlLabelIndex values(127566,'复制url') 
/
INSERT INTO HtmlLabelInfo VALUES(127566,'复制url',7) 
/
INSERT INTO HtmlLabelInfo VALUES(127566,'Copy URL',8) 
/
INSERT INTO HtmlLabelInfo VALUES(127566,'}制url',9) 
/


delete from HtmlLabelIndex where id=127567 
/
delete from HtmlLabelInfo where indexid=127567 
/
INSERT INTO HtmlLabelIndex values(127567,'复制页面') 
/
INSERT INTO HtmlLabelInfo VALUES(127567,'复制页面',7) 
/
INSERT INTO HtmlLabelInfo VALUES(127567,'Copy page',8) 
/
INSERT INTO HtmlLabelInfo VALUES(127567,'}制面',9) 
/


delete from HtmlLabelIndex where id=127568 
/
delete from HtmlLabelInfo where indexid=127568 
/
INSERT INTO HtmlLabelIndex values(127568,'转移页面') 
/
INSERT INTO HtmlLabelInfo VALUES(127568,'转移页面',7) 
/
INSERT INTO HtmlLabelInfo VALUES(127568,'Transfer page',8) 
/
INSERT INTO HtmlLabelInfo VALUES(127568,'D移面',9) 
/


delete from HtmlLabelIndex where id=127569 
/
delete from HtmlLabelInfo where indexid=127569 
/
INSERT INTO HtmlLabelIndex values(127569,'设为首页') 
/
INSERT INTO HtmlLabelInfo VALUES(127569,'设为首页',7) 
/
INSERT INTO HtmlLabelInfo VALUES(127569,'Set to the home page',8) 
/
INSERT INTO HtmlLabelInfo VALUES(127569,'O首',9) 
/


 
  delete from HtmlLabelIndex where id=127570 
/
delete from HtmlLabelInfo where indexid=127570 
/
INSERT INTO HtmlLabelIndex values(127570,'UI模板') 
/
INSERT INTO HtmlLabelInfo VALUES(127570,'UI模板',7) 
/
INSERT INTO HtmlLabelInfo VALUES(127570,'UI templates',8) 
/
INSERT INTO HtmlLabelInfo VALUES(127570,'UI模',9) 
/


delete from HtmlLabelIndex where id=127574 
/
delete from HtmlLabelInfo where indexid=127574 
/
INSERT INTO HtmlLabelIndex values(127574,'确定删除吗？') 
/
INSERT INTO HtmlLabelInfo VALUES(127574,'确定删除吗？',7) 
/
INSERT INTO HtmlLabelInfo VALUES(127574,'Sure to delete it?',8) 
/
INSERT INTO HtmlLabelInfo VALUES(127574,'确定删除幔',9) 
/


delete from HtmlLabelIndex where id=127575 
/
delete from HtmlLabelInfo where indexid=127575 
/
INSERT INTO HtmlLabelIndex values(127575,'数据源：') 
/
INSERT INTO HtmlLabelInfo VALUES(127575,'数据源：',7) 
/
INSERT INTO HtmlLabelInfo VALUES(127575,'Data source:',8) 
/
INSERT INTO HtmlLabelInfo VALUES(127575,'源：',9) 
/



delete from HtmlLabelIndex where id=127576 
/
delete from HtmlLabelInfo where indexid=127576 
/
INSERT INTO HtmlLabelIndex values(127576,'取值：') 
/
INSERT INTO HtmlLabelInfo VALUES(127576,'取值：',7) 
/
INSERT INTO HtmlLabelInfo VALUES(127576,'Value:',8) 
/
INSERT INTO HtmlLabelInfo VALUES(127576,'取值：',9) 
/


delete from HtmlLabelIndex where id=127577 
/
delete from HtmlLabelInfo where indexid=127577 
/
INSERT INTO HtmlLabelIndex values(127577,'可使用变量：') 
/
INSERT INTO HtmlLabelInfo VALUES(127577,'可使用变量：',7) 
/
INSERT INTO HtmlLabelInfo VALUES(127577,'Variable usage:',8) 
/
INSERT INTO HtmlLabelInfo VALUES(127577,'可使用量：',9) 
/


delete from HtmlLabelIndex where id=127578 
/
delete from HtmlLabelInfo where indexid=127578 
/
INSERT INTO HtmlLabelIndex values(127578,'示例：') 
/
INSERT INTO HtmlLabelInfo VALUES(127578,'示例：',7) 
/
INSERT INTO HtmlLabelInfo VALUES(127578,'Sample:',8) 
/
INSERT INTO HtmlLabelInfo VALUES(127578,'示例：',9) 
/


delete from HtmlLabelIndex where id=127581 
/
delete from HtmlLabelInfo where indexid=127581 
/
INSERT INTO HtmlLabelIndex values(127581,'需选择按钮类型！') 
/
INSERT INTO HtmlLabelInfo VALUES(127581,'需选择按钮类型！',7) 
/
INSERT INTO HtmlLabelInfo VALUES(127581,'Need to select the type of button!',8) 
/
INSERT INTO HtmlLabelInfo VALUES(127581,'需x癜粹o型！',9) 
/


 
  delete from HtmlLabelIndex where id=127582 
/
delete from HtmlLabelInfo where indexid=127582 
/
INSERT INTO HtmlLabelIndex values(127582,'需选择对应字段！') 
/
INSERT INTO HtmlLabelInfo VALUES(127582,'需选择对应字段！',7) 
/
INSERT INTO HtmlLabelInfo VALUES(127582,'Need to select the corresponding field!',8) 
/
INSERT INTO HtmlLabelInfo VALUES(127582,'需x字段！',9) 
/
 
delete from HtmlLabelIndex where id=127583 
/
delete from HtmlLabelInfo where indexid=127583 
/
INSERT INTO HtmlLabelIndex values(127583,'需填写对应字段！') 
/
INSERT INTO HtmlLabelInfo VALUES(127583,'需填写对应字段！',7) 
/
INSERT INTO HtmlLabelInfo VALUES(127583,'Need to fill in the corresponding field!',8) 
/
INSERT INTO HtmlLabelInfo VALUES(127583,'需填字段！',9) 
/


delete from HtmlLabelIndex where id=127584 
/
delete from HtmlLabelInfo where indexid=127584 
/
INSERT INTO HtmlLabelIndex values(127584,'需选择图片！') 
/
INSERT INTO HtmlLabelInfo VALUES(127584,'需选择图片！',7) 
/
INSERT INTO HtmlLabelInfo VALUES(127584,'Need to choose the picture!',8) 
/
INSERT INTO HtmlLabelInfo VALUES(127584,'需xD片！',9) 
/


delete from HtmlLabelIndex where id=127585 
/
delete from HtmlLabelInfo where indexid=127585 
/
INSERT INTO HtmlLabelIndex values(127585,'需填写按钮内容！') 
/
INSERT INTO HtmlLabelInfo VALUES(127585,'需填写按钮内容！',7) 
/
INSERT INTO HtmlLabelInfo VALUES(127585,'Need to fill in the button!',8) 
/
INSERT INTO HtmlLabelInfo VALUES(127585,'需填按o内容！',9) 
/


delete from HtmlLabelIndex where id=127586 
/
delete from HtmlLabelInfo where indexid=127586 
/
INSERT INTO HtmlLabelIndex values(127586,'需填写背景颜色！') 
/
INSERT INTO HtmlLabelInfo VALUES(127586,'需填写背景颜色！',7) 
/
INSERT INTO HtmlLabelInfo VALUES(127586,'Need to fill in the background color!',8) 
/
INSERT INTO HtmlLabelInfo VALUES(127586,'需填背景色！',9) 
/


delete from HtmlLabelIndex where id=127587 
/
delete from HtmlLabelInfo where indexid=127587 
/
INSERT INTO HtmlLabelIndex values(127587,'是否需要覆盖已生成的配置代码？') 
/
INSERT INTO HtmlLabelInfo VALUES(127587,'是否需要覆盖已生成的配置代码？',7) 
/
INSERT INTO HtmlLabelInfo VALUES(127587,'Do you need to overwrite the configuration code that has been generated?',8) 
/
INSERT INTO HtmlLabelInfo VALUES(127587,'是否需要覆w已生成的配置代a？',9) 
/


delete from HtmlLabelIndex where id=127588 
/
delete from HtmlLabelInfo where indexid=127588 
/
INSERT INTO HtmlLabelIndex values(127588,'按钮类型') 
/
INSERT INTO HtmlLabelInfo VALUES(127588,'按钮类型',7) 
/
INSERT INTO HtmlLabelInfo VALUES(127588,'Button type',8) 
/
INSERT INTO HtmlLabelInfo VALUES(127588,'按o型',9) 
/


delete from HtmlLabelIndex where id=127589 
/
delete from HtmlLabelInfo where indexid=127589 
/
INSERT INTO HtmlLabelIndex values(127589,'拨打电话') 
/
INSERT INTO HtmlLabelInfo VALUES(127589,'拨打电话',7) 
/
INSERT INTO HtmlLabelInfo VALUES(127589,'Dial telephone',8) 
/
INSERT INTO HtmlLabelInfo VALUES(127589,'艽螂',9) 
/



delete from HtmlLabelIndex where id=127590 
/
delete from HtmlLabelInfo where indexid=127590 
/
INSERT INTO HtmlLabelIndex values(127590,'普通按钮') 
/
INSERT INTO HtmlLabelInfo VALUES(127590,'普通按钮',7) 
/
INSERT INTO HtmlLabelInfo VALUES(127590,'Ordinary button',8) 
/
INSERT INTO HtmlLabelInfo VALUES(127590,'普通按o',9) 
/


delete from HtmlLabelIndex where id=127591 
/
delete from HtmlLabelInfo where indexid=127591 
/
INSERT INTO HtmlLabelIndex values(127591,'对应字段') 
/
INSERT INTO HtmlLabelInfo VALUES(127591,'对应字段',7) 
/
INSERT INTO HtmlLabelInfo VALUES(127591,'Corresponding field',8) 
/
INSERT INTO HtmlLabelInfo VALUES(127591,'字段',9) 
/


delete from HtmlLabelIndex where id=127592 
/
delete from HtmlLabelInfo where indexid=127592 
/
INSERT INTO HtmlLabelIndex values(127592,'对应字段名称') 
/
INSERT INTO HtmlLabelInfo VALUES(127592,'对应字段名称',7) 
/
INSERT INTO HtmlLabelInfo VALUES(127592,'Corresponding field name',8) 
/
INSERT INTO HtmlLabelInfo VALUES(127592,'字段名Q',9) 
/


 
delete from HtmlLabelIndex where id=127593 
/
delete from HtmlLabelInfo where indexid=127593 
/
INSERT INTO HtmlLabelIndex values(127593,'如: name') 
/
INSERT INTO HtmlLabelInfo VALUES(127593,'如: name',7) 
/
INSERT INTO HtmlLabelInfo VALUES(127593,'Such as:name',8) 
/
INSERT INTO HtmlLabelInfo VALUES(127593,'如: name',9) 
/
 

delete from HtmlLabelIndex where id=127594 
/
delete from HtmlLabelInfo where indexid=127594 
/
INSERT INTO HtmlLabelIndex values(127594,'按钮内容') 
/
INSERT INTO HtmlLabelInfo VALUES(127594,'按钮内容',7) 
/
INSERT INTO HtmlLabelInfo VALUES(127594,'Button content',8) 
/
INSERT INTO HtmlLabelInfo VALUES(127594,'按o内容',9) 
/


delete from HtmlLabelIndex where id=127595 
/
delete from HtmlLabelInfo where indexid=127595 
/
INSERT INTO HtmlLabelIndex values(127595,'单击事件') 
/
INSERT INTO HtmlLabelInfo VALUES(127595,'单击事件',7) 
/
INSERT INTO HtmlLabelInfo VALUES(127595,'Click event',8) 
/
INSERT INTO HtmlLabelInfo VALUES(127595,'羰录',9) 
/


delete from HtmlLabelIndex where id=127596 
/
delete from HtmlLabelInfo where indexid=127596 
/
INSERT INTO HtmlLabelIndex values(127596,'滑出方式') 
/
INSERT INTO HtmlLabelInfo VALUES(127596,'滑出方式',7) 
/
INSERT INTO HtmlLabelInfo VALUES(127596,'Slide way',8) 
/
INSERT INTO HtmlLabelInfo VALUES(127596,'滑出方式',9) 
/


delete from HtmlLabelIndex where id=127597 
/
delete from HtmlLabelInfo where indexid=127597 
/
INSERT INTO HtmlLabelIndex values(127597,'推出') 
/
INSERT INTO HtmlLabelInfo VALUES(127597,'推出',7) 
/
INSERT INTO HtmlLabelInfo VALUES(127597,'Launch',8) 
/
INSERT INTO HtmlLabelInfo VALUES(127597,'推出',9) 
/


delete from HtmlLabelIndex where id=127598 
/
delete from HtmlLabelInfo where indexid=127598 
/
INSERT INTO HtmlLabelIndex values(127598,'浮出') 
/
INSERT INTO HtmlLabelInfo VALUES(127598,'浮出',7) 
/
INSERT INTO HtmlLabelInfo VALUES(127598,'surfaced',8) 
/
INSERT INTO HtmlLabelInfo VALUES(127598,'浮出',9) 
/


delete from HtmlLabelIndex where id=127599 
/
delete from HtmlLabelInfo where indexid=127599 
/
INSERT INTO HtmlLabelIndex values(127599,'以上配置完成后，需要点击右方的生成代码按钮方可生效') 
/
INSERT INTO HtmlLabelInfo VALUES(127599,'以上配置完成后，需要点击右方的生成代码按钮方可生效',7) 
/
INSERT INTO HtmlLabelInfo VALUES(127599,'The above configuration is completed, the generated code button on the right side need to click on the entry into force',8) 
/
INSERT INTO HtmlLabelInfo VALUES(127599,'以上配置完成後，需要c粲曳降纳成代a按o方可生效',9) 
/



delete from HtmlLabelIndex where id=127600 
/
delete from HtmlLabelInfo where indexid=127600 
/
INSERT INTO HtmlLabelIndex values(127600,'生成代码') 
/
INSERT INTO HtmlLabelInfo VALUES(127600,'生成代码',7) 
/
INSERT INTO HtmlLabelInfo VALUES(127600,'Generate code',8) 
/
INSERT INTO HtmlLabelInfo VALUES(127600,'生成代a',9) 
/


delete from HtmlLabelIndex where id=127601 
/
delete from HtmlLabelInfo where indexid=127601 
/
INSERT INTO HtmlLabelIndex values(127601,'查询条件不能重复添加！') 
/
INSERT INTO HtmlLabelInfo VALUES(127601,'查询条件不能重复添加！',7) 
/
INSERT INTO HtmlLabelInfo VALUES(127601,'Query conditions can not be repeated to add!',8) 
/
INSERT INTO HtmlLabelInfo VALUES(127601,'查l件不能重}添加！',9) 
/



delete from HtmlLabelIndex where id=127602 
/
delete from HtmlLabelInfo where indexid=127602 
/
INSERT INTO HtmlLabelIndex values(127602,'添加查询') 
/
INSERT INTO HtmlLabelInfo VALUES(127602,'添加查询',7) 
/
INSERT INTO HtmlLabelInfo VALUES(127602,'Add query',8) 
/
INSERT INTO HtmlLabelInfo VALUES(127602,'添加查',9) 
/


delete from HtmlLabelIndex where id=127603 
/
delete from HtmlLabelInfo where indexid=127603 
/
INSERT INTO HtmlLabelIndex values(127603,'从右') 
/
INSERT INTO HtmlLabelInfo VALUES(127603,'从右',7) 
/
INSERT INTO HtmlLabelInfo VALUES(127603,'From the right',8) 
/
INSERT INTO HtmlLabelInfo VALUES(127603,'挠',9) 
/



delete from HtmlLabelIndex where id=127606 
/
delete from HtmlLabelInfo where indexid=127606 
/
INSERT INTO HtmlLabelIndex values(127606,'以上图中的图标为例，其SQL返回的数据如下：') 
/
INSERT INTO HtmlLabelInfo VALUES(127606,'以上图中的图标为例，其SQL返回的数据如下：',7) 
/
INSERT INTO HtmlLabelInfo VALUES(127606,'Icon in the above figure, for example, the data returned by the SQL are as follows:',8) 
/
INSERT INTO HtmlLabelInfo VALUES(127606,'以上D中的D标例，其SQL返回的如下：',9) 
/


delete from HtmlLabelIndex where id=127607 
/
delete from HtmlLabelInfo where indexid=127607 
/
INSERT INTO HtmlLabelIndex values(127607,'书写SQL语句时需要指明name列，value列和color列。如：') 
/
INSERT INTO HtmlLabelInfo VALUES(127607,'书写SQL语句时需要指明name列，value列和color列。如：',7) 
/
INSERT INTO HtmlLabelInfo VALUES(127607,'When writing the SQL statement, you need to specify the name column, the value column, and the color column. Such as:',8) 
/
INSERT INTO HtmlLabelInfo VALUES(127607,'SQLZ句r需要指明name列，value列和color列。如：',9) 
/


 
  delete from HtmlLabelIndex where id=127608 
/
delete from HtmlLabelInfo where indexid=127608 
/
INSERT INTO HtmlLabelIndex values(127608,'如果没有明确指明name列，将使用查询结果的第1列作为name列。') 
/
INSERT INTO HtmlLabelInfo VALUES(127608,'如果没有明确指明name列，将使用查询结果的第1列作为name列。',7) 
/
INSERT INTO HtmlLabelInfo VALUES(127608,'If you did not specify the name column, you will use the first column of the query result as the name column.',8) 
/
INSERT INTO HtmlLabelInfo VALUES(127608,'如果]有明确指明name列，将使用查Y果的第1列作name列。',9) 
/
 
delete from HtmlLabelIndex where id=127609 
/
delete from HtmlLabelInfo where indexid=127609 
/
INSERT INTO HtmlLabelIndex values(127609,'如果没有明确指明value列，将使用查询结果的第2列作为value列。') 
/
INSERT INTO HtmlLabelInfo VALUES(127609,'如果没有明确指明value列，将使用查询结果的第2列作为value列。',7) 
/
INSERT INTO HtmlLabelInfo VALUES(127609,'If you did not specify the value column, you will use the second column of the query result as the value column.',8) 
/
INSERT INTO HtmlLabelInfo VALUES(127609,'如果]有明确指明value列，将使用查Y果的第2列作value列。',9) 
/


delete from HtmlLabelIndex where id=127610 
/
delete from HtmlLabelInfo where indexid=127610 
/
INSERT INTO HtmlLabelIndex values(127610,'如果没有明确指明color列，将由系统自行分配颜色值。') 
/
INSERT INTO HtmlLabelInfo VALUES(127610,'如果没有明确指明color列，将由系统自行分配颜色值。',7) 
/
INSERT INTO HtmlLabelInfo VALUES(127610,'If the color column is not explicitly specified, the color value is assigned by the system itself.',8) 
/
INSERT INTO HtmlLabelInfo VALUES(127610,'如果]有明确指明color列，将由系y自行分配色值。',9) 
/


delete from HtmlLabelIndex where id=127611 
/
delete from HtmlLabelInfo where indexid=127611 
/
INSERT INTO HtmlLabelIndex values(127611,'所以下面的查询SQL也是可以的，只是颜色值会由系统指定:') 
/
INSERT INTO HtmlLabelInfo VALUES(127611,'所以下面的查询SQL也是可以的，只是颜色值会由系统指定:',7) 
/
INSERT INTO HtmlLabelInfo VALUES(127611,'So the following query SQL is also possible, but the color value will be specified by the system:',8) 
/
INSERT INTO HtmlLabelInfo VALUES(127611,'所以下面的查SQL也是可以的，b是色值由系y指定:',9) 
/


delete from HtmlLabelIndex where id=127612 
/
delete from HtmlLabelInfo where indexid=127612 
/
INSERT INTO HtmlLabelIndex values(127612,'以上图中的左边第一个折线图为例，其SQL返回的数据如下：') 
/
INSERT INTO HtmlLabelInfo VALUES(127612,'以上图中的左边第一个折线图为例，其SQL返回的数据如下：',7) 
/
INSERT INTO HtmlLabelInfo VALUES(127612,'Above figure in the left of the first broken line graph, for example, the data returned by the SQL as follows:',8) 
/
INSERT INTO HtmlLabelInfo VALUES(127612,'以上D中的左第一折D例，其SQL返回的如下：',9) 
/


delete from HtmlLabelIndex where id=127613 
/
delete from HtmlLabelInfo where indexid=127613 
/
INSERT INTO HtmlLabelIndex values(127613,'书写SQL语句时需要注意value为数字。如：') 
/
INSERT INTO HtmlLabelInfo VALUES(127613,'书写SQL语句时需要注意value为数字。如：',7) 
/
INSERT INTO HtmlLabelInfo VALUES(127613,'Need to pay attention to value when writing SQL statements for digital. Such as:',8) 
/
INSERT INTO HtmlLabelInfo VALUES(127613,'SQLZ句r需要注意value底帧Ｈ纾',9) 
/


delete from HtmlLabelIndex where id=127614 
/
delete from HtmlLabelInfo where indexid=127614 
/
INSERT INTO HtmlLabelIndex values(127614,'如果没有明确指明value列，将使用查询结果的第1列作为value列。') 
/
INSERT INTO HtmlLabelInfo VALUES(127614,'如果没有明确指明value列，将使用查询结果的第1列作为value列。',7) 
/
INSERT INTO HtmlLabelInfo VALUES(127614,'If you did not specify the value column, you will use the first column of the query result as the value column.',8) 
/
INSERT INTO HtmlLabelInfo VALUES(127614,'如果]有明确指明value列，将使用查Y果的第1列作value列。',9) 
/


delete from HtmlLabelIndex where id=127615 
/
delete from HtmlLabelInfo where indexid=127615 
/
INSERT INTO HtmlLabelIndex values(127615,'所以下面的查询SQL也是可以的:') 
/
INSERT INTO HtmlLabelInfo VALUES(127615,'所以下面的查询SQL也是可以的:',7) 
/
INSERT INTO HtmlLabelInfo VALUES(127615,'So the following query SQL is also possible:',8) 
/
INSERT INTO HtmlLabelInfo VALUES(127615,'所以下面的查SQL也是可以的:',9) 
/


delete from HtmlLabelIndex where id=127616 
/
delete from HtmlLabelInfo where indexid=127616 
/
INSERT INTO HtmlLabelIndex values(127616,'以上图中的左边第一个圆形图为例，其SQL返回的数据如下：') 
/
INSERT INTO HtmlLabelInfo VALUES(127616,'以上图中的左边第一个圆形图为例，其SQL返回的数据如下：',7) 
/
INSERT INTO HtmlLabelInfo VALUES(127616,'Above figure in the left of the first circular graph, for example, the data returned by the SQL as follows:',8) 
/
INSERT INTO HtmlLabelInfo VALUES(127616,'以上D中的左第一A形D例，其SQL返回的如下：',9) 
/


delete from HtmlLabelIndex where id=127617 
/
delete from HtmlLabelInfo where indexid=127617 
/
INSERT INTO HtmlLabelIndex values(127617,'书写SQL语句时需要注意count和num为数字。如：') 
/
INSERT INTO HtmlLabelInfo VALUES(127617,'书写SQL语句时需要注意count和num为数字。如：',7) 
/
INSERT INTO HtmlLabelInfo VALUES(127617,'Note count and num as numbers when writing SQL statements. Such as:',8) 
/
INSERT INTO HtmlLabelInfo VALUES(127617,'SQLZ句r需要注意count和num底帧Ｈ纾',9) 
/


delete from HtmlLabelIndex where id=127618 
/
delete from HtmlLabelInfo where indexid=127618 
/
INSERT INTO HtmlLabelIndex values(127618,'如果没有明确指明count列，将使用查询结果的第1列作为count列。') 
/
INSERT INTO HtmlLabelInfo VALUES(127618,'如果没有明确指明count列，将使用查询结果的第1列作为count列。',7) 
/
INSERT INTO HtmlLabelInfo VALUES(127618,'If you did not specify the count column, you will use the first column of the query result as the count column.',8) 
/
INSERT INTO HtmlLabelInfo VALUES(127618,'如果]有明确指明count列，将使用查Y果的第1列作count列。',9) 
/


delete from HtmlLabelIndex where id=127619 
/
delete from HtmlLabelInfo where indexid=127619 
/
INSERT INTO HtmlLabelIndex values(127619,'如果没有明确指明num列，将使用查询结果的第1列作为num列。') 
/
INSERT INTO HtmlLabelInfo VALUES(127619,'如果没有明确指明num列，将使用查询结果的第1列作为num列。',7) 
/
INSERT INTO HtmlLabelInfo VALUES(127619,'If you did not specify the num column, you will use the first column of the query result as the num column.',8) 
/
INSERT INTO HtmlLabelInfo VALUES(127619,'如果]有明确指明num列，将使用查Y果的第1列作num列。',9) 
/


delete from HtmlLabelIndex where id=127620 
/
delete from HtmlLabelInfo where indexid=127620 
/
INSERT INTO HtmlLabelIndex values(127620,'注意：如果查询结果有多列，默认取第一列!') 
/
INSERT INTO HtmlLabelInfo VALUES(127620,'注意：如果查询结果有多列，默认取第一列!',7) 
/
INSERT INTO HtmlLabelInfo VALUES(127620,'Note: if the query results have multiple columns, the first column from the default!',8) 
/
INSERT INTO HtmlLabelInfo VALUES(127620,'注意：如果查Y果有多列，默J取第一列!',9) 
/


delete from HtmlLabelIndex where id=127623 
/
delete from HtmlLabelInfo where indexid=127623 
/
INSERT INTO HtmlLabelIndex values(127623,'列表页面') 
/
INSERT INTO HtmlLabelInfo VALUES(127623,'列表页面',7) 
/
INSERT INTO HtmlLabelInfo VALUES(127623,'List page',8) 
/
INSERT INTO HtmlLabelInfo VALUES(127623,'列表面',9) 
/



delete from HtmlLabelIndex where id=127624 
/
delete from HtmlLabelInfo where indexid=127624 
/
INSERT INTO HtmlLabelIndex values(127624,'输入链接') 
/
INSERT INTO HtmlLabelInfo VALUES(127624,'输入链接',7) 
/
INSERT INTO HtmlLabelInfo VALUES(127624,'Input link',8) 
/
INSERT INTO HtmlLabelInfo VALUES(127624,'入接',9) 
/


delete from HtmlLabelIndex where id=127625 
/
delete from HtmlLabelInfo where indexid=127625 
/
INSERT INTO HtmlLabelIndex values(127625,'回到首页') 
/
INSERT INTO HtmlLabelInfo VALUES(127625,'回到首页',7) 
/
INSERT INTO HtmlLabelInfo VALUES(127625,'Back to the home page',8) 
/
INSERT INTO HtmlLabelInfo VALUES(127625,'回到首',9) 
/



delete from HtmlLabelIndex where id=127626 
/
delete from HtmlLabelInfo where indexid=127626 
/
INSERT INTO HtmlLabelIndex values(127626,'请输入要获取的参数名称') 
/
INSERT INTO HtmlLabelInfo VALUES(127626,'请输入要获取的参数名称',7) 
/
INSERT INTO HtmlLabelInfo VALUES(127626,'Please enter the name of the parameter you want to get',8) 
/
INSERT INTO HtmlLabelInfo VALUES(127626,'入要@取的得Q',9) 
/



delete from HtmlLabelIndex where id=127627 
/
delete from HtmlLabelInfo where indexid=127627 
/
INSERT INTO HtmlLabelIndex values(127627,'参数名称不能为空') 
/
INSERT INTO HtmlLabelInfo VALUES(127627,'参数名称不能为空',7) 
/
INSERT INTO HtmlLabelInfo VALUES(127627,'Parameter name cannot be empty',8) 
/
INSERT INTO HtmlLabelInfo VALUES(127627,'得Q不能空',9) 
/


delete from HtmlLabelIndex where id=127628 
/
delete from HtmlLabelInfo where indexid=127628 
/
INSERT INTO HtmlLabelIndex values(127628,'参数值不能为空') 
/
INSERT INTO HtmlLabelInfo VALUES(127628,'参数值不能为空',7) 
/
INSERT INTO HtmlLabelInfo VALUES(127628,'Parameter value cannot be empty',8) 
/
INSERT INTO HtmlLabelInfo VALUES(127628,'抵挡荒空',9) 
/


delete from HtmlLabelIndex where id=127629 
/
delete from HtmlLabelInfo where indexid=127629 
/
INSERT INTO HtmlLabelIndex values(127629,'一个英文的参数名称，如name') 
/
INSERT INTO HtmlLabelInfo VALUES(127629,'一个英文的参数名称，如name',7) 
/
INSERT INTO HtmlLabelInfo VALUES(127629,'A parameter name in English, such as name',8) 
/
INSERT INTO HtmlLabelInfo VALUES(127629,'一英文的得Q，如name',9) 
/


delete from HtmlLabelIndex where id=127630 
/
delete from HtmlLabelInfo where indexid=127630 
/
INSERT INTO HtmlLabelIndex values(127630,'当前部门') 
/
INSERT INTO HtmlLabelInfo VALUES(127630,'当前部门',7) 
/
INSERT INTO HtmlLabelInfo VALUES(127630,'Current sector',8) 
/
INSERT INTO HtmlLabelInfo VALUES(127630,'前部T',9) 
/


delete from HtmlLabelIndex where id=127631 
/
delete from HtmlLabelInfo where indexid=127631 
/
INSERT INTO HtmlLabelIndex values(127631,'当前分部') 
/
INSERT INTO HtmlLabelInfo VALUES(127631,'当前分部',7) 
/
INSERT INTO HtmlLabelInfo VALUES(127631,'Current division',8) 
/
INSERT INTO HtmlLabelInfo VALUES(127631,'前分部',9) 
/


delete from HtmlLabelIndex where id=127632 
/
delete from HtmlLabelInfo where indexid=127632 
/
INSERT INTO HtmlLabelIndex values(127632,'获取参数') 
/
INSERT INTO HtmlLabelInfo VALUES(127632,'获取参数',7) 
/
INSERT INTO HtmlLabelInfo VALUES(127632,'Acquisition parameter',8) 
/
INSERT INTO HtmlLabelInfo VALUES(127632,'@取',9) 
/



delete from HtmlLabelIndex where id=127633 
/
delete from HtmlLabelInfo where indexid=127633 
/
INSERT INTO HtmlLabelIndex values(127633,'系统组件') 
/
INSERT INTO HtmlLabelInfo VALUES(127633,'系统组件',7) 
/
INSERT INTO HtmlLabelInfo VALUES(127633,'System component',8) 
/
INSERT INTO HtmlLabelInfo VALUES(127633,'系yM件',9) 
/



delete from HtmlLabelIndex where id=127634 
/
delete from HtmlLabelInfo where indexid=127634 
/
INSERT INTO HtmlLabelIndex values(127634,'滑出效果') 
/
INSERT INTO HtmlLabelInfo VALUES(127634,'滑出效果',7) 
/
INSERT INTO HtmlLabelInfo VALUES(127634,'Sliding effect',8) 
/
INSERT INTO HtmlLabelInfo VALUES(127634,'滑出效果',9) 
/


delete from HtmlLabelIndex where id=127635 
/
delete from HtmlLabelInfo where indexid=127635 
/
INSERT INTO HtmlLabelIndex values(127635,'遮罩层背景色') 
/
INSERT INTO HtmlLabelInfo VALUES(127635,'遮罩层背景色',7) 
/
INSERT INTO HtmlLabelInfo VALUES(127635,'The background color of the mask layer',8) 
/
INSERT INTO HtmlLabelInfo VALUES(127635,'遮罩颖尘吧',9) 
/


delete from HtmlLabelIndex where id=127636 
/
delete from HtmlLabelInfo where indexid=127636 
/
INSERT INTO HtmlLabelIndex values(127636,'滑出速度') 
/
INSERT INTO HtmlLabelInfo VALUES(127636,'滑出速度',7) 
/
INSERT INTO HtmlLabelInfo VALUES(127636,'Sliding velocity',8) 
/
INSERT INTO HtmlLabelInfo VALUES(127636,'滑出速度',9) 
/



delete from HtmlLabelIndex where id=127637 
/
delete from HtmlLabelInfo where indexid=127637 
/
INSERT INTO HtmlLabelIndex values(127637,'从页面上层滑出') 
/
INSERT INTO HtmlLabelInfo VALUES(127637,'从页面上层滑出',7) 
/
INSERT INTO HtmlLabelInfo VALUES(127637,'Slide out from the top of the page',8) 
/
INSERT INTO HtmlLabelInfo VALUES(127637,'捻面上踊出',9) 
/


delete from HtmlLabelIndex where id=127638 
/
delete from HtmlLabelInfo where indexid=127638 
/
INSERT INTO HtmlLabelIndex values(127638,'从左侧推出') 
/
INSERT INTO HtmlLabelInfo VALUES(127638,'从左侧推出',7) 
/
INSERT INTO HtmlLabelInfo VALUES(127638,'Launch from left',8) 
/
INSERT INTO HtmlLabelInfo VALUES(127638,'淖韧瞥',9) 
/


delete from HtmlLabelIndex where id=127639 
/
delete from HtmlLabelInfo where indexid=127639 
/
INSERT INTO HtmlLabelIndex values(127639,'从右侧推出') 
/
INSERT INTO HtmlLabelInfo VALUES(127639,'从右侧推出',7) 
/
INSERT INTO HtmlLabelInfo VALUES(127639,'Launch from right',8) 
/
INSERT INTO HtmlLabelInfo VALUES(127639,'挠韧瞥',9) 
/


delete from HtmlLabelIndex where id=127640 
/
delete from HtmlLabelInfo where indexid=127640 
/
INSERT INTO HtmlLabelIndex values(127640,'测试标题') 
/
INSERT INTO HtmlLabelInfo VALUES(127640,'测试标题',7) 
/
INSERT INTO HtmlLabelInfo VALUES(127640,'Test title',8) 
/
INSERT INTO HtmlLabelInfo VALUES(127640,'y标}',9) 
/


delete from HtmlLabelIndex where id=127641 
/
delete from HtmlLabelInfo where indexid=127641 
/
INSERT INTO HtmlLabelIndex values(127641,'测试名称') 
/
INSERT INTO HtmlLabelInfo VALUES(127641,'测试名称',7) 
/
INSERT INTO HtmlLabelInfo VALUES(127641,'Test name',8) 
/
INSERT INTO HtmlLabelInfo VALUES(127641,'y名Q',9) 
/


delete from HtmlLabelIndex where id=127642 
/
delete from HtmlLabelInfo where indexid=127642 
/
INSERT INTO HtmlLabelIndex values(127642,'普通方式打开') 
/
INSERT INTO HtmlLabelInfo VALUES(127642,'普通方式打开',7) 
/
INSERT INTO HtmlLabelInfo VALUES(127642,'Ordinary way to open',8) 
/
INSERT INTO HtmlLabelInfo VALUES(127642,'普通方式打_',9) 
/


delete from HtmlLabelIndex where id=127643 
/
delete from HtmlLabelInfo where indexid=127643 
/
INSERT INTO HtmlLabelIndex values(127643,'在顶层页面中打开') 
/
INSERT INTO HtmlLabelInfo VALUES(127643,'在顶层页面中打开',7) 
/
INSERT INTO HtmlLabelInfo VALUES(127643,'Open on top of the page',8) 
/
INSERT INTO HtmlLabelInfo VALUES(127643,'在禹面中打_',9) 
/

delete from HtmlLabelIndex where id=127644 
/
delete from HtmlLabelInfo where indexid=127644 
/
INSERT INTO HtmlLabelIndex values(127644,'方法的参数名称，如name') 
/
INSERT INTO HtmlLabelInfo VALUES(127644,'方法的参数名称，如name',7) 
/
INSERT INTO HtmlLabelInfo VALUES(127644,'Method parameter name, such as name',8) 
/
INSERT INTO HtmlLabelInfo VALUES(127644,'方法的得Q，如name',9) 
/


delete from HtmlLabelIndex where id=127645 
/
delete from HtmlLabelInfo where indexid=127645 
/
INSERT INTO HtmlLabelIndex values(127645,'数据起始位置') 
/
INSERT INTO HtmlLabelInfo VALUES(127645,'数据起始位置',7) 
/
INSERT INTO HtmlLabelInfo VALUES(127645,'Data start position',8) 
/
INSERT INTO HtmlLabelInfo VALUES(127645,'起始位置',9) 
/


delete from HtmlLabelIndex where id=127646 
/
delete from HtmlLabelInfo where indexid=127646 
/
INSERT INTO HtmlLabelIndex values(127646,'每页显示数量') 
/
INSERT INTO HtmlLabelInfo VALUES(127646,'每页显示数量',7) 
/
INSERT INTO HtmlLabelInfo VALUES(127646,'Each page shows the number',8) 
/
INSERT INTO HtmlLabelInfo VALUES(127646,'每@示盗',9) 
/


delete from HtmlLabelIndex where id=127647 
/
delete from HtmlLabelInfo where indexid=127647 
/
INSERT INTO HtmlLabelIndex values(127647,'查询参数') 
/
INSERT INTO HtmlLabelInfo VALUES(127647,'查询参数',7) 
/
INSERT INTO HtmlLabelInfo VALUES(127647,'Query parameters',8) 
/
INSERT INTO HtmlLabelInfo VALUES(127647,'查',9) 
/



delete from HtmlLabelIndex where id=127653 
/
delete from HtmlLabelInfo where indexid=127653 
/
INSERT INTO HtmlLabelIndex values(127653,'点击选择图片') 
/
INSERT INTO HtmlLabelInfo VALUES(127653,'点击选择图片',7) 
/
INSERT INTO HtmlLabelInfo VALUES(127653,'Click to select the picture',8) 
/
INSERT INTO HtmlLabelInfo VALUES(127653,'c暨xD片',9) 
/




delete from HtmlLabelIndex where id=127654 
/
delete from HtmlLabelInfo where indexid=127654 
/
INSERT INTO HtmlLabelIndex values(127654,'请在此处键入脚本') 
/
INSERT INTO HtmlLabelInfo VALUES(127654,'请在此处键入脚本',7) 
/
INSERT INTO HtmlLabelInfo VALUES(127654,'Please type the script here',8) 
/
INSERT INTO HtmlLabelInfo VALUES(127654,'在此I入_本',9) 
/



delete from HtmlLabelIndex where id=127662 
/
delete from HtmlLabelInfo where indexid=127662 
/
INSERT INTO HtmlLabelIndex values(127662,'单击脚本') 
/
INSERT INTO HtmlLabelInfo VALUES(127662,'单击脚本',7) 
/
INSERT INTO HtmlLabelInfo VALUES(127662,'Click script',8) 
/
INSERT INTO HtmlLabelInfo VALUES(127662,'裟_本',9) 
/



 
  delete from HtmlLabelIndex where id=127663 
/
delete from HtmlLabelInfo where indexid=127663 
/
INSERT INTO HtmlLabelIndex values(127663,'输入单击按钮可执行脚本') 
/
INSERT INTO HtmlLabelInfo VALUES(127663,'输入单击按钮可执行脚本',7) 
/
INSERT INTO HtmlLabelInfo VALUES(127663,'Enter a script by clicking the button',8) 
/
INSERT INTO HtmlLabelInfo VALUES(127663,'入舭粹o可绦心_本',9) 
/ 



delete from HtmlLabelIndex where id=127664 
/
delete from HtmlLabelInfo where indexid=127664 
/
INSERT INTO HtmlLabelIndex values(127664,'样式名称:如saveBtn, 多个样式用空格隔开') 
/
INSERT INTO HtmlLabelInfo VALUES(127664,'样式名称:如saveBtn, 多个样式用空格隔开',7) 
/
INSERT INTO HtmlLabelInfo VALUES(127664,'Style name: such as saveBtn, multiple styles are separated by spaces',8) 
/
INSERT INTO HtmlLabelInfo VALUES(127664,'邮矫Q:如saveBtn, 多邮接每崭窀糸_',9) 
/



delete from HtmlLabelIndex where id=127665 
/
delete from HtmlLabelInfo where indexid=127665 
/
INSERT INTO HtmlLabelIndex values(127665,'自定义样式') 
/
INSERT INTO HtmlLabelInfo VALUES(127665,'自定义样式',7) 
/
INSERT INTO HtmlLabelInfo VALUES(127665,'Custom style',8) 
/
INSERT INTO HtmlLabelInfo VALUES(127665,'自定x邮',9) 
/



delete from HtmlLabelIndex where id=127666 
/
delete from HtmlLabelInfo where indexid=127666 
/
INSERT INTO HtmlLabelIndex values(127666,'边框颜色:') 
/
INSERT INTO HtmlLabelInfo VALUES(127666,'边框颜色:',7) 
/
INSERT INTO HtmlLabelInfo VALUES(127666,'Border color:',8) 
/
INSERT INTO HtmlLabelInfo VALUES(127666,'框色:',9) 
/


delete from HtmlLabelIndex where id=127669 
/
delete from HtmlLabelInfo where indexid=127669 
/
INSERT INTO HtmlLabelIndex values(127669,'字体颜色:') 
/
INSERT INTO HtmlLabelInfo VALUES(127669,'字体颜色:',7) 
/
INSERT INTO HtmlLabelInfo VALUES(127669,'Font color:',8) 
/
INSERT INTO HtmlLabelInfo VALUES(127669,'字w色:',9) 
/



delete from HtmlLabelIndex where id=127670 
/
delete from HtmlLabelInfo where indexid=127670 
/
INSERT INTO HtmlLabelIndex values(127670,'背景颜色:') 
/
INSERT INTO HtmlLabelInfo VALUES(127670,'背景颜色:',7) 
/
INSERT INTO HtmlLabelInfo VALUES(127670,'Background color:',8) 
/
INSERT INTO HtmlLabelInfo VALUES(127670,'背景色:',9) 
/



delete from HtmlLabelIndex where id=127671 
/
delete from HtmlLabelInfo where indexid=127671 
/
INSERT INTO HtmlLabelIndex values(127671,'预览按钮') 
/
INSERT INTO HtmlLabelInfo VALUES(127671,'预览按钮',7) 
/
INSERT INTO HtmlLabelInfo VALUES(127671,'Preview button',8) 
/
INSERT INTO HtmlLabelInfo VALUES(127671,'A[按o',9) 
/


delete from HtmlLabelIndex where id=127672 
/
delete from HtmlLabelInfo where indexid=127672 
/
INSERT INTO HtmlLabelIndex values(127672,'请先选择文件') 
/
INSERT INTO HtmlLabelInfo VALUES(127672,'请先选择文件',7) 
/
INSERT INTO HtmlLabelInfo VALUES(127672,'Please select a file',8) 
/
INSERT INTO HtmlLabelInfo VALUES(127672,'先x裎募',9) 
/


 
  delete from HtmlLabelIndex where id=127673 
/
delete from HtmlLabelInfo where indexid=127673 
/
INSERT INTO HtmlLabelIndex values(127673,'文件上传') 
/
INSERT INTO HtmlLabelInfo VALUES(127673,'文件上传',7) 
/
INSERT INTO HtmlLabelInfo VALUES(127673,'File upload',8) 
/
INSERT INTO HtmlLabelInfo VALUES(127673,'文件上',9) 
/ 


delete from HtmlLabelIndex where id=127674 
/
delete from HtmlLabelInfo where indexid=127674 
/
INSERT INTO HtmlLabelIndex values(127674,'上传中...') 
/
INSERT INTO HtmlLabelInfo VALUES(127674,'上传中...',7) 
/
INSERT INTO HtmlLabelInfo VALUES(127674,'Uploading',8) 
/
INSERT INTO HtmlLabelInfo VALUES(127674,'上髦...',9) 
/




delete from HtmlLabelIndex where id=127675 
/
delete from HtmlLabelInfo where indexid=127675 
/
INSERT INTO HtmlLabelIndex values(127675,'举例，SQL返回的数据如下：') 
/
INSERT INTO HtmlLabelInfo VALUES(127675,'举例，SQL返回的数据如下：',7) 
/
INSERT INTO HtmlLabelInfo VALUES(127675,'For example, the data returned by SQL are as follows:',8) 
/
INSERT INTO HtmlLabelInfo VALUES(127675,'e例，SQL返回的如下：',9) 
/




delete from HtmlLabelIndex where id=127676 
/
delete from HtmlLabelInfo where indexid=127676 
/
INSERT INTO HtmlLabelIndex values(127676,'书写SQL语句时需要指明name列和value列。如：') 
/
INSERT INTO HtmlLabelInfo VALUES(127676,'书写SQL语句时需要指明name列和value列。如：',7) 
/
INSERT INTO HtmlLabelInfo VALUES(127676,'When writing the SQL statement, you need to specify the name column and the value column. Such as:',8) 
/
INSERT INTO HtmlLabelInfo VALUES(127676,'SQLZ句r需要指明name列和value列。如：',9) 
/



delete from HtmlLabelIndex where id=127677 
/
delete from HtmlLabelInfo where indexid=127677 
/
INSERT INTO HtmlLabelIndex values(127677,'用户:{curruser}，部门:{currdept}，日期:{currdate}，时间:{currtime}，日期时间:{currdatetime},或者页面上的参数') 
/
INSERT INTO HtmlLabelInfo VALUES(127677,'用户:{curruser}，部门:{currdept}，日期:{currdate}，时间:{currtime}，日期时间:{currdatetime},或者页面上的参数',7) 
/
INSERT INTO HtmlLabelInfo VALUES(127677,'User: {curruser}, Department: {currdept}, date: {currdate}, time: {currtime}, date time: {currdatetime}, or the parameters on the page',8) 
/
INSERT INTO HtmlLabelInfo VALUES(127677,'用:{curruser}，部T:{currdept}，日期:{currdate}，rg:{currtime}，日期rg:{currdatetime},或者面上的',9) 
/



delete from HtmlLabelIndex where id=127679 
/
delete from HtmlLabelInfo where indexid=127679 
/
INSERT INTO HtmlLabelIndex values(127679,'提交并返回') 
/
INSERT INTO HtmlLabelInfo VALUES(127679,'提交并返回',7) 
/
INSERT INTO HtmlLabelInfo VALUES(127679,'Submit and return',8) 
/
INSERT INTO HtmlLabelInfo VALUES(127679,'提交并返回',9) 
/



delete from HtmlLabelIndex where id=127680 
/
delete from HtmlLabelInfo where indexid=127680 
/
INSERT INTO HtmlLabelIndex values(127680,'回调脚本') 
/
INSERT INTO HtmlLabelInfo VALUES(127680,'回调脚本',7) 
/
INSERT INTO HtmlLabelInfo VALUES(127680,'Callback script',8) 
/
INSERT INTO HtmlLabelInfo VALUES(127680,'回{_本',9) 
/


delete from HtmlLabelIndex where id=127681 
/
delete from HtmlLabelInfo where indexid=127681 
/
INSERT INTO HtmlLabelIndex values(127681,'输入脚本') 
/
INSERT INTO HtmlLabelInfo VALUES(127681,'输入脚本',7) 
/
INSERT INTO HtmlLabelInfo VALUES(127681,'Input script',8) 
/
INSERT INTO HtmlLabelInfo VALUES(127681,'入_本',9) 
/



delete from HtmlLabelIndex where id=127687 
/
delete from HtmlLabelInfo where indexid=127687 
/
INSERT INTO HtmlLabelIndex values(127687,'样式名称:如saveBtn, 多个样式用空格隔开（简化）') 
/
INSERT INTO HtmlLabelInfo VALUES(127687,'样式名称:如saveBtn, 多个样式用空格隔开',7) 
/
INSERT INTO HtmlLabelInfo VALUES(127687,'Style name:such as saveBtn',8) 
/
INSERT INTO HtmlLabelInfo VALUES(127687,'邮矫Q:如saveBtn, 多邮接每崭窀糸_',9) 
/


delete from HtmlLabelIndex where id=127692 
/
delete from HtmlLabelInfo where indexid=127692 
/
INSERT INTO HtmlLabelIndex values(127692,'加载模板时出现错误：') 
/
INSERT INTO HtmlLabelInfo VALUES(127692,'加载模板时出现错误：',7) 
/
INSERT INTO HtmlLabelInfo VALUES(127692,'An error occurred while loading the template:',8) 
/
INSERT INTO HtmlLabelInfo VALUES(127692,'加d模r出Fe`：',9) 
/


delete from HtmlLabelIndex where id=127693 
/
delete from HtmlLabelInfo where indexid=127693 
/
INSERT INTO HtmlLabelIndex values(127693,'模板名称：') 
/
INSERT INTO HtmlLabelInfo VALUES(127693,'模板名称：',7) 
/
INSERT INTO HtmlLabelInfo VALUES(127693,'Template name:',8) 
/
INSERT INTO HtmlLabelInfo VALUES(127693,'模名Q：',9) 
/


delete from HtmlLabelIndex where id=127694 
/
delete from HtmlLabelInfo where indexid=127694 
/
INSERT INTO HtmlLabelIndex values(127694,'行业分类：') 
/
INSERT INTO HtmlLabelInfo VALUES(127694,'行业分类：',7) 
/
INSERT INTO HtmlLabelInfo VALUES(127694,'Industry classification:',8) 
/
INSERT INTO HtmlLabelInfo VALUES(127694,'行I分：',9) 
/


delete from HtmlLabelIndex where id=127695 
/
delete from HtmlLabelInfo where indexid=127695 
/
INSERT INTO HtmlLabelIndex values(127695,'页面分类：') 
/
INSERT INTO HtmlLabelInfo VALUES(127695,'页面分类：',7) 
/
INSERT INTO HtmlLabelInfo VALUES(127695,'Page classification:',8) 
/
INSERT INTO HtmlLabelInfo VALUES(127695,'面分：',9) 
/


delete from HtmlLabelIndex where id=127696 
/
delete from HtmlLabelInfo where indexid=127696 
/
INSERT INTO HtmlLabelIndex values(127696,'模板描述：') 
/
INSERT INTO HtmlLabelInfo VALUES(127696,'模板描述：',7) 
/
INSERT INTO HtmlLabelInfo VALUES(127696,'Template Description:',8) 
/
INSERT INTO HtmlLabelInfo VALUES(127696,'模描述：',9) 
/


delete from HtmlLabelIndex where id=127697 
/
delete from HtmlLabelInfo where indexid=127697 
/
INSERT INTO HtmlLabelIndex values(127697,'模板名称不能为空！') 
/
INSERT INTO HtmlLabelInfo VALUES(127697,'模板名称不能为空！',7) 
/
INSERT INTO HtmlLabelInfo VALUES(127697,'Template name cannot be empty!',8) 
/
INSERT INTO HtmlLabelInfo VALUES(127697,'模名Q不能空！',9) 
/



delete from HtmlLabelIndex where id=127699 
/
delete from HtmlLabelInfo where indexid=127699 
/
INSERT INTO HtmlLabelIndex values(127699,'确定要删除此模板吗？') 
/
INSERT INTO HtmlLabelInfo VALUES(127699,'确定要删除此模板吗？',7) 
/
INSERT INTO HtmlLabelInfo VALUES(127699,'Are you sure you want to delete this template?',8) 
/
INSERT INTO HtmlLabelInfo VALUES(127699,'确定要删除此模幔',9) 
/



delete from HtmlLabelIndex where id=127700 
/
delete from HtmlLabelInfo where indexid=127700 
/
INSERT INTO HtmlLabelIndex values(127700,'系统已包含将导入的模板，确定要覆盖吗？\n\n单击“确定”将使用导入的模板覆盖系统中已存在的模板。\n\n单击“取消”终止导入。') 
/
INSERT INTO HtmlLabelInfo VALUES(127700,'系统已包含将导入的模板，确定要覆盖吗？\n\n单击“确定”将使用导入的模板覆盖系统中已存在的模板。\n\n单击“取消”终止导入。',7) 
/
INSERT INTO HtmlLabelInfo VALUES(127700,'The system already contains the template that will be imported, sure to overwrite it? \n\n click OK to use the template that has already existed in the imported template coverage system. \n\n click Cancel to abort import.',8) 
/
INSERT INTO HtmlLabelInfo VALUES(127700,'系y已包含将入的模，确定要覆w幔\n\n簟叭范ā苯使用入的模覆w系y中已存在的模。\n\n簟叭∠”K止入。',9) 
/


delete from HtmlLabelIndex where id=127701 
/
delete from HtmlLabelInfo where indexid=127701 
/
INSERT INTO HtmlLabelIndex values(127701,'每个模板都有一个唯一的ID。') 
/
INSERT INTO HtmlLabelInfo VALUES(127701,'每个模板都有一个唯一的ID。',7) 
/
INSERT INTO HtmlLabelInfo VALUES(127701,'Each template has a unique ID.',8) 
/
INSERT INTO HtmlLabelInfo VALUES(127701,'每模都有一唯一的ID。',9) 
/



delete from HtmlLabelIndex where id=127702 
/
delete from HtmlLabelInfo where indexid=127702 
/
INSERT INTO HtmlLabelIndex values(127702,'如果导入的模板和现有的模板ID一样，则在导入时会使用导入的模板覆盖现有的模板(常见操作为从系统中导出模板后再进行导入操作，此时则会覆盖掉系统现有模板，系统会有覆盖提示)。') 
/
INSERT INTO HtmlLabelInfo VALUES(127702,'如果导入的模板和现有的模板ID一样，则在导入时会使用导入的模板覆盖现有的模板(常见操作为从系统中导出模板后再进行导入操作，此时则会覆盖掉系统现有模板，系统会有覆盖提示)。',7) 
/
INSERT INTO HtmlLabelInfo VALUES(127702,'If the imported template and the existing template ID is the same, at the time of the import will use import template overrides existing templates (common operation for the system after the export template to import from, at this time will overwrite the existing system template, the system will prompt to overwrite).',8) 
/
INSERT INTO HtmlLabelInfo VALUES(127702,'如果入的模和F有的模ID一樱t在入r使用入的模覆wF有的模(常操作南到y中С瞿ｉ後再M行入操作，此rt覆w掉系yF有模，系y有覆w提示)。',9) 
/



delete from HtmlLabelIndex where id=127703 
/
delete from HtmlLabelInfo where indexid=127703 
/
INSERT INTO HtmlLabelIndex values(127703,'如果导入的模板和现有的模板ID不一样，则在导入后会将导入的模板作为一种新模板添加到系统中(常见操作为从其他系统或者模板库中导出一种新的模板，导入到当前系统)。') 
/
INSERT INTO HtmlLabelInfo VALUES(127703,'如果导入的模板和现有的模板ID不一样，则在导入后会将导入的模板作为一种新模板添加到系统中(常见操作为从其他系统或者模板库中导出一种新的模板，导入到当前系统)。',7) 
/
INSERT INTO HtmlLabelInfo VALUES(127703,'If the imported template and the existing template ID is not the same, after the introduction will will be as a template for the introduction of a new template added to the system (common operation for from other systems or template library derived a new template into the system).',8) 
/
INSERT INTO HtmlLabelInfo VALUES(127703,'如果入的模和F有的模ID不一樱t在入後将入的模作一N新模添加到系y中(常操作钠渌系y或者模熘С鲆环N新的模，入到前系y)。',9) 
/



 
  delete from HtmlLabelIndex where id=127704 
/
delete from HtmlLabelInfo where indexid=127704 
/
INSERT INTO HtmlLabelIndex values(127704,'最后编辑时间：') 
/
INSERT INTO HtmlLabelInfo VALUES(127704,'最后编辑时间：',7) 
/
INSERT INTO HtmlLabelInfo VALUES(127704,'Last edit time:',8) 
/
INSERT INTO HtmlLabelInfo VALUES(127704,'最後rg：',9) 
/
 

delete from HtmlLabelIndex where id=127705 
/
delete from HtmlLabelInfo where indexid=127705 
/
INSERT INTO HtmlLabelIndex values(127705,'模板预览图片') 
/
INSERT INTO HtmlLabelInfo VALUES(127705,'模板预览图片',7) 
/
INSERT INTO HtmlLabelInfo VALUES(127705,'Template preview picture',8) 
/
INSERT INTO HtmlLabelInfo VALUES(127705,'模A[D片',9) 
/



delete from HtmlLabelIndex where id=127706 
/
delete from HtmlLabelInfo where indexid=127706 
/
INSERT INTO HtmlLabelIndex values(127706,'首页模板') 
/
INSERT INTO HtmlLabelInfo VALUES(127706,'首页模板',7) 
/
INSERT INTO HtmlLabelInfo VALUES(127706,'Home template',8) 
/
INSERT INTO HtmlLabelInfo VALUES(127706,'首模',9) 
/



delete from HtmlLabelIndex where id=127707 
/
delete from HtmlLabelInfo where indexid=127707 
/
INSERT INTO HtmlLabelIndex values(127707,'请至少保证有一个模板启用！') 
/
INSERT INTO HtmlLabelInfo VALUES(127707,'请至少保证有一个模板启用！',7) 
/
INSERT INTO HtmlLabelInfo VALUES(127707,'Please ensure that there is at least one template enabled!',8) 
/
INSERT INTO HtmlLabelInfo VALUES(127707,'至少保C有一模用！',9) 
/



delete from HtmlLabelIndex where id=127728 
/
delete from HtmlLabelInfo where indexid=127728 
/
INSERT INTO HtmlLabelIndex values(127728,'最大化') 
/
INSERT INTO HtmlLabelInfo VALUES(127728,'最大化',7) 
/
INSERT INTO HtmlLabelInfo VALUES(127728,'Max',8) 
/
INSERT INTO HtmlLabelInfo VALUES(127728,'最大化',9) 
/





delete from HtmlNoteIndex where id=4099 
/
delete from HtmlNoteInfo where indexid=4099 
/
INSERT INTO HtmlNoteIndex values(4099,'初始化页面') 
/
INSERT INTO HtmlNoteInfo VALUES(4099,'初始化页面',7) 
/
INSERT INTO HtmlNoteInfo VALUES(4099,'Initialization page',8) 
/
INSERT INTO HtmlNoteInfo VALUES(4099,'初始化面',9) 
/



delete from HtmlNoteIndex where id=4101 
/
delete from HtmlNoteInfo where indexid=4101 
/
INSERT INTO HtmlNoteIndex values(4101,'初始化会使用选择的模板内容覆盖当前页面的内容。') 
/
INSERT INTO HtmlNoteInfo VALUES(4101,'初始化会使用选择的模板内容覆盖当前页面的内容。',7) 
/
INSERT INTO HtmlNoteInfo VALUES(4101,'Initialization will overwrite the contents of the current page with the selected template content.',8) 
/
INSERT INTO HtmlNoteInfo VALUES(4101,'初始化使用x竦哪ｉ内容覆w前面的内容。',9) 
/




delete from HtmlNoteIndex where id=4102 
/
delete from HtmlNoteInfo where indexid=4102 
/
INSERT INTO HtmlNoteIndex values(4102,'确定继续吗？') 
/
INSERT INTO HtmlNoteInfo VALUES(4102,'确定继续吗？',7) 
/
INSERT INTO HtmlNoteInfo VALUES(4102,'Sure to continue?',8) 
/
INSERT INTO HtmlNoteInfo VALUES(4102,'确定^m幔',9) 
/

delete from HtmlNoteIndex where id=4103 
/
delete from HtmlNoteInfo where indexid=4103 
/
INSERT INTO HtmlNoteIndex values(4103,'初始化内容会覆盖当前页面的内容。确定继续吗？') 
/
INSERT INTO HtmlNoteInfo VALUES(4103,'初始化内容会覆盖当前页面的内容。确定继续吗？',7) 
/
INSERT INTO HtmlNoteInfo VALUES(4103,'Initialization will overwrite the contents of the current page. Sure to continue?',8) 
/
INSERT INTO HtmlNoteInfo VALUES(4103,'初始化内容覆w前面的内容。确定^m幔',9) 
/


delete from HtmlNoteIndex where id=4104 
/
delete from HtmlNoteInfo where indexid=4104 
/
INSERT INTO HtmlNoteIndex values(4104,'从Mobile获取的内容会覆盖当前页面的内容。') 
/
INSERT INTO HtmlNoteInfo VALUES(4104,'从Mobile获取的内容会覆盖当前页面的内容。',7) 
/
INSERT INTO HtmlNoteInfo VALUES(4104,'Content from Mobile will cover the contents of the current page.',8) 
/
INSERT INTO HtmlNoteInfo VALUES(4104,'Mobile@取的内容覆w前面的内容。',9) 
/

delete from HtmlNoteIndex where id=4105 
/
delete from HtmlNoteInfo where indexid=4105 
/
INSERT INTO HtmlNoteIndex values(4105,'移动设备') 
/
INSERT INTO HtmlNoteInfo VALUES(4105,'移动设备',7) 
/
INSERT INTO HtmlNoteInfo VALUES(4105,'Mobile device',8) 
/
INSERT INTO HtmlNoteInfo VALUES(4105,'移釉O',9) 
/


delete from HtmlNoteIndex where id=4106 
/
delete from HtmlNoteInfo where indexid=4106 
/
INSERT INTO HtmlNoteIndex values(4106,'自定义页面') 
/
INSERT INTO HtmlNoteInfo VALUES(4106,'自定义页面',7) 
/
INSERT INTO HtmlNoteInfo VALUES(4106,'Custom page',8) 
/
INSERT INTO HtmlNoteInfo VALUES(4106,'自定x面',9) 
/


delete from HtmlNoteIndex where id=4107 
/
delete from HtmlNoteInfo where indexid=4107 
/
INSERT INTO HtmlNoteIndex values(4107,'布局新建') 
/
INSERT INTO HtmlNoteInfo VALUES(4107,'布局新建',7) 
/
INSERT INTO HtmlNoteInfo VALUES(4107,'New layout',8) 
/
INSERT INTO HtmlNoteInfo VALUES(4107,'布局新建',9) 
/


delete from HtmlNoteIndex where id=4108 
/
delete from HtmlNoteInfo where indexid=4108 
/
INSERT INTO HtmlNoteIndex values(4108,'布局列表') 
/
INSERT INTO HtmlNoteInfo VALUES(4108,'布局列表',7) 
/
INSERT INTO HtmlNoteInfo VALUES(4108,'Layout list',8) 
/
INSERT INTO HtmlNoteInfo VALUES(4108,'布局列表',9) 
/


delete from HtmlNoteIndex where id=4109 
/
delete from HtmlNoteInfo where indexid=4109 
/
INSERT INTO HtmlNoteIndex values(4109,'没有查询结果') 
/
INSERT INTO HtmlNoteInfo VALUES(4109,'没有查询结果',7) 
/
INSERT INTO HtmlNoteInfo VALUES(4109,'No query results',8) 
/
INSERT INTO HtmlNoteInfo VALUES(4109,']有查Y果',9) 
/



 
delete from HtmlNoteIndex where id=4110 
/
delete from HtmlNoteInfo where indexid=4110 
/
INSERT INTO HtmlNoteIndex values(4110,'未添加') 
/
INSERT INTO HtmlNoteInfo VALUES(4110,'未添加',7) 
/
INSERT INTO HtmlNoteInfo VALUES(4110,'Not added',8) 
/
INSERT INTO HtmlNoteInfo VALUES(4110,'未添加',9) 
/
 


 
delete from HtmlNoteIndex where id=4111 
/
delete from HtmlNoteInfo where indexid=4111 
/
INSERT INTO HtmlNoteIndex values(4111,'图标') 
/
INSERT INTO HtmlNoteInfo VALUES(4111,'图标',7) 
/
INSERT INTO HtmlNoteInfo VALUES(4111,'Icon',8) 
/
INSERT INTO HtmlNoteInfo VALUES(4111,'D标',9) 
/ 


 
  delete from HtmlNoteIndex where id=4112 
/
delete from HtmlNoteInfo where indexid=4112 
/
INSERT INTO HtmlNoteIndex values(4112,'来源') 
/
INSERT INTO HtmlNoteInfo VALUES(4112,'来源',7) 
/
INSERT INTO HtmlNoteInfo VALUES(4112,'source',8) 
/
INSERT INTO HtmlNoteInfo VALUES(4112,'碓',9) 
/
 

delete from HtmlNoteIndex where id=4113 
/
delete from HtmlNoteInfo where indexid=4113 
/
INSERT INTO HtmlNoteIndex values(4113,'分组') 
/
INSERT INTO HtmlNoteInfo VALUES(4113,'分组',7) 
/
INSERT INTO HtmlNoteInfo VALUES(4113,'grouping',8) 
/
INSERT INTO HtmlNoteInfo VALUES(4113,'分M',9) 
/


delete from HtmlNoteIndex where id=4114 
/
delete from HtmlNoteInfo where indexid=4114 
/
INSERT INTO HtmlNoteIndex values(4114,'确 定') 
/
INSERT INTO HtmlNoteInfo VALUES(4114,'确 定',7) 
/
INSERT INTO HtmlNoteInfo VALUES(4114,'Confirm',8) 
/
INSERT INTO HtmlNoteInfo VALUES(4114,'确 定',9) 
/


delete from HtmlNoteIndex where id=4115 
/
delete from HtmlNoteInfo where indexid=4115 
/
INSERT INTO HtmlNoteIndex values(4115,'已生成到布局') 
/
INSERT INTO HtmlNoteInfo VALUES(4115,'已生成到布局',7) 
/
INSERT INTO HtmlNoteInfo VALUES(4115,'Has been generated to the layout',8) 
/
INSERT INTO HtmlNoteInfo VALUES(4115,'已生成到布局',9) 
/


delete from HtmlNoteIndex where id=4116 
/
delete from HtmlNoteInfo where indexid=4116 
/
INSERT INTO HtmlNoteIndex values(4116,'数字提醒') 
/
INSERT INTO HtmlNoteInfo VALUES(4116,'数字提醒',7) 
/
INSERT INTO HtmlNoteInfo VALUES(4116,'Digital reminder',8) 
/
INSERT INTO HtmlNoteInfo VALUES(4116,'底痔嵝',9) 
/


delete from HtmlNoteIndex where id=4117 
/
delete from HtmlNoteInfo where indexid=4117 
/
INSERT INTO HtmlNoteIndex values(4117,'添加图片') 
/
INSERT INTO HtmlNoteInfo VALUES(4117,'添加图片',7) 
/
INSERT INTO HtmlNoteInfo VALUES(4117,'Add pictures',8) 
/
INSERT INTO HtmlNoteInfo VALUES(4117,'添加D片',9) 
/



delete from HtmlNoteIndex where id=4118 
/
delete from HtmlNoteInfo where indexid=4118 
/
INSERT INTO HtmlNoteIndex values(4118,'默认幻灯片图片') 
/
INSERT INTO HtmlNoteInfo VALUES(4118,'默认幻灯片图片',7) 
/
INSERT INTO HtmlNoteInfo VALUES(4118,'Default slide',8) 
/
INSERT INTO HtmlNoteInfo VALUES(4118,'默J幻羝D片',9) 
/


delete from HtmlNoteIndex where id=4119 
/
delete from HtmlNoteInfo where indexid=4119 
/
INSERT INTO HtmlNoteIndex values(4119,'手动设置') 
/
INSERT INTO HtmlNoteInfo VALUES(4119,'手动设置',7) 
/
INSERT INTO HtmlNoteInfo VALUES(4119,'Manual setup',8) 
/
INSERT INTO HtmlNoteInfo VALUES(4119,'手釉O置',9) 
/


delete from HtmlNoteIndex where id=4120 
/
delete from HtmlNoteInfo where indexid=4120 
/
INSERT INTO HtmlNoteIndex values(4120,'从URL获取') 
/
INSERT INTO HtmlNoteInfo VALUES(4120,'从URL获取',7) 
/
INSERT INTO HtmlNoteInfo VALUES(4120,'Get from URL',8) 
/
INSERT INTO HtmlNoteInfo VALUES(4120,'URL@取',9) 
/


delete from HtmlNoteIndex where id=4121 
/
delete from HtmlNoteInfo where indexid=4121 
/
INSERT INTO HtmlNoteIndex values(4121,'注：') 
/
INSERT INTO HtmlNoteInfo VALUES(4121,'注：',7) 
/
INSERT INTO HtmlNoteInfo VALUES(4121,'Note:',8) 
/
INSERT INTO HtmlNoteInfo VALUES(4121,'注：',9) 
/


delete from HtmlNoteIndex where id=4122 
/
delete from HtmlNoteInfo where indexid=4122 
/
INSERT INTO HtmlNoteIndex values(4122,'返回数据类型为json数组') 
/
INSERT INTO HtmlNoteInfo VALUES(4122,'返回数据类型为json数组',7) 
/
INSERT INTO HtmlNoteInfo VALUES(4122,'Returns the data type for the JSON array',8) 
/
INSERT INTO HtmlNoteInfo VALUES(4122,'返回型json到M',9) 
/



delete from HtmlNoteIndex where id=4123 
/
delete from HtmlNoteInfo where indexid=4123 
/
INSERT INTO HtmlNoteIndex values(4123,'来源URL：') 
/
INSERT INTO HtmlNoteInfo VALUES(4123,'来源URL：',7) 
/
INSERT INTO HtmlNoteInfo VALUES(4123,'Source URL:',8) 
/
INSERT INTO HtmlNoteInfo VALUES(4123,'碓URL：',9) 
/


delete from HtmlNoteIndex where id=4124 
/
delete from HtmlNoteInfo where indexid=4124 
/
INSERT INTO HtmlNoteIndex values(4124,'图片链接对应的key') 
/
INSERT INTO HtmlNoteInfo VALUES(4124,'图片链接对应的key',7) 
/
INSERT INTO HtmlNoteInfo VALUES(4124,'Picture link to the corresponding key',8) 
/
INSERT INTO HtmlNoteInfo VALUES(4124,'D片接的key',9) 
/


delete from HtmlNoteIndex where id=4125 
/
delete from HtmlNoteInfo where indexid=4125 
/
INSERT INTO HtmlNoteIndex values(4125,'示例：') 
/
INSERT INTO HtmlNoteInfo VALUES(4125,'示例：',7) 
/
INSERT INTO HtmlNoteInfo VALUES(4125,'Sample:',8) 
/
INSERT INTO HtmlNoteInfo VALUES(4125,'示例：',9) 
/


delete from HtmlNoteIndex where id=4126 
/
delete from HtmlNoteInfo where indexid=4126 
/
INSERT INTO HtmlNoteIndex values(4126,'图例') 
/
INSERT INTO HtmlNoteInfo VALUES(4126,'图例',7) 
/
INSERT INTO HtmlNoteInfo VALUES(4126,'legend',8) 
/
INSERT INTO HtmlNoteInfo VALUES(4126,'D例',9) 
/


delete from HtmlNoteIndex where id=4127 
/
delete from HtmlNoteInfo where indexid=4127 
/
INSERT INTO HtmlNoteIndex values(4127,'基础信息设置') 
/
INSERT INTO HtmlNoteInfo VALUES(4127,'基础信息设置',7) 
/
INSERT INTO HtmlNoteInfo VALUES(4127,'Basic information set',8) 
/
INSERT INTO HtmlNoteInfo VALUES(4127,'基A信息O置',9) 
/


delete from HtmlNoteIndex where id=4128 
/
delete from HtmlNoteInfo where indexid=4128 
/
INSERT INTO HtmlNoteIndex values(4128,'高度：') 
/
INSERT INTO HtmlNoteInfo VALUES(4128,'高度：',7) 
/
INSERT INTO HtmlNoteInfo VALUES(4128,'Height:',8) 
/
INSERT INTO HtmlNoteInfo VALUES(4128,'高度：',9) 
/


delete from HtmlNoteIndex where id=4129 
/
delete from HtmlNoteInfo where indexid=4129 
/
INSERT INTO HtmlNoteIndex values(4129,'延迟加载：') 
/
INSERT INTO HtmlNoteInfo VALUES(4129,'延迟加载：',7) 
/
INSERT INTO HtmlNoteInfo VALUES(4129,'Delayed loading:',8) 
/
INSERT INTO HtmlNoteInfo VALUES(4129,'延t加d：',9) 
/


delete from HtmlNoteIndex where id=4133 
/
delete from HtmlNoteInfo where indexid=4133 
/
INSERT INTO HtmlNoteIndex values(4133,'轮播设置（使用）') 
/
INSERT INTO HtmlNoteInfo VALUES(4133,'轮播设置',7) 
/
INSERT INTO HtmlNoteInfo VALUES(4133,'Rotation play set',8) 
/
INSERT INTO HtmlNoteInfo VALUES(4133,'播O置',9) 
/



delete from HtmlNoteIndex where id=4134 
/
delete from HtmlNoteInfo where indexid=4134 
/
INSERT INTO HtmlNoteIndex values(4134,'不轮播（使用）') 
/
INSERT INTO HtmlNoteInfo VALUES(4134,'不轮播',7) 
/
INSERT INTO HtmlNoteInfo VALUES(4134,'No rotation play',8) 
/
INSERT INTO HtmlNoteInfo VALUES(4134,'不播',9) 
/


delete from HtmlNoteIndex where id=4135 
/
delete from HtmlNoteInfo where indexid=4135 
/
INSERT INTO HtmlNoteIndex values(4135,'秒') 
/
INSERT INTO HtmlNoteInfo VALUES(4135,'秒',7) 
/
INSERT INTO HtmlNoteInfo VALUES(4135,'seconds',8) 
/
INSERT INTO HtmlNoteInfo VALUES(4135,'秒',9) 
/


delete from HtmlNoteIndex where id=4136 
/
delete from HtmlNoteInfo where indexid=4136 
/
INSERT INTO HtmlNoteIndex values(4136,'后自动播放下一张图片') 
/
INSERT INTO HtmlNoteInfo VALUES(4136,'后自动播放下一张图片',7) 
/
INSERT INTO HtmlNoteInfo VALUES(4136,'after the automatic playback of a picture',8) 
/
INSERT INTO HtmlNoteInfo VALUES(4136,'後自硬シ畔乱D片',9) 
/


delete from HtmlNoteIndex where id=4137 
/
delete from HtmlNoteInfo where indexid=4137 
/
INSERT INTO HtmlNoteIndex values(4137,'幻灯片图片数不得少于1张') 
/
INSERT INTO HtmlNoteInfo VALUES(4137,'幻灯片图片数不得少于1张',7) 
/
INSERT INTO HtmlNoteInfo VALUES(4137,'The number of slides is not less than 1',8) 
/
INSERT INTO HtmlNoteInfo VALUES(4137,'幻羝D片挡坏蒙儆1',9) 
/


delete from HtmlNoteIndex where id=4138 
/
delete from HtmlNoteInfo where indexid=4138 
/
INSERT INTO HtmlNoteIndex values(4138,'请输入图片标题 / 描述') 
/
INSERT INTO HtmlNoteInfo VALUES(4138,'请输入图片标题 / 描述',7) 
/
INSERT INTO HtmlNoteInfo VALUES(4138,'Please enter the picture title / description',8) 
/
INSERT INTO HtmlNoteInfo VALUES(4138,'入D片标} / 描述',9) 
/


delete from HtmlNoteIndex where id=4139 
/
delete from HtmlNoteInfo where indexid=4139 
/
INSERT INTO HtmlNoteIndex values(4139,'选择字段') 
/
INSERT INTO HtmlNoteInfo VALUES(4139,'选择字段',7) 
/
INSERT INTO HtmlNoteInfo VALUES(4139,'Select field',8) 
/
INSERT INTO HtmlNoteInfo VALUES(4139,'x褡侄',9) 
/


delete from HtmlNoteIndex where id=4140 
/
delete from HtmlNoteInfo where indexid=4140 
/
INSERT INTO HtmlNoteIndex values(4140,'列表信息') 
/
INSERT INTO HtmlNoteInfo VALUES(4140,'列表信息',7) 
/
INSERT INTO HtmlNoteInfo VALUES(4140,'List information',8) 
/
INSERT INTO HtmlNoteInfo VALUES(4140,'列表信息',9) 
/


delete from HtmlNoteIndex where id=4141 
/
delete from HtmlNoteInfo where indexid=4141 
/
INSERT INTO HtmlNoteIndex values(4141,'名称') 
/
INSERT INTO HtmlNoteInfo VALUES(4141,'名称',7) 
/
INSERT INTO HtmlNoteInfo VALUES(4141,'Name',8) 
/
INSERT INTO HtmlNoteInfo VALUES(4141,'名Q',9) 
/


delete from HtmlNoteIndex where id=4142 
/
delete from HtmlNoteInfo where indexid=4142 
/
INSERT INTO HtmlNoteIndex values(4142,'名称：') 
/
INSERT INTO HtmlNoteInfo VALUES(4142,'名称：',7) 
/
INSERT INTO HtmlNoteInfo VALUES(4142,'Name：',8) 
/
INSERT INTO HtmlNoteInfo VALUES(4142,'名Q：',9) 
/


delete from HtmlNoteIndex where id=4143 
/
delete from HtmlNoteInfo where indexid=4143 
/
INSERT INTO HtmlNoteIndex values(4143,'一个中文的名称，如：人员列表') 
/
INSERT INTO HtmlNoteInfo VALUES(4143,'一个中文的名称，如：人员列表',7) 
/
INSERT INTO HtmlNoteInfo VALUES(4143,'A Chinese name, such as: personnel list',8) 
/
INSERT INTO HtmlNoteInfo VALUES(4143,'一中文的名Q，如：人T列表',9) 
/


delete from HtmlNoteIndex where id=4144 
/
delete from HtmlNoteInfo where indexid=4144 
/
INSERT INTO HtmlNoteIndex values(4144,'内容来源：') 
/
INSERT INTO HtmlNoteInfo VALUES(4144,'内容来源：',7) 
/
INSERT INTO HtmlNoteInfo VALUES(4144,'Content source:',8) 
/
INSERT INTO HtmlNoteInfo VALUES(4144,'内容碓矗',9) 
/


delete from HtmlNoteIndex where id=4145 
/
delete from HtmlNoteInfo where indexid=4145 
/
INSERT INTO HtmlNoteIndex values(4145,'数据链接：') 
/
INSERT INTO HtmlNoteInfo VALUES(4145,'数据链接：',7) 
/
INSERT INTO HtmlNoteInfo VALUES(4145,'Data link:',8) 
/
INSERT INTO HtmlNoteInfo VALUES(4145,'接：',9) 
/


delete from HtmlNoteIndex where id=4146 
/
delete from HtmlNoteInfo where indexid=4146 
/
INSERT INTO HtmlNoteIndex values(4146,'自动解析') 
/
INSERT INTO HtmlNoteInfo VALUES(4146,'自动解析',7) 
/
INSERT INTO HtmlNoteInfo VALUES(4146,'Automatic analysis',8) 
/
INSERT INTO HtmlNoteInfo VALUES(4146,'自咏馕',9) 
/


 
delete from HtmlNoteIndex where id=4147 
/
delete from HtmlNoteInfo where indexid=4147 
/
INSERT INTO HtmlNoteIndex values(4147,'手动输入') 
/
INSERT INTO HtmlNoteInfo VALUES(4147,'手动输入',7) 
/
INSERT INTO HtmlNoteInfo VALUES(4147,'Manual input',8) 
/
INSERT INTO HtmlNoteInfo VALUES(4147,'手虞入',9) 
/
 
delete from HtmlNoteIndex where id=4148 
/
delete from HtmlNoteInfo where indexid=4148 
/
INSERT INTO HtmlNoteIndex values(4148,'每页条数') 
/
INSERT INTO HtmlNoteInfo VALUES(4148,'每页条数',7) 
/
INSERT INTO HtmlNoteInfo VALUES(4148,'The number of lines per page',8) 
/
INSERT INTO HtmlNoteInfo VALUES(4148,'每l',9) 
/


delete from HtmlNoteIndex where id=4149 
/
delete from HtmlNoteInfo where indexid=4149 
/
INSERT INTO HtmlNoteIndex values(4149,'扩展按钮') 
/
INSERT INTO HtmlNoteInfo VALUES(4149,'扩展按钮',7) 
/
INSERT INTO HtmlNoteInfo VALUES(4149,'Extension button',8) 
/
INSERT INTO HtmlNoteInfo VALUES(4149,'U展按o',9) 
/


delete from HtmlNoteIndex where id=4150 
/
delete from HtmlNoteInfo where indexid=4150 
/
INSERT INTO HtmlNoteIndex values(4150,'隐藏查询') 
/
INSERT INTO HtmlNoteInfo VALUES(4150,'隐藏查询',7) 
/
INSERT INTO HtmlNoteInfo VALUES(4150,'Hide query',8) 
/
INSERT INTO HtmlNoteInfo VALUES(4150,'隐藏查',9) 
/


delete from HtmlNoteIndex where id=4151 
/
delete from HtmlNoteInfo where indexid=4151 
/
INSERT INTO HtmlNoteIndex values(4151,'数据只读') 
/
INSERT INTO HtmlNoteInfo VALUES(4151,'数据只读',7) 
/
INSERT INTO HtmlNoteInfo VALUES(4151,'Data readonly',8) 
/
INSERT INTO HtmlNoteInfo VALUES(4151,'bx',9) 
/


delete from HtmlNoteIndex where id=4152 
/
delete from HtmlNoteInfo where indexid=4152 
/
INSERT INTO HtmlNoteIndex values(4152,'指定查询列') 
/
INSERT INTO HtmlNoteInfo VALUES(4152,'指定查询列',7) 
/
INSERT INTO HtmlNoteInfo VALUES(4152,'Specify query column',8) 
/
INSERT INTO HtmlNoteInfo VALUES(4152,'指定查列',9) 
/


delete from HtmlNoteIndex where id=4154 
/
delete from HtmlNoteInfo where indexid=4154 
/
INSERT INTO HtmlNoteIndex values(4154,'单击右上角的添加按钮以添加查询列，') 
/
INSERT INTO HtmlNoteInfo VALUES(4154,'单击右上角的添加按钮以添加查询列，',7) 
/
INSERT INTO HtmlNoteInfo VALUES(4154,'Click the Add button on the top right to add the query column.',8) 
/
INSERT INTO HtmlNoteInfo VALUES(4154,'粲疑辖堑奶砑影粹o以添加查列，',9) 
/

delete from HtmlNoteIndex where id=4156 
/
delete from HtmlNoteInfo where indexid=4156 
/
INSERT INTO HtmlNoteIndex values(4156,'如果未指定查询列，') 
/
INSERT INTO HtmlNoteInfo VALUES(4156,'如果未指定查询列，',7) 
/
INSERT INTO HtmlNoteInfo VALUES(4156,'If the query column is not specified,',8) 
/
INSERT INTO HtmlNoteInfo VALUES(4156,'如果未指定查列，',9) 
/


delete from HtmlNoteIndex where id=4157 
/
delete from HtmlNoteInfo where indexid=4157 
/
INSERT INTO HtmlNoteIndex values(4157,'则默认按照展示中选择的第一列进行查询') 
/
INSERT INTO HtmlNoteInfo VALUES(4157,'则默认按照展示中选择的第一列进行查询',7) 
/
INSERT INTO HtmlNoteInfo VALUES(4157,'the default selection is performed by the first column in the display.',8) 
/
INSERT INTO HtmlNoteInfo VALUES(4157,'t默J按照展示中x竦牡谝涣羞M行查',9) 
/


delete from HtmlNoteIndex where id=4158 
/
delete from HtmlNoteInfo where indexid=4158 
/
INSERT INTO HtmlNoteIndex values(4158,'自定义按钮') 
/
INSERT INTO HtmlNoteInfo VALUES(4158,'自定义按钮',7) 
/
INSERT INTO HtmlNoteInfo VALUES(4158,'custom button',8) 
/
INSERT INTO HtmlNoteInfo VALUES(4158,'自定x按o',9) 
/


 
  delete from HtmlNoteIndex where id=4159 
/
delete from HtmlNoteInfo where indexid=4159 
/
INSERT INTO HtmlNoteIndex values(4159,'单击右上角的添加按钮以添加内容') 
/
INSERT INTO HtmlNoteInfo VALUES(4159,'单击右上角的添加按钮以添加内容',7) 
/
INSERT INTO HtmlNoteInfo VALUES(4159,'Click the Add button on the top right to add content',8) 
/
INSERT INTO HtmlNoteInfo VALUES(4159,'粲疑辖堑奶砑影粹o以添加内容',9) 
/
 

delete from HtmlNoteIndex where id=4160 
/
delete from HtmlNoteInfo where indexid=4160 
/
INSERT INTO HtmlNoteIndex values(4160,'搜索提示文字：') 
/
INSERT INTO HtmlNoteInfo VALUES(4160,'搜索提示文字：',7) 
/
INSERT INTO HtmlNoteInfo VALUES(4160,'Search prompt text:',8) 
/
INSERT INTO HtmlNoteInfo VALUES(4160,'搜索提示文字：',9) 
/


delete from HtmlNoteIndex where id=4161 
/
delete from HtmlNoteInfo where indexid=4161 
/
INSERT INTO HtmlNoteIndex values(4161,'单条数据向左滑动时配置：') 
/
INSERT INTO HtmlNoteInfo VALUES(4161,'单条数据向左滑动时配置：',7) 
/
INSERT INTO HtmlNoteInfo VALUES(4161,'Single data Sliding left configuration:',8) 
/
INSERT INTO HtmlNoteInfo VALUES(4161,'l向左滑r配置：',9) 
/


delete from HtmlNoteIndex where id=4162 
/
delete from HtmlNoteInfo where indexid=4162 
/
INSERT INTO HtmlNoteIndex values(4162,'已配置') 
/
INSERT INTO HtmlNoteInfo VALUES(4162,'已配置',7) 
/
INSERT INTO HtmlNoteInfo VALUES(4162,'Already configured',8) 
/
INSERT INTO HtmlNoteInfo VALUES(4162,'已配置',9) 
/


delete from HtmlNoteIndex where id=4163 
/
delete from HtmlNoteInfo where indexid=4163 
/
INSERT INTO HtmlNoteIndex values(4163,'高级检索：') 
/
INSERT INTO HtmlNoteInfo VALUES(4163,'高级检索：',7) 
/
INSERT INTO HtmlNoteInfo VALUES(4163,'Advanced search:',8) 
/
INSERT INTO HtmlNoteInfo VALUES(4163,'高z索：',9) 
/

delete from HtmlNoteIndex where id=4164 
/
delete from HtmlNoteInfo where indexid=4164 
/
INSERT INTO HtmlNoteIndex values(4164,'展示样式') 
/
INSERT INTO HtmlNoteInfo VALUES(4164,'展示样式',7) 
/
INSERT INTO HtmlNoteInfo VALUES(4164,'Presentation style',8) 
/
INSERT INTO HtmlNoteInfo VALUES(4164,'展示邮',9) 
/


delete from HtmlNoteIndex where id=4165 
/
delete from HtmlNoteInfo where indexid=4165 
/
INSERT INTO HtmlNoteIndex values(4165,'列数：') 
/
INSERT INTO HtmlNoteInfo VALUES(4165,'列数：',7) 
/
INSERT INTO HtmlNoteInfo VALUES(4165,'Number of columns:',8) 
/
INSERT INTO HtmlNoteInfo VALUES(4165,'列担',9) 
/


delete from HtmlNoteIndex where id=4166 
/
delete from HtmlNoteInfo where indexid=4166 
/
INSERT INTO HtmlNoteIndex values(4166,'图片字段') 
/
INSERT INTO HtmlNoteInfo VALUES(4166,'图片字段',7) 
/
INSERT INTO HtmlNoteInfo VALUES(4166,'Picture field',8) 
/
INSERT INTO HtmlNoteInfo VALUES(4166,'D片字段',9) 
/


delete from HtmlNoteIndex where id=4167 
/
delete from HtmlNoteInfo where indexid=4167 
/
INSERT INTO HtmlNoteIndex values(4167,'图片') 
/
INSERT INTO HtmlNoteInfo VALUES(4167,'图片',7) 
/
INSERT INTO HtmlNoteInfo VALUES(4167,'picture',8) 
/
INSERT INTO HtmlNoteInfo VALUES(4167,'D片',9) 
/


 
  delete from HtmlNoteIndex where id=4168 
/
delete from HtmlNoteInfo where indexid=4168 
/
INSERT INTO HtmlNoteIndex values(4168,'无') 
/
INSERT INTO HtmlNoteInfo VALUES(4168,'无',7) 
/
INSERT INTO HtmlNoteInfo VALUES(4168,'nothing',8) 
/
INSERT INTO HtmlNoteInfo VALUES(4168,'o',9) 
/
 

delete from HtmlNoteIndex where id=4169 
/
delete from HtmlNoteInfo where indexid=4169 
/
INSERT INTO HtmlNoteIndex values(4169,'点击输入字段内容') 
/
INSERT INTO HtmlNoteInfo VALUES(4169,'点击输入字段内容',7) 
/
INSERT INTO HtmlNoteInfo VALUES(4169,'Click enter field content',8) 
/
INSERT INTO HtmlNoteInfo VALUES(4169,'c糨入字段内容',9) 
/


delete from HtmlNoteIndex where id=4170 
/
delete from HtmlNoteInfo where indexid=4170 
/
INSERT INTO HtmlNoteIndex values(4170,'请输入...') 
/
INSERT INTO HtmlNoteInfo VALUES(4170,'请输入...',7) 
/
INSERT INTO HtmlNoteInfo VALUES(4170,'Please input...',8) 
/
INSERT INTO HtmlNoteInfo VALUES(4170,'入...',9) 
/


delete from HtmlNoteIndex where id=4172 
/
delete from HtmlNoteInfo where indexid=4172 
/
INSERT INTO HtmlNoteIndex values(4172,'切换列表') 
/
INSERT INTO HtmlNoteInfo VALUES(4172,'切换列表',7) 
/
INSERT INTO HtmlNoteInfo VALUES(4172,'The switch list',8) 
/
INSERT INTO HtmlNoteInfo VALUES(4172,'切Q列表',9) 
/


delete from HtmlNoteIndex where id=4173 
/
delete from HtmlNoteInfo where indexid=4173 
/
INSERT INTO HtmlNoteIndex values(4173,'会导致展示样式中已选择的字段信息丢失') 
/
INSERT INTO HtmlNoteInfo VALUES(4173,'会导致展示样式中已选择的字段信息丢失',7) 
/
INSERT INTO HtmlNoteInfo VALUES(4173,'will result in the loss of field information that has been selected in the display style',8) 
/
INSERT INTO HtmlNoteInfo VALUES(4173,'Э@展示邮街幸堰x竦淖侄涡畔⒍失',9) 
/


delete from HtmlNoteIndex where id=4174 
/
delete from HtmlNoteInfo where indexid=4174 
/
INSERT INTO HtmlNoteIndex values(4174,'确认要继续吗？') 
/
INSERT INTO HtmlNoteInfo VALUES(4174,'确认要继续吗？',7) 
/
INSERT INTO HtmlNoteInfo VALUES(4174,'Are you sure you want to continue?',8) 
/
INSERT INTO HtmlNoteInfo VALUES(4174,'确J要^m幔',9) 
/


delete from HtmlNoteIndex where id=4175 
/
delete from HtmlNoteInfo where indexid=4175 
/
INSERT INTO HtmlNoteIndex values(4175,'确定删除吗？') 
/
INSERT INTO HtmlNoteInfo VALUES(4175,'确定删除吗？',7) 
/
INSERT INTO HtmlNoteInfo VALUES(4175,'Sure to delete it?',8) 
/
INSERT INTO HtmlNoteInfo VALUES(4175,'确定删除幔',9) 
/


delete from HtmlNoteIndex where id=4176 
/
delete from HtmlNoteInfo where indexid=4176 
/
INSERT INTO HtmlNoteIndex values(4176,'单条数据向左滑动时配置') 
/
INSERT INTO HtmlNoteInfo VALUES(4176,'单条数据向左滑动时配置',7) 
/
INSERT INTO HtmlNoteInfo VALUES(4176,'Single data Sliding left configuration',8) 
/
INSERT INTO HtmlNoteInfo VALUES(4176,'l向左滑r配置',9) 
/


delete from HtmlNoteIndex where id=4177 
/
delete from HtmlNoteInfo where indexid=4177 
/
INSERT INTO HtmlNoteIndex values(4177,'按钮名称') 
/
INSERT INTO HtmlNoteInfo VALUES(4177,'按钮名称',7) 
/
INSERT INTO HtmlNoteInfo VALUES(4177,'Button name',8) 
/
INSERT INTO HtmlNoteInfo VALUES(4177,'按o名Q',9) 
/


delete from HtmlNoteIndex where id=4178 
/
delete from HtmlNoteInfo where indexid=4178 
/
INSERT INTO HtmlNoteIndex values(4178,'单击事件') 
/
INSERT INTO HtmlNoteInfo VALUES(4178,'单击事件',7) 
/
INSERT INTO HtmlNoteInfo VALUES(4178,'Click event',8) 
/
INSERT INTO HtmlNoteInfo VALUES(4178,'羰录',9) 
/


delete from HtmlNoteIndex where id=4179 
/
delete from HtmlNoteInfo where indexid=4179 
/
INSERT INTO HtmlNoteIndex values(4179,'高级检索') 
/
INSERT INTO HtmlNoteInfo VALUES(4179,'高级检索',7) 
/
INSERT INTO HtmlNoteInfo VALUES(4179,'Advanced search',8) 
/
INSERT INTO HtmlNoteInfo VALUES(4179,'高z索',9) 
/


delete from HtmlNoteIndex where id=4180 
/
delete from HtmlNoteInfo where indexid=4180 
/
INSERT INTO HtmlNoteIndex values(4180,'请先选择内容来源') 
/
INSERT INTO HtmlNoteInfo VALUES(4180,'请先选择内容来源',7) 
/
INSERT INTO HtmlNoteInfo VALUES(4180,'Please select the content source',8) 
/
INSERT INTO HtmlNoteInfo VALUES(4180,'先x衲谌碓',9) 
/



delete from HtmlNoteIndex where id=4181 
/
delete from HtmlNoteInfo where indexid=4181 
/
INSERT INTO HtmlNoteIndex values(4181,'您尚未输入任何Html文本') 
/
INSERT INTO HtmlNoteInfo VALUES(4181,'您尚未输入任何Html文本',7) 
/
INSERT INTO HtmlNoteInfo VALUES(4181,'You have not entered any Html text',8) 
/
INSERT INTO HtmlNoteInfo VALUES(4181,'您尚未入任何Html文本',9) 
/


delete from HtmlNoteIndex where id=4182 
/
delete from HtmlNoteInfo where indexid=4182 
/
INSERT INTO HtmlNoteIndex values(4182,'脚本库') 
/
INSERT INTO HtmlNoteInfo VALUES(4182,'脚本库',7) 
/
INSERT INTO HtmlNoteInfo VALUES(4182,'Script Library',8) 
/
INSERT INTO HtmlNoteInfo VALUES(4182,'_本',9) 
/


delete from HtmlNoteIndex where id=4183 
/
delete from HtmlNoteInfo where indexid=4183 
/
INSERT INTO HtmlNoteIndex values(4183,'是否将工具栏固定到页面底部：') 
/
INSERT INTO HtmlNoteInfo VALUES(4183,'是否将工具栏固定到页面底部：',7) 
/
INSERT INTO HtmlNoteInfo VALUES(4183,'Whether the toolbar is fixed to the bottom of the page:',8) 
/
INSERT INTO HtmlNoteInfo VALUES(4183,'是否将工具诠潭ǖ巾面底部：',9) 
/


delete from HtmlNoteIndex where id=4184 
/
delete from HtmlNoteInfo where indexid=4184 
/
INSERT INTO HtmlNoteIndex values(4184,'图表基本信息') 
/
INSERT INTO HtmlNoteInfo VALUES(4184,'图表基本信息',7) 
/
INSERT INTO HtmlNoteInfo VALUES(4184,'Chart basic information',8) 
/
INSERT INTO HtmlNoteInfo VALUES(4184,'D表基本信息',9) 
/



delete from HtmlNoteIndex where id=4185 
/
delete from HtmlNoteInfo where indexid=4185 
/
INSERT INTO HtmlNoteIndex values(4185,'类型：') 
/
INSERT INTO HtmlNoteInfo VALUES(4185,'类型：',7) 
/
INSERT INTO HtmlNoteInfo VALUES(4185,'Type:',8) 
/
INSERT INTO HtmlNoteInfo VALUES(4185,'型：',9) 
/



 
  delete from HtmlNoteIndex where id=4186 
/
delete from HtmlNoteInfo where indexid=4186 
/
INSERT INTO HtmlNoteIndex values(4186,'柱形图') 
/
INSERT INTO HtmlNoteInfo VALUES(4186,'柱形图',7) 
/
INSERT INTO HtmlNoteInfo VALUES(4186,'Column chart',8) 
/
INSERT INTO HtmlNoteInfo VALUES(4186,'柱形D',9) 
/ 



delete from HtmlNoteIndex where id=4187 
/
delete from HtmlNoteInfo where indexid=4187 
/
INSERT INTO HtmlNoteIndex values(4187,'饼图') 
/
INSERT INTO HtmlNoteInfo VALUES(4187,'饼图',7) 
/
INSERT INTO HtmlNoteInfo VALUES(4187,'Pie chart',8) 
/
INSERT INTO HtmlNoteInfo VALUES(4187,'D',9) 
/


delete from HtmlNoteIndex where id=4188 
/
delete from HtmlNoteInfo where indexid=4188 
/
INSERT INTO HtmlNoteIndex values(4188,'环形图') 
/
INSERT INTO HtmlNoteInfo VALUES(4188,'环形图',7) 
/
INSERT INTO HtmlNoteInfo VALUES(4188,'Circular graph',8) 
/
INSERT INTO HtmlNoteInfo VALUES(4188,'h形D',9) 
/


delete from HtmlNoteIndex where id=4189 
/
delete from HtmlNoteInfo where indexid=4189 
/
INSERT INTO HtmlNoteIndex values(4189,'折线图') 
/
INSERT INTO HtmlNoteInfo VALUES(4189,'折线图',7) 
/
INSERT INTO HtmlNoteInfo VALUES(4189,'Line graph',8) 
/
INSERT INTO HtmlNoteInfo VALUES(4189,'折D',9) 
/


delete from HtmlNoteIndex where id=4190 
/
delete from HtmlNoteInfo where indexid=4190 
/
INSERT INTO HtmlNoteIndex values(4190,'面积图') 
/
INSERT INTO HtmlNoteInfo VALUES(4190,'面积图',7) 
/
INSERT INTO HtmlNoteInfo VALUES(4190,'Area chart',8) 
/
INSERT INTO HtmlNoteInfo VALUES(4190,'面eD',9) 
/


delete from HtmlNoteIndex where id=4191 
/
delete from HtmlNoteInfo where indexid=4191 
/
INSERT INTO HtmlNoteIndex values(4191,'宽度：') 
/
INSERT INTO HtmlNoteInfo VALUES(4191,'宽度：',7) 
/
INSERT INTO HtmlNoteInfo VALUES(4191,'Width:',8) 
/
INSERT INTO HtmlNoteInfo VALUES(4191,'度：',9) 
/


delete from HtmlNoteIndex where id=4192 
/
delete from HtmlNoteInfo where indexid=4192 
/
INSERT INTO HtmlNoteIndex values(4192,'如：600，此处缺省则为页面宽度') 
/
INSERT INTO HtmlNoteInfo VALUES(4192,'如：600，此处缺省则为页面宽度',7) 
/
INSERT INTO HtmlNoteInfo VALUES(4192,'Such as: 600, the default is the page width',8) 
/
INSERT INTO HtmlNoteInfo VALUES(4192,'如：600，此缺省t面度',9) 
/


delete from HtmlNoteIndex where id=4193 
/
delete from HtmlNoteInfo where indexid=4193 
/
INSERT INTO HtmlNoteIndex values(4193,'折线颜色：') 
/
INSERT INTO HtmlNoteInfo VALUES(4193,'折线颜色：',7) 
/
INSERT INTO HtmlNoteInfo VALUES(4193,'Line color:',8) 
/
INSERT INTO HtmlNoteInfo VALUES(4193,'折色：',9) 
/


delete from HtmlNoteIndex where id=4194 
/
delete from HtmlNoteInfo where indexid=4194 
/
INSERT INTO HtmlNoteIndex values(4194,'默认为蓝色') 
/
INSERT INTO HtmlNoteInfo VALUES(4194,'默认为蓝色',7) 
/
INSERT INTO HtmlNoteInfo VALUES(4194,'Default is blue',8) 
/
INSERT INTO HtmlNoteInfo VALUES(4194,'默J{色',9) 
/


delete from HtmlNoteIndex where id=4195 
/
delete from HtmlNoteInfo where indexid=4195 
/
INSERT INTO HtmlNoteIndex values(4195,'标题信息') 
/
INSERT INTO HtmlNoteInfo VALUES(4195,'标题信息',7) 
/
INSERT INTO HtmlNoteInfo VALUES(4195,'Header information',8) 
/
INSERT INTO HtmlNoteInfo VALUES(4195,'标}信息',9) 
/


delete from HtmlNoteIndex where id=4196 
/
delete from HtmlNoteInfo where indexid=4196 
/
INSERT INTO HtmlNoteIndex values(4196,'字体：') 
/
INSERT INTO HtmlNoteInfo VALUES(4196,'字体：',7) 
/
INSERT INTO HtmlNoteInfo VALUES(4196,'typeface：',8) 
/
INSERT INTO HtmlNoteInfo VALUES(4196,'字w：',9) 
/


delete from HtmlNoteIndex where id=4197 
/
delete from HtmlNoteInfo where indexid=4197 
/
INSERT INTO HtmlNoteIndex values(4197,'颜色：') 
/
INSERT INTO HtmlNoteInfo VALUES(4197,'颜色：',7) 
/
INSERT INTO HtmlNoteInfo VALUES(4197,'Color:',8) 
/
INSERT INTO HtmlNoteInfo VALUES(4197,'色：',9) 
/


delete from HtmlNoteIndex where id=4198 
/
delete from HtmlNoteInfo where indexid=4198 
/
INSERT INTO HtmlNoteIndex values(4198,'大小：') 
/
INSERT INTO HtmlNoteInfo VALUES(4198,'大小：',7) 
/
INSERT INTO HtmlNoteInfo VALUES(4198,'size：',8) 
/
INSERT INTO HtmlNoteInfo VALUES(4198,'大小：',9) 
/


delete from HtmlNoteIndex where id=4199 
/
delete from HtmlNoteInfo where indexid=4199 
/
INSERT INTO HtmlNoteIndex values(4199,'是否粗体：') 
/
INSERT INTO HtmlNoteInfo VALUES(4199,'是否粗体：',7) 
/
INSERT INTO HtmlNoteInfo VALUES(4199,'Whether bold:',8) 
/
INSERT INTO HtmlNoteInfo VALUES(4199,'是否粗w：',9) 
/


delete from HtmlNoteIndex where id=4200 
/
delete from HtmlNoteInfo where indexid=4200 
/
INSERT INTO HtmlNoteIndex values(4200,'图表数据来源') 
/
INSERT INTO HtmlNoteInfo VALUES(4200,'图表数据来源',7) 
/
INSERT INTO HtmlNoteInfo VALUES(4200,'Chart data source',8) 
/
INSERT INTO HtmlNoteInfo VALUES(4200,'D表碓',9) 
/


delete from HtmlNoteIndex where id=4201 
/
delete from HtmlNoteInfo where indexid=4201 
/
INSERT INTO HtmlNoteIndex values(4201,'数据源：') 
/
INSERT INTO HtmlNoteInfo VALUES(4201,'数据源：',7) 
/
INSERT INTO HtmlNoteInfo VALUES(4201,'Data source:',8) 
/
INSERT INTO HtmlNoteInfo VALUES(4201,'源：',9) 
/


delete from HtmlNoteIndex where id=4202 
/
delete from HtmlNoteInfo where indexid=4202 
/
INSERT INTO HtmlNoteIndex values(4202,'如何书写SQL？') 
/
INSERT INTO HtmlNoteInfo VALUES(4202,'如何书写SQL？',7) 
/
INSERT INTO HtmlNoteInfo VALUES(4202,'How to write SQL?',8) 
/
INSERT INTO HtmlNoteInfo VALUES(4202,'如何SQL？',9) 
/


delete from HtmlNoteIndex where id=4203 
/
delete from HtmlNoteInfo where indexid=4203 
/
INSERT INTO HtmlNoteIndex values(4203,'数据后缀：') 
/
INSERT INTO HtmlNoteInfo VALUES(4203,'数据后缀：',7) 
/
INSERT INTO HtmlNoteInfo VALUES(4203,'Data suffix:',8) 
/
INSERT INTO HtmlNoteInfo VALUES(4203,'後Y：',9) 
/


delete from HtmlNoteIndex where id=4204 
/
delete from HtmlNoteInfo where indexid=4204 
/
INSERT INTO HtmlNoteIndex values(4204,'SQL帮助') 
/
INSERT INTO HtmlNoteInfo VALUES(4204,'SQL帮助',7) 
/
INSERT INTO HtmlNoteInfo VALUES(4204,'SQL help',8) 
/
INSERT INTO HtmlNoteInfo VALUES(4204,'SQL椭',9) 
/


delete from HtmlNoteIndex where id=4205 
/
delete from HtmlNoteInfo where indexid=4205 
/
INSERT INTO HtmlNoteIndex values(4205,'图表信息设置不完整，未配置数据来源SQL') 
/
INSERT INTO HtmlNoteInfo VALUES(4205,'图表信息设置不完整，未配置数据来源SQL',7) 
/
INSERT INTO HtmlNoteInfo VALUES(4205,'Chart information is not complete, not configured data source SQL',8) 
/
INSERT INTO HtmlNoteInfo VALUES(4205,'D表信息O置不完整，未配置碓SQL',9) 
/

delete from HtmlNoteIndex where id=4206 
/
delete from HtmlNoteInfo where indexid=4206 
/
INSERT INTO HtmlNoteIndex values(4206,'SQL中可能包含待解析的参数变量，需运行时显示') 
/
INSERT INTO HtmlNoteInfo VALUES(4206,'SQL中可能包含待解析的参数变量，需运行时显示',7) 
/
INSERT INTO HtmlNoteInfo VALUES(4206,'SQL may contain the parameter variables to be resolved, which are displayed when running',8) 
/
INSERT INTO HtmlNoteInfo VALUES(4206,'SQL中可能包含待解析的底量，需\行r@示',9) 
/


delete from HtmlNoteIndex where id=4207 
/
delete from HtmlNoteInfo where indexid=4207 
/
INSERT INTO HtmlNoteIndex values(4207,'数据来源SQL未通过系统安全测试，请检查关键字') 
/
INSERT INTO HtmlNoteInfo VALUES(4207,'数据来源SQL未通过系统安全测试，请检查关键字',7) 
/
INSERT INTO HtmlNoteInfo VALUES(4207,'Data source SQL did not pass the system security test, please check the key word',8) 
/
INSERT INTO HtmlNoteInfo VALUES(4207,'碓SQL未通^系y安全y，z查PI字',9) 
/


delete from HtmlNoteIndex where id=4208 
/
delete from HtmlNoteInfo where indexid=4208 
/
INSERT INTO HtmlNoteIndex values(4208,'查询数据来源SQL时出现错误，请检查SQL是否拼写正确') 
/
INSERT INTO HtmlNoteInfo VALUES(4208,'查询数据来源SQL时出现错误，请检查SQL是否拼写正确',7) 
/
INSERT INTO HtmlNoteInfo VALUES(4208,'Error querying data source SQL, check if SQL is spelled correctly',8) 
/
INSERT INTO HtmlNoteInfo VALUES(4208,'查碓SQLr出Fe`，z查SQL是否拼正确',9) 
/


delete from HtmlNoteIndex where id=4209 
/
delete from HtmlNoteInfo where indexid=4209 
/
INSERT INTO HtmlNoteIndex values(4209,'加载图表时出现错误') 
/
INSERT INTO HtmlNoteInfo VALUES(4209,'加载图表时出现错误',7) 
/
INSERT INTO HtmlNoteInfo VALUES(4209,'An error occurred while loading the chart',8) 
/
INSERT INTO HtmlNoteInfo VALUES(4209,'加dD表r出Fe`',9) 
/


delete from HtmlNoteIndex where id=4210 
/
delete from HtmlNoteInfo where indexid=4210 
/
INSERT INTO HtmlNoteIndex values(4210,'地图信息') 
/
INSERT INTO HtmlNoteInfo VALUES(4210,'地图信息',7) 
/
INSERT INTO HtmlNoteInfo VALUES(4210,'Map information',8) 
/
INSERT INTO HtmlNoteInfo VALUES(4210,'地D信息',9) 
/


delete from HtmlNoteIndex where id=4211 
/
delete from HtmlNoteInfo where indexid=4211 
/
INSERT INTO HtmlNoteIndex values(4211,'参数名称：') 
/
INSERT INTO HtmlNoteInfo VALUES(4211,'参数名称：',7) 
/
INSERT INTO HtmlNoteInfo VALUES(4211,'Parameter name:',8) 
/
INSERT INTO HtmlNoteInfo VALUES(4211,'得Q：',9) 
/


delete from HtmlNoteIndex where id=4212 
/
delete from HtmlNoteInfo where indexid=4212 
/
INSERT INTO HtmlNoteIndex values(4212,'地址：') 
/
INSERT INTO HtmlNoteInfo VALUES(4212,'地址：',7) 
/
INSERT INTO HtmlNoteInfo VALUES(4212,'Address:',8) 
/
INSERT INTO HtmlNoteInfo VALUES(4212,'地址：',9) 
/


delete from HtmlNoteIndex where id=4213 
/
delete from HtmlNoteInfo where indexid=4213 
/
INSERT INTO HtmlNoteIndex values(4213,'地图高度：') 
/
INSERT INTO HtmlNoteInfo VALUES(4213,'地图高度：',7) 
/
INSERT INTO HtmlNoteInfo VALUES(4213,'Map height:',8) 
/
INSERT INTO HtmlNoteInfo VALUES(4213,'地D高度：',9) 
/


delete from HtmlNoteIndex where id=4214 
/
delete from HtmlNoteInfo where indexid=4214 
/
INSERT INTO HtmlNoteIndex values(4214,'比例尺：') 
/
INSERT INTO HtmlNoteInfo VALUES(4214,'比例尺：',7) 
/
INSERT INTO HtmlNoteInfo VALUES(4214,'Scale:',8) 
/
INSERT INTO HtmlNoteInfo VALUES(4214,'比例尺：',9) 
/


delete from HtmlNoteIndex where id=4227 
/
delete from HtmlNoteInfo where indexid=4227 
/
INSERT INTO HtmlNoteIndex values(4227,'圆形图') 
/
INSERT INTO HtmlNoteInfo VALUES(4227,'圆形图',7) 
/
INSERT INTO HtmlNoteInfo VALUES(4227,'Circular chart',8) 
/
INSERT INTO HtmlNoteInfo VALUES(4227,'A形D',9) 
/


delete from HtmlNoteIndex where id=4228 
/
delete from HtmlNoteInfo where indexid=4228 
/
INSERT INTO HtmlNoteIndex values(4228,'如：175，此处缺省为插件高度') 
/
INSERT INTO HtmlNoteInfo VALUES(4228,'如：175，此处缺省为插件高度',7) 
/
INSERT INTO HtmlNoteInfo VALUES(4228,'Such as: 175, this is the default for the plug-in height',8) 
/
INSERT INTO HtmlNoteInfo VALUES(4228,'如：175，此缺省插件高度',9) 
/



delete from HtmlNoteIndex where id=4229 
/
delete from HtmlNoteInfo where indexid=4229 
/
INSERT INTO HtmlNoteIndex values(4229,'如：320，此处缺省则为页面宽度') 
/
INSERT INTO HtmlNoteInfo VALUES(4229,'如：320，此处缺省则为页面宽度',7) 
/
INSERT INTO HtmlNoteInfo VALUES(4229,'Such as: 320, the default is the page width',8) 
/
INSERT INTO HtmlNoteInfo VALUES(4229,'如：320，此缺省t面度',9) 
/


delete from HtmlNoteIndex where id=4230 
/
delete from HtmlNoteInfo where indexid=4230 
/
INSERT INTO HtmlNoteIndex values(4230,'提示：高度和宽度默认为1:2时显示最佳') 
/
INSERT INTO HtmlNoteInfo VALUES(4230,'提示：高度和宽度默认为1:2时显示最佳',7) 
/
INSERT INTO HtmlNoteInfo VALUES(4230,'Tip: the height and width of the default is 1:2 when the display is the best',8) 
/
INSERT INTO HtmlNoteInfo VALUES(4230,'提示：高度和度默J1:2r@示最佳',9) 
/


delete from HtmlNoteIndex where id=4231 
/
delete from HtmlNoteInfo where indexid=4231 
/
INSERT INTO HtmlNoteIndex values(4231,'百分比显示信息') 
/
INSERT INTO HtmlNoteInfo VALUES(4231,'百分比显示信息',7) 
/
INSERT INTO HtmlNoteInfo VALUES(4231,'Percentage display information',8) 
/
INSERT INTO HtmlNoteInfo VALUES(4231,'百分比@示信息',9) 
/


delete from HtmlNoteIndex where id=4232 
/
delete from HtmlNoteInfo where indexid=4232 
/
INSERT INTO HtmlNoteIndex values(4232,'线条信息') 
/
INSERT INTO HtmlNoteInfo VALUES(4232,'线条信息',7) 
/
INSERT INTO HtmlNoteInfo VALUES(4232,'Line information',8) 
/
INSERT INTO HtmlNoteInfo VALUES(4232,'l信息',9) 
/


delete from HtmlNoteIndex where id=4233 
/
delete from HtmlNoteInfo where indexid=4233 
/
INSERT INTO HtmlNoteIndex values(4233,'线条大小：') 
/
INSERT INTO HtmlNoteInfo VALUES(4233,'线条大小：',7) 
/
INSERT INTO HtmlNoteInfo VALUES(4233,'Line size:',8) 
/
INSERT INTO HtmlNoteInfo VALUES(4233,'l大小：',9) 
/


delete from HtmlNoteIndex where id=4234 
/
delete from HtmlNoteInfo where indexid=4234 
/
INSERT INTO HtmlNoteIndex values(4234,'提示:线条大小默认为5') 
/
INSERT INTO HtmlNoteInfo VALUES(4234,'提示:线条大小默认为5',7) 
/
INSERT INTO HtmlNoteInfo VALUES(4234,'Tip: the default line size is 5',8) 
/
INSERT INTO HtmlNoteInfo VALUES(4234,'提示:l大小默J5',9) 
/



delete from HtmlNoteIndex where id=4235 
/
delete from HtmlNoteInfo where indexid=4235 
/
INSERT INTO HtmlNoteIndex values(4235,'线条背景色：') 
/
INSERT INTO HtmlNoteInfo VALUES(4235,'线条背景色：',7) 
/
INSERT INTO HtmlNoteInfo VALUES(4235,'Line background color:',8) 
/
INSERT INTO HtmlNoteInfo VALUES(4235,'l背景色：',9) 
/


delete from HtmlNoteIndex where id=4236 
/
delete from HtmlNoteInfo where indexid=4236 
/
INSERT INTO HtmlNoteIndex values(4236,'取色器') 
/
INSERT INTO HtmlNoteInfo VALUES(4236,'取色器',7) 
/
INSERT INTO HtmlNoteInfo VALUES(4236,'color picker',8) 
/
INSERT INTO HtmlNoteInfo VALUES(4236,'取色器',9) 
/

delete from HtmlNoteIndex where id=4237 
/
delete from HtmlNoteInfo where indexid=4237 
/
INSERT INTO HtmlNoteIndex values(4237,'线条渐变色') 
/
INSERT INTO HtmlNoteInfo VALUES(4237,'线条渐变色',7) 
/
INSERT INTO HtmlNoteInfo VALUES(4237,'Line color gradient',8) 
/
INSERT INTO HtmlNoteInfo VALUES(4237,'lu色',9) 
/


delete from HtmlNoteIndex where id=4238 
/
delete from HtmlNoteInfo where indexid=4238 
/
INSERT INTO HtmlNoteIndex values(4238,'单击右上角的添加按钮以添加渐变色') 
/
INSERT INTO HtmlNoteInfo VALUES(4238,'单击右上角的添加按钮以添加渐变色',7) 
/
INSERT INTO HtmlNoteInfo VALUES(4238,'Click the Add button on the top right to add a gradient color',8) 
/
INSERT INTO HtmlNoteInfo VALUES(4238,'粲疑辖堑奶砑影粹o以添加u色',9) 
/


delete from HtmlNoteIndex where id=4239 
/
delete from HtmlNoteInfo where indexid=4239 
/
INSERT INTO HtmlNoteIndex values(4239,'阴影渐变色') 
/
INSERT INTO HtmlNoteInfo VALUES(4239,'阴影渐变色',7) 
/
INSERT INTO HtmlNoteInfo VALUES(4239,'Shadow color gradient',8) 
/
INSERT INTO HtmlNoteInfo VALUES(4239,'影u色',9) 
/


delete from HtmlNoteIndex where id=4240 
/
delete from HtmlNoteInfo where indexid=4240 
/
INSERT INTO HtmlNoteIndex values(4240,'提示:线条大小默认为1.5') 
/
INSERT INTO HtmlNoteInfo VALUES(4240,'提示:线条大小默认为1.5',7) 
/
INSERT INTO HtmlNoteInfo VALUES(4240,'Tip: the default line size is 1.5',8) 
/
INSERT INTO HtmlNoteInfo VALUES(4240,'提示:l大小默J1.5',9) 
/


delete from HtmlNoteIndex where id=4241 
/
delete from HtmlNoteInfo where indexid=4241 
/
INSERT INTO HtmlNoteIndex values(4241,'偏移值(0-1)') 
/
INSERT INTO HtmlNoteInfo VALUES(4241,'偏移值(0-1)',7) 
/
INSERT INTO HtmlNoteInfo VALUES(4241,'Offset(0-1)',8) 
/
INSERT INTO HtmlNoteInfo VALUES(4241,'偏移值(0-1)',9) 
/

delete from HtmlNoteIndex where id=4242 
/
delete from HtmlNoteInfo where indexid=4242 
/
INSERT INTO HtmlNoteIndex values(4242,'渐变色') 
/
INSERT INTO HtmlNoteInfo VALUES(4242,'渐变色',7) 
/
INSERT INTO HtmlNoteInfo VALUES(4242,'Gradient color',8) 
/
INSERT INTO HtmlNoteInfo VALUES(4242,'u色',9) 
/


delete from HtmlNoteIndex where id=4243 
/
delete from HtmlNoteInfo where indexid=4243 
/
INSERT INTO HtmlNoteIndex values(4243,'透明度') 
/
INSERT INTO HtmlNoteInfo VALUES(4243,'透明度',7) 
/
INSERT INTO HtmlNoteInfo VALUES(4243,'transparency',8) 
/
INSERT INTO HtmlNoteInfo VALUES(4243,'透明度',9) 
/


delete from HtmlNoteIndex where id=4244 
/
delete from HtmlNoteInfo where indexid=4244 
/
INSERT INTO HtmlNoteIndex values(4244,'确定删除?') 
/
INSERT INTO HtmlNoteInfo VALUES(4244,'确定删除?',7) 
/
INSERT INTO HtmlNoteInfo VALUES(4244,'Sure to delete?',8) 
/
INSERT INTO HtmlNoteInfo VALUES(4244,'确定删除?',9) 
/


delete from HtmlNoteIndex where id=4245 
/
delete from HtmlNoteInfo where indexid=4245 
/
INSERT INTO HtmlNoteIndex values(4245,'时间轴信息') 
/
INSERT INTO HtmlNoteInfo VALUES(4245,'时间轴信息',7) 
/
INSERT INTO HtmlNoteInfo VALUES(4245,'Timeline information',8) 
/
INSERT INTO HtmlNoteInfo VALUES(4245,'rgS信息',9) 
/


delete from HtmlNoteIndex where id=4246 
/
delete from HtmlNoteInfo where indexid=4246 
/
INSERT INTO HtmlNoteIndex values(4246,'一个中文的名称，如：时间轴') 
/
INSERT INTO HtmlNoteInfo VALUES(4246,'一个中文的名称，如：时间轴',7) 
/
INSERT INTO HtmlNoteInfo VALUES(4246,'A Chinese name, such as: time axis',8) 
/
INSERT INTO HtmlNoteInfo VALUES(4246,'一中文的名Q，如：rgS',9) 
/


delete from HtmlNoteIndex where id=4247 
/
delete from HtmlNoteInfo where indexid=4247 
/
INSERT INTO HtmlNoteIndex values(4247,'每页显示：') 
/
INSERT INTO HtmlNoteInfo VALUES(4247,'每页显示：',7) 
/
INSERT INTO HtmlNoteInfo VALUES(4247,'Per page:',8) 
/
INSERT INTO HtmlNoteInfo VALUES(4247,'每@示：',9) 
/


delete from HtmlNoteIndex where id=4248 
/
delete from HtmlNoteInfo where indexid=4248 
/
INSERT INTO HtmlNoteIndex values(4248,'按日期') 
/
INSERT INTO HtmlNoteInfo VALUES(4248,'按日期',7) 
/
INSERT INTO HtmlNoteInfo VALUES(4248,'By date',8) 
/
INSERT INTO HtmlNoteInfo VALUES(4248,'按日期',9) 
/


delete from HtmlNoteIndex where id=4249 
/
delete from HtmlNoteInfo where indexid=4249 
/
INSERT INTO HtmlNoteIndex values(4249,'时间字段') 
/
INSERT INTO HtmlNoteInfo VALUES(4249,'时间字段',7) 
/
INSERT INTO HtmlNoteInfo VALUES(4249,'Time field',8) 
/
INSERT INTO HtmlNoteInfo VALUES(4249,'rg字段',9) 
/


delete from HtmlNoteIndex where id=4250 
/
delete from HtmlNoteInfo where indexid=4250 
/
INSERT INTO HtmlNoteIndex values(4250,'请设置时间字段！') 
/
INSERT INTO HtmlNoteInfo VALUES(4250,'请设置时间字段！',7) 
/
INSERT INTO HtmlNoteInfo VALUES(4250,'Please set the time field!',8) 
/
INSERT INTO HtmlNoteInfo VALUES(4250,'O置rg字段！',9) 
/

delete from HtmlNoteIndex where id=4251 
/
delete from HtmlNoteInfo where indexid=4251 
/
INSERT INTO HtmlNoteIndex values(4251,'标题未设置') 
/
INSERT INTO HtmlNoteInfo VALUES(4251,'标题未设置',7) 
/
INSERT INTO HtmlNoteInfo VALUES(4251,'Title not set',8) 
/
INSERT INTO HtmlNoteInfo VALUES(4251,'标}未O置',9) 
/


delete from HtmlNoteIndex where id=4252 
/
delete from HtmlNoteInfo where indexid=4252 
/
INSERT INTO HtmlNoteIndex values(4252,'SQL取值(运行时显示)') 
/
INSERT INTO HtmlNoteInfo VALUES(4252,'SQL取值(运行时显示)',7) 
/
INSERT INTO HtmlNoteInfo VALUES(4252,'SQL value (run time display)',8) 
/
INSERT INTO HtmlNoteInfo VALUES(4252,'SQL取值(\行r@示)',9) 
/


delete from HtmlNoteIndex where id=4253 
/
delete from HtmlNoteInfo where indexid=4253 
/
INSERT INTO HtmlNoteIndex values(4253,'树形信息设置不完整，未配置树形来源') 
/
INSERT INTO HtmlNoteInfo VALUES(4253,'树形信息设置不完整，未配置树形来源',7) 
/
INSERT INTO HtmlNoteInfo VALUES(4253,'Tree information is not complete, the source of the configuration is not configured',8) 
/
INSERT INTO HtmlNoteInfo VALUES(4253,'湫涡畔⒃O置不完整，未配置湫碓',9) 
/



delete from HtmlNoteIndex where id=4254 
/
delete from HtmlNoteInfo where indexid=4254 
/
INSERT INTO HtmlNoteIndex values(4254,'树形信息') 
/
INSERT INTO HtmlNoteInfo VALUES(4254,'树形信息',7) 
/
INSERT INTO HtmlNoteInfo VALUES(4254,'Tree information',8) 
/
INSERT INTO HtmlNoteInfo VALUES(4254,'湫涡畔',9) 
/



delete from HtmlNoteIndex where id=4255 
/
delete from HtmlNoteInfo where indexid=4255 
/
INSERT INTO HtmlNoteIndex values(4255,'来源：') 
/
INSERT INTO HtmlNoteInfo VALUES(4255,'来源：',7) 
/
INSERT INTO HtmlNoteInfo VALUES(4255,'Sources:',8) 
/
INSERT INTO HtmlNoteInfo VALUES(4255,'碓矗',9) 
/


 
delete from HtmlNoteIndex where id=4256 
/
delete from HtmlNoteInfo where indexid=4256 
/
INSERT INTO HtmlNoteIndex values(4256,'树形来源：') 
/
INSERT INTO HtmlNoteInfo VALUES(4256,'树形来源：',7) 
/
INSERT INTO HtmlNoteInfo VALUES(4256,'Tree origin:',8) 
/
INSERT INTO HtmlNoteInfo VALUES(4256,'湫碓矗',9) 
/
 


delete from HtmlNoteIndex where id=4257 
/
delete from HtmlNoteInfo where indexid=4257 
/
INSERT INTO HtmlNoteIndex values(4257,'在来源中检索...') 
/
INSERT INTO HtmlNoteInfo VALUES(4257,'在来源中检索...',7) 
/
INSERT INTO HtmlNoteInfo VALUES(4257,'Search in the source...',8) 
/
INSERT INTO HtmlNoteInfo VALUES(4257,'在碓粗z索...',9) 
/


delete from HtmlNoteIndex where id=4258 
/
delete from HtmlNoteInfo where indexid=4258 
/
INSERT INTO HtmlNoteIndex values(4258,'加载节点时出现异常') 
/
INSERT INTO HtmlNoteInfo VALUES(4258,'加载节点时出现异常',7) 
/
INSERT INTO HtmlNoteInfo VALUES(4258,'Exception when loading the node',8) 
/
INSERT INTO HtmlNoteInfo VALUES(4258,'加dcr出F常',9) 
/


delete from HtmlNoteIndex where id=4259 
/
delete from HtmlNoteInfo where indexid=4259 
/
INSERT INTO HtmlNoteIndex values(4259,'节点附加Html：') 
/
INSERT INTO HtmlNoteInfo VALUES(4259,'节点附加Html：',7) 
/
INSERT INTO HtmlNoteInfo VALUES(4259,'Node additional Html:',8) 
/
INSERT INTO HtmlNoteInfo VALUES(4259,'c附加Html：',9) 
/


delete from HtmlNoteIndex where id=4260 
/
delete from HtmlNoteInfo where indexid=4260 
/
INSERT INTO HtmlNoteIndex values(4260,'节点URL：') 
/
INSERT INTO HtmlNoteInfo VALUES(4260,'节点URL：',7) 
/
INSERT INTO HtmlNoteInfo VALUES(4260,'Node URL:',8) 
/
INSERT INTO HtmlNoteInfo VALUES(4260,'cURL：',9) 
/


delete from HtmlNoteIndex where id=4261 
/
delete from HtmlNoteInfo where indexid=4261 
/
INSERT INTO HtmlNoteIndex values(4261,'动作：刷新列表') 
/
INSERT INTO HtmlNoteInfo VALUES(4261,'动作：刷新列表',7) 
/
INSERT INTO HtmlNoteInfo VALUES(4261,'Action: refresh list',8) 
/
INSERT INTO HtmlNoteInfo VALUES(4261,'幼鳎核⑿铝斜',9) 
/


delete from HtmlNoteIndex where id=4262 
/
delete from HtmlNoteInfo where indexid=4262 
/
INSERT INTO HtmlNoteIndex values(4262,'输入URL：') 
/
INSERT INTO HtmlNoteInfo VALUES(4262,'输入URL：',7) 
/
INSERT INTO HtmlNoteInfo VALUES(4262,'Input URL:',8) 
/
INSERT INTO HtmlNoteInfo VALUES(4262,'入URL：',9) 
/


delete from HtmlNoteIndex where id=4263 
/
delete from HtmlNoteInfo where indexid=4263 
/
INSERT INTO HtmlNoteIndex values(4263,'选择页面：') 
/
INSERT INTO HtmlNoteInfo VALUES(4263,'选择页面：',7) 
/
INSERT INTO HtmlNoteInfo VALUES(4263,'Select page:',8) 
/
INSERT INTO HtmlNoteInfo VALUES(4263,'x耥面：',9) 
/


delete from HtmlNoteIndex where id=4264 
/
delete from HtmlNoteInfo where indexid=4264 
/
INSERT INTO HtmlNoteIndex values(4264,'选择需要刷新的列表所在页面') 
/
INSERT INTO HtmlNoteInfo VALUES(4264,'选择需要刷新的列表所在页面',7) 
/
INSERT INTO HtmlNoteInfo VALUES(4264,'Select the page where you need to refresh the list',8) 
/
INSERT INTO HtmlNoteInfo VALUES(4264,'x裥枰刷新的列表所在面',9) 
/



delete from HtmlNoteIndex where id=4265 
/
delete from HtmlNoteInfo where indexid=4265 
/
INSERT INTO HtmlNoteIndex values(4265,'列表id：') 
/
INSERT INTO HtmlNoteInfo VALUES(4265,'列表id：',7) 
/
INSERT INTO HtmlNoteInfo VALUES(4265,'List id:',8) 
/
INSERT INTO HtmlNoteInfo VALUES(4265,'列表id：',9) 
/


delete from HtmlNoteIndex where id=4266 
/
delete from HtmlNoteInfo where indexid=4266 
/
INSERT INTO HtmlNoteIndex values(4266,'如果列表所在页面只包含一个列表，此项可至空') 
/
INSERT INTO HtmlNoteInfo VALUES(4266,'如果列表所在页面只包含一个列表，此项可至空',7) 
/
INSERT INTO HtmlNoteInfo VALUES(4266,'If the list contains only one list, the item can be empty.',8) 
/
INSERT INTO HtmlNoteInfo VALUES(4266,'如果列表所在面b包含一列表，此可至空',9) 
/


delete from HtmlNoteIndex where id=4267 
/
delete from HtmlNoteInfo where indexid=4267 
/
INSERT INTO HtmlNoteIndex values(4267,'传递参数：') 
/
INSERT INTO HtmlNoteInfo VALUES(4267,'传递参数：',7) 
/
INSERT INTO HtmlNoteInfo VALUES(4267,'Transfer parameter:',8) 
/
INSERT INTO HtmlNoteInfo VALUES(4267,'鬟f担',9) 
/


delete from HtmlNoteIndex where id=4268 
/
delete from HtmlNoteInfo where indexid=4268 
/
INSERT INTO HtmlNoteIndex values(4268,'名称=值，如 creator={id} 多个参数用分号隔开') 
/
INSERT INTO HtmlNoteInfo VALUES(4268,'名称=值，如 creator={id} 多个参数用分号隔开',7) 
/
INSERT INTO HtmlNoteInfo VALUES(4268,'Name = value, such as creator={id} multiple parameters by semicolons',8) 
/
INSERT INTO HtmlNoteInfo VALUES(4268,'名Q=值，如 creator={id} 多涤梅趾鸥糸_',9) 
/


delete from HtmlNoteIndex where id=4269 
/
delete from HtmlNoteInfo where indexid=4269 
/
INSERT INTO HtmlNoteIndex values(4269,'回调函数：') 
/
INSERT INTO HtmlNoteInfo VALUES(4269,'回调函数：',7) 
/
INSERT INTO HtmlNoteInfo VALUES(4269,'Callback function:',8) 
/
INSERT INTO HtmlNoteInfo VALUES(4269,'回{函担',9) 
/



delete from HtmlNoteIndex where id=4270 
/
delete from HtmlNoteInfo where indexid=4270 
/
INSERT INTO HtmlNoteIndex values(4270,'无匹配的结果') 
/
INSERT INTO HtmlNoteInfo VALUES(4270,'无匹配的结果',7) 
/
INSERT INTO HtmlNoteInfo VALUES(4270,'No match results',8) 
/
INSERT INTO HtmlNoteInfo VALUES(4270,'o匹配的Y果',9) 
/


delete from HtmlNoteIndex where id=4271 
/
delete from HtmlNoteInfo where indexid=4271 
/
INSERT INTO HtmlNoteIndex values(4271,'浮动按钮') 
/
INSERT INTO HtmlNoteInfo VALUES(4271,'浮动按钮',7) 
/
INSERT INTO HtmlNoteInfo VALUES(4271,'Floating button',8) 
/
INSERT INTO HtmlNoteInfo VALUES(4271,'浮影粹o',9) 
/


delete from HtmlNoteIndex where id=4272 
/
delete from HtmlNoteInfo where indexid=4272 
/
INSERT INTO HtmlNoteIndex values(4272,'删除此数据会级联删除其子项\n确定删除吗？') 
/
INSERT INTO HtmlNoteInfo VALUES(4272,'删除此数据会级联删除其子项\n确定删除吗？',7) 
/
INSERT INTO HtmlNoteInfo VALUES(4272,'Delete this data will cascade delete its sub items \n determined to delete it?',8) 
/
INSERT INTO HtmlNoteInfo VALUES(4272,'删除此删除其子\n确定删除幔',9) 
/


delete from HtmlNoteIndex where id=4273 
/
delete from HtmlNoteInfo where indexid=4273 
/
INSERT INTO HtmlNoteIndex values(4273,'信息设置不完整，未配置截止日期') 
/
INSERT INTO HtmlNoteInfo VALUES(4273,'信息设置不完整，未配置截止日期',7) 
/
INSERT INTO HtmlNoteInfo VALUES(4273,'Information settings are not complete, the deadline is not configured',8) 
/
INSERT INTO HtmlNoteInfo VALUES(4273,'信息O置不完整，未配置截止日期',9) 
/


delete from HtmlNoteIndex where id=4274 
/
delete from HtmlNoteInfo where indexid=4274 
/
INSERT INTO HtmlNoteIndex values(4274,'信息设置不完整，未配置数据来源SQL') 
/
INSERT INTO HtmlNoteInfo VALUES(4274,'信息设置不完整，未配置数据来源SQL',7) 
/
INSERT INTO HtmlNoteInfo VALUES(4274,'Information is not complete, not to configure the data source SQL',8) 
/
INSERT INTO HtmlNoteInfo VALUES(4274,'信息O置不完整，未配置碓SQL',9) 
/


delete from HtmlNoteIndex where id=4275 
/
delete from HtmlNoteInfo where indexid=4275 
/
INSERT INTO HtmlNoteIndex values(4275,'SQL中包含自定义变量，预览时显示') 
/
INSERT INTO HtmlNoteInfo VALUES(4275,'SQL中包含自定义变量，预览时显示',7) 
/
INSERT INTO HtmlNoteInfo VALUES(4275,'SQL contains custom variables, when the preview display',8) 
/
INSERT INTO HtmlNoteInfo VALUES(4275,'SQL中包含自定x量，A[r@示',9) 
/


delete from HtmlNoteIndex where id=4276 
/
delete from HtmlNoteInfo where indexid=4276 
/
INSERT INTO HtmlNoteIndex values(4276,'查询数据来源SQL时出现异常') 
/
INSERT INTO HtmlNoteInfo VALUES(4276,'查询数据来源SQL时出现异常',7) 
/
INSERT INTO HtmlNoteInfo VALUES(4276,'Exception when querying data source SQL',8) 
/
INSERT INTO HtmlNoteInfo VALUES(4276,'查碓SQLr出F常',9) 
/


delete from HtmlNoteIndex where id=4277 
/
delete from HtmlNoteInfo where indexid=4277 
/
INSERT INTO HtmlNoteIndex values(4277,'信息设置不完整，未配置参数') 
/
INSERT INTO HtmlNoteInfo VALUES(4277,'信息设置不完整，未配置参数',7) 
/
INSERT INTO HtmlNoteInfo VALUES(4277,'Information is not complete, no configuration parameters',8) 
/
INSERT INTO HtmlNoteInfo VALUES(4277,'信息O置不完整，未配置',9) 
/


delete from HtmlNoteIndex where id=4278 
/
delete from HtmlNoteInfo where indexid=4278 
/
INSERT INTO HtmlNoteIndex values(4278,'执行操作：') 
/
INSERT INTO HtmlNoteInfo VALUES(4278,'执行操作：',7) 
/
INSERT INTO HtmlNoteInfo VALUES(4278,'Execute operation:',8) 
/
INSERT INTO HtmlNoteInfo VALUES(4278,'绦胁僮鳎',9) 
/


delete from HtmlNoteIndex where id=4279 
/
delete from HtmlNoteInfo where indexid=4279 
/
INSERT INTO HtmlNoteIndex values(4279,'选择时间') 
/
INSERT INTO HtmlNoteInfo VALUES(4279,'选择时间',7) 
/
INSERT INTO HtmlNoteInfo VALUES(4279,'Select time',8) 
/
INSERT INTO HtmlNoteInfo VALUES(4279,'xrg',9) 
/


delete from HtmlNoteIndex where id=4280 
/
delete from HtmlNoteInfo where indexid=4280 
/
INSERT INTO HtmlNoteIndex values(4280,'手动输入SQL') 
/
INSERT INTO HtmlNoteInfo VALUES(4280,'手动输入SQL',7) 
/
INSERT INTO HtmlNoteInfo VALUES(4280,'Manual input SQL',8) 
/
INSERT INTO HtmlNoteInfo VALUES(4280,'手虞入SQL',9) 
/


delete from HtmlNoteIndex where id=4281 
/
delete from HtmlNoteInfo where indexid=4281 
/
INSERT INTO HtmlNoteIndex values(4281,'获取参数') 
/
INSERT INTO HtmlNoteInfo VALUES(4281,'获取参数',7) 
/
INSERT INTO HtmlNoteInfo VALUES(4281,'Acquisition parameter',8) 
/
INSERT INTO HtmlNoteInfo VALUES(4281,'@取',9) 
/


delete from HtmlNoteIndex where id=4282 
/
delete from HtmlNoteInfo where indexid=4282 
/
INSERT INTO HtmlNoteIndex values(4282,'截止日期：') 
/
INSERT INTO HtmlNoteInfo VALUES(4282,'截止日期：',7) 
/
INSERT INTO HtmlNoteInfo VALUES(4282,'Closing date:',8) 
/
INSERT INTO HtmlNoteInfo VALUES(4282,'截止日期：',9) 
/


delete from HtmlNoteIndex where id=4283 
/
delete from HtmlNoteInfo where indexid=4283 
/
INSERT INTO HtmlNoteIndex values(4283,'请在此处输入SQL...') 
/
INSERT INTO HtmlNoteInfo VALUES(4283,'请在此处输入SQL...',7) 
/
INSERT INTO HtmlNoteInfo VALUES(4283,'Please enter SQL here...',8) 
/
INSERT INTO HtmlNoteInfo VALUES(4283,'在此入SQL...',9) 
/



delete from HtmlNoteIndex where id=4284 
/
delete from HtmlNoteInfo where indexid=4284 
/
INSERT INTO HtmlNoteIndex values(4284,'请输入一个能返回类似2014-12-12 12:12:12这种日期时间的数据的SQL。') 
/
INSERT INTO HtmlNoteInfo VALUES(4284,'请输入一个能返回类似2014-12-12 12:12:12这种日期时间的数据的SQL。',7) 
/
INSERT INTO HtmlNoteInfo VALUES(4284,'Please enter a SQL that returns data similar to that of the 12:12:12 2014-12-12.',8) 
/
INSERT INTO HtmlNoteInfo VALUES(4284,'入一能返回似2014-12-12 12:12:12@N日期rg的的SQL。',9) 
/


delete from HtmlNoteIndex where id=4285 
/
delete from HtmlNoteInfo where indexid=4285 
/
INSERT INTO HtmlNoteIndex values(4285,'获取参数：') 
/
INSERT INTO HtmlNoteInfo VALUES(4285,'获取参数：',7) 
/
INSERT INTO HtmlNoteInfo VALUES(4285,'Acquisition parameter:',8) 
/
INSERT INTO HtmlNoteInfo VALUES(4285,'@取担',9) 
/



delete from HtmlNoteIndex where id=4286 
/
delete from HtmlNoteInfo where indexid=4286 
/
INSERT INTO HtmlNoteIndex values(4286,'展开') 
/
INSERT INTO HtmlNoteInfo VALUES(4286,'展开',7) 
/
INSERT INTO HtmlNoteInfo VALUES(4286,'open',8) 
/
INSERT INTO HtmlNoteInfo VALUES(4286,'展_',9) 
/


delete from HtmlNoteIndex where id=4287 
/
delete from HtmlNoteInfo where indexid=4287 
/
INSERT INTO HtmlNoteIndex values(4287,'一个中文的名称，如：url列表') 
/
INSERT INTO HtmlNoteInfo VALUES(4287,'一个中文的名称，如：url列表',7) 
/
INSERT INTO HtmlNoteInfo VALUES(4287,'A Chinese name, such as: URL list',8) 
/
INSERT INTO HtmlNoteInfo VALUES(4287,'一中文的名Q，如：url列表',9) 
/



delete from HtmlNoteIndex where id=4288 
/
delete from HtmlNoteInfo where indexid=4288 
/
INSERT INTO HtmlNoteIndex values(4288,'下载模板') 
/
INSERT INTO HtmlNoteInfo VALUES(4288,'下载模板',7) 
/
INSERT INTO HtmlNoteInfo VALUES(4288,'Download templates',8) 
/
INSERT INTO HtmlNoteInfo VALUES(4288,'下d模',9) 
/


delete from HtmlNoteIndex where id=4289 
/
delete from HtmlNoteInfo where indexid=4289 
/
INSERT INTO HtmlNoteIndex values(4289,'使用模板') 
/
INSERT INTO HtmlNoteInfo VALUES(4289,'使用模板',7) 
/
INSERT INTO HtmlNoteInfo VALUES(4289,'Use template',8) 
/
INSERT INTO HtmlNoteInfo VALUES(4289,'使用模',9) 
/


delete from HtmlNoteIndex where id=4290 
/
delete from HtmlNoteInfo where indexid=4290 
/
INSERT INTO HtmlNoteIndex values(4290,'提示：系统内部jsp必须放在mobilemode目录下') 
/
INSERT INTO HtmlNoteInfo VALUES(4290,'提示：系统内部jsp必须放在mobilemode目录下',7) 
/
INSERT INTO HtmlNoteInfo VALUES(4290,'Tip: the system inside the JSP must be placed in the mobilemode directory',8) 
/
INSERT INTO HtmlNoteInfo VALUES(4290,'提示：系y内部jsp必放在mobilemode目下',9) 
/


delete from HtmlNoteIndex where id=4291 
/
delete from HtmlNoteInfo where indexid=4291 
/
INSERT INTO HtmlNoteIndex values(4291,'是否启用日期提示：') 
/
INSERT INTO HtmlNoteInfo VALUES(4291,'是否启用日期提示：',7) 
/
INSERT INTO HtmlNoteInfo VALUES(4291,'Do you want to enable the date prompt:',8) 
/
INSERT INTO HtmlNoteInfo VALUES(4291,'是否用日期提示：',9) 
/


delete from HtmlNoteIndex where id=4292 
/
delete from HtmlNoteInfo where indexid=4292 
/
INSERT INTO HtmlNoteIndex values(4292,'输入日期时间,例如{date} {time}') 
/
INSERT INTO HtmlNoteInfo VALUES(4292,'输入日期时间,例如{date} {time}',7) 
/
INSERT INTO HtmlNoteInfo VALUES(4292,'Enter date time, such as {time} {date}',8) 
/
INSERT INTO HtmlNoteInfo VALUES(4292,'入日期rg,例如{date} {time}',9) 
/


delete from HtmlNoteIndex where id=4293 
/
delete from HtmlNoteInfo where indexid=4293 
/
INSERT INTO HtmlNoteIndex values(4293,'输入参数') 
/
INSERT INTO HtmlNoteInfo VALUES(4293,'输入参数',7) 
/
INSERT INTO HtmlNoteInfo VALUES(4293,'input parameter',8) 
/
INSERT INTO HtmlNoteInfo VALUES(4293,'入',9) 
/


delete from HtmlNoteIndex where id=4294 
/
delete from HtmlNoteInfo where indexid=4294 
/
INSERT INTO HtmlNoteIndex values(4294,'请求字符集：') 
/
INSERT INTO HtmlNoteInfo VALUES(4294,'请求字符集：',7) 
/
INSERT INTO HtmlNoteInfo VALUES(4294,'Request character set:',8) 
/
INSERT INTO HtmlNoteInfo VALUES(4294,'求字符集：',9) 
/


delete from HtmlNoteIndex where id=4295 
/
delete from HtmlNoteInfo where indexid=4295 
/
INSERT INTO HtmlNoteIndex values(4295,'输出格式') 
/
INSERT INTO HtmlNoteInfo VALUES(4295,'输出格式',7) 
/
INSERT INTO HtmlNoteInfo VALUES(4295,'Output format',8) 
/
INSERT INTO HtmlNoteInfo VALUES(4295,'出格式',9) 
/


delete from HtmlNoteIndex where id=4296 
/
delete from HtmlNoteInfo where indexid=4296 
/
INSERT INTO HtmlNoteIndex values(4296,'收缩') 
/
INSERT INTO HtmlNoteInfo VALUES(4296,'收缩',7) 
/
INSERT INTO HtmlNoteInfo VALUES(4296,'shrink',8) 
/
INSERT INTO HtmlNoteInfo VALUES(4296,'收s',9) 
/



delete from HtmlNoteIndex where id=4297 
/
delete from HtmlNoteInfo where indexid=4297 
/
INSERT INTO HtmlNoteIndex values(4297,'url列表') 
/
INSERT INTO HtmlNoteInfo VALUES(4297,'url列表',7) 
/
INSERT INTO HtmlNoteInfo VALUES(4297,'URL list',8) 
/
INSERT INTO HtmlNoteInfo VALUES(4297,'url列表',9) 
/


delete from HtmlNoteIndex where id=4298 
/
delete from HtmlNoteInfo where indexid=4298 
/
INSERT INTO HtmlNoteIndex values(4298,'当前页') 
/
INSERT INTO HtmlNoteInfo VALUES(4298,'当前页',7) 
/
INSERT INTO HtmlNoteInfo VALUES(4298,'Current page',8) 
/
INSERT INTO HtmlNoteInfo VALUES(4298,'前',9) 
/



delete from HtmlNoteIndex where id=4299 
/
delete from HtmlNoteInfo where indexid=4299 
/
INSERT INTO HtmlNoteIndex values(4299,'每页显示数量') 
/
INSERT INTO HtmlNoteInfo VALUES(4299,'每页显示数量',7) 
/
INSERT INTO HtmlNoteInfo VALUES(4299,'Each page shows the number',8) 
/
INSERT INTO HtmlNoteInfo VALUES(4299,'每@示盗',9) 
/


 
  delete from HtmlNoteIndex where id=4300 
/
delete from HtmlNoteInfo where indexid=4300 
/
INSERT INTO HtmlNoteIndex values(4300,'查询参数') 
/
INSERT INTO HtmlNoteInfo VALUES(4300,'查询参数',7) 
/
INSERT INTO HtmlNoteInfo VALUES(4300,'Query parameters',8) 
/
INSERT INTO HtmlNoteInfo VALUES(4300,'查',9) 
/ 


delete from HtmlNoteIndex where id=4301 
/
delete from HtmlNoteInfo where indexid=4301 
/
INSERT INTO HtmlNoteIndex values(4301,'总记录数对应KEY') 
/
INSERT INTO HtmlNoteInfo VALUES(4301,'总记录数对应KEY',7) 
/
INSERT INTO HtmlNoteInfo VALUES(4301,'The total number of records corresponds to KEY',8) 
/
INSERT INTO HtmlNoteInfo VALUES(4301,'KEY',9) 
/



delete from HtmlNoteIndex where id=4302 
/
delete from HtmlNoteInfo where indexid=4302 
/
INSERT INTO HtmlNoteIndex values(4302,'数据JSON对应KEY') 
/
INSERT INTO HtmlNoteInfo VALUES(4302,'数据JSON对应KEY',7) 
/
INSERT INTO HtmlNoteInfo VALUES(4302,'Data JSON corresponds to KEY',8) 
/
INSERT INTO HtmlNoteInfo VALUES(4302,'JSONKEY',9) 
/


delete from HtmlNoteIndex where id=4303 
/
delete from HtmlNoteInfo where indexid=4303 
/
INSERT INTO HtmlNoteIndex values(4303,'编辑链接') 
/
INSERT INTO HtmlNoteInfo VALUES(4303,'编辑链接',7) 
/
INSERT INTO HtmlNoteInfo VALUES(4303,'Edit link',8) 
/
INSERT INTO HtmlNoteInfo VALUES(4303,'接',9) 
/


delete from HtmlNoteIndex where id=4304 
/
delete from HtmlNoteInfo where indexid=4304 
/
INSERT INTO HtmlNoteIndex values(4304,'内容来源已经设置，请确认是否初始化模板?') 
/
INSERT INTO HtmlNoteInfo VALUES(4304,'内容来源已经设置，请确认是否初始化模板?',7) 
/
INSERT INTO HtmlNoteInfo VALUES(4304,'The content source has been set, please confirm whether the initialization template?',8) 
/
INSERT INTO HtmlNoteInfo VALUES(4304,'内容碓匆呀O置，确J是否初始化模?',9) 
/


delete from HtmlNoteIndex where id=4305 
/
delete from HtmlNoteInfo where indexid=4305 
/
INSERT INTO HtmlNoteIndex values(4305,'列表') 
/
INSERT INTO HtmlNoteInfo VALUES(4305,'列表',7) 
/
INSERT INTO HtmlNoteInfo VALUES(4305,'list',8) 
/
INSERT INTO HtmlNoteInfo VALUES(4305,'列表',9) 
/



delete from HtmlNoteIndex where id=4306 
/
delete from HtmlNoteInfo where indexid=4306 
/
INSERT INTO HtmlNoteIndex values(4306,'一个中文的名称，如：ws列表') 
/
INSERT INTO HtmlNoteInfo VALUES(4306,'一个中文的名称，如：ws列表',7) 
/
INSERT INTO HtmlNoteInfo VALUES(4306,'A Chinese name, such as: WS list',8) 
/
INSERT INTO HtmlNoteInfo VALUES(4306,'一中文的名Q，如：ws列表',9) 
/


delete from HtmlNoteIndex where id=4307 
/
delete from HtmlNoteInfo where indexid=4307 
/
INSERT INTO HtmlNoteIndex values(4307,'命名空间') 
/
INSERT INTO HtmlNoteInfo VALUES(4307,'命名空间',7) 
/
INSERT INTO HtmlNoteInfo VALUES(4307,'Namespace',8) 
/
INSERT INTO HtmlNoteInfo VALUES(4307,'命名空g',9) 
/


delete from HtmlNoteIndex where id=4308 
/
delete from HtmlNoteInfo where indexid=4308 
/
INSERT INTO HtmlNoteIndex values(4308,'方法名称') 
/
INSERT INTO HtmlNoteInfo VALUES(4308,'方法名称',7) 
/
INSERT INTO HtmlNoteInfo VALUES(4308,'Method name',8) 
/
INSERT INTO HtmlNoteInfo VALUES(4308,'方法名Q',9) 
/


delete from HtmlNoteIndex where id=4309 
/
delete from HtmlNoteInfo where indexid=4309 
/
INSERT INTO HtmlNoteIndex values(4309,'延迟加载') 
/
INSERT INTO HtmlNoteInfo VALUES(4309,'延迟加载',7) 
/
INSERT INTO HtmlNoteInfo VALUES(4309,'Delayed loading',8) 
/
INSERT INTO HtmlNoteInfo VALUES(4309,'延t加d',9) 
/


delete from HtmlNoteIndex where id=4310 
/
delete from HtmlNoteInfo where indexid=4310 
/
INSERT INTO HtmlNoteIndex values(4310,'ws列表') 
/
INSERT INTO HtmlNoteInfo VALUES(4310,'ws列表',7) 
/
INSERT INTO HtmlNoteInfo VALUES(4310,'ws list',8) 
/
INSERT INTO HtmlNoteInfo VALUES(4310,'ws列表',9) 
/



delete from HtmlNoteIndex where id=4311 
/
delete from HtmlNoteInfo where indexid=4311 
/
INSERT INTO HtmlNoteIndex values(4311,'地址（ws控件）') 
/
INSERT INTO HtmlNoteInfo VALUES(4311,'地址',7) 
/
INSERT INTO HtmlNoteInfo VALUES(4311,'Address',8) 
/
INSERT INTO HtmlNoteInfo VALUES(4311,'地址',9) 
/


delete from HtmlNoteIndex where id=4312 
/
delete from HtmlNoteInfo where indexid=4312 
/
INSERT INTO HtmlNoteIndex values(4312,'二维码信息') 
/
INSERT INTO HtmlNoteInfo VALUES(4312,'二维码信息',7) 
/
INSERT INTO HtmlNoteInfo VALUES(4312,'QR code information',8) 
/
INSERT INTO HtmlNoteInfo VALUES(4312,'二Sa信息',9) 
/


delete from HtmlNoteIndex where id=4313 
/
delete from HtmlNoteInfo where indexid=4313 
/
INSERT INTO HtmlNoteIndex values(4313,'宽 * 高：') 
/
INSERT INTO HtmlNoteInfo VALUES(4313,'宽 * 高：',7) 
/
INSERT INTO HtmlNoteInfo VALUES(4313,'Width * height:',8) 
/
INSERT INTO HtmlNoteInfo VALUES(4313,' * 高：',9) 
/


delete from HtmlNoteIndex where id=4314 
/
delete from HtmlNoteInfo where indexid=4314 
/
INSERT INTO HtmlNoteIndex values(4314,'在此处键入二维码的内容，此内容可以是任意字符串') 
/
INSERT INTO HtmlNoteInfo VALUES(4314,'在此处键入二维码的内容，此内容可以是任意字符串',7) 
/
INSERT INTO HtmlNoteInfo VALUES(4314,'Type the contents of the two-dimensional code here, this content can be any string',8) 
/
INSERT INTO HtmlNoteInfo VALUES(4314,'在此I入二Sa的内容，此内容可以是任意字符串',9) 
/



delete from HtmlNoteIndex where id=4315 
/
delete from HtmlNoteInfo where indexid=4315 
/
INSERT INTO HtmlNoteIndex values(4315,'请回复...') 
/
INSERT INTO HtmlNoteInfo VALUES(4315,'请回复...',7) 
/
INSERT INTO HtmlNoteInfo VALUES(4315,'Please reply...',8) 
/
INSERT INTO HtmlNoteInfo VALUES(4315,'回}...',9) 
/


delete from HtmlNoteIndex where id=4316 
/
delete from HtmlNoteInfo where indexid=4316 
/
INSERT INTO HtmlNoteIndex values(4316,'回复信息') 
/
INSERT INTO HtmlNoteInfo VALUES(4316,'回复信息',7) 
/
INSERT INTO HtmlNoteInfo VALUES(4316,'Reply message',8) 
/
INSERT INTO HtmlNoteInfo VALUES(4316,'回}信息',9) 
/



delete from HtmlNoteIndex where id=4317 
/
delete from HtmlNoteInfo where indexid=4317 
/
INSERT INTO HtmlNoteIndex values(4317,'数据加载中，请等待...') 
/
INSERT INTO HtmlNoteInfo VALUES(4317,'数据加载中，请等待...',7) 
/
INSERT INTO HtmlNoteInfo VALUES(4317,'Data loading, please wait...',8) 
/
INSERT INTO HtmlNoteInfo VALUES(4317,'加d中，等待...',9) 
/


delete from HtmlNoteIndex where id=4318 
/
delete from HtmlNoteInfo where indexid=4318 
/
INSERT INTO HtmlNoteIndex values(4318,'按钮名称：') 
/
INSERT INTO HtmlNoteInfo VALUES(4318,'按钮名称：',7) 
/
INSERT INTO HtmlNoteInfo VALUES(4318,'Button name:',8) 
/
INSERT INTO HtmlNoteInfo VALUES(4318,'按o名Q：',9) 
/


delete from HtmlNoteIndex where id=4319 
/
delete from HtmlNoteInfo where indexid=4319 
/
INSERT INTO HtmlNoteIndex values(4319,'回调脚本：') 
/
INSERT INTO HtmlNoteInfo VALUES(4319,'回调脚本：',7) 
/
INSERT INTO HtmlNoteInfo VALUES(4319,'Callback script:',8) 
/
INSERT INTO HtmlNoteInfo VALUES(4319,'回{_本：',9) 
/
 
delete from HtmlNoteIndex where id=4320 
/
delete from HtmlNoteInfo where indexid=4320 
/
INSERT INTO HtmlNoteIndex values(4320,'默认显示：') 
/
INSERT INTO HtmlNoteInfo VALUES(4320,'默认显示：',7) 
/
INSERT INTO HtmlNoteInfo VALUES(4320,'Default display:',8) 
/
INSERT INTO HtmlNoteInfo VALUES(4320,'默J@示：',9) 
/


delete from HtmlNoteIndex where id=4321 
/
delete from HtmlNoteInfo where indexid=4321 
/
INSERT INTO HtmlNoteIndex values(4321,'字段设置') 
/
INSERT INTO HtmlNoteInfo VALUES(4321,'字段设置',7) 
/
INSERT INTO HtmlNoteInfo VALUES(4321,'Field settings',8) 
/
INSERT INTO HtmlNoteInfo VALUES(4321,'字段O置',9) 
/


delete from HtmlNoteIndex where id=4322 
/
delete from HtmlNoteInfo where indexid=4322 
/
INSERT INTO HtmlNoteIndex values(4322,'自动保存') 
/
INSERT INTO HtmlNoteInfo VALUES(4322,'自动保存',7) 
/
INSERT INTO HtmlNoteInfo VALUES(4322,'Automatically save',8) 
/
INSERT INTO HtmlNoteInfo VALUES(4322,'自颖４',9) 
/


delete from HtmlNoteIndex where id=4323 
/
delete from HtmlNoteInfo where indexid=4323 
/
INSERT INTO HtmlNoteIndex values(4323,'手动保存') 
/
INSERT INTO HtmlNoteInfo VALUES(4323,'手动保存',7) 
/
INSERT INTO HtmlNoteInfo VALUES(4323,'Manual save',8) 
/
INSERT INTO HtmlNoteInfo VALUES(4323,'手颖４',9) 
/


delete from HtmlNoteIndex where id=4324 
/
delete from HtmlNoteInfo where indexid=4324 
/
INSERT INTO HtmlNoteIndex values(4324,'字段名称') 
/
INSERT INTO HtmlNoteInfo VALUES(4324,'字段名称',7) 
/
INSERT INTO HtmlNoteInfo VALUES(4324,'Field name',8) 
/
INSERT INTO HtmlNoteInfo VALUES(4324,'字段名Q',9) 
/
 
delete from HtmlNoteIndex where id=4325 
/
delete from HtmlNoteInfo where indexid=4325 
/
INSERT INTO HtmlNoteIndex values(4325,'描述') 
/
INSERT INTO HtmlNoteInfo VALUES(4325,'描述',7) 
/
INSERT INTO HtmlNoteInfo VALUES(4325,'description',8) 
/
INSERT INTO HtmlNoteInfo VALUES(4325,'描述',9) 
/


delete from HtmlNoteIndex where id=4326 
/
delete from HtmlNoteInfo where indexid=4326 
/
INSERT INTO HtmlNoteIndex values(4326,'提交URL：') 
/
INSERT INTO HtmlNoteInfo VALUES(4326,'提交URL：',7) 
/
INSERT INTO HtmlNoteInfo VALUES(4326,'Submit URL:',8) 
/
INSERT INTO HtmlNoteInfo VALUES(4326,'提交URL：',9) 
/


delete from HtmlNoteIndex where id=4327 
/
delete from HtmlNoteInfo where indexid=4327 
/
INSERT INTO HtmlNoteIndex values(4327,'表名：') 
/
INSERT INTO HtmlNoteInfo VALUES(4327,'表名：',7) 
/
INSERT INTO HtmlNoteInfo VALUES(4327,'Table name:',8) 
/
INSERT INTO HtmlNoteInfo VALUES(4327,'表名：',9) 
/


delete from HtmlNoteIndex where id=4328 
/
delete from HtmlNoteInfo where indexid=4328 
/
INSERT INTO HtmlNoteIndex values(4328,'对应字段') 
/
INSERT INTO HtmlNoteInfo VALUES(4328,'对应字段',7) 
/
INSERT INTO HtmlNoteInfo VALUES(4328,'Corresponding field',8) 
/
INSERT INTO HtmlNoteInfo VALUES(4328,'字段',9) 
/


delete from HtmlNoteIndex where id=4329 
/
delete from HtmlNoteInfo where indexid=4329 
/
INSERT INTO HtmlNoteIndex values(4329,'调用说明：') 
/
INSERT INTO HtmlNoteInfo VALUES(4329,'调用说明：',7) 
/
INSERT INTO HtmlNoteInfo VALUES(4329,'Call instructions:',8) 
/
INSERT INTO HtmlNoteInfo VALUES(4329,'{用f明：',9) 
/


delete from HtmlNoteIndex where id=4330 
/
delete from HtmlNoteInfo where indexid=4330 
/
INSERT INTO HtmlNoteIndex values(4330,'插件隐藏') 
/
INSERT INTO HtmlNoteInfo VALUES(4330,'插件隐藏',7) 
/
INSERT INTO HtmlNoteInfo VALUES(4330,'Hidden plug-ins',8) 
/
INSERT INTO HtmlNoteInfo VALUES(4330,'插件隐藏',9) 
/


 
  delete from HtmlNoteIndex where id=4331 
/
delete from HtmlNoteInfo where indexid=4331 
/
INSERT INTO HtmlNoteIndex values(4331,'隐藏域赋值') 
/
INSERT INTO HtmlNoteInfo VALUES(4331,'隐藏域赋值',7) 
/
INSERT INTO HtmlNoteInfo VALUES(4331,'Assignment hidden domain',8) 
/
INSERT INTO HtmlNoteInfo VALUES(4331,'隐藏域x值',9) 
/
 
delete from HtmlNoteIndex where id=4332 
/
delete from HtmlNoteInfo where indexid=4332 
/
INSERT INTO HtmlNoteIndex values(4332,'插件显示') 
/
INSERT INTO HtmlNoteInfo VALUES(4332,'插件显示',7) 
/
INSERT INTO HtmlNoteInfo VALUES(4332,'Display plug-in',8) 
/
INSERT INTO HtmlNoteInfo VALUES(4332,'插件@示',9) 
/


delete from HtmlNoteIndex where id=4333 
/
delete from HtmlNoteInfo where indexid=4333 
/
INSERT INTO HtmlNoteIndex values(4333,'获取表(视图)时发生如下错误：') 
/
INSERT INTO HtmlNoteInfo VALUES(4333,'获取表(视图)时发生如下错误：',7) 
/
INSERT INTO HtmlNoteInfo VALUES(4333,'The following error occurred when acquiring a table (view):',8) 
/
INSERT INTO HtmlNoteInfo VALUES(4333,'@取表(D)rl生如下e`：',9) 
/



delete from HtmlNoteIndex where id=4334 
/
delete from HtmlNoteInfo where indexid=4334 
/
INSERT INTO HtmlNoteIndex values(4334,'在此填写描述...') 
/
INSERT INTO HtmlNoteInfo VALUES(4334,'在此填写描述...',7) 
/
INSERT INTO HtmlNoteInfo VALUES(4334,'Fill in the description...',8) 
/
INSERT INTO HtmlNoteInfo VALUES(4334,'在此填描述...',9) 
/




delete from HtmlNoteIndex where id=4335 
/
delete from HtmlNoteInfo where indexid=4335 
/
INSERT INTO HtmlNoteIndex values(4335,'清除缓存') 
/
INSERT INTO HtmlNoteInfo VALUES(4335,'清除缓存',7) 
/
INSERT INTO HtmlNoteInfo VALUES(4335,'Clear cache',8) 
/
INSERT INTO HtmlNoteInfo VALUES(4335,'清除存',9) 
/
 
 
delete from HtmlNoteIndex where id=4336 
/
delete from HtmlNoteInfo where indexid=4336 
/
INSERT INTO HtmlNoteIndex values(4336,'提交') 
/
INSERT INTO HtmlNoteInfo VALUES(4336,'提交',7) 
/
INSERT INTO HtmlNoteInfo VALUES(4336,'Submit',8) 
/
INSERT INTO HtmlNoteInfo VALUES(4336,'提交',9) 
/


delete from HtmlNoteIndex where id=4337 
/
delete from HtmlNoteInfo where indexid=4337 
/
INSERT INTO HtmlNoteIndex values(4337,'回复内容') 
/
INSERT INTO HtmlNoteInfo VALUES(4337,'回复内容',7) 
/
INSERT INTO HtmlNoteInfo VALUES(4337,'Reply content',8) 
/
INSERT INTO HtmlNoteInfo VALUES(4337,'回}内容',9) 
/



delete from HtmlNoteIndex where id=4338 
/
delete from HtmlNoteInfo where indexid=4338 
/
INSERT INTO HtmlNoteIndex values(4338,'左侧按钮') 
/
INSERT INTO HtmlNoteInfo VALUES(4338,'左侧按钮',7) 
/
INSERT INTO HtmlNoteInfo VALUES(4338,'Left button',8) 
/
INSERT INTO HtmlNoteInfo VALUES(4338,'左劝粹o',9) 
/


delete from HtmlNoteIndex where id=4339 
/
delete from HtmlNoteInfo where indexid=4339 
/
INSERT INTO HtmlNoteIndex values(4339,'右侧按钮') 
/
INSERT INTO HtmlNoteInfo VALUES(4339,'右侧按钮',7) 
/
INSERT INTO HtmlNoteInfo VALUES(4339,'Right button',8) 
/
INSERT INTO HtmlNoteInfo VALUES(4339,'右劝粹o',9) 
/


 
delete from HtmlNoteIndex where id=4340 
/
delete from HtmlNoteInfo where indexid=4340 
/
INSERT INTO HtmlNoteIndex values(4340,'标题名称：') 
/
INSERT INTO HtmlNoteInfo VALUES(4340,'标题名称：',7) 
/
INSERT INTO HtmlNoteInfo VALUES(4340,'Title name:',8) 
/
INSERT INTO HtmlNoteInfo VALUES(4340,'标}名Q：',9) 
/
 
delete from HtmlNoteIndex where id=4341 
/
delete from HtmlNoteInfo where indexid=4341 
/
INSERT INTO HtmlNoteIndex values(4341,'手动输入JS') 
/
INSERT INTO HtmlNoteInfo VALUES(4341,'手动输入JS',7) 
/
INSERT INTO HtmlNoteInfo VALUES(4341,'Manual input JS',8) 
/
INSERT INTO HtmlNoteInfo VALUES(4341,'手虞入JS',9) 
/


delete from HtmlNoteIndex where id=4342 
/
delete from HtmlNoteInfo where indexid=4342 
/
INSERT INTO HtmlNoteIndex values(4342,'请在此处输入JS, 此JS会在按钮点击时执行...') 
/
INSERT INTO HtmlNoteInfo VALUES(4342,'请在此处输入JS, 此JS会在按钮点击时执行...',7) 
/
INSERT INTO HtmlNoteInfo VALUES(4342,'Please enter the JS here, this JS will be executed when the button is clicked...',8) 
/
INSERT INTO HtmlNoteInfo VALUES(4342,'在此入JS, 此JS在按ocr绦...',9) 
/


delete from HtmlNoteIndex where id=4343 
/
delete from HtmlNoteInfo where indexid=4343 
/
INSERT INTO HtmlNoteIndex values(4343,'返回') 
/
INSERT INTO HtmlNoteInfo VALUES(4343,'返回',7) 
/
INSERT INTO HtmlNoteInfo VALUES(4343,'return',8) 
/
INSERT INTO HtmlNoteInfo VALUES(4343,'返回',9) 
/


delete from HtmlNoteIndex where id=4344 
/
delete from HtmlNoteInfo where indexid=4344 
/
INSERT INTO HtmlNoteIndex values(4344,'左侧') 
/
INSERT INTO HtmlNoteInfo VALUES(4344,'左侧',7) 
/
INSERT INTO HtmlNoteInfo VALUES(4344,'Left',8) 
/
INSERT INTO HtmlNoteInfo VALUES(4344,'左',9) 
/


delete from HtmlNoteIndex where id=4345 
/
delete from HtmlNoteInfo where indexid=4345 
/
INSERT INTO HtmlNoteIndex values(4345,'右侧') 
/
INSERT INTO HtmlNoteInfo VALUES(4345,'右侧',7) 
/
INSERT INTO HtmlNoteInfo VALUES(4345,'Right',8) 
/
INSERT INTO HtmlNoteInfo VALUES(4345,'右',9) 
/


delete from HtmlNoteIndex where id=4346 
/
delete from HtmlNoteInfo where indexid=4346 
/
INSERT INTO HtmlNoteIndex values(4346,'是否启用操作：') 
/
INSERT INTO HtmlNoteInfo VALUES(4346,'是否启用操作：',7) 
/
INSERT INTO HtmlNoteInfo VALUES(4346,'Whether to enable operation:',8) 
/
INSERT INTO HtmlNoteInfo VALUES(4346,'是否用操作：',9) 
/


delete from HtmlNoteIndex where id=4347 
/
delete from HtmlNoteInfo where indexid=4347 
/
INSERT INTO HtmlNoteIndex values(4347,'选择替换图片：') 
/
INSERT INTO HtmlNoteInfo VALUES(4347,'选择替换图片：',7) 
/
INSERT INTO HtmlNoteInfo VALUES(4347,'Select replace picture:',8) 
/
INSERT INTO HtmlNoteInfo VALUES(4347,'x裉QD片：',9) 
/
 
delete from HtmlNoteIndex where id=4348 
/
delete from HtmlNoteInfo where indexid=4348 
/
INSERT INTO HtmlNoteIndex values(4348,'选择图片') 
/
INSERT INTO HtmlNoteInfo VALUES(4348,'选择图片',7) 
/
INSERT INTO HtmlNoteInfo VALUES(4348,'Select Picture',8) 
/
INSERT INTO HtmlNoteInfo VALUES(4348,'xD片',9) 
/


delete from HtmlNoteIndex where id=4349 
/
delete from HtmlNoteInfo where indexid=4349 
/
INSERT INTO HtmlNoteIndex values(4349,'单击事件：') 
/
INSERT INTO HtmlNoteInfo VALUES(4349,'单击事件：',7) 
/
INSERT INTO HtmlNoteInfo VALUES(4349,'Click event:',8) 
/
INSERT INTO HtmlNoteInfo VALUES(4349,'羰录：',9) 
/


delete from HtmlNoteIndex where id=4350 
/
delete from HtmlNoteInfo where indexid=4350 
/
INSERT INTO HtmlNoteIndex values(4350,'页面名称：') 
/
INSERT INTO HtmlNoteInfo VALUES(4350,'页面名称：',7) 
/
INSERT INTO HtmlNoteInfo VALUES(4350,'Page name:',8) 
/
INSERT INTO HtmlNoteInfo VALUES(4350,'面名Q：',9) 
/


delete from HtmlNoteIndex where id=4351 
/
delete from HtmlNoteInfo where indexid=4351 
/
INSERT INTO HtmlNoteIndex values(4351,'添加菜单') 
/
INSERT INTO HtmlNoteInfo VALUES(4351,'添加菜单',7) 
/
INSERT INTO HtmlNoteInfo VALUES(4351,'Add menu',8) 
/
INSERT INTO HtmlNoteInfo VALUES(4351,'添加菜',9) 
/



delete from HtmlNoteIndex where id=4352 
/
delete from HtmlNoteInfo where indexid=4352 
/
INSERT INTO HtmlNoteIndex values(4352,'单击右上角的添加按钮以添加菜单') 
/
INSERT INTO HtmlNoteInfo VALUES(4352,'单击右上角的添加按钮以添加菜单',7) 
/
INSERT INTO HtmlNoteInfo VALUES(4352,'Click the Add button on the top right to add the menu.',8) 
/
INSERT INTO HtmlNoteInfo VALUES(4352,'粲疑辖堑奶砑影粹o以添加菜',9) 
/
 

delete from HtmlNoteIndex where id=4353 
/
delete from HtmlNoteInfo where indexid=4353 
/
INSERT INTO HtmlNoteIndex values(4353,'输入脚本') 
/
INSERT INTO HtmlNoteInfo VALUES(4353,'输入脚本',7) 
/
INSERT INTO HtmlNoteInfo VALUES(4353,'Input script',8) 
/
INSERT INTO HtmlNoteInfo VALUES(4353,'入_本',9) 
/


delete from HtmlNoteIndex where id=4354 
/
delete from HtmlNoteInfo where indexid=4354 
/
INSERT INTO HtmlNoteIndex values(4354,'菜单名称') 
/
INSERT INTO HtmlNoteInfo VALUES(4354,'菜单名称',7) 
/
INSERT INTO HtmlNoteInfo VALUES(4354,'Menu name',8) 
/
INSERT INTO HtmlNoteInfo VALUES(4354,'菜蚊Q',9) 
/


delete from HtmlNoteIndex where id=4355 
/
delete from HtmlNoteInfo where indexid=4355 
/
INSERT INTO HtmlNoteIndex values(4355,'跳转链接') 
/
INSERT INTO HtmlNoteInfo VALUES(4355,'跳转链接',7) 
/
INSERT INTO HtmlNoteInfo VALUES(4355,'Jump link',8) 
/
INSERT INTO HtmlNoteInfo VALUES(4355,'跳D接',9) 
/



delete from HtmlNoteIndex where id=4356 
/
delete from HtmlNoteInfo where indexid=4356 
/
INSERT INTO HtmlNoteIndex values(4356,'Tab页信息') 
/
INSERT INTO HtmlNoteInfo VALUES(4356,'Tab页信息',7) 
/
INSERT INTO HtmlNoteInfo VALUES(4356,'Tab page information',8) 
/
INSERT INTO HtmlNoteInfo VALUES(4356,'Tab信息',9) 
/


delete from HtmlNoteIndex where id=4357 
/
delete from HtmlNoteInfo where indexid=4357 
/
INSERT INTO HtmlNoteIndex values(4357,'添加Tab') 
/
INSERT INTO HtmlNoteInfo VALUES(4357,'添加Tab',7) 
/
INSERT INTO HtmlNoteInfo VALUES(4357,'Add Tab',8) 
/
INSERT INTO HtmlNoteInfo VALUES(4357,'添加Tab',9) 
/


delete from HtmlNoteIndex where id=4358 
/
delete from HtmlNoteInfo where indexid=4358 
/
INSERT INTO HtmlNoteIndex values(4358,'输入名称') 
/
INSERT INTO HtmlNoteInfo VALUES(4358,'输入名称',7) 
/
INSERT INTO HtmlNoteInfo VALUES(4358,'Enter name',8) 
/
INSERT INTO HtmlNoteInfo VALUES(4358,'入名Q',9) 
/


delete from HtmlNoteIndex where id=4359 
/
delete from HtmlNoteInfo where indexid=4359 
/
INSERT INTO HtmlNoteIndex values(4359,'Tab页显示内容：') 
/
INSERT INTO HtmlNoteInfo VALUES(4359,'Tab页显示内容：',7) 
/
INSERT INTO HtmlNoteInfo VALUES(4359,'Tab page display content:',8) 
/
INSERT INTO HtmlNoteInfo VALUES(4359,'Tab@示内容：',9) 
/


delete from HtmlNoteIndex where id=4360 
/
delete from HtmlNoteInfo where indexid=4360 
/
INSERT INTO HtmlNoteIndex values(4360,'添加内容') 
/
INSERT INTO HtmlNoteInfo VALUES(4360,'添加内容',7) 
/
INSERT INTO HtmlNoteInfo VALUES(4360,'Add content',8) 
/
INSERT INTO HtmlNoteInfo VALUES(4360,'添加内容',9) 
/



delete from HtmlNoteIndex where id=4361 
/
delete from HtmlNoteInfo where indexid=4361 
/
INSERT INTO HtmlNoteIndex values(4361,'从页面中选择') 
/
INSERT INTO HtmlNoteInfo VALUES(4361,'从页面中选择',7) 
/
INSERT INTO HtmlNoteInfo VALUES(4361,'Select from page',8) 
/
INSERT INTO HtmlNoteInfo VALUES(4361,'捻面中x',9) 
/



delete from HtmlNoteIndex where id=4362 
/
delete from HtmlNoteInfo where indexid=4362 
/
INSERT INTO HtmlNoteIndex values(4362,'新建一个') 
/
INSERT INTO HtmlNoteInfo VALUES(4362,'新建一个',7) 
/
INSERT INTO HtmlNoteInfo VALUES(4362,'Create a new',8) 
/
INSERT INTO HtmlNoteInfo VALUES(4362,'新建一',9) 
/



delete from HtmlNoteIndex where id=4363 
/
delete from HtmlNoteInfo where indexid=4363 
/
INSERT INTO HtmlNoteIndex values(4363,'为Tab新建内容') 
/
INSERT INTO HtmlNoteInfo VALUES(4363,'为Tab新建内容',7) 
/
INSERT INTO HtmlNoteInfo VALUES(4363,'New content for Tab',8) 
/
INSERT INTO HtmlNoteInfo VALUES(4363,'Tab新建内容',9) 
/



delete from HtmlNoteIndex where id=4364 
/
delete from HtmlNoteInfo where indexid=4364 
/
INSERT INTO HtmlNoteIndex values(4364,'系统异常，获取用户信息失败') 
/
INSERT INTO HtmlNoteInfo VALUES(4364,'系统异常，获取用户信息失败',7) 
/
INSERT INTO HtmlNoteInfo VALUES(4364,'System exception, failure to obtain user information',8) 
/
INSERT INTO HtmlNoteInfo VALUES(4364,'系y常，@取用粜畔⑹',9) 
/
 
 
  delete from HtmlNoteIndex where id=4365 
/
delete from HtmlNoteInfo where indexid=4365 
/
INSERT INTO HtmlNoteIndex values(4365,'用户头像') 
/
INSERT INTO HtmlNoteInfo VALUES(4365,'用户头像',7) 
/
INSERT INTO HtmlNoteInfo VALUES(4365,'User profile',8) 
/
INSERT INTO HtmlNoteInfo VALUES(4365,'用纛^像',9) 
/



delete from HtmlNoteIndex where id=4366 
/
delete from HtmlNoteInfo where indexid=4366 
/
INSERT INTO HtmlNoteIndex values(4366,'用户来源：') 
/
INSERT INTO HtmlNoteInfo VALUES(4366,'用户来源：',7) 
/
INSERT INTO HtmlNoteInfo VALUES(4366,'User source:',8) 
/
INSERT INTO HtmlNoteInfo VALUES(4366,'用碓矗',9) 
/


delete from HtmlNoteIndex where id=4367 
/
delete from HtmlNoteInfo where indexid=4367 
/
INSERT INTO HtmlNoteIndex values(4367,'当前用户') 
/
INSERT INTO HtmlNoteInfo VALUES(4367,'当前用户',7) 
/
INSERT INTO HtmlNoteInfo VALUES(4367,'Current user',8) 
/
INSERT INTO HtmlNoteInfo VALUES(4367,'前用',9) 
/


delete from HtmlNoteIndex where id=4368 
/
delete from HtmlNoteInfo where indexid=4368 
/
INSERT INTO HtmlNoteIndex values(4368,'参数名称,如：userid') 
/
INSERT INTO HtmlNoteInfo VALUES(4368,'参数名称,如：userid',7) 
/
INSERT INTO HtmlNoteInfo VALUES(4368,'Parameter name, such as: userid',8) 
/
INSERT INTO HtmlNoteInfo VALUES(4368,'得Q,如：userid',9) 
/



delete from HtmlNoteIndex where id=4369 
/
delete from HtmlNoteInfo where indexid=4369 
/
INSERT INTO HtmlNoteIndex values(4369,'样式：') 
/
INSERT INTO HtmlNoteInfo VALUES(4369,'样式：',7) 
/
INSERT INTO HtmlNoteInfo VALUES(4369,'Style:',8) 
/
INSERT INTO HtmlNoteInfo VALUES(4369,'邮剑',9) 
/

 
delete from HtmlNoteIndex where id=4370 
/
delete from HtmlNoteInfo where indexid=4370 
/
INSERT INTO HtmlNoteIndex values(4370,'导航头') 
/
INSERT INTO HtmlNoteInfo VALUES(4370,'导航头',7) 
/
INSERT INTO HtmlNoteInfo VALUES(4370,'Navigation head',8) 
/
INSERT INTO HtmlNoteInfo VALUES(4370,'Ш筋^',9) 
/


delete from HtmlNoteIndex where id=4371 
/
delete from HtmlNoteInfo where indexid=4371 
/
INSERT INTO HtmlNoteIndex values(4371,'小标题：') 
/
INSERT INTO HtmlNoteInfo VALUES(4371,'小标题：',7) 
/
INSERT INTO HtmlNoteInfo VALUES(4371,'Small title:',8) 
/
INSERT INTO HtmlNoteInfo VALUES(4371,'小标}：',9) 
/


delete from HtmlNoteIndex where id=4372 
/
delete from HtmlNoteInfo where indexid=4372 
/
INSERT INTO HtmlNoteIndex values(4372,'自定义脚本') 
/
INSERT INTO HtmlNoteInfo VALUES(4372,'自定义脚本',7) 
/
INSERT INTO HtmlNoteInfo VALUES(4372,'Custom script',8) 
/
INSERT INTO HtmlNoteInfo VALUES(4372,'自定x_本',9) 
/



 
  delete from HtmlNoteIndex where id=4373 
/
delete from HtmlNoteInfo where indexid=4373 
/
INSERT INTO HtmlNoteIndex values(4373,'文字') 
/
INSERT INTO HtmlNoteInfo VALUES(4373,'文字',7) 
/
INSERT INTO HtmlNoteInfo VALUES(4373,'Words',8) 
/
INSERT INTO HtmlNoteInfo VALUES(4373,'文字',9) 
/
 
delete from HtmlNoteIndex where id=4374 
/
delete from HtmlNoteInfo where indexid=4374 
/
INSERT INTO HtmlNoteIndex values(4374,'数据集') 
/
INSERT INTO HtmlNoteInfo VALUES(4374,'数据集',7) 
/
INSERT INTO HtmlNoteInfo VALUES(4374,'Data set',8) 
/
INSERT INTO HtmlNoteInfo VALUES(4374,'集',9) 
/



delete from HtmlNoteIndex where id=4375 
/
delete from HtmlNoteInfo where indexid=4375 
/
INSERT INTO HtmlNoteIndex values(4375,'一个英文的名称，如：shopData') 
/
INSERT INTO HtmlNoteInfo VALUES(4375,'一个英文的名称，如：shopData',7) 
/
INSERT INTO HtmlNoteInfo VALUES(4375,'An English name, such as: shopData',8) 
/
INSERT INTO HtmlNoteInfo VALUES(4375,'一英文的名Q，如：shopData',9) 
/


delete from HtmlNoteIndex where id=4376 
/
delete from HtmlNoteInfo where indexid=4376 
/
INSERT INTO HtmlNoteIndex values(4376,'表单') 
/
INSERT INTO HtmlNoteInfo VALUES(4376,'表单',7) 
/
INSERT INTO HtmlNoteInfo VALUES(4376,'Form',8) 
/
INSERT INTO HtmlNoteInfo VALUES(4376,'表',9) 
/


delete from HtmlNoteIndex where id=4377 
/
delete from HtmlNoteInfo where indexid=4377 
/
INSERT INTO HtmlNoteIndex values(4377,'表单：') 
/
INSERT INTO HtmlNoteInfo VALUES(4377,'表单：',7) 
/
INSERT INTO HtmlNoteInfo VALUES(4377,'Form:',8) 
/
INSERT INTO HtmlNoteInfo VALUES(4377,'表危',9) 
/


delete from HtmlNoteIndex where id=4378 
/
delete from HtmlNoteInfo where indexid=4378 
/
INSERT INTO HtmlNoteIndex values(4378,'条件：') 
/
INSERT INTO HtmlNoteInfo VALUES(4378,'条件：',7) 
/
INSERT INTO HtmlNoteInfo VALUES(4378,'Condition:',8) 
/
INSERT INTO HtmlNoteInfo VALUES(4378,'l件：',9) 
/


delete from HtmlNoteIndex where id=4379 
/
delete from HtmlNoteInfo where indexid=4379 
/
INSERT INTO HtmlNoteIndex values(4379,'查询条件,支持变量,如:id={id} and name={name}') 
/
INSERT INTO HtmlNoteInfo VALUES(4379,'查询条件,支持变量,如:id={id} and name={name}',7) 
/
INSERT INTO HtmlNoteInfo VALUES(4379,'Query conditions, support variables, such as: and name={name} id={id}',8) 
/
INSERT INTO HtmlNoteInfo VALUES(4379,'查l件,支持量,如:id={id} and name={name}',9) 
/


delete from HtmlNoteIndex where id=4380 
/
delete from HtmlNoteInfo where indexid=4380 
/
INSERT INTO HtmlNoteIndex values(4380,'请在此处键入SQL') 
/
INSERT INTO HtmlNoteInfo VALUES(4380,'请在此处键入SQL',7) 
/
INSERT INTO HtmlNoteInfo VALUES(4380,'Type SQL here, please',8) 
/
INSERT INTO HtmlNoteInfo VALUES(4380,'在此I入SQL',9) 
/


delete from HtmlNoteIndex where id=4381 
/
delete from HtmlNoteInfo where indexid=4381 
/
INSERT INTO HtmlNoteIndex values(4381,'请在此处键入Url') 
/
INSERT INTO HtmlNoteInfo VALUES(4381,'请在此处键入Url',7) 
/
INSERT INTO HtmlNoteInfo VALUES(4381,'Type Url here, please',8) 
/
INSERT INTO HtmlNoteInfo VALUES(4381,'在此I入Url',9) 
/


delete from HtmlNoteIndex where id=4382 
/
delete from HtmlNoteInfo where indexid=4382 
/
INSERT INTO HtmlNoteIndex values(4382,'请输入英文名称，不包含中文、空格、数字等字符！') 
/
INSERT INTO HtmlNoteInfo VALUES(4382,'请输入英文名称，不包含中文、空格、数字等字符！',7) 
/
INSERT INTO HtmlNoteInfo VALUES(4382,'Please enter the English name, does not include Chinese, spaces, numbers and other characters!',8) 
/
INSERT INTO HtmlNoteInfo VALUES(4382,'入英文名Q，不包含中文、空格、底值茸址！',9) 
/



delete from HtmlNoteIndex where id=4383 
/
delete from HtmlNoteInfo where indexid=4383 
/
INSERT INTO HtmlNoteIndex values(4383,'未添加明细') 
/
INSERT INTO HtmlNoteInfo VALUES(4383,'未添加明细',7) 
/
INSERT INTO HtmlNoteInfo VALUES(4383,'Did not add details',8) 
/
INSERT INTO HtmlNoteInfo VALUES(4383,'未添加明',9) 
/


delete from HtmlNoteIndex where id=4384 
/
delete from HtmlNoteInfo where indexid=4384 
/
INSERT INTO HtmlNoteIndex values(4384,'插件信息') 
/
INSERT INTO HtmlNoteInfo VALUES(4384,'插件信息',7) 
/
INSERT INTO HtmlNoteInfo VALUES(4384,'Plug in information',8) 
/
INSERT INTO HtmlNoteInfo VALUES(4384,'插件信息',9) 
/


delete from HtmlNoteIndex where id=4385 
/
delete from HtmlNoteInfo where indexid=4385 
/
INSERT INTO HtmlNoteIndex values(4385,'明细名称：') 
/
INSERT INTO HtmlNoteInfo VALUES(4385,'明细名称：',7) 
/
INSERT INTO HtmlNoteInfo VALUES(4385,'Detail name:',8) 
/
INSERT INTO HtmlNoteInfo VALUES(4385,'明名Q：',9) 
/


delete from HtmlNoteIndex where id=4386 
/
delete from HtmlNoteInfo where indexid=4386 
/
INSERT INTO HtmlNoteIndex values(4386,'明细名称') 
/
INSERT INTO HtmlNoteInfo VALUES(4386,'明细名称',7) 
/
INSERT INTO HtmlNoteInfo VALUES(4386,'Detail name',8) 
/
INSERT INTO HtmlNoteInfo VALUES(4386,'明名Q',9) 
/


delete from HtmlNoteIndex where id=4387 
/
delete from HtmlNoteInfo where indexid=4387 
/
INSERT INTO HtmlNoteIndex values(4387,'明细内容：') 
/
INSERT INTO HtmlNoteInfo VALUES(4387,'明细内容：',7) 
/
INSERT INTO HtmlNoteInfo VALUES(4387,'Detailed content:',8) 
/
INSERT INTO HtmlNoteInfo VALUES(4387,'明内容：',9) 
/


delete from HtmlNoteIndex where id=4388 
/
delete from HtmlNoteInfo where indexid=4388 
/
INSERT INTO HtmlNoteIndex values(4388,'数据集变量') 
/
INSERT INTO HtmlNoteInfo VALUES(4388,'数据集变量',7) 
/
INSERT INTO HtmlNoteInfo VALUES(4388,'Data set variable',8) 
/
INSERT INTO HtmlNoteInfo VALUES(4388,'集量',9) 
/



 
  delete from HtmlNoteIndex where id=4389 
/
delete from HtmlNoteInfo where indexid=4389 
/
INSERT INTO HtmlNoteIndex values(4389,'自定义内容：') 
/
INSERT INTO HtmlNoteInfo VALUES(4389,'自定义内容：',7) 
/
INSERT INTO HtmlNoteInfo VALUES(4389,'Custom content:',8) 
/
INSERT INTO HtmlNoteInfo VALUES(4389,'自定x内容：',9) 
/
 
 
  delete from HtmlNoteIndex where id=4390 
/
delete from HtmlNoteInfo where indexid=4390 
/
INSERT INTO HtmlNoteIndex values(4390,'输入自定义明细内容，数据集变量用{dSetName:dSetKey}表示') 
/
INSERT INTO HtmlNoteInfo VALUES(4390,'输入自定义明细内容，数据集变量用{dSetName:dSetKey}表示',7) 
/
INSERT INTO HtmlNoteInfo VALUES(4390,'Enter custom detail content, data set variables with {dSetName:dSetKey}',8) 
/
INSERT INTO HtmlNoteInfo VALUES(4390,'入自定x明内容，集量用{dSetName:dSetKey}表示',9) 
/



delete from HtmlNoteIndex where id=4391 
/
delete from HtmlNoteInfo where indexid=4391 
/
INSERT INTO HtmlNoteIndex values(4391,'单击右上角的添加按钮以添加明细内容') 
/
INSERT INTO HtmlNoteInfo VALUES(4391,'单击右上角的添加按钮以添加明细内容',7) 
/
INSERT INTO HtmlNoteInfo VALUES(4391,'Click the Add button on the top right to add details',8) 
/
INSERT INTO HtmlNoteInfo VALUES(4391,'粲疑辖堑奶砑影粹o以添加明内容',9) 
/


delete from HtmlNoteIndex where id=4392 
/
delete from HtmlNoteInfo where indexid=4392 
/
INSERT INTO HtmlNoteIndex values(4392,'选择数据集变量') 
/
INSERT INTO HtmlNoteInfo VALUES(4392,'选择数据集变量',7) 
/
INSERT INTO HtmlNoteInfo VALUES(4392,'Select data set variable',8) 
/
INSERT INTO HtmlNoteInfo VALUES(4392,'x集量',9) 
/


 
  delete from HtmlNoteIndex where id=4393 
/
delete from HtmlNoteInfo where indexid=4393 
/
INSERT INTO HtmlNoteIndex values(4393,'明细名称不能为空') 
/
INSERT INTO HtmlNoteInfo VALUES(4393,'明细名称不能为空',7) 
/
INSERT INTO HtmlNoteInfo VALUES(4393,'Name cannot be empty',8) 
/
INSERT INTO HtmlNoteInfo VALUES(4393,'明名Q不能空',9) 
/
 
delete from HtmlNoteIndex where id=4394 
/
delete from HtmlNoteInfo where indexid=4394 
/
INSERT INTO HtmlNoteIndex values(4394,'请添加数据集') 
/
INSERT INTO HtmlNoteInfo VALUES(4394,'请添加数据集',7) 
/
INSERT INTO HtmlNoteInfo VALUES(4394,'Please add data set',8) 
/
INSERT INTO HtmlNoteInfo VALUES(4394,'添加集',9) 
/


delete from HtmlNoteIndex where id=4395 
/
delete from HtmlNoteInfo where indexid=4395 
/
INSERT INTO HtmlNoteIndex values(4395,'选择数据集') 
/
INSERT INTO HtmlNoteInfo VALUES(4395,'选择数据集',7) 
/
INSERT INTO HtmlNoteInfo VALUES(4395,'Select data set',8) 
/
INSERT INTO HtmlNoteInfo VALUES(4395,'x集',9) 
/



delete from HtmlNoteIndex where id=4396 
/
delete from HtmlNoteInfo where indexid=4396 
/
INSERT INTO HtmlNoteIndex values(4396,'分段插件') 
/
INSERT INTO HtmlNoteInfo VALUES(4396,'分段插件',7) 
/
INSERT INTO HtmlNoteInfo VALUES(4396,'Segment plug-in',8) 
/
INSERT INTO HtmlNoteInfo VALUES(4396,'分段插件',9) 
/



delete from HtmlNoteIndex where id=4397 
/
delete from HtmlNoteInfo where indexid=4397 
/
INSERT INTO HtmlNoteIndex values(4397,'按钮配置项不得少于1个') 
/
INSERT INTO HtmlNoteInfo VALUES(4397,'按钮配置项不得少于1个',7) 
/
INSERT INTO HtmlNoteInfo VALUES(4397,'Button configuration items shall not be less than 1',8) 
/
INSERT INTO HtmlNoteInfo VALUES(4397,'按o配置不得少于1',9) 
/
 

delete from HtmlNoteIndex where id=4398 
/
delete from HtmlNoteInfo where indexid=4398 
/
INSERT INTO HtmlNoteIndex values(4398,'表格数据设置') 
/
INSERT INTO HtmlNoteInfo VALUES(4398,'表格数据设置',7) 
/
INSERT INTO HtmlNoteInfo VALUES(4398,'Table data set',8) 
/
INSERT INTO HtmlNoteInfo VALUES(4398,'表格O置',9) 
/



delete from HtmlNoteIndex where id=4399 
/
delete from HtmlNoteInfo where indexid=4399 
/
INSERT INTO HtmlNoteIndex values(4399,'表格显示设置') 
/
INSERT INTO HtmlNoteInfo VALUES(4399,'表格显示设置',7) 
/
INSERT INTO HtmlNoteInfo VALUES(4399,'Table display settings',8) 
/
INSERT INTO HtmlNoteInfo VALUES(4399,'表格@示O置',9) 
/


delete from HtmlNoteIndex where id=4400 
/
delete from HtmlNoteInfo where indexid=4400 
/
INSERT INTO HtmlNoteIndex values(4400,'表格宽-高：') 
/
INSERT INTO HtmlNoteInfo VALUES(4400,'表格宽-高：',7) 
/
INSERT INTO HtmlNoteInfo VALUES(4400,'Table width - high:',8) 
/
INSERT INTO HtmlNoteInfo VALUES(4400,'表格-高：',9) 
/




delete from HtmlNoteIndex where id=4401 
/
delete from HtmlNoteInfo where indexid=4401 
/
INSERT INTO HtmlNoteIndex values(4401,'分组合计') 
/
INSERT INTO HtmlNoteInfo VALUES(4401,'分组合计',7) 
/
INSERT INTO HtmlNoteInfo VALUES(4401,'Grouping Values',8) 
/
INSERT INTO HtmlNoteInfo VALUES(4401,'分M合',9) 
/



delete from HtmlNoteIndex where id=4402 
/
delete from HtmlNoteInfo where indexid=4402 
/
INSERT INTO HtmlNoteIndex values(4402,'注：分组会使用第一个字段进行分组并合计') 
/
INSERT INTO HtmlNoteInfo VALUES(4402,'注：分组会使用第一个字段进行分组并合计',7) 
/
INSERT INTO HtmlNoteInfo VALUES(4402,'Note: packets will be grouped together using the first field.',8) 
/
INSERT INTO HtmlNoteInfo VALUES(4402,'注：分M使用第一字段M行分M并合',9) 
/


 
  delete from HtmlNoteIndex where id=4403 
/
delete from HtmlNoteInfo where indexid=4403 
/
INSERT INTO HtmlNoteIndex values(4403,'锁定列数') 
/
INSERT INTO HtmlNoteInfo VALUES(4403,'锁定列数',7) 
/
INSERT INTO HtmlNoteInfo VALUES(4403,'Lock column number',8) 
/
INSERT INTO HtmlNoteInfo VALUES(4403,'i定列',9) 
/
 

delete from HtmlNoteIndex where id=4404 
/
delete from HtmlNoteInfo where indexid=4404 
/
INSERT INTO HtmlNoteIndex values(4404,'注：设置锁定几列') 
/
INSERT INTO HtmlNoteInfo VALUES(4404,'注：设置锁定几列',7) 
/
INSERT INTO HtmlNoteInfo VALUES(4404,'Note: set lock several columns',8) 
/
INSERT INTO HtmlNoteInfo VALUES(4404,'注：O置i定琢',9) 
/


delete from HtmlNoteIndex where id=4405 
/
delete from HtmlNoteInfo where indexid=4405 
/
INSERT INTO HtmlNoteIndex values(4405,'表格列设置') 
/
INSERT INTO HtmlNoteInfo VALUES(4405,'表格列设置',7) 
/
INSERT INTO HtmlNoteInfo VALUES(4405,'Table column settings',8) 
/
INSERT INTO HtmlNoteInfo VALUES(4405,'表格列O置',9) 
/



delete from HtmlNoteIndex where id=4406 
/
delete from HtmlNoteInfo where indexid=4406 
/
INSERT INTO HtmlNoteIndex values(4406,'单击右上角的添加按钮以添加表格显示列') 
/
INSERT INTO HtmlNoteInfo VALUES(4406,'单击右上角的添加按钮以添加表格显示列',7) 
/
INSERT INTO HtmlNoteInfo VALUES(4406,'Click the Add button on the top right to add a table display column',8) 
/
INSERT INTO HtmlNoteInfo VALUES(4406,'粲疑辖堑奶砑影粹o以添加表格@示列',9) 
/
 

delete from HtmlNoteIndex where id=4407 
/
delete from HtmlNoteInfo where indexid=4407 
/
INSERT INTO HtmlNoteIndex values(4407,'列显示名称') 
/
INSERT INTO HtmlNoteInfo VALUES(4407,'列显示名称',7) 
/
INSERT INTO HtmlNoteInfo VALUES(4407,'Column display name',8) 
/
INSERT INTO HtmlNoteInfo VALUES(4407,'列@示名Q',9) 
/
 

delete from HtmlNoteIndex where id=4408 
/
delete from HtmlNoteInfo where indexid=4408 
/
INSERT INTO HtmlNoteIndex values(4408,'列宽') 
/
INSERT INTO HtmlNoteInfo VALUES(4408,'列宽',7) 
/
INSERT INTO HtmlNoteInfo VALUES(4408,'Column width',8) 
/
INSERT INTO HtmlNoteInfo VALUES(4408,'列',9) 
/



delete from HtmlNoteIndex where id=4409 
/
delete from HtmlNoteInfo where indexid=4409 
/
INSERT INTO HtmlNoteIndex values(4409,'日历信息') 
/
INSERT INTO HtmlNoteInfo VALUES(4409,'日历信息',7) 
/
INSERT INTO HtmlNoteInfo VALUES(4409,'Calendar information',8) 
/
INSERT INTO HtmlNoteInfo VALUES(4409,'日研畔',9) 
/


delete from HtmlNoteIndex where id=4410 
/
delete from HtmlNoteInfo where indexid=4410 
/
INSERT INTO HtmlNoteIndex values(4410,'显示农历：') 
/
INSERT INTO HtmlNoteInfo VALUES(4410,'显示农历：',7) 
/
INSERT INTO HtmlNoteInfo VALUES(4410,'Display the lunar calendar:',8) 
/
INSERT INTO HtmlNoteInfo VALUES(4410,'@示r眩',9) 
/


delete from HtmlNoteIndex where id=4411 
/
delete from HtmlNoteInfo where indexid=4411 
/
INSERT INTO HtmlNoteIndex values(4411,'显示返回：') 
/
INSERT INTO HtmlNoteInfo VALUES(4411,'显示返回：',7) 
/
INSERT INTO HtmlNoteInfo VALUES(4411,'Display return:',8) 
/
INSERT INTO HtmlNoteInfo VALUES(4411,'@示返回：',9) 
/



delete from HtmlNoteIndex where id=4412 
/
delete from HtmlNoteInfo where indexid=4412 
/
INSERT INTO HtmlNoteIndex values(4412,'显示新建：') 
/
INSERT INTO HtmlNoteInfo VALUES(4412,'显示新建：',7) 
/
INSERT INTO HtmlNoteInfo VALUES(4412,'Display new:',8) 
/
INSERT INTO HtmlNoteInfo VALUES(4412,'@示新建：',9) 
/


delete from HtmlNoteIndex where id=4413 
/
delete from HtmlNoteInfo where indexid=4413 
/
INSERT INTO HtmlNoteIndex values(4413,'自动解析新建地址') 
/
INSERT INTO HtmlNoteInfo VALUES(4413,'自动解析新建地址',7) 
/
INSERT INTO HtmlNoteInfo VALUES(4413,'Automatic parsing new address',8) 
/
INSERT INTO HtmlNoteInfo VALUES(4413,'自咏馕鲂陆ǖ刂',9) 
/


delete from HtmlNoteIndex where id=4414 
/
delete from HtmlNoteInfo where indexid=4414 
/
INSERT INTO HtmlNoteIndex values(4414,'手动输入脚本') 
/
INSERT INTO HtmlNoteInfo VALUES(4414,'手动输入脚本',7) 
/
INSERT INTO HtmlNoteInfo VALUES(4414,'Manual input script',8) 
/
INSERT INTO HtmlNoteInfo VALUES(4414,'手虞入_本',9) 
/


 
delete from HtmlNoteIndex where id=4415 
/
delete from HtmlNoteInfo where indexid=4415 
/
INSERT INTO HtmlNoteIndex values(4415,'交互设置') 
/
INSERT INTO HtmlNoteInfo VALUES(4415,'交互设置',7) 
/
INSERT INTO HtmlNoteInfo VALUES(4415,'Interactive settings',8) 
/
INSERT INTO HtmlNoteInfo VALUES(4415,'交互O置',9) 
/



delete from HtmlNoteIndex where id=4416 
/
delete from HtmlNoteInfo where indexid=4416 
/
INSERT INTO HtmlNoteIndex values(4416,'点击日期：') 
/
INSERT INTO HtmlNoteInfo VALUES(4416,'点击日期：',7) 
/
INSERT INTO HtmlNoteInfo VALUES(4416,'Click date:',8) 
/
INSERT INTO HtmlNoteInfo VALUES(4416,'c羧掌冢',9) 
/
 

delete from HtmlNoteIndex where id=4417 
/
delete from HtmlNoteInfo where indexid=4417 
/
INSERT INTO HtmlNoteIndex values(4417,'刷新列表') 
/
INSERT INTO HtmlNoteInfo VALUES(4417,'刷新列表',7) 
/
INSERT INTO HtmlNoteInfo VALUES(4417,'Refresh List',8) 
/
INSERT INTO HtmlNoteInfo VALUES(4417,'刷新列表',9) 
/



delete from HtmlNoteIndex where id=4418 
/
delete from HtmlNoteInfo where indexid=4418 
/
INSERT INTO HtmlNoteIndex values(4418,'刷新Url列表') 
/
INSERT INTO HtmlNoteInfo VALUES(4418,'刷新Url列表',7) 
/
INSERT INTO HtmlNoteInfo VALUES(4418,'Refresh Url list',8) 
/
INSERT INTO HtmlNoteInfo VALUES(4418,'刷新Url列表',9) 
/



delete from HtmlNoteIndex where id=4419 
/
delete from HtmlNoteInfo where indexid=4419 
/
INSERT INTO HtmlNoteIndex values(4419,'刷新时间轴') 
/
INSERT INTO HtmlNoteInfo VALUES(4419,'刷新时间轴',7) 
/
INSERT INTO HtmlNoteInfo VALUES(4419,'Refresh time axis',8) 
/
INSERT INTO HtmlNoteInfo VALUES(4419,'刷新rgS',9) 
/



delete from HtmlNoteIndex where id=4420 
/
delete from HtmlNoteInfo where indexid=4420 
/
INSERT INTO HtmlNoteIndex values(4420,'选择列表：') 
/
INSERT INTO HtmlNoteInfo VALUES(4420,'选择列表：',7) 
/
INSERT INTO HtmlNoteInfo VALUES(4420,'Select list:',8) 
/
INSERT INTO HtmlNoteInfo VALUES(4420,'x窳斜恚',9) 
/


delete from HtmlNoteIndex where id=4421 
/
delete from HtmlNoteInfo where indexid=4421 
/
INSERT INTO HtmlNoteIndex values(4421,'字段区间设置：') 
/
INSERT INTO HtmlNoteInfo VALUES(4421,'字段区间设置：',7) 
/
INSERT INTO HtmlNoteInfo VALUES(4421,'Field interval setting:',8) 
/
INSERT INTO HtmlNoteInfo VALUES(4421,'字段^gO置：',9) 
/


delete from HtmlNoteIndex where id=4422 
/
delete from HtmlNoteInfo where indexid=4422 
/
INSERT INTO HtmlNoteIndex values(4422,'区间') 
/
INSERT INTO HtmlNoteInfo VALUES(4422,'区间',7) 
/
INSERT INTO HtmlNoteInfo VALUES(4422,'section',8) 
/
INSERT INTO HtmlNoteInfo VALUES(4422,'^g',9) 
/


delete from HtmlNoteIndex where id=4423 
/
delete from HtmlNoteInfo where indexid=4423 
/
INSERT INTO HtmlNoteIndex values(4423,'开始日期：') 
/
INSERT INTO HtmlNoteInfo VALUES(4423,'开始日期：',7) 
/
INSERT INTO HtmlNoteInfo VALUES(4423,'Start date:',8) 
/
INSERT INTO HtmlNoteInfo VALUES(4423,'_始日期：',9) 
/



delete from HtmlNoteIndex where id=4424 
/
delete from HtmlNoteInfo where indexid=4424 
/
INSERT INTO HtmlNoteIndex values(4424,'结束日期：') 
/
INSERT INTO HtmlNoteInfo VALUES(4424,'结束日期：',7) 
/
INSERT INTO HtmlNoteInfo VALUES(4424,'End date:',8) 
/
INSERT INTO HtmlNoteInfo VALUES(4424,'Y束日期：',9) 
/




delete from HtmlNoteIndex where id=4425 
/
delete from HtmlNoteInfo where indexid=4425 
/
INSERT INTO HtmlNoteIndex values(4425,'选择Url列表：') 
/
INSERT INTO HtmlNoteInfo VALUES(4425,'选择Url列表：',7) 
/
INSERT INTO HtmlNoteInfo VALUES(4425,'Select Url list:',8) 
/
INSERT INTO HtmlNoteInfo VALUES(4425,'xUrl列表：',9) 
/



delete from HtmlNoteIndex where id=4426 
/
delete from HtmlNoteInfo where indexid=4426 
/
INSERT INTO HtmlNoteIndex values(4426,'字段设置：') 
/
INSERT INTO HtmlNoteInfo VALUES(4426,'字段设置：',7) 
/
INSERT INTO HtmlNoteInfo VALUES(4426,'Field settings:',8) 
/
INSERT INTO HtmlNoteInfo VALUES(4426,'字段O置：',9) 
/
 


delete from HtmlNoteIndex where id=4427 
/
delete from HtmlNoteInfo where indexid=4427 
/
INSERT INTO HtmlNoteIndex values(4427,'选择WS列表：') 
/
INSERT INTO HtmlNoteInfo VALUES(4427,'选择WS列表：',7) 
/
INSERT INTO HtmlNoteInfo VALUES(4427,'Select WS list:',8) 
/
INSERT INTO HtmlNoteInfo VALUES(4427,'xWS列表：',9) 
/



delete from HtmlNoteIndex where id=4428 
/
delete from HtmlNoteInfo where indexid=4428 
/
INSERT INTO HtmlNoteIndex values(4428,'选择时间轴：') 
/
INSERT INTO HtmlNoteInfo VALUES(4428,'选择时间轴：',7) 
/
INSERT INTO HtmlNoteInfo VALUES(4428,'Select time axis:',8) 
/
INSERT INTO HtmlNoteInfo VALUES(4428,'xrgS：',9) 
/



 
  delete from HtmlNoteIndex where id=4429 
/
delete from HtmlNoteInfo where indexid=4429 
/
INSERT INTO HtmlNoteIndex values(4429,'数据初始范围：') 
/
INSERT INTO HtmlNoteInfo VALUES(4429,'数据初始范围：',7) 
/
INSERT INTO HtmlNoteInfo VALUES(4429,'Data initial range:',8) 
/
INSERT INTO HtmlNoteInfo VALUES(4429,'初始：',9) 
/ 



delete from HtmlNoteIndex where id=4430 
/
delete from HtmlNoteInfo where indexid=4430 
/
INSERT INTO HtmlNoteIndex values(4430,'当天') 
/
INSERT INTO HtmlNoteInfo VALUES(4430,'当天',7) 
/
INSERT INTO HtmlNoteInfo VALUES(4430,'same day',8) 
/
INSERT INTO HtmlNoteInfo VALUES(4430,'天',9) 
/
 

delete from HtmlNoteIndex where id=4431 
/
delete from HtmlNoteInfo where indexid=4431 
/
INSERT INTO HtmlNoteIndex values(4431,'首次初始化生效') 
/
INSERT INTO HtmlNoteInfo VALUES(4431,'首次初始化生效',7) 
/
INSERT INTO HtmlNoteInfo VALUES(4431,'first initialize effective',8) 
/
INSERT INTO HtmlNoteInfo VALUES(4431,'首次初始化生效',9) 
/


delete from HtmlNoteIndex where id=4432 
/
delete from HtmlNoteInfo where indexid=4432 
/
INSERT INTO HtmlNoteIndex values(4432,'重新加载数据：') 
/
INSERT INTO HtmlNoteInfo VALUES(4432,'重新加载数据：',7) 
/
INSERT INTO HtmlNoteInfo VALUES(4432,'Reload data:',8) 
/
INSERT INTO HtmlNoteInfo VALUES(4432,'重新加d：',9) 
/



delete from HtmlNoteIndex where id=4433 
/
delete from HtmlNoteInfo where indexid=4433 
/
INSERT INTO HtmlNoteIndex values(4433,'切换周月的时候重新加载数据') 
/
INSERT INTO HtmlNoteInfo VALUES(4433,'切换周月的时候重新加载数据',7) 
/
INSERT INTO HtmlNoteInfo VALUES(4433,'To reload the data at the time of the switch.',8) 
/
INSERT INTO HtmlNoteInfo VALUES(4433,'切Q周月的r候重新加d',9) 
/


delete from HtmlNoteIndex where id=4434 
/
delete from HtmlNoteInfo where indexid=4434 
/
INSERT INTO HtmlNoteIndex values(4434,'日期标记') 
/
INSERT INTO HtmlNoteInfo VALUES(4434,'日期标记',7) 
/
INSERT INTO HtmlNoteInfo VALUES(4434,'day marking',8) 
/
INSERT INTO HtmlNoteInfo VALUES(4434,'日期标',9) 
/



delete from HtmlNoteIndex where id=4435 
/
delete from HtmlNoteInfo where indexid=4435 
/
INSERT INTO HtmlNoteIndex values(4435,'请在此处键入查询出需要标记的日期SQL，例如：') 
/
INSERT INTO HtmlNoteInfo VALUES(4435,'请在此处键入查询出需要标记的日期SQL，例如：',7) 
/
INSERT INTO HtmlNoteInfo VALUES(4435,'Type a query that needs to be marked on the date SQL, for example:',8) 
/
INSERT INTO HtmlNoteInfo VALUES(4435,'在此I入查出需要标的日期SQL，例如：',9) 
/
 
delete from HtmlNoteIndex where id=4436 
/
delete from HtmlNoteInfo where indexid=4436 
/
INSERT INTO HtmlNoteIndex values(4436,'请在此处键入查询出需要标记的日期Url') 
/
INSERT INTO HtmlNoteInfo VALUES(4436,'请在此处键入查询出需要标记的日期Url',7) 
/
INSERT INTO HtmlNoteInfo VALUES(4436,'Type the date you need to mark the date Url',8) 
/
INSERT INTO HtmlNoteInfo VALUES(4436,'在此I入查出需要标的日期Url',9) 
/


delete from HtmlNoteIndex where id=4437 
/
delete from HtmlNoteInfo where indexid=4437 
/
INSERT INTO HtmlNoteIndex values(4437,'$cal_date为日历控件单击事件触发时的日期') 
/
INSERT INTO HtmlNoteInfo VALUES(4437,'$cal_date为日历控件单击事件触发时的日期',7) 
/
INSERT INTO HtmlNoteInfo VALUES(4437,'$cal_date the date when the event trigger is clicked for the calendar control',8) 
/
INSERT INTO HtmlNoteInfo VALUES(4437,'$cal_date日芽丶羰录|lr的日期',9) 
/


delete from HtmlNoteIndex where id=4438 
/
delete from HtmlNoteInfo where indexid=4438 
/
INSERT INTO HtmlNoteIndex values(4438,'$cal_date为日历控件当前选中的日期') 
/
INSERT INTO HtmlNoteInfo VALUES(4438,'$cal_date为日历控件当前选中的日期',7) 
/
INSERT INTO HtmlNoteInfo VALUES(4438,'$cal_date calendar control current selected date',8) 
/
INSERT INTO HtmlNoteInfo VALUES(4438,'$cal_date日芽丶前x中的日期',9) 
/



delete from HtmlNoteIndex where id=4439 
/
delete from HtmlNoteInfo where indexid=4439 
/
INSERT INTO HtmlNoteIndex values(4439,'标签栏') 
/
INSERT INTO HtmlNoteInfo VALUES(4439,'标签栏',7) 
/
INSERT INTO HtmlNoteInfo VALUES(4439,'Tab bar',8) 
/
INSERT INTO HtmlNoteInfo VALUES(4439,'标',9) 
/


delete from HtmlNoteIndex where id=4440 
/
delete from HtmlNoteInfo where indexid=4440 
/
INSERT INTO HtmlNoteIndex values(4440,'输入地址') 
/
INSERT INTO HtmlNoteInfo VALUES(4440,'输入地址',7) 
/
INSERT INTO HtmlNoteInfo VALUES(4440,'Enter address',8) 
/
INSERT INTO HtmlNoteInfo VALUES(4440,'入地址',9) 
/



 
  delete from HtmlNoteIndex where id=4441 
/
delete from HtmlNoteInfo where indexid=4441 
/
INSERT INTO HtmlNoteIndex values(4441,'查询列表') 
/
INSERT INTO HtmlNoteInfo VALUES(4441,'查询列表',7) 
/
INSERT INTO HtmlNoteInfo VALUES(4441,'Query list',8) 
/
INSERT INTO HtmlNoteInfo VALUES(4441,'查列表',9) 
/ 




delete from HtmlNoteIndex where id=4442 
/
delete from HtmlNoteInfo where indexid=4442 
/
INSERT INTO HtmlNoteIndex values(4442,'列表：') 
/
INSERT INTO HtmlNoteInfo VALUES(4442,'列表：',7) 
/
INSERT INTO HtmlNoteInfo VALUES(4442,'List:',8) 
/
INSERT INTO HtmlNoteInfo VALUES(4442,'列表：',9) 
/


 
  delete from HtmlNoteIndex where id=4443 
/
delete from HtmlNoteInfo where indexid=4443 
/
INSERT INTO HtmlNoteIndex values(4443,'显示数量') 
/
INSERT INTO HtmlNoteInfo VALUES(4443,'显示数量',7) 
/
INSERT INTO HtmlNoteInfo VALUES(4443,'Display quantity',8) 
/
INSERT INTO HtmlNoteInfo VALUES(4443,'@示盗',9) 
/
 

delete from HtmlNoteIndex where id=4444 
/
delete from HtmlNoteInfo where indexid=4444 
/
INSERT INTO HtmlNoteIndex values(4444,'横向列表') 
/
INSERT INTO HtmlNoteInfo VALUES(4444,'横向列表',7) 
/
INSERT INTO HtmlNoteInfo VALUES(4444,'Horizontal list',8) 
/
INSERT INTO HtmlNoteInfo VALUES(4444,'M向列表',9) 
/

delete from HtmlNoteIndex where id=4446 
/
delete from HtmlNoteInfo where indexid=4446 
/
INSERT INTO HtmlNoteIndex values(4446,'天气信息') 
/
INSERT INTO HtmlNoteInfo VALUES(4446,'天气信息',7) 
/
INSERT INTO HtmlNoteInfo VALUES(4446,'Weather information',8) 
/
INSERT INTO HtmlNoteInfo VALUES(4446,'天庑畔',9) 
/



delete from HtmlNoteIndex where id=4447 
/
delete from HtmlNoteInfo where indexid=4447 
/
INSERT INTO HtmlNoteIndex values(4447,'当前城市：') 
/
INSERT INTO HtmlNoteInfo VALUES(4447,'当前城市：',7) 
/
INSERT INTO HtmlNoteInfo VALUES(4447,'Current city:',8) 
/
INSERT INTO HtmlNoteInfo VALUES(4447,'前城市：',9) 
/



delete from HtmlNoteIndex where id=4448 
/
delete from HtmlNoteInfo where indexid=4448 
/
INSERT INTO HtmlNoteIndex values(4448,'城市：') 
/
INSERT INTO HtmlNoteInfo VALUES(4448,'城市：',7) 
/
INSERT INTO HtmlNoteInfo VALUES(4448,'City：',8) 
/
INSERT INTO HtmlNoteInfo VALUES(4448,'城市：',9) 
/


delete from HtmlNoteIndex where id=4449 
/
delete from HtmlNoteInfo where indexid=4449 
/
INSERT INTO HtmlNoteIndex values(4449,'信息设置不完整，未配置进度条数值') 
/
INSERT INTO HtmlNoteInfo VALUES(4449,'信息设置不完整，未配置进度条数值',7) 
/
INSERT INTO HtmlNoteInfo VALUES(4449,'Information is not complete, the progress bar is not configured',8) 
/
INSERT INTO HtmlNoteInfo VALUES(4449,'信息O置不完整，未配置M度l抵',9) 
/



delete from HtmlNoteIndex where id=4450 
/
delete from HtmlNoteInfo where indexid=4450 
/
INSERT INTO HtmlNoteIndex values(4450,'进度条数值来源SQL未通过系统安全测试，请检查关键字') 
/
INSERT INTO HtmlNoteInfo VALUES(4450,'进度条数值来源SQL未通过系统安全测试，请检查关键字',7) 
/
INSERT INTO HtmlNoteInfo VALUES(4450,'Progress bar numerical source SQL not through the system security test, please check the key word',8) 
/
INSERT INTO HtmlNoteInfo VALUES(4450,'M度l抵碓SQL未通^系y安全y，z查PI字',9) 
/



delete from HtmlNoteIndex where id=4451 
/
delete from HtmlNoteInfo where indexid=4451 
/
INSERT INTO HtmlNoteIndex values(4451,'查询进度条数值来源SQL时出现错误，请检查SQL是否拼写正确') 
/
INSERT INTO HtmlNoteInfo VALUES(4451,'查询进度条数值来源SQL时出现错误，请检查SQL是否拼写正确',7) 
/
INSERT INTO HtmlNoteInfo VALUES(4451,'Error when querying the progress bar value source SQL, check if the SQL is spelled correctly',8) 
/
INSERT INTO HtmlNoteInfo VALUES(4451,'查M度l抵碓SQLr出Fe`，z查SQL是否拼正确',9) 
/



delete from HtmlNoteIndex where id=4452 
/
delete from HtmlNoteInfo where indexid=4452 
/
INSERT INTO HtmlNoteIndex values(4452,'查询进度条数值来源SQL时出现异常') 
/
INSERT INTO HtmlNoteInfo VALUES(4452,'查询进度条数值来源SQL时出现异常',7) 
/
INSERT INTO HtmlNoteInfo VALUES(4452,'SQL query progress bar when the value of abnormal',8) 
/
INSERT INTO HtmlNoteInfo VALUES(4452,'查M度l抵碓SQLr出F常',9) 
/


delete from HtmlNoteIndex where id=4453 
/
delete from HtmlNoteInfo where indexid=4453 
/
INSERT INTO HtmlNoteIndex values(4453,'进度条数值') 
/
INSERT INTO HtmlNoteInfo VALUES(4453,'进度条数值',7) 
/
INSERT INTO HtmlNoteInfo VALUES(4453,'Progress bar value',8) 
/
INSERT INTO HtmlNoteInfo VALUES(4453,'M度l抵',9) 
/


delete from HtmlNoteIndex where id=4454 
/
delete from HtmlNoteInfo where indexid=4454 
/
INSERT INTO HtmlNoteIndex values(4454,'进度条基本信息') 
/
INSERT INTO HtmlNoteInfo VALUES(4454,'进度条基本信息',7) 
/
INSERT INTO HtmlNoteInfo VALUES(4454,'Progress bar basic information',8) 
/
INSERT INTO HtmlNoteInfo VALUES(4454,'M度l基本信息',9) 
/


delete from HtmlNoteIndex where id=4455 
/
delete from HtmlNoteInfo where indexid=4455 
/
INSERT INTO HtmlNoteIndex values(4455,'进度条高度：') 
/
INSERT INTO HtmlNoteInfo VALUES(4455,'进度条高度：',7) 
/
INSERT INTO HtmlNoteInfo VALUES(4455,'Progress bar height:',8) 
/
INSERT INTO HtmlNoteInfo VALUES(4455,'M度l高度：',9) 
/


delete from HtmlNoteIndex where id=4456 
/
delete from HtmlNoteInfo where indexid=4456 
/
INSERT INTO HtmlNoteIndex values(4456,'提示：进度条高度默认为22px') 
/
INSERT INTO HtmlNoteInfo VALUES(4456,'提示：进度条高度默认为22px',7) 
/
INSERT INTO HtmlNoteInfo VALUES(4456,'Tip: the progress bar is high by default to 22px',8) 
/
INSERT INTO HtmlNoteInfo VALUES(4456,'提示：M度l高度默J22px',9) 
/


delete from HtmlNoteIndex where id=4457 
/
delete from HtmlNoteInfo where indexid=4457 
/
INSERT INTO HtmlNoteIndex values(4457,'显示百分比：') 
/
INSERT INTO HtmlNoteInfo VALUES(4457,'显示百分比：',7) 
/
INSERT INTO HtmlNoteInfo VALUES(4457,'Display percentage:',8) 
/
INSERT INTO HtmlNoteInfo VALUES(4457,'@示百分比：',9) 
/


delete from HtmlNoteIndex where id=4458 
/
delete from HtmlNoteInfo where indexid=4458 
/
INSERT INTO HtmlNoteIndex values(4458,'百分比颜色：') 
/
INSERT INTO HtmlNoteInfo VALUES(4458,'百分比颜色：',7) 
/
INSERT INTO HtmlNoteInfo VALUES(4458,'Percentage color:',8) 
/
INSERT INTO HtmlNoteInfo VALUES(4458,'百分比色：',9) 
/


delete from HtmlNoteIndex where id=4459 
/
delete from HtmlNoteInfo where indexid=4459 
/
INSERT INTO HtmlNoteIndex values(4459,'百分比大小：') 
/
INSERT INTO HtmlNoteInfo VALUES(4459,'百分比大小：',7) 
/
INSERT INTO HtmlNoteInfo VALUES(4459,'Percentage size:',8) 
/
INSERT INTO HtmlNoteInfo VALUES(4459,'百分比大小：',9) 
/


delete from HtmlNoteIndex where id=4460 
/
delete from HtmlNoteInfo where indexid=4460 
/
INSERT INTO HtmlNoteIndex values(4460,'提示：字体大小默认为12px') 
/
INSERT INTO HtmlNoteInfo VALUES(4460,'提示：字体大小默认为12px',7) 
/
INSERT INTO HtmlNoteInfo VALUES(4460,'Tip: the default font size is 12px',8) 
/
INSERT INTO HtmlNoteInfo VALUES(4460,'提示：字w大小默J12px',9) 
/


delete from HtmlNoteIndex where id=4461 
/
delete from HtmlNoteInfo where indexid=4461 
/
INSERT INTO HtmlNoteIndex values(4461,'进度条背景色：') 
/
INSERT INTO HtmlNoteInfo VALUES(4461,'进度条背景色：',7) 
/
INSERT INTO HtmlNoteInfo VALUES(4461,'Progress bar background color:',8) 
/
INSERT INTO HtmlNoteInfo VALUES(4461,'M度l背景色：',9) 
/


delete from HtmlNoteIndex where id=4462 
/
delete from HtmlNoteInfo where indexid=4462 
/
INSERT INTO HtmlNoteIndex values(4462,'进度条颜色') 
/
INSERT INTO HtmlNoteInfo VALUES(4462,'进度条颜色',7) 
/
INSERT INTO HtmlNoteInfo VALUES(4462,'Progress bar color',8) 
/
INSERT INTO HtmlNoteInfo VALUES(4462,'M度l色',9) 
/



delete from HtmlNoteIndex where id=4463 
/
delete from HtmlNoteInfo where indexid=4463 
/
INSERT INTO HtmlNoteIndex values(4463,'单击右上角的添加按钮以添加百分比区域颜色') 
/
INSERT INTO HtmlNoteInfo VALUES(4463,'单击右上角的添加按钮以添加百分比区域颜色',7) 
/
INSERT INTO HtmlNoteInfo VALUES(4463,'Click the Add button on the top right to add percentage area color',8) 
/
INSERT INTO HtmlNoteInfo VALUES(4463,'粲疑辖堑奶砑影粹o以添加百分比^域色',9) 
/



delete from HtmlNoteIndex where id=4464 
/
delete from HtmlNoteInfo where indexid=4464 
/
INSERT INTO HtmlNoteIndex values(4464,'颜色') 
/
INSERT INTO HtmlNoteInfo VALUES(4464,'颜色',7) 
/
INSERT INTO HtmlNoteInfo VALUES(4464,'colour',8) 
/
INSERT INTO HtmlNoteInfo VALUES(4464,'色',9) 
/
 
delete from HtmlNoteIndex where id=4465 
/
delete from HtmlNoteInfo where indexid=4465 
/
INSERT INTO HtmlNoteIndex values(4465,'标题文字') 
/
INSERT INTO HtmlNoteInfo VALUES(4465,'标题文字',7) 
/
INSERT INTO HtmlNoteInfo VALUES(4465,'Title Text',8) 
/
INSERT INTO HtmlNoteInfo VALUES(4465,'标}文字',9) 
/


 
  delete from HtmlNoteIndex where id=4466 
/
delete from HtmlNoteInfo where indexid=4466 
/
INSERT INTO HtmlNoteIndex values(4466,'查询到的数据为空或者没有数据记录') 
/
INSERT INTO HtmlNoteInfo VALUES(4466,'查询到的数据为空或者没有数据记录',7) 
/
INSERT INTO HtmlNoteInfo VALUES(4466,'Query to the data is empty or no data records',8) 
/
INSERT INTO HtmlNoteInfo VALUES(4466,'查到的空或者]有',9) 
/ 


delete from HtmlNoteIndex where id=4467 
/
delete from HtmlNoteInfo where indexid=4467 
/
INSERT INTO HtmlNoteIndex values(4467,'分栏信息') 
/
INSERT INTO HtmlNoteInfo VALUES(4467,'分栏信息',7) 
/
INSERT INTO HtmlNoteInfo VALUES(4467,'Column break information',8) 
/
INSERT INTO HtmlNoteInfo VALUES(4467,'分谛畔',9) 
/



delete from HtmlNoteIndex where id=4468 
/
delete from HtmlNoteInfo where indexid=4468 
/
INSERT INTO HtmlNoteIndex values(4468,'字体颜色：') 
/
INSERT INTO HtmlNoteInfo VALUES(4468,'字体颜色：',7) 
/
INSERT INTO HtmlNoteInfo VALUES(4468,'Font color:',8) 
/
INSERT INTO HtmlNoteInfo VALUES(4468,'字w色：',9) 
/


delete from HtmlNoteIndex where id=4469 
/
delete from HtmlNoteInfo where indexid=4469 
/
INSERT INTO HtmlNoteIndex values(4469,'字体大小：') 
/
INSERT INTO HtmlNoteInfo VALUES(4469,'字体大小：',7) 
/
INSERT INTO HtmlNoteInfo VALUES(4469,'Font size:',8) 
/
INSERT INTO HtmlNoteInfo VALUES(4469,'字w大小：',9) 
/


delete from HtmlNoteIndex where id=4470 
/
delete from HtmlNoteInfo where indexid=4470 
/
INSERT INTO HtmlNoteIndex values(4470,'提示：字体大小默认为14px') 
/
INSERT INTO HtmlNoteInfo VALUES(4470,'提示：字体大小默认为14px',7) 
/
INSERT INTO HtmlNoteInfo VALUES(4470,'Tip: the default font size is 14px',8) 
/
INSERT INTO HtmlNoteInfo VALUES(4470,'提示：字w大小默J14px',9) 
/



delete from HtmlNoteIndex where id=4471 
/
delete from HtmlNoteInfo where indexid=4471 
/
INSERT INTO HtmlNoteIndex values(4471,'是否加粗：') 
/
INSERT INTO HtmlNoteInfo VALUES(4471,'是否加粗：',7) 
/
INSERT INTO HtmlNoteInfo VALUES(4471,'Whether bold',8) 
/
INSERT INTO HtmlNoteInfo VALUES(4471,'是否加粗：',9) 
/


delete from HtmlNoteIndex where id=4472 
/
delete from HtmlNoteInfo where indexid=4472 
/
INSERT INTO HtmlNoteIndex values(4472,'选择样式：') 
/
INSERT INTO HtmlNoteInfo VALUES(4472,'选择样式：',7) 
/
INSERT INTO HtmlNoteInfo VALUES(4472,'Select styles:',8) 
/
INSERT INTO HtmlNoteInfo VALUES(4472,'x邮剑',9) 
/



delete from HtmlNoteIndex where id=4473 
/
delete from HtmlNoteInfo where indexid=4473 
/
INSERT INTO HtmlNoteIndex values(4473,'图片信息') 
/
INSERT INTO HtmlNoteInfo VALUES(4473,'图片信息',7) 
/
INSERT INTO HtmlNoteInfo VALUES(4473,'Picture information',8) 
/
INSERT INTO HtmlNoteInfo VALUES(4473,'D片信息',9) 
/


delete from HtmlNoteIndex where id=4474 
/
delete from HtmlNoteInfo where indexid=4474 
/
INSERT INTO HtmlNoteIndex values(4474,'尺寸：') 
/
INSERT INTO HtmlNoteInfo VALUES(4474,'尺寸：',7) 
/
INSERT INTO HtmlNoteInfo VALUES(4474,'Size:',8) 
/
INSERT INTO HtmlNoteInfo VALUES(4474,'尺寸：',9) 
/


delete from HtmlNoteIndex where id=4475 
/
delete from HtmlNoteInfo where indexid=4475 
/
INSERT INTO HtmlNoteIndex values(4475,'指定大小') 
/
INSERT INTO HtmlNoteInfo VALUES(4475,'指定大小',7) 
/
INSERT INTO HtmlNoteInfo VALUES(4475,'Specified size',8) 
/
INSERT INTO HtmlNoteInfo VALUES(4475,'指定大小',9) 
/


delete from HtmlNoteIndex where id=4476 
/
delete from HtmlNoteInfo where indexid=4476 
/
INSERT INTO HtmlNoteIndex values(4476,'原图大小') 
/
INSERT INTO HtmlNoteInfo VALUES(4476,'原图大小',7) 
/
INSERT INTO HtmlNoteInfo VALUES(4476,'Original size',8) 
/
INSERT INTO HtmlNoteInfo VALUES(4476,'原D大小',9) 
/


delete from HtmlNoteIndex where id=4477 
/
delete from HtmlNoteInfo where indexid=4477 
/
INSERT INTO HtmlNoteIndex values(4477,'如：450，此处缺省则为页面宽度') 
/
INSERT INTO HtmlNoteInfo VALUES(4477,'如：450，此处缺省则为页面宽度',7) 
/
INSERT INTO HtmlNoteInfo VALUES(4477,'Such as: 450, the default is the page width',8) 
/
INSERT INTO HtmlNoteInfo VALUES(4477,'如：450，此缺省t面度',9) 
/


delete from HtmlNoteIndex where id=4478 
/
delete from HtmlNoteInfo where indexid=4478 
/
INSERT INTO HtmlNoteIndex values(4478,'链接：') 
/
INSERT INTO HtmlNoteInfo VALUES(4478,'链接：',7) 
/
INSERT INTO HtmlNoteInfo VALUES(4478,'Link:',8) 
/
INSERT INTO HtmlNoteInfo VALUES(4478,'接：',9) 
/


delete from HtmlNoteIndex where id=4479 
/
delete from HtmlNoteInfo where indexid=4479 
/
INSERT INTO HtmlNoteIndex values(4479,'未添加button') 
/
INSERT INTO HtmlNoteInfo VALUES(4479,'未添加button',7) 
/
INSERT INTO HtmlNoteInfo VALUES(4479,'Did not add button',8) 
/
INSERT INTO HtmlNoteInfo VALUES(4479,'未添加button',9) 
/
 

 
  delete from HtmlNoteIndex where id=4480 
/
delete from HtmlNoteInfo where indexid=4480 
/
INSERT INTO HtmlNoteIndex values(4480,'插件设置') 
/
INSERT INTO HtmlNoteInfo VALUES(4480,'插件设置',7) 
/
INSERT INTO HtmlNoteInfo VALUES(4480,'Plug in settings',8) 
/
INSERT INTO HtmlNoteInfo VALUES(4480,'插件O置',9) 
/ 


delete from HtmlNoteIndex where id=4481 
/
delete from HtmlNoteInfo where indexid=4481 
/
INSERT INTO HtmlNoteIndex values(4481,'按钮布局：') 
/
INSERT INTO HtmlNoteInfo VALUES(4481,'按钮布局：',7) 
/
INSERT INTO HtmlNoteInfo VALUES(4481,'Button layout:',8) 
/
INSERT INTO HtmlNoteInfo VALUES(4481,'按o布局：',9) 
/


delete from HtmlNoteIndex where id=4482 
/
delete from HtmlNoteInfo where indexid=4482 
/
INSERT INTO HtmlNoteIndex values(4482,'固定') 
/
INSERT INTO HtmlNoteInfo VALUES(4482,'固定',7) 
/
INSERT INTO HtmlNoteInfo VALUES(4482,'Fixed',8) 
/
INSERT INTO HtmlNoteInfo VALUES(4482,'固定',9) 
/


delete from HtmlNoteIndex where id=4483 
/
delete from HtmlNoteInfo where indexid=4483 
/
INSERT INTO HtmlNoteIndex values(4483,'自适应') 
/
INSERT INTO HtmlNoteInfo VALUES(4483,'自适应',7) 
/
INSERT INTO HtmlNoteInfo VALUES(4483,'Self-adaption',8) 
/
INSERT INTO HtmlNoteInfo VALUES(4483,'自适',9) 
/


delete from HtmlNoteIndex where id=4484 
/
delete from HtmlNoteInfo where indexid=4484 
/
INSERT INTO HtmlNoteIndex values(4484,'图标位置') 
/
INSERT INTO HtmlNoteInfo VALUES(4484,'图标位置',7) 
/
INSERT INTO HtmlNoteInfo VALUES(4484,'Icon position',8) 
/
INSERT INTO HtmlNoteInfo VALUES(4484,'D标位置',9) 
/


delete from HtmlNoteIndex where id=4485 
/
delete from HtmlNoteInfo where indexid=4485 
/
INSERT INTO HtmlNoteIndex values(4485,'操作') 
/
INSERT INTO HtmlNoteInfo VALUES(4485,'操作',7) 
/
INSERT INTO HtmlNoteInfo VALUES(4485,'Operation',8) 
/
INSERT INTO HtmlNoteInfo VALUES(4485,'操作',9) 
/


delete from HtmlNoteIndex where id=4486 
/
delete from HtmlNoteInfo where indexid=4486 
/
INSERT INTO HtmlNoteIndex values(4486,'点击修改图片') 
/
INSERT INTO HtmlNoteInfo VALUES(4486,'点击修改图片',7) 
/
INSERT INTO HtmlNoteInfo VALUES(4486,'Click to modify the picture',8) 
/
INSERT INTO HtmlNoteInfo VALUES(4486,'c粜薷D片',9) 
/


delete from HtmlNoteIndex where id=4487 
/
delete from HtmlNoteInfo where indexid=4487 
/
INSERT INTO HtmlNoteIndex values(4487,'删除图标') 
/
INSERT INTO HtmlNoteInfo VALUES(4487,'删除图标',7) 
/
INSERT INTO HtmlNoteInfo VALUES(4487,'Delete icon',8) 
/
INSERT INTO HtmlNoteInfo VALUES(4487,'删除D标',9) 
/


delete from HtmlNoteIndex where id=4488 
/
delete from HtmlNoteInfo where indexid=4488 
/
INSERT INTO HtmlNoteIndex values(4488,'左') 
/
INSERT INTO HtmlNoteInfo VALUES(4488,'左',7) 
/
INSERT INTO HtmlNoteInfo VALUES(4488,'Left',8) 
/
INSERT INTO HtmlNoteInfo VALUES(4488,'左',9) 
/


delete from HtmlNoteIndex where id=4489 
/
delete from HtmlNoteInfo where indexid=4489 
/
INSERT INTO HtmlNoteIndex values(4489,'右') 
/
INSERT INTO HtmlNoteInfo VALUES(4489,'右',7) 
/
INSERT INTO HtmlNoteInfo VALUES(4489,'Right',8) 
/
INSERT INTO HtmlNoteInfo VALUES(4489,'右',9) 
/


delete from HtmlNoteIndex where id=4490 
/
delete from HtmlNoteInfo where indexid=4490 
/
INSERT INTO HtmlNoteIndex values(4490,'视频信息') 
/
INSERT INTO HtmlNoteInfo VALUES(4490,'视频信息',7) 
/
INSERT INTO HtmlNoteInfo VALUES(4490,'Video information',8) 
/
INSERT INTO HtmlNoteInfo VALUES(4490,'l信息',9) 
/


delete from HtmlNoteIndex where id=4491 
/
delete from HtmlNoteInfo where indexid=4491 
/
INSERT INTO HtmlNoteIndex values(4491,'如：344，此处缺省则为页面宽度') 
/
INSERT INTO HtmlNoteInfo VALUES(4491,'如：344，此处缺省则为页面宽度',7) 
/
INSERT INTO HtmlNoteInfo VALUES(4491,'Such as: 344, the default is the page width',8) 
/
INSERT INTO HtmlNoteInfo VALUES(4491,'如：344，此缺省t面度',9) 
/


delete from HtmlNoteIndex where id=4492 
/
delete from HtmlNoteInfo where indexid=4492 
/
INSERT INTO HtmlNoteIndex values(4492,'自动播放：') 
/
INSERT INTO HtmlNoteInfo VALUES(4492,'自动播放：',7) 
/
INSERT INTO HtmlNoteInfo VALUES(4492,'Auto play:',8) 
/
INSERT INTO HtmlNoteInfo VALUES(4492,'自硬シ牛',9) 
/


delete from HtmlNoteIndex where id=4493 
/
delete from HtmlNoteInfo where indexid=4493 
/
INSERT INTO HtmlNoteIndex values(4493,'循环播放：') 
/
INSERT INTO HtmlNoteInfo VALUES(4493,'循环播放：',7) 
/
INSERT INTO HtmlNoteInfo VALUES(4493,'Loop play:',8) 
/
INSERT INTO HtmlNoteInfo VALUES(4493,'循h播放：',9) 
/



delete from HtmlNoteIndex where id=4494 
/
delete from HtmlNoteInfo where indexid=4494 
/
INSERT INTO HtmlNoteIndex values(4494,'文件上传') 
/
INSERT INTO HtmlNoteInfo VALUES(4494,'文件上传',7) 
/
INSERT INTO HtmlNoteInfo VALUES(4494,'File upload',8) 
/
INSERT INTO HtmlNoteInfo VALUES(4494,'文件上',9) 
/


delete from HtmlNoteIndex where id=4495 
/
delete from HtmlNoteInfo where indexid=4495 
/
INSERT INTO HtmlNoteIndex values(4495,'Iframe信息') 
/
INSERT INTO HtmlNoteInfo VALUES(4495,'Iframe信息',7) 
/
INSERT INTO HtmlNoteInfo VALUES(4495,'Iframe information',8) 
/
INSERT INTO HtmlNoteInfo VALUES(4495,'Iframe信息',9) 
/


delete from HtmlNoteIndex where id=4496 
/
delete from HtmlNoteInfo where indexid=4496 
/
INSERT INTO HtmlNoteIndex values(4496,'如：617，此处缺省则为页面高度') 
/
INSERT INTO HtmlNoteInfo VALUES(4496,'如：617，此处缺省则为页面高度',7) 
/
INSERT INTO HtmlNoteInfo VALUES(4496,'Such as: 617, the default is the page height',8) 
/
INSERT INTO HtmlNoteInfo VALUES(4496,'如：617，此缺省t面高度',9) 
/



delete from HtmlNoteIndex where id=4497 
/
delete from HtmlNoteInfo where indexid=4497 
/
INSERT INTO HtmlNoteIndex values(4497,'表单名称：') 
/
INSERT INTO HtmlNoteInfo VALUES(4497,'表单名称：',7) 
/
INSERT INTO HtmlNoteInfo VALUES(4497,'Form name:',8) 
/
INSERT INTO HtmlNoteInfo VALUES(4497,'表蚊Q：',9) 
/



delete from HtmlNoteIndex where id=4498 
/
delete from HtmlNoteInfo where indexid=4498 
/
INSERT INTO HtmlNoteIndex values(4498,'提交类型：') 
/
INSERT INTO HtmlNoteInfo VALUES(4498,'提交类型：',7) 
/
INSERT INTO HtmlNoteInfo VALUES(4498,'Commit type:',8) 
/
INSERT INTO HtmlNoteInfo VALUES(4498,'提交型：',9) 
/



delete from HtmlNoteIndex where id=4499 
/
delete from HtmlNoteInfo where indexid=4499 
/
INSERT INTO HtmlNoteIndex values(4499,'表单建模') 
/
INSERT INTO HtmlNoteInfo VALUES(4499,'表单建模',7) 
/
INSERT INTO HtmlNoteInfo VALUES(4499,'Form modeling',8) 
/
INSERT INTO HtmlNoteInfo VALUES(4499,'表谓模',9) 
/



delete from HtmlNoteIndex where id=4500 
/
delete from HtmlNoteInfo where indexid=4500 
/
INSERT INTO HtmlNoteIndex values(4500,'创建流程') 
/
INSERT INTO HtmlNoteInfo VALUES(4500,'创建流程',7) 
/
INSERT INTO HtmlNoteInfo VALUES(4500,'Create process',8) 
/
INSERT INTO HtmlNoteInfo VALUES(4500,'建流程',9) 
/
 

delete from HtmlNoteIndex where id=4501 
/
delete from HtmlNoteInfo where indexid=4501 
/
INSERT INTO HtmlNoteIndex values(4501,'自定义URL') 
/
INSERT INTO HtmlNoteInfo VALUES(4501,'自定义URL',7) 
/
INSERT INTO HtmlNoteInfo VALUES(4501,'Custom URL',8) 
/
INSERT INTO HtmlNoteInfo VALUES(4501,'自定xURL',9) 
/

delete from HtmlNoteIndex where id=4502 
/
delete from HtmlNoteInfo where indexid=4502 
/
INSERT INTO HtmlNoteIndex values(4502,'下载模版') 
/
INSERT INTO HtmlNoteInfo VALUES(4502,'下载模版',7) 
/
INSERT INTO HtmlNoteInfo VALUES(4502,'Download template',8) 
/
INSERT INTO HtmlNoteInfo VALUES(4502,'下d模版',9) 
/



delete from HtmlNoteIndex where id=4503 
/
delete from HtmlNoteInfo where indexid=4503 
/
INSERT INTO HtmlNoteIndex values(4503,'主键：') 
/
INSERT INTO HtmlNoteInfo VALUES(4503,'主键：',7) 
/
INSERT INTO HtmlNoteInfo VALUES(4503,'Primary key:',8) 
/
INSERT INTO HtmlNoteInfo VALUES(4503,'主I：',9) 
/



delete from HtmlNoteIndex where id=4504 
/
delete from HtmlNoteInfo where indexid=4504 
/
INSERT INTO HtmlNoteIndex values(4504,'关联模块：') 
/
INSERT INTO HtmlNoteInfo VALUES(4504,'关联模块：',7) 
/
INSERT INTO HtmlNoteInfo VALUES(4504,'Association module:',8) 
/
INSERT INTO HtmlNoteInfo VALUES(4504,'P模K：',9) 
/



delete from HtmlNoteIndex where id=4505 
/
delete from HtmlNoteInfo where indexid=4505 
/
INSERT INTO HtmlNoteIndex values(4505,'关联流程：') 
/
INSERT INTO HtmlNoteInfo VALUES(4505,'关联流程：',7) 
/
INSERT INTO HtmlNoteInfo VALUES(4505,'Associated process:',8) 
/
INSERT INTO HtmlNoteInfo VALUES(4505,'P流程：',9) 
/


delete from HtmlNoteIndex where id=4506 
/
delete from HtmlNoteInfo where indexid=4506 
/
INSERT INTO HtmlNoteIndex values(4506,'验证脚本：') 
/
INSERT INTO HtmlNoteInfo VALUES(4506,'验证脚本：',7) 
/
INSERT INTO HtmlNoteInfo VALUES(4506,'Verify the script：',8) 
/
INSERT INTO HtmlNoteInfo VALUES(4506,'C_本：',9) 
/



delete from HtmlNoteIndex where id=4507 
/
delete from HtmlNoteInfo where indexid=4507 
/
INSERT INTO HtmlNoteIndex values(4507,'点击输入提交前验证脚本') 
/
INSERT INTO HtmlNoteInfo VALUES(4507,'点击输入提交前验证脚本',7) 
/
INSERT INTO HtmlNoteInfo VALUES(4507,'Click enter to submit the pre validation script',8) 
/
INSERT INTO HtmlNoteInfo VALUES(4507,'c糨入提交前C_本',9) 
/


delete from HtmlNoteIndex where id=4508 
/
delete from HtmlNoteInfo where indexid=4508 
/
INSERT INTO HtmlNoteIndex values(4508,'表单1') 
/
INSERT INTO HtmlNoteInfo VALUES(4508,'表单1',7) 
/
INSERT INTO HtmlNoteInfo VALUES(4508,'Form 1',8) 
/
INSERT INTO HtmlNoteInfo VALUES(4508,'表1',9) 
/



delete from HtmlNoteIndex where id=4509 
/
delete from HtmlNoteInfo where indexid=4509 
/
INSERT INTO HtmlNoteIndex values(4509,'表') 
/
INSERT INTO HtmlNoteInfo VALUES(4509,'表',7) 
/
INSERT INTO HtmlNoteInfo VALUES(4509,'table',8) 
/
INSERT INTO HtmlNoteInfo VALUES(4509,'表',9) 
/



delete from HtmlNoteIndex where id=4510 
/
delete from HtmlNoteInfo where indexid=4510 
/
INSERT INTO HtmlNoteIndex values(4510,'已设置') 
/
INSERT INTO HtmlNoteInfo VALUES(4510,'已设置',7) 
/
INSERT INTO HtmlNoteInfo VALUES(4510,'Already set',8) 
/
INSERT INTO HtmlNoteInfo VALUES(4510,'已O置',9) 
/


delete from HtmlNoteIndex where id=4511 
/
delete from HtmlNoteInfo where indexid=4511 
/
INSERT INTO HtmlNoteIndex values(4511,'单行文本') 
/
INSERT INTO HtmlNoteInfo VALUES(4511,'单行文本',7) 
/
INSERT INTO HtmlNoteInfo VALUES(4511,'Input Text',8) 
/
INSERT INTO HtmlNoteInfo VALUES(4511,'涡形谋',9) 
/



delete from HtmlNoteIndex where id=4513 
/
delete from HtmlNoteInfo where indexid=4513 
/
INSERT INTO HtmlNoteIndex values(4513,'对应字段：') 
/
INSERT INTO HtmlNoteInfo VALUES(4513,'对应字段：',7) 
/
INSERT INTO HtmlNoteInfo VALUES(4513,'Corresponding field:',8) 
/
INSERT INTO HtmlNoteInfo VALUES(4513,'字段：',9) 
/


delete from HtmlNoteIndex where id=4514 
/
delete from HtmlNoteInfo where indexid=4514 
/
INSERT INTO HtmlNoteIndex values(4514,'显示名称：') 
/
INSERT INTO HtmlNoteInfo VALUES(4514,'显示名称：',7) 
/
INSERT INTO HtmlNoteInfo VALUES(4514,'Display name:',8) 
/
INSERT INTO HtmlNoteInfo VALUES(4514,'@示名Q：',9) 
/



delete from HtmlNoteIndex where id=4515 
/
delete from HtmlNoteInfo where indexid=4515 
/
INSERT INTO HtmlNoteIndex values(4515,'提示信息：') 
/
INSERT INTO HtmlNoteInfo VALUES(4515,'提示信息：',7) 
/
INSERT INTO HtmlNoteInfo VALUES(4515,'Prompt information:',8) 
/
INSERT INTO HtmlNoteInfo VALUES(4515,'提示信息：',9) 
/



delete from HtmlNoteIndex where id=4516 
/
delete from HtmlNoteInfo where indexid=4516 
/
INSERT INTO HtmlNoteIndex values(4516,'字段类型：') 
/
INSERT INTO HtmlNoteInfo VALUES(4516,'字段类型：',7) 
/
INSERT INTO HtmlNoteInfo VALUES(4516,'Field type:',8) 
/
INSERT INTO HtmlNoteInfo VALUES(4516,'字段型：',9) 
/


delete from HtmlNoteIndex where id=4517 
/
delete from HtmlNoteInfo where indexid=4517 
/
INSERT INTO HtmlNoteIndex values(4517,'文本') 
/
INSERT INTO HtmlNoteInfo VALUES(4517,'文本',7) 
/
INSERT INTO HtmlNoteInfo VALUES(4517,'text',8) 
/
INSERT INTO HtmlNoteInfo VALUES(4517,'文本',9) 
/


delete from HtmlNoteIndex where id=4518 
/
delete from HtmlNoteInfo where indexid=4518 
/
INSERT INTO HtmlNoteIndex values(4518,'日期时间') 
/
INSERT INTO HtmlNoteInfo VALUES(4518,'日期时间',7) 
/
INSERT INTO HtmlNoteInfo VALUES(4518,'Date time',8) 
/
INSERT INTO HtmlNoteInfo VALUES(4518,'日期rg',9) 
/


 
  delete from HtmlNoteIndex where id=4519 
/
delete from HtmlNoteInfo where indexid=4519 
/
INSERT INTO HtmlNoteIndex values(4519,'密码') 
/
INSERT INTO HtmlNoteInfo VALUES(4519,'密码',7) 
/
INSERT INTO HtmlNoteInfo VALUES(4519,'password',8) 
/
INSERT INTO HtmlNoteInfo VALUES(4519,'密a',9) 
/ 


delete from HtmlNoteIndex where id=4520 
/
delete from HtmlNoteInfo where indexid=4520 
/
INSERT INTO HtmlNoteIndex values(4520,'数字') 
/
INSERT INTO HtmlNoteInfo VALUES(4520,'数字',7) 
/
INSERT INTO HtmlNoteInfo VALUES(4520,'number',8) 
/
INSERT INTO HtmlNoteInfo VALUES(4520,'底',9) 
/

delete from HtmlNoteIndex where id=4521 
/
delete from HtmlNoteInfo where indexid=4521 
/
INSERT INTO HtmlNoteIndex values(4521,'电话号码') 
/
INSERT INTO HtmlNoteInfo VALUES(4521,'电话号码',7) 
/
INSERT INTO HtmlNoteInfo VALUES(4521,'phone number',8) 
/
INSERT INTO HtmlNoteInfo VALUES(4521,'号a',9) 
/



delete from HtmlNoteIndex where id=4522 
/
delete from HtmlNoteInfo where indexid=4522 
/
INSERT INTO HtmlNoteIndex values(4522,'数字范围：') 
/
INSERT INTO HtmlNoteInfo VALUES(4522,'数字范围：',7) 
/
INSERT INTO HtmlNoteInfo VALUES(4522,'Number range:',8) 
/
INSERT INTO HtmlNoteInfo VALUES(4522,'底止：',9) 
/


delete from HtmlNoteIndex where id=4523 
/
delete from HtmlNoteInfo where indexid=4523 
/
INSERT INTO HtmlNoteIndex values(4523,'最小值') 
/
INSERT INTO HtmlNoteInfo VALUES(4523,'最小值',7) 
/
INSERT INTO HtmlNoteInfo VALUES(4523,'minimum value',8) 
/
INSERT INTO HtmlNoteInfo VALUES(4523,'最小值',9) 
/



delete from HtmlNoteIndex where id=4524 
/
delete from HtmlNoteInfo where indexid=4524 
/
INSERT INTO HtmlNoteIndex values(4524,'最大值') 
/
INSERT INTO HtmlNoteInfo VALUES(4524,'最大值',7) 
/
INSERT INTO HtmlNoteInfo VALUES(4524,'Maximum value',8) 
/
INSERT INTO HtmlNoteInfo VALUES(4524,'最大值',9) 
/



delete from HtmlNoteIndex where id=4525 
/
delete from HtmlNoteInfo where indexid=4525 
/
INSERT INTO HtmlNoteIndex values(4525,'增幅：') 
/
INSERT INTO HtmlNoteInfo VALUES(4525,'增幅：',7) 
/
INSERT INTO HtmlNoteInfo VALUES(4525,'Increase:',8) 
/
INSERT INTO HtmlNoteInfo VALUES(4525,'增幅：',9) 
/



delete from HtmlNoteIndex where id=4526 
/
delete from HtmlNoteInfo where indexid=4526 
/
INSERT INTO HtmlNoteIndex values(4526,'增幅大小') 
/
INSERT INTO HtmlNoteInfo VALUES(4526,'增幅大小',7) 
/
INSERT INTO HtmlNoteInfo VALUES(4526,'Increase in size',8) 
/
INSERT INTO HtmlNoteInfo VALUES(4526,'增幅大小',9) 
/


delete from HtmlNoteIndex where id=4527 
/
delete from HtmlNoteInfo where indexid=4527 
/
INSERT INTO HtmlNoteIndex values(4527,'年份偏移：') 
/
INSERT INTO HtmlNoteInfo VALUES(4527,'年份偏移：',7) 
/
INSERT INTO HtmlNoteInfo VALUES(4527,'Year offset:',8) 
/
INSERT INTO HtmlNoteInfo VALUES(4527,'年份偏移：',9) 
/



delete from HtmlNoteIndex where id=4528 
/
delete from HtmlNoteInfo where indexid=4528 
/
INSERT INTO HtmlNoteIndex values(4528,'向前偏移，100') 
/
INSERT INTO HtmlNoteInfo VALUES(4528,'向前偏移，100',7) 
/
INSERT INTO HtmlNoteInfo VALUES(4528,'Forward offset, 100',8) 
/
INSERT INTO HtmlNoteInfo VALUES(4528,'向前偏移，100',9) 
/
 
delete from HtmlNoteIndex where id=4529 
/
delete from HtmlNoteInfo where indexid=4529 
/
INSERT INTO HtmlNoteIndex values(4529,'向后偏移，1') 
/
INSERT INTO HtmlNoteInfo VALUES(4529,'向后偏移，1',7) 
/
INSERT INTO HtmlNoteInfo VALUES(4529,'Backward shift, 1',8) 
/
INSERT INTO HtmlNoteInfo VALUES(4529,'向後偏移，1',9) 
/



delete from HtmlNoteIndex where id=4530 
/
delete from HtmlNoteInfo where indexid=4530 
/
INSERT INTO HtmlNoteIndex values(4530,'设置说明') 
/
INSERT INTO HtmlNoteInfo VALUES(4530,'设置说明',7) 
/
INSERT INTO HtmlNoteInfo VALUES(4530,'Set description',8) 
/
INSERT INTO HtmlNoteInfo VALUES(4530,'O置f明',9) 
/



delete from HtmlNoteIndex where id=4531 
/
delete from HtmlNoteInfo where indexid=4531 
/
INSERT INTO HtmlNoteIndex values(4531,'显示类型：') 
/
INSERT INTO HtmlNoteInfo VALUES(4531,'显示类型：',7) 
/
INSERT INTO HtmlNoteInfo VALUES(4531,'Display type:',8) 
/
INSERT INTO HtmlNoteInfo VALUES(4531,'@示型：',9) 
/


delete from HtmlNoteIndex where id=4532 
/
delete from HtmlNoteInfo where indexid=4532 
/
INSERT INTO HtmlNoteIndex values(4532,'可编辑') 
/
INSERT INTO HtmlNoteInfo VALUES(4532,'可编辑',7) 
/
INSERT INTO HtmlNoteInfo VALUES(4532,'Editable',8) 
/
INSERT INTO HtmlNoteInfo VALUES(4532,'可',9) 
/


delete from HtmlNoteIndex where id=4533 
/
delete from HtmlNoteInfo where indexid=4533 
/
INSERT INTO HtmlNoteIndex values(4533,'只读') 
/
INSERT INTO HtmlNoteInfo VALUES(4533,'只读',7) 
/
INSERT INTO HtmlNoteInfo VALUES(4533,'read-only',8) 
/
INSERT INTO HtmlNoteInfo VALUES(4533,'bx',9) 
/



delete from HtmlNoteIndex where id=4534 
/
delete from HtmlNoteInfo where indexid=4534 
/
INSERT INTO HtmlNoteIndex values(4534,'必填') 
/
INSERT INTO HtmlNoteInfo VALUES(4534,'必填',7) 
/
INSERT INTO HtmlNoteInfo VALUES(4534,'Required',8) 
/
INSERT INTO HtmlNoteInfo VALUES(4534,'必填',9) 
/



delete from HtmlNoteIndex where id=4535 
/
delete from HtmlNoteInfo where indexid=4535 
/
INSERT INTO HtmlNoteIndex values(4535,'默认值：') 
/
INSERT INTO HtmlNoteInfo VALUES(4535,'默认值：',7) 
/
INSERT INTO HtmlNoteInfo VALUES(4535,'Default value:',8) 
/
INSERT INTO HtmlNoteInfo VALUES(4535,'默J值：',9) 
/


delete from HtmlNoteIndex where id=4536 
/
delete from HtmlNoteInfo where indexid=4536 
/
INSERT INTO HtmlNoteIndex values(4536,'请输入大于0的正整数') 
/
INSERT INTO HtmlNoteInfo VALUES(4536,'请输入大于0的正整数',7) 
/
INSERT INTO HtmlNoteInfo VALUES(4536,'Please enter a positive integer greater than 0',8) 
/
INSERT INTO HtmlNoteInfo VALUES(4536,'入大于0的正整',9) 
/



delete from HtmlNoteIndex where id=4537 
/
delete from HtmlNoteInfo where indexid=4537 
/
INSERT INTO HtmlNoteIndex values(4537,'隐藏域') 
/
INSERT INTO HtmlNoteInfo VALUES(4537,'隐藏域',7) 
/
INSERT INTO HtmlNoteInfo VALUES(4537,'Hidden field',8) 
/
INSERT INTO HtmlNoteInfo VALUES(4537,'隐藏域',9) 
/



delete from HtmlNoteIndex where id=4538 
/
delete from HtmlNoteInfo where indexid=4538 
/
INSERT INTO HtmlNoteIndex values(4538,'多行文本') 
/
INSERT INTO HtmlNoteInfo VALUES(4538,'多行文本',7) 
/
INSERT INTO HtmlNoteInfo VALUES(4538,'Textarea',8) 
/
INSERT INTO HtmlNoteInfo VALUES(4538,'多行文本',9) 
/



delete from HtmlNoteIndex where id=4539 
/
delete from HtmlNoteInfo where indexid=4539 
/
INSERT INTO HtmlNoteIndex values(4539,'信息设置不完整，未添加option') 
/
INSERT INTO HtmlNoteInfo VALUES(4539,'信息设置不完整，未添加option',7) 
/
INSERT INTO HtmlNoteInfo VALUES(4539,'Information is not complete, not added option',8) 
/
INSERT INTO HtmlNoteInfo VALUES(4539,'信息O置不完整，未添加option',9) 
/



delete from HtmlNoteIndex where id=4540 
/
delete from HtmlNoteInfo where indexid=4540 
/
INSERT INTO HtmlNoteIndex values(4540,'出现异常') 
/
INSERT INTO HtmlNoteInfo VALUES(4540,'出现异常',7) 
/
INSERT INTO HtmlNoteInfo VALUES(4540,'Exception occurred',8) 
/
INSERT INTO HtmlNoteInfo VALUES(4540,'出F常',9) 
/


delete from HtmlNoteIndex where id=4541 
/
delete from HtmlNoteInfo where indexid=4541 
/
INSERT INTO HtmlNoteIndex values(4541,'选择项') 
/
INSERT INTO HtmlNoteInfo VALUES(4541,'选择项',7) 
/
INSERT INTO HtmlNoteInfo VALUES(4541,'Select',8) 
/
INSERT INTO HtmlNoteInfo VALUES(4541,'x耥',9) 
/



delete from HtmlNoteIndex where id=4542 
/
delete from HtmlNoteInfo where indexid=4542 
/
INSERT INTO HtmlNoteIndex values(4542,'选择来源：') 
/
INSERT INTO HtmlNoteInfo VALUES(4542,'选择来源：',7) 
/
INSERT INTO HtmlNoteInfo VALUES(4542,'Select source:',8) 
/
INSERT INTO HtmlNoteInfo VALUES(4542,'x碓矗',9) 
/


delete from HtmlNoteIndex where id=4543 
/
delete from HtmlNoteInfo where indexid=4543 
/
INSERT INTO HtmlNoteIndex values(4543,'手动添加') 
/
INSERT INTO HtmlNoteInfo VALUES(4543,'手动添加',7) 
/
INSERT INTO HtmlNoteInfo VALUES(4543,'Manually add',8) 
/
INSERT INTO HtmlNoteInfo VALUES(4543,'手犹砑',9) 
/



delete from HtmlNoteIndex where id=4544 
/
delete from HtmlNoteInfo where indexid=4544 
/
INSERT INTO HtmlNoteIndex values(4544,'显示：') 
/
INSERT INTO HtmlNoteInfo VALUES(4544,'显示：',7) 
/
INSERT INTO HtmlNoteInfo VALUES(4544,'Display:',8) 
/
INSERT INTO HtmlNoteInfo VALUES(4544,'@示：',9) 
/



delete from HtmlNoteIndex where id=4545 
/
delete from HtmlNoteInfo where indexid=4545 
/
INSERT INTO HtmlNoteIndex values(4545,'值：') 
/
INSERT INTO HtmlNoteInfo VALUES(4545,'值：',7) 
/
INSERT INTO HtmlNoteInfo VALUES(4545,'Value:',8) 
/
INSERT INTO HtmlNoteInfo VALUES(4545,'值：',9) 
/



delete from HtmlNoteIndex where id=4546 
/
delete from HtmlNoteInfo where indexid=4546 
/
INSERT INTO HtmlNoteIndex values(4546,'信息设置不完整，请添加选项') 
/
INSERT INTO HtmlNoteInfo VALUES(4546,'信息设置不完整，请添加选项',7) 
/
INSERT INTO HtmlNoteInfo VALUES(4546,'Information is not complete, please add options',8) 
/
INSERT INTO HtmlNoteInfo VALUES(4546,'信息O置不完整，添加x',9) 
/



delete from HtmlNoteIndex where id=4547 
/
delete from HtmlNoteInfo where indexid=4547 
/
INSERT INTO HtmlNoteIndex values(4547,'生成select') 
/
INSERT INTO HtmlNoteInfo VALUES(4547,'生成select',7) 
/
INSERT INTO HtmlNoteInfo VALUES(4547,'Generate select',8) 
/
INSERT INTO HtmlNoteInfo VALUES(4547,'生成select',9) 
/


 
  delete from HtmlNoteIndex where id=4548 
/
delete from HtmlNoteInfo where indexid=4548 
/
INSERT INTO HtmlNoteIndex values(4548,'选择类型：') 
/
INSERT INTO HtmlNoteInfo VALUES(4548,'选择类型：',7) 
/
INSERT INTO HtmlNoteInfo VALUES(4548,'Select type:',8) 
/
INSERT INTO HtmlNoteInfo VALUES(4548,'x耦型：',9) 
/
 

delete from HtmlNoteIndex where id=4549 
/
delete from HtmlNoteInfo where indexid=4549 
/
INSERT INTO HtmlNoteIndex values(4549,'单选') 
/
INSERT INTO HtmlNoteInfo VALUES(4549,'单选',7) 
/
INSERT INTO HtmlNoteInfo VALUES(4549,'Radio',8) 
/
INSERT INTO HtmlNoteInfo VALUES(4549,'芜x',9) 
/


delete from HtmlNoteIndex where id=4550 
/
delete from HtmlNoteInfo where indexid=4550 
/
INSERT INTO HtmlNoteIndex values(4550,'多选') 
/
INSERT INTO HtmlNoteInfo VALUES(4550,'多选',7) 
/
INSERT INTO HtmlNoteInfo VALUES(4550,'Checkbox',8) 
/
INSERT INTO HtmlNoteInfo VALUES(4550,'多x',9) 
/


delete from HtmlNoteIndex where id=4551 
/
delete from HtmlNoteInfo where indexid=4551 
/
INSERT INTO HtmlNoteIndex values(4551,'变量裁定') 
/
INSERT INTO HtmlNoteInfo VALUES(4551,'变量裁定',7) 
/
INSERT INTO HtmlNoteInfo VALUES(4551,'Variable ruling',8) 
/
INSERT INTO HtmlNoteInfo VALUES(4551,'量裁定',9) 
/


delete from HtmlNoteIndex where id=4552 
/
delete from HtmlNoteInfo where indexid=4552 
/
INSERT INTO HtmlNoteIndex values(4552,'插件样式：') 
/
INSERT INTO HtmlNoteInfo VALUES(4552,'插件样式：',7) 
/
INSERT INTO HtmlNoteInfo VALUES(4552,'Plug-in style:',8) 
/
INSERT INTO HtmlNoteInfo VALUES(4552,'插件邮剑',9) 
/


delete from HtmlNoteIndex where id=4553 
/
delete from HtmlNoteInfo where indexid=4553 
/
INSERT INTO HtmlNoteIndex values(4553,'纵向排列') 
/
INSERT INTO HtmlNoteInfo VALUES(4553,'纵向排列',7) 
/
INSERT INTO HtmlNoteInfo VALUES(4553,'Vertical arrangement',8) 
/
INSERT INTO HtmlNoteInfo VALUES(4553,'v向排列',9) 
/



delete from HtmlNoteIndex where id=4554 
/
delete from HtmlNoteInfo where indexid=4554 
/
INSERT INTO HtmlNoteIndex values(4554,'横向排列') 
/
INSERT INTO HtmlNoteInfo VALUES(4554,'横向排列',7) 
/
INSERT INTO HtmlNoteInfo VALUES(4554,'Horizontal alignment',8) 
/
INSERT INTO HtmlNoteInfo VALUES(4554,'M向排列',9) 
/


delete from HtmlNoteIndex where id=4555 
/
delete from HtmlNoteInfo where indexid=4555 
/
INSERT INTO HtmlNoteIndex values(4555,'Check框') 
/
INSERT INTO HtmlNoteInfo VALUES(4555,'Check框',7) 
/
INSERT INTO HtmlNoteInfo VALUES(4555,'Check frame',8) 
/
INSERT INTO HtmlNoteInfo VALUES(4555,'Check框',9) 
/


delete from HtmlNoteIndex where id=4556 
/
delete from HtmlNoteInfo where indexid=4556 
/
INSERT INTO HtmlNoteIndex values(4556,'浏览按钮') 
/
INSERT INTO HtmlNoteInfo VALUES(4556,'浏览按钮',7) 
/
INSERT INTO HtmlNoteInfo VALUES(4556,'Browse button',8) 
/
INSERT INTO HtmlNoteInfo VALUES(4556,'浏[按o',9) 
/


delete from HtmlNoteIndex where id=4557 
/
delete from HtmlNoteInfo where indexid=4557 
/
INSERT INTO HtmlNoteIndex values(4557,'检索字段...') 
/
INSERT INTO HtmlNoteInfo VALUES(4557,'检索字段...',7) 
/
INSERT INTO HtmlNoteInfo VALUES(4557,'Search field...',8) 
/
INSERT INTO HtmlNoteInfo VALUES(4557,'z索字段...',9) 
/


delete from HtmlNoteIndex where id=4558 
/
delete from HtmlNoteInfo where indexid=4558 
/
INSERT INTO HtmlNoteIndex values(4558,'检索类型...') 
/
INSERT INTO HtmlNoteInfo VALUES(4558,'检索类型...',7) 
/
INSERT INTO HtmlNoteInfo VALUES(4558,'Search type...',8) 
/
INSERT INTO HtmlNoteInfo VALUES(4558,'z索型...',9) 
/


delete from HtmlNoteIndex where id=4559 
/
delete from HtmlNoteInfo where indexid=4559 
/
INSERT INTO HtmlNoteIndex values(4559,'表单按钮') 
/
INSERT INTO HtmlNoteInfo VALUES(4559,'表单按钮',7) 
/
INSERT INTO HtmlNoteInfo VALUES(4559,'Form button',8) 
/
INSERT INTO HtmlNoteInfo VALUES(4559,'表伟粹o',9) 
/


delete from HtmlNoteIndex where id=4560 
/
delete from HtmlNoteInfo where indexid=4560 
/
INSERT INTO HtmlNoteIndex values(4560,'语音字段') 
/
INSERT INTO HtmlNoteInfo VALUES(4560,'语音字段',7) 
/
INSERT INTO HtmlNoteInfo VALUES(4560,'Sound field',8) 
/
INSERT INTO HtmlNoteInfo VALUES(4560,'Z音字段',9) 
/


delete from HtmlNoteIndex where id=4561 
/
delete from HtmlNoteInfo where indexid=4561 
/
INSERT INTO HtmlNoteIndex values(4561,'语音') 
/
INSERT INTO HtmlNoteInfo VALUES(4561,'语音',7) 
/
INSERT INTO HtmlNoteInfo VALUES(4561,'Sound',8) 
/
INSERT INTO HtmlNoteInfo VALUES(4561,'Z音',9) 
/


delete from HtmlNoteIndex where id=4562 
/
delete from HtmlNoteInfo where indexid=4562 
/
INSERT INTO HtmlNoteIndex values(4562,'LBS字段') 
/
INSERT INTO HtmlNoteInfo VALUES(4562,'LBS字段',7) 
/
INSERT INTO HtmlNoteInfo VALUES(4562,'LBS field',8) 
/
INSERT INTO HtmlNoteInfo VALUES(4562,'LBS字段',9) 
/


delete from HtmlNoteIndex where id=4563 
/
delete from HtmlNoteInfo where indexid=4563 
/
INSERT INTO HtmlNoteIndex values(4563,'数据保存：') 
/
INSERT INTO HtmlNoteInfo VALUES(4563,'数据保存：',7) 
/
INSERT INTO HtmlNoteInfo VALUES(4563,'Data save:',8) 
/
INSERT INTO HtmlNoteInfo VALUES(4563,'保存：',9) 
/


delete from HtmlNoteIndex where id=4564 
/
delete from HtmlNoteInfo where indexid=4564 
/
INSERT INTO HtmlNoteIndex values(4564,'只保存经纬度') 
/
INSERT INTO HtmlNoteInfo VALUES(4564,'只保存经纬度',7) 
/
INSERT INTO HtmlNoteInfo VALUES(4564,'Only preserve the latitude and longitude',8) 
/
INSERT INTO HtmlNoteInfo VALUES(4564,'b保存度',9) 
/


delete from HtmlNoteIndex where id=4565 
/
delete from HtmlNoteInfo where indexid=4565 
/
INSERT INTO HtmlNoteIndex values(4565,'只保存地址中文名称') 
/
INSERT INTO HtmlNoteInfo VALUES(4565,'只保存地址中文名称',7) 
/
INSERT INTO HtmlNoteInfo VALUES(4565,'Save address Chinese name only',8) 
/
INSERT INTO HtmlNoteInfo VALUES(4565,'b保存地址中文名Q',9) 
/


delete from HtmlNoteIndex where id=4566 
/
delete from HtmlNoteInfo where indexid=4566 
/
INSERT INTO HtmlNoteIndex values(4566,'既保存经纬度，同时保存地址中文名称') 
/
INSERT INTO HtmlNoteInfo VALUES(4566,'既保存经纬度，同时保存地址中文名称',7) 
/
INSERT INTO HtmlNoteInfo VALUES(4566,'Both to preserve the latitude and longitude, while preserving the address of the Chinese name',8) 
/
INSERT INTO HtmlNoteInfo VALUES(4566,'既保存度，同r保存地址中文名Q',9) 
/


delete from HtmlNoteIndex where id=4567 
/
delete from HtmlNoteInfo where indexid=4567 
/
INSERT INTO HtmlNoteIndex values(4567,'中文名字段：') 
/
INSERT INTO HtmlNoteInfo VALUES(4567,'中文名字段：',7) 
/
INSERT INTO HtmlNoteInfo VALUES(4567,'Chinese name field:',8) 
/
INSERT INTO HtmlNoteInfo VALUES(4567,'中文名字段：',9) 
/


delete from HtmlNoteIndex where id=4568 
/
delete from HtmlNoteInfo where indexid=4568 
/
INSERT INTO HtmlNoteIndex values(4568,'定位类型：') 
/
INSERT INTO HtmlNoteInfo VALUES(4568,'定位类型：',7) 
/
INSERT INTO HtmlNoteInfo VALUES(4568,'Location type:',8) 
/
INSERT INTO HtmlNoteInfo VALUES(4568,'定位型：',9) 
/



delete from HtmlNoteIndex where id=4569 
/
delete from HtmlNoteInfo where indexid=4569 
/
INSERT INTO HtmlNoteIndex values(4569,'只显示当前位置，不显示周围热点') 
/
INSERT INTO HtmlNoteInfo VALUES(4569,'只显示当前位置，不显示周围热点',7) 
/
INSERT INTO HtmlNoteInfo VALUES(4569,'Only display the current location, do not show the hot spots around',8) 
/
INSERT INTO HtmlNoteInfo VALUES(4569,'b@示前位置，不@示周狳c',9) 
/


delete from HtmlNoteIndex where id=4570 
/
delete from HtmlNoteInfo where indexid=4570 
/
INSERT INTO HtmlNoteIndex values(4570,'显示当前位置和周围热点') 
/
INSERT INTO HtmlNoteInfo VALUES(4570,'显示当前位置和周围热点',7) 
/
INSERT INTO HtmlNoteInfo VALUES(4570,'Shows the current location and hot spots around',8) 
/
INSERT INTO HtmlNoteInfo VALUES(4570,'@示前位置和周狳c',9) 
/


delete from HtmlNoteIndex where id=4571 
/
delete from HtmlNoteInfo where indexid=4571 
/
INSERT INTO HtmlNoteIndex values(4571,'显示当前位置和周围热点，并允许改变位置') 
/
INSERT INTO HtmlNoteInfo VALUES(4571,'显示当前位置和周围热点，并允许改变位置',7) 
/
INSERT INTO HtmlNoteInfo VALUES(4571,'Displays the current location and around the hot spots, and allows to change the location',8) 
/
INSERT INTO HtmlNoteInfo VALUES(4571,'@示前位置和周狳c，并允S改位置',9) 
/



delete from HtmlNoteIndex where id=4572 
/
delete from HtmlNoteInfo where indexid=4572 
/
INSERT INTO HtmlNoteIndex values(4572,'搜索半径：') 
/
INSERT INTO HtmlNoteInfo VALUES(4572,'搜索半径：',7) 
/
INSERT INTO HtmlNoteInfo VALUES(4572,'Search radius:',8) 
/
INSERT INTO HtmlNoteInfo VALUES(4572,'搜索半剑',9) 
/


delete from HtmlNoteIndex where id=4573 
/
delete from HtmlNoteInfo where indexid=4573 
/
INSERT INTO HtmlNoteIndex values(4573,'热点个数：') 
/
INSERT INTO HtmlNoteInfo VALUES(4573,'热点个数：',7) 
/
INSERT INTO HtmlNoteInfo VALUES(4573,'Number of hot spots:',8) 
/
INSERT INTO HtmlNoteInfo VALUES(4573,'狳c担',9) 
/


delete from HtmlNoteIndex where id=4574 
/
delete from HtmlNoteInfo where indexid=4574 
/
INSERT INTO HtmlNoteIndex values(4574,'单击') 
/
INSERT INTO HtmlNoteInfo VALUES(4574,'单击',7) 
/
INSERT INTO HtmlNoteInfo VALUES(4574,'click',8) 
/
INSERT INTO HtmlNoteInfo VALUES(4574,'',9) 
/


delete from HtmlNoteIndex where id=4575 
/
delete from HtmlNoteInfo where indexid=4575 
/
INSERT INTO HtmlNoteIndex values(4575,'当前位置：') 
/
INSERT INTO HtmlNoteInfo VALUES(4575,'当前位置：',7) 
/
INSERT INTO HtmlNoteInfo VALUES(4575,'Current position:',8) 
/
INSERT INTO HtmlNoteInfo VALUES(4575,'前位置：',9) 
/


delete from HtmlNoteIndex where id=4576 
/
delete from HtmlNoteInfo where indexid=4576 
/
INSERT INTO HtmlNoteIndex values(4576,'如勾选该选项，则默认显示当前位置') 
/
INSERT INTO HtmlNoteInfo VALUES(4576,'如勾选该选项，则默认显示当前位置',7) 
/
INSERT INTO HtmlNoteInfo VALUES(4576,'If the check is checked, the current position is displayed by default.',8) 
/
INSERT INTO HtmlNoteInfo VALUES(4576,'如勾xx，t默J@示前位置',9) 
/


delete from HtmlNoteIndex where id=4577 
/
delete from HtmlNoteInfo where indexid=4577 
/
INSERT INTO HtmlNoteIndex values(4577,'拍照字段') 
/
INSERT INTO HtmlNoteInfo VALUES(4577,'拍照字段',7) 
/
INSERT INTO HtmlNoteInfo VALUES(4577,'Photo field',8) 
/
INSERT INTO HtmlNoteInfo VALUES(4577,'拍照字段',9) 
/


delete from HtmlNoteIndex where id=4578 
/
delete from HtmlNoteInfo where indexid=4578 
/
INSERT INTO HtmlNoteIndex values(4578,'拍照') 
/
INSERT INTO HtmlNoteInfo VALUES(4578,'拍照',7) 
/
INSERT INTO HtmlNoteInfo VALUES(4578,'photo',8) 
/
INSERT INTO HtmlNoteInfo VALUES(4578,'拍照',9) 
/


delete from HtmlNoteIndex where id=4579 
/
delete from HtmlNoteInfo where indexid=4579 
/
INSERT INTO HtmlNoteIndex values(4579,'是否压缩：') 
/
INSERT INTO HtmlNoteInfo VALUES(4579,'是否压缩：',7) 
/
INSERT INTO HtmlNoteInfo VALUES(4579,'Whether compression:',8) 
/
INSERT INTO HtmlNoteInfo VALUES(4579,'是否嚎s：',9) 
/
 




delete from HtmlNoteIndex where id=4580 
/
delete from HtmlNoteInfo where indexid=4580 
/
INSERT INTO HtmlNoteIndex values(4580,'质量-缩放') 
/
INSERT INTO HtmlNoteInfo VALUES(4580,'质量-缩放',7) 
/
INSERT INTO HtmlNoteInfo VALUES(4580,'Mass scale',8) 
/
INSERT INTO HtmlNoteInfo VALUES(4580,'|量-s放',9) 
/



 
  delete from HtmlNoteIndex where id=4581 
/
delete from HtmlNoteInfo where indexid=4581 
/
INSERT INTO HtmlNoteIndex values(4581,'附件字段') 
/
INSERT INTO HtmlNoteInfo VALUES(4581,'附件字段',7) 
/
INSERT INTO HtmlNoteInfo VALUES(4581,'Attachment field',8) 
/
INSERT INTO HtmlNoteInfo VALUES(4581,'附件字段',9) 
/ 


delete from HtmlNoteIndex where id=4582 
/
delete from HtmlNoteInfo where indexid=4582 
/
INSERT INTO HtmlNoteIndex values(4582,'请输入图片标题 / 描述（简化）') 
/
INSERT INTO HtmlNoteInfo VALUES(4582,'请输入图片标题 / 描述',7) 
/
INSERT INTO HtmlNoteInfo VALUES(4582,'Enter the picture title/description',8) 
/
INSERT INTO HtmlNoteInfo VALUES(4582,'入D片标} / 描述',9) 
/



delete from HtmlNoteIndex where id=4583 
/
delete from HtmlNoteInfo where indexid=4583 
/
INSERT INTO HtmlNoteIndex values(4583,'一个中文的名称，如：人员列表（简化）') 
/
INSERT INTO HtmlNoteInfo VALUES(4583,'一个中文的名称，如：人员列表',7) 
/
INSERT INTO HtmlNoteInfo VALUES(4583,'A name logo',8) 
/
INSERT INTO HtmlNoteInfo VALUES(4583,'一中文的名Q，如：人T列表',9) 
/

delete from HtmlNoteIndex where id=4585 
/
delete from HtmlNoteInfo where indexid=4585 
/
INSERT INTO HtmlNoteIndex values(4585,'列数：（简化2）') 
/
INSERT INTO HtmlNoteInfo VALUES(4585,'列数：',7) 
/
INSERT INTO HtmlNoteInfo VALUES(4585,'Cols:',8) 
/
INSERT INTO HtmlNoteInfo VALUES(4585,'列担',9) 
/



delete from HtmlNoteIndex where id=4586 
/
delete from HtmlNoteInfo where indexid=4586 
/
INSERT INTO HtmlNoteIndex values(4586,'如：175，此处缺省为插件高度（简化）') 
/
INSERT INTO HtmlNoteInfo VALUES(4586,'如：175，此处缺省为插件高度',7) 
/
INSERT INTO HtmlNoteInfo VALUES(4586,'Such as:175,default to plugin height',8) 
/
INSERT INTO HtmlNoteInfo VALUES(4586,'如：175，此缺省插件高度',9) 
/



delete from HtmlNoteIndex where id=4587 
/
delete from HtmlNoteInfo where indexid=4587 
/
INSERT INTO HtmlNoteIndex values(4587,'渐变色（简化）') 
/
INSERT INTO HtmlNoteInfo VALUES(4587,'渐变色',7) 
/
INSERT INTO HtmlNoteInfo VALUES(4587,'color',8) 
/
INSERT INTO HtmlNoteInfo VALUES(4587,'u色',9) 
/

delete from HtmlNoteIndex where id=4589 
/
delete from HtmlNoteInfo where indexid=4589 
/
INSERT INTO HtmlNoteIndex values(4589,'线条背景色（简化2）') 
/
INSERT INTO HtmlNoteInfo VALUES(4589,'线条背景色',7) 
/
INSERT INTO HtmlNoteInfo VALUES(4589,'BG Color',8) 
/
INSERT INTO HtmlNoteInfo VALUES(4589,'l背景色',9) 
/


delete from HtmlNoteIndex where id=4590 
/
delete from HtmlNoteInfo where indexid=4590 
/
INSERT INTO HtmlNoteIndex values(4590,'在来源中检索...(简化)') 
/
INSERT INTO HtmlNoteInfo VALUES(4590,'在来源中检索...',7) 
/
INSERT INTO HtmlNoteInfo VALUES(4590,'Search...',8) 
/
INSERT INTO HtmlNoteInfo VALUES(4590,'在碓粗z索...',9) 
/


delete from HtmlNoteIndex where id=4591 
/
delete from HtmlNoteInfo where indexid=4591 
/
INSERT INTO HtmlNoteIndex values(4591,'输入日期时间,例如{date} {time}（简化）') 
/
INSERT INTO HtmlNoteInfo VALUES(4591,'输入日期时间,例如{date} {time}',7) 
/
INSERT INTO HtmlNoteInfo VALUES(4591,'Such as:{time} {date}',8) 
/
INSERT INTO HtmlNoteInfo VALUES(4591,'入日期rg,例如{date} {time}',9) 
/


delete from HtmlNoteIndex where id=4592 
/
delete from HtmlNoteInfo where indexid=4592 
/
INSERT INTO HtmlNoteIndex values(4592,'数据链接') 
/
INSERT INTO HtmlNoteInfo VALUES(4592,'数据链接',7) 
/
INSERT INTO HtmlNoteInfo VALUES(4592,'Data link',8) 
/
INSERT INTO HtmlNoteInfo VALUES(4592,'接',9) 
/


delete from HtmlNoteIndex where id=4593 
/
delete from HtmlNoteInfo where indexid=4593 
/
INSERT INTO HtmlNoteIndex values(4593,'参数名称,如：userid（简化）') 
/
INSERT INTO HtmlNoteInfo VALUES(4593,'参数名称,如：userid',7) 
/
INSERT INTO HtmlNoteInfo VALUES(4593,'Such as:userid',8) 
/
INSERT INTO HtmlNoteInfo VALUES(4593,'得Q,如：userid',9) 
/


delete from HtmlNoteIndex where id=4594 
/
delete from HtmlNoteInfo where indexid=4594 
/
INSERT INTO HtmlNoteIndex values(4594,'查询条件,支持变量,如:id={id} and name={name}（简化）') 
/
INSERT INTO HtmlNoteInfo VALUES(4594,'查询条件,支持变量,如:id={id} and name={name}',7) 
/
INSERT INTO HtmlNoteInfo VALUES(4594,'Such as:id={id} and name={name}',8) 
/
INSERT INTO HtmlNoteInfo VALUES(4594,'查l件,支持量,如:id={id} and name={name}',9) 
/


delete from HtmlNoteIndex where id=4595 
/
delete from HtmlNoteInfo where indexid=4595 
/
INSERT INTO HtmlNoteIndex values(4595,'列显示名称（简化）') 
/
INSERT INTO HtmlNoteInfo VALUES(4595,'列显示名称',7) 
/
INSERT INTO HtmlNoteInfo VALUES(4595,'Display name',8) 
/
INSERT INTO HtmlNoteInfo VALUES(4595,'列@示名Q',9) 
/


delete from HtmlNoteIndex where id=4597 
/
delete from HtmlNoteInfo where indexid=4597 
/
INSERT INTO HtmlNoteIndex values(4597,'列宽（简化）') 
/
INSERT INTO HtmlNoteInfo VALUES(4597,'列宽',7) 
/
INSERT INTO HtmlNoteInfo VALUES(4597,'Width',8) 
/
INSERT INTO HtmlNoteInfo VALUES(4597,'列',9) 
/
 


delete from HtmlNoteIndex where id=4598 
/
delete from HtmlNoteInfo where indexid=4598 
/
INSERT INTO HtmlNoteIndex values(4598,'请求字符集：（简化）') 
/
INSERT INTO HtmlNoteInfo VALUES(4598,'请求字符集：',7) 
/
INSERT INTO HtmlNoteInfo VALUES(4598,'Charset:',8) 
/
INSERT INTO HtmlNoteInfo VALUES(4598,'求字符集：',9) 
/


delete from HtmlNoteIndex where id=4599 
/
delete from HtmlNoteInfo where indexid=4599 
/
INSERT INTO HtmlNoteIndex values(4599,'输入参数（修改）') 
/
INSERT INTO HtmlNoteInfo VALUES(4599,'输入参数',7) 
/
INSERT INTO HtmlNoteInfo VALUES(4599,'Input parameter',8) 
/
INSERT INTO HtmlNoteInfo VALUES(4599,'入',9) 
/

delete from HtmlNoteIndex where id=4600 
/
delete from HtmlNoteInfo where indexid=4600 
/
INSERT INTO HtmlNoteIndex values(4600,'进度条高度：（简化）') 
/
INSERT INTO HtmlNoteInfo VALUES(4600,'进度条高度：',7) 
/
INSERT INTO HtmlNoteInfo VALUES(4600,'Height:',8) 
/
INSERT INTO HtmlNoteInfo VALUES(4600,'M度l高度：',9) 
/



delete from HtmlNoteIndex where id=4601 
/
delete from HtmlNoteInfo where indexid=4601 
/
INSERT INTO HtmlNoteIndex values(4601,'显示百分比：（简化）') 
/
INSERT INTO HtmlNoteInfo VALUES(4601,'显示百分比：',7) 
/
INSERT INTO HtmlNoteInfo VALUES(4601,'Display percent:',8) 
/
INSERT INTO HtmlNoteInfo VALUES(4601,'@示百分比：',9) 
/


delete from HtmlNoteIndex where id=4602 
/
delete from HtmlNoteInfo where indexid=4602 
/
INSERT INTO HtmlNoteIndex values(4602,'百分比颜色：（简化）') 
/
INSERT INTO HtmlNoteInfo VALUES(4602,'百分比颜色：',7) 
/
INSERT INTO HtmlNoteInfo VALUES(4602,'Percent color:',8) 
/
INSERT INTO HtmlNoteInfo VALUES(4602,'百分比色：',9) 
/


delete from HtmlNoteIndex where id=4603 
/
delete from HtmlNoteInfo where indexid=4603 
/
INSERT INTO HtmlNoteIndex values(4603,'百分比大小：（简化）') 
/
INSERT INTO HtmlNoteInfo VALUES(4603,'百分比大小：',7) 
/
INSERT INTO HtmlNoteInfo VALUES(4603,'Percent size:',8) 
/
INSERT INTO HtmlNoteInfo VALUES(4603,'百分比大小：',9) 
/



delete from HtmlNoteIndex where id=4604 
/
delete from HtmlNoteInfo where indexid=4604 
/
INSERT INTO HtmlNoteIndex values(4604,'进度条背景色：（简化）') 
/
INSERT INTO HtmlNoteInfo VALUES(4604,'进度条背景色：',7) 
/
INSERT INTO HtmlNoteInfo VALUES(4604,'BG Color',8) 
/
INSERT INTO HtmlNoteInfo VALUES(4604,'M度l背景色：',9) 
/


delete from HtmlNoteIndex where id=4606 
/
delete from HtmlNoteInfo where indexid=4606 
/
INSERT INTO HtmlNoteIndex values(4606,'如：344，此处缺省则为页面宽度（简化2）') 
/
INSERT INTO HtmlNoteInfo VALUES(4606,'如：344，此处缺省则为页面宽度',7) 
/
INSERT INTO HtmlNoteInfo VALUES(4606,'Such as: 344,default to the page width',8) 
/
INSERT INTO HtmlNoteInfo VALUES(4606,'如：344，此缺省t面度',9) 
/


delete from HtmlNoteIndex where id=4607 
/
delete from HtmlNoteInfo where indexid=4607 
/
INSERT INTO HtmlNoteIndex values(4607,'所属表单：(修改)') 
/
INSERT INTO HtmlNoteInfo VALUES(4607,'所属表单：',7) 
/
INSERT INTO HtmlNoteInfo VALUES(4607,'Belong to form:',8) 
/
INSERT INTO HtmlNoteInfo VALUES(4607,'所俦危',9) 
/



delete from HtmlNoteIndex where id=4608 
/
delete from HtmlNoteInfo where indexid=4608 
/
INSERT INTO HtmlNoteIndex values(4608,'向前偏移，100（简化）') 
/
INSERT INTO HtmlNoteInfo VALUES(4608,'向前偏移，100',7) 
/
INSERT INTO HtmlNoteInfo VALUES(4608,'Forward ,100',8) 
/
INSERT INTO HtmlNoteInfo VALUES(4608,'向前偏移，100',9) 
/



delete from HtmlNoteIndex where id=4609 
/
delete from HtmlNoteInfo where indexid=4609 
/
INSERT INTO HtmlNoteIndex values(4609,'向后偏移，1（简化）') 
/
INSERT INTO HtmlNoteInfo VALUES(4609,'向后偏移，1',7) 
/
INSERT INTO HtmlNoteInfo VALUES(4609,'Backward ,1',8) 
/
INSERT INTO HtmlNoteInfo VALUES(4609,'向後偏移，1',9) 
/



 
  delete from HtmlNoteIndex where id=4610 
/
delete from HtmlNoteInfo where indexid=4610 
/
INSERT INTO HtmlNoteIndex values(4610,'最小值（简化）') 
/
INSERT INTO HtmlNoteInfo VALUES(4610,'最小值',7) 
/
INSERT INTO HtmlNoteInfo VALUES(4610,'Minimum',8) 
/
INSERT INTO HtmlNoteInfo VALUES(4610,'最小值',9) 
/
 

delete from HtmlNoteIndex where id=4611 
/
delete from HtmlNoteInfo where indexid=4611 
/
INSERT INTO HtmlNoteIndex values(4611,'最大值（简化）') 
/
INSERT INTO HtmlNoteInfo VALUES(4611,'最大值',7) 
/
INSERT INTO HtmlNoteInfo VALUES(4611,'Maximum',8) 
/
INSERT INTO HtmlNoteInfo VALUES(4611,'最大值',9) 
/


delete from HtmlNoteIndex where id=4612 
/
delete from HtmlNoteInfo where indexid=4612 
/
INSERT INTO HtmlNoteIndex values(4612,'一个中文的名称，如：时间轴（简化）') 
/
INSERT INTO HtmlNoteInfo VALUES(4612,'一个中文的名称，如：时间轴',7) 
/
INSERT INTO HtmlNoteInfo VALUES(4612,'Such as: time axis',8) 
/
INSERT INTO HtmlNoteInfo VALUES(4612,'一中文的名Q，如：rgS',9) 
/