delete from HtmlLabelIndex where id=383238 
/
delete from HtmlLabelInfo where indexid=383238 
/
INSERT INTO HtmlLabelIndex values(383238,'可选') 
/
INSERT INTO HtmlLabelInfo VALUES(383238,'可选',7) 
/
INSERT INTO HtmlLabelInfo VALUES(383238,'Optional',8) 
/
INSERT INTO HtmlLabelInfo VALUES(383238,'可x',9) 
/
delete from HtmlLabelIndex where id=383237 
/
delete from HtmlLabelInfo where indexid=383237 
/
INSERT INTO HtmlLabelIndex values(383237,'必需') 
/
INSERT INTO HtmlLabelInfo VALUES(383237,'必需',7) 
/
INSERT INTO HtmlLabelInfo VALUES(383237,'Required',8) 
/
INSERT INTO HtmlLabelInfo VALUES(383237,'必需',9) 
/
delete from HtmlLabelIndex where id=127578 
/
delete from HtmlLabelInfo where indexid=127578 
/
INSERT INTO HtmlLabelIndex values(127578,'示例：') 
/
INSERT INTO HtmlLabelInfo VALUES(127578,'示例：',7) 
/
INSERT INTO HtmlLabelInfo VALUES(127578,'Sample:',8) 
/
INSERT INTO HtmlLabelInfo VALUES(127578,'示例：',9) 
/
delete from HtmlLabelIndex where id=383240 
/
delete from HtmlLabelInfo where indexid=383240 
/
INSERT INTO HtmlLabelIndex values(383240,'返回：') 
/
INSERT INTO HtmlLabelInfo VALUES(383240,'返回：',7) 
/
INSERT INTO HtmlLabelInfo VALUES(383240,'Return:',8) 
/
INSERT INTO HtmlLabelInfo VALUES(383240,'返回：',9) 
/
delete from HtmlLabelIndex where id=383241 
/
delete from HtmlLabelInfo where indexid=383241 
/
INSERT INTO HtmlLabelIndex values(383241,'无返回值') 
/
INSERT INTO HtmlLabelInfo VALUES(383241,'无返回值',7) 
/
INSERT INTO HtmlLabelInfo VALUES(383241,'No return value',8) 
/
INSERT INTO HtmlLabelInfo VALUES(383241,'o返回值',9) 
/
delete from HtmlNoteIndex where id=4981 
/
delete from HtmlNoteInfo where indexid=4981 
/
INSERT INTO HtmlNoteIndex values(4981,'签名：') 
/
delete from HtmlNoteIndex where id=4982 
/
delete from HtmlNoteInfo where indexid=4982 
/
INSERT INTO HtmlNoteIndex values(4982,'描述：') 
/
delete from HtmlNoteIndex where id=4983 
/
delete from HtmlNoteInfo where indexid=4983 
/
INSERT INTO HtmlNoteIndex values(4983,'参数：') 
/
delete from HtmlNoteIndex where id=4984 
/
delete from HtmlNoteInfo where indexid=4984 
/
INSERT INTO HtmlNoteIndex values(4984,'无参数') 
/
INSERT INTO HtmlNoteInfo VALUES(4984,'无参数',7) 
/
INSERT INTO HtmlNoteInfo VALUES(4984,'No parameter',8) 
/
INSERT INTO HtmlNoteInfo VALUES(4984,'o',9) 
/
INSERT INTO HtmlNoteInfo VALUES(4983,'参数：',7) 
/
INSERT INTO HtmlNoteInfo VALUES(4983,'Parameter:',8) 
/
INSERT INTO HtmlNoteInfo VALUES(4983,'担',9) 
/
INSERT INTO HtmlNoteInfo VALUES(4982,'描述：',7) 
/
INSERT INTO HtmlNoteInfo VALUES(4982,'Description:',8) 
/
INSERT INTO HtmlNoteInfo VALUES(4982,'描述：',9) 
/
INSERT INTO HtmlNoteInfo VALUES(4981,'签名：',7) 
/
INSERT INTO HtmlNoteInfo VALUES(4981,'Signature:',8) 
/
INSERT INTO HtmlNoteInfo VALUES(4981,'名：',9) 
/
delete from HtmlLabelIndex where id=128937 
/
delete from HtmlLabelInfo where indexid=128937 
/
INSERT INTO HtmlLabelIndex values(128937,'请选择') 
/
INSERT INTO HtmlLabelInfo VALUES(128937,'请选择',7) 
/
INSERT INTO HtmlLabelInfo VALUES(128937,'please choose',8) 
/
INSERT INTO HtmlLabelInfo VALUES(128937,'x',9) 
/
delete from HtmlLabelIndex where id=383250 
/
delete from HtmlLabelInfo where indexid=383250 
/
INSERT INTO HtmlLabelIndex values(383250,'请输入要替换的字段值') 
/
INSERT INTO HtmlLabelInfo VALUES(383250,'请输入要替换的字段值',7) 
/
INSERT INTO HtmlLabelInfo VALUES(383250,'Please enter the field value to replace',8) 
/
INSERT INTO HtmlLabelInfo VALUES(383250,'入要替Q的字段值',9) 
/
delete from HtmlLabelIndex where id=127484 
/
delete from HtmlLabelInfo where indexid=127484 
/
INSERT INTO HtmlLabelIndex values(127484,'已复制到剪切板') 
/
INSERT INTO HtmlLabelInfo VALUES(127484,'已复制到剪切板',7) 
/
INSERT INTO HtmlLabelInfo VALUES(127484,'Copy to clipboard',8) 
/
INSERT INTO HtmlLabelInfo VALUES(127484,'已}制到剪切',9) 
/
delete from HtmlNoteIndex where id=4985 
/
delete from HtmlNoteInfo where indexid=4985 
/
INSERT INTO HtmlNoteIndex values(4985,'默认收起：') 
/
INSERT INTO HtmlNoteInfo VALUES(4985,'默认收起：',7) 
/
INSERT INTO HtmlNoteInfo VALUES(4985,'Default pack up:',8) 
/
INSERT INTO HtmlNoteInfo VALUES(4985,'默J收起：',9) 
/
delete from HtmlNoteIndex where id=4986 
/
delete from HtmlNoteInfo where indexid=4986 
/
INSERT INTO HtmlNoteIndex values(4986,'释放立即刷新') 
/
delete from HtmlNoteIndex where id=4987 
/
delete from HtmlNoteInfo where indexid=4987 
/
INSERT INTO HtmlNoteIndex values(4987,'正在刷新...') 
/
INSERT INTO HtmlNoteInfo VALUES(4987,'正在刷新...',7) 
/
INSERT INTO HtmlNoteInfo VALUES(4987,'refreshing...',8) 
/
INSERT INTO HtmlNoteInfo VALUES(4987,'正在刷新...',9) 
/
INSERT INTO HtmlNoteInfo VALUES(4986,'释放立即刷新',7) 
/
INSERT INTO HtmlNoteInfo VALUES(4986,'release to refresh',8) 
/
INSERT INTO HtmlNoteInfo VALUES(4986,'放立即刷新',9) 
/
delete from HtmlLabelIndex where id=383289 
/
delete from HtmlLabelInfo where indexid=383289 
/
INSERT INTO HtmlLabelIndex values(383289,'Emobile服务端地址，如：') 
/
INSERT INTO HtmlLabelInfo VALUES(383289,'Emobile服务端地址，如：',7) 
/
INSERT INTO HtmlLabelInfo VALUES(383289,'Emobile server address, such as:',8) 
/
INSERT INTO HtmlLabelInfo VALUES(383289,'Emobile服斩说刂罚如：',9) 
/
delete from HtmlNoteIndex where id=4696 
/
delete from HtmlNoteInfo where indexid=4696 
/
INSERT INTO HtmlNoteIndex values(4696,'点击复制') 
/
INSERT INTO HtmlNoteInfo VALUES(4696,'点击复制',7) 
/
INSERT INTO HtmlNoteInfo VALUES(4696,'Click Copy',8) 
/
INSERT INTO HtmlNoteInfo VALUES(4696,'c椭',9) 
/
delete from HtmlNoteIndex where id=4988 
/
delete from HtmlNoteInfo where indexid=4988 
/
INSERT INTO HtmlNoteIndex values(4988,'删除插件') 
/
delete from HtmlNoteIndex where id=4989 
/
delete from HtmlNoteInfo where indexid=4989 
/
INSERT INTO HtmlNoteIndex values(4989,'复制插件ID') 
/
INSERT INTO HtmlNoteInfo VALUES(4989,'复制插件ID',7) 
/
INSERT INTO HtmlNoteInfo VALUES(4989,'Copy plugin ID',8) 
/
INSERT INTO HtmlNoteInfo VALUES(4989,'椭撇寮ID',9) 
/
INSERT INTO HtmlNoteInfo VALUES(4988,'删除插件',7) 
/
INSERT INTO HtmlNoteInfo VALUES(4988,'Remove plugin',8) 
/
INSERT INTO HtmlNoteInfo VALUES(4988,'h除插件',9) 
/
delete from HtmlNoteIndex where id=3596 
/
delete from HtmlNoteInfo where indexid=3596 
/
INSERT INTO HtmlNoteIndex values(3596,'刷新') 
/
INSERT INTO HtmlNoteInfo VALUES(3596,'刷新',7) 
/
INSERT INTO HtmlNoteInfo VALUES(3596,'refresh',8) 
/
INSERT INTO HtmlNoteInfo VALUES(3596,'刷新',9) 
/
delete from HtmlNoteIndex where id=4991 
/
delete from HtmlNoteInfo where indexid=4991 
/
INSERT INTO HtmlNoteIndex values(4991,'回到首页') 
/
INSERT INTO HtmlNoteInfo VALUES(4991,'回到首页',7) 
/
INSERT INTO HtmlNoteInfo VALUES(4991,'Back to homepage',8) 
/
INSERT INTO HtmlNoteInfo VALUES(4991,'回到首',9) 
/
delete from HtmlNoteIndex where id=4992 
/
delete from HtmlNoteInfo where indexid=4992 
/
INSERT INTO HtmlNoteIndex values(4992,'该类控件在一个自定义页面中最多只能添加一个') 
/
INSERT INTO HtmlNoteInfo VALUES(4992,'该类控件在一个自定义页面中最多只能添加一个',7) 
/
INSERT INTO HtmlNoteInfo VALUES(4992,'This plugin can only add up to one in a custom page',8) 
/
INSERT INTO HtmlNoteInfo VALUES(4992,'控件在壹自定x面中最多只能添加壹',9) 
/
delete from HtmlLabelIndex where id=125333 
/
delete from HtmlLabelInfo where indexid=125333 
/
INSERT INTO HtmlLabelIndex values(125333,'选择文件') 
/
INSERT INTO HtmlLabelInfo VALUES(125333,'选择文件',7) 
/
INSERT INTO HtmlLabelInfo VALUES(125333,'Select file',8) 
/
INSERT INTO HtmlLabelInfo VALUES(125333,'x裎募',9) 
/
delete from HtmlLabelIndex where id=81992 
/
delete from HtmlLabelInfo where indexid=81992 
/
INSERT INTO HtmlLabelIndex values(81992,'选择文件格式不正确,请选择zip文件') 
/
INSERT INTO HtmlLabelInfo VALUES(81992,'选择文件格式不正确,请选择zip文件',7) 
/
INSERT INTO HtmlLabelInfo VALUES(81992,'Select the file format is not correct, select the zip file',8) 
/
INSERT INTO HtmlLabelInfo VALUES(81992,'x裎募格式不正确,xzip文件',9) 
/
delete from HtmlLabelIndex where id=127672 
/
delete from HtmlLabelInfo where indexid=127672 
/
INSERT INTO HtmlLabelIndex values(127672,'请先选择文件') 
/
INSERT INTO HtmlLabelInfo VALUES(127672,'请先选择文件',7) 
/
INSERT INTO HtmlLabelInfo VALUES(127672,'Please select a file',8) 
/
INSERT INTO HtmlLabelInfo VALUES(127672,'先x裎募',9) 
/
delete from HtmlNoteIndex where id=4856 
/
delete from HtmlNoteInfo where indexid=4856 
/
INSERT INTO HtmlNoteIndex values(4856,'示例SQL会覆盖现有的SQL，确认继续吗？') 
/
INSERT INTO HtmlNoteInfo VALUES(4856,'示例SQL会覆盖现有的SQL，确认继续吗？',7) 
/
INSERT INTO HtmlNoteInfo VALUES(4856,'The example SQL will cover the existing SQL, do you confirm to do this?',8) 
/
INSERT INTO HtmlNoteInfo VALUES(4856,'示例SQL覆wF有的SQL，_J^m幔',9) 
/
delete from HtmlLabelIndex where id=83157 
/
delete from HtmlLabelInfo where indexid=83157 
/
INSERT INTO HtmlLabelIndex values(83157,'附件上传目录未设置') 
/
INSERT INTO HtmlLabelInfo VALUES(83157,'附件上传目录未设置',7) 
/
INSERT INTO HtmlLabelInfo VALUES(83157,'The attachment upload directory is not set',8) 
/
INSERT INTO HtmlLabelInfo VALUES(83157,'附件上髂夸未O置',9) 
/
delete from HtmlNoteIndex where id=4315 
/
delete from HtmlNoteInfo where indexid=4315 
/
INSERT INTO HtmlNoteIndex values(4315,'请回复...') 
/
INSERT INTO HtmlNoteInfo VALUES(4315,'请回复...',7) 
/
INSERT INTO HtmlNoteInfo VALUES(4315,'Please reply...',8) 
/
INSERT INTO HtmlNoteInfo VALUES(4315,'回}...',9) 
/
delete from HtmlNoteIndex where id=4993 
/
delete from HtmlNoteInfo where indexid=4993 
/
INSERT INTO HtmlNoteIndex values(4993,'输入页面地址') 
/
INSERT INTO HtmlNoteInfo VALUES(4993,'输入页面地址',7) 
/
INSERT INTO HtmlNoteInfo VALUES(4993,'Enter page address',8) 
/
INSERT INTO HtmlNoteInfo VALUES(4993,'入面地址',9) 
/
delete from HtmlNoteIndex where id=4748 
/
delete from HtmlNoteInfo where indexid=4748 
/
INSERT INTO HtmlNoteIndex values(4748,'请输入检索项') 
/
INSERT INTO HtmlNoteInfo VALUES(4748,'请输入检索项',7) 
/
INSERT INTO HtmlNoteInfo VALUES(4748,'Please enter search item',8) 
/
INSERT INTO HtmlNoteInfo VALUES(4748,'入z索',9) 
/
delete from HtmlNoteIndex where id=4509 
/
delete from HtmlNoteInfo where indexid=4509 
/
INSERT INTO HtmlNoteIndex values(4509,'表') 
/
INSERT INTO HtmlNoteInfo VALUES(4509,'表',7) 
/
INSERT INTO HtmlNoteInfo VALUES(4509,'table',8) 
/
INSERT INTO HtmlNoteInfo VALUES(4509,'表',9) 
/
delete from HtmlNoteIndex where id=4994 
/
delete from HtmlNoteInfo where indexid=4994 
/
INSERT INTO HtmlNoteIndex values(4994,'语音已录制') 
/
delete from HtmlNoteIndex where id=4995 
/
delete from HtmlNoteInfo where indexid=4995 
/
INSERT INTO HtmlNoteIndex values(4995,'点击录制语音') 
/
INSERT INTO HtmlNoteInfo VALUES(4995,'点击录制语音',7) 
/
INSERT INTO HtmlNoteInfo VALUES(4995,'Click to record voice',8) 
/
INSERT INTO HtmlNoteInfo VALUES(4995,'c翡制Z音',9) 
/
INSERT INTO HtmlNoteInfo VALUES(4994,'语音已录制',7) 
/
INSERT INTO HtmlNoteInfo VALUES(4994,'Voice recorded',8) 
/
INSERT INTO HtmlNoteInfo VALUES(4994,'Z音已制',9) 
/




