delete from HtmlLabelIndex where id=124815 
/
delete from HtmlLabelInfo where indexid=124815 
/
INSERT INTO HtmlLabelIndex values(124815,'添加常用组') 
/
INSERT INTO HtmlLabelInfo VALUES(124815,'添加常用组',7) 
/
INSERT INTO HtmlLabelInfo VALUES(124815,'Add common set',8) 
/
INSERT INTO HtmlLabelInfo VALUES(124815,'添加常用M',9) 
/
INSERT INTO HtmlLabelInfo VALUES(124815,'添加常用M',12) 
/

delete from HtmlLabelIndex where id=124820 
/
delete from HtmlLabelInfo where indexid=124820 
/
INSERT INTO HtmlLabelIndex values(124820,'正在加载中...') 
/
INSERT INTO HtmlLabelInfo VALUES(124820,'正在加载中...',7) 
/
INSERT INTO HtmlLabelInfo VALUES(124820,'loading...',8) 
/
INSERT INTO HtmlLabelInfo VALUES(124820,'正在加d中...',9) 
/
INSERT INTO HtmlLabelInfo VALUES(124820,'正在加d中...',12) 
/

delete from HtmlLabelIndex where id=21781 
/
delete from HtmlLabelInfo where indexid=21781 
/
INSERT INTO HtmlLabelIndex values(21781,'流转设定') 
/
INSERT INTO HtmlLabelInfo VALUES(21781,'流转设定',7) 
/
INSERT INTO HtmlLabelInfo VALUES(21781,'Transfer Settings',8) 
/
INSERT INTO HtmlLabelInfo VALUES(21781,'流DO定',9) 
/
INSERT INTO HtmlLabelInfo VALUES(21781,'流DO定',12) 
/

delete from HtmlLabelIndex where id=21625 
/
delete from HtmlLabelInfo where indexid=21625 
/
INSERT INTO HtmlLabelIndex values(21625,'表单日志') 
/
INSERT INTO HtmlLabelInfo VALUES(21625,'表单日志',7) 
/
INSERT INTO HtmlLabelInfo VALUES(21625,'Form Log',8) 
/
INSERT INTO HtmlLabelInfo VALUES(21625,'表单日志',9) 
/
INSERT INTO HtmlLabelInfo VALUES(21625,'表单日志',12) 
/

delete from HtmlLabelIndex where id=1239 
/
delete from HtmlLabelInfo where indexid=1239 
/
INSERT INTO HtmlLabelIndex values(1239,'新建工作流') 
/
INSERT INTO HtmlLabelInfo VALUES(1239,'新建工作流',7) 
/
INSERT INTO HtmlLabelInfo VALUES(1239,'New Workflow',8) 
/
INSERT INTO HtmlLabelInfo VALUES(1239,'新建工作流',9) 
/
INSERT INTO HtmlLabelInfo VALUES(1239,'新建工作流',12) 
/

delete from HtmlLabelIndex where id=32818 
/
delete from HtmlLabelInfo where indexid=32818 
/
INSERT INTO HtmlLabelIndex values(32818,'新建微信') 
/
INSERT INTO HtmlLabelInfo VALUES(32818,'新建微信',7) 
/
INSERT INTO HtmlLabelInfo VALUES(32818,'New Wechat',8) 
/
INSERT INTO HtmlLabelInfo VALUES(32818,'新建微信',9) 
/
INSERT INTO HtmlLabelInfo VALUES(32818,'新建微信',12) 
/

delete from HtmlLabelIndex where id=16444 
/
delete from HtmlLabelInfo where indexid=16444 
/
INSERT INTO HtmlLabelIndex values(16444,'新建短信') 
/
INSERT INTO HtmlLabelInfo VALUES(16444,'新建短信',7) 
/
INSERT INTO HtmlLabelInfo VALUES(16444,'New Message',8) 
/
INSERT INTO HtmlLabelInfo VALUES(16444,'新建短信',9) 
/
INSERT INTO HtmlLabelInfo VALUES(16444,'新建短信',12) 
/

delete from HtmlLabelIndex where id=18818 
/
delete from HtmlLabelInfo where indexid=18818 
/
INSERT INTO HtmlLabelIndex values(18818,'超时设置') 
/
INSERT INTO HtmlLabelInfo VALUES(18818,'超时设置',7) 
/
INSERT INTO HtmlLabelInfo VALUES(18818,'Timeout Settings',8) 
/
INSERT INTO HtmlLabelInfo VALUES(18818,'超时设置',9) 
/
INSERT INTO HtmlLabelInfo VALUES(18818,'超时设置',12) 
/

delete from HtmlLabelIndex where id=18359 
/
delete from HtmlLabelInfo where indexid=18359 
/
INSERT INTO HtmlLabelIndex values(18359,'强制收回') 
/
INSERT INTO HtmlLabelInfo VALUES(18359,'强制收回',7) 
/
INSERT INTO HtmlLabelInfo VALUES(18359,'Mandatory Repossessed',8) 
/
INSERT INTO HtmlLabelInfo VALUES(18359,'强制收回',9) 
/
INSERT INTO HtmlLabelInfo VALUES(18359,'强制收回',12) 
/

delete from HtmlLabelIndex where id=23745 
/
delete from HtmlLabelInfo where indexid=23745 
/
INSERT INTO HtmlLabelIndex values(23745,'转办') 
/
INSERT INTO HtmlLabelInfo VALUES(23745,'转办',7) 
/
INSERT INTO HtmlLabelInfo VALUES(23745,'Transfer for handling',8) 
/
INSERT INTO HtmlLabelInfo VALUES(23745,'转办',9) 
/
INSERT INTO HtmlLabelInfo VALUES(23745,'转办',12) 
/

delete from HtmlLabelIndex where id=124824 
/
delete from HtmlLabelInfo where indexid=124824 
/
INSERT INTO HtmlLabelIndex values(124824,'您确定要删除当前流程吗?') 
/
INSERT INTO HtmlLabelInfo VALUES(124824,'您确定要删除当前流程吗?',7) 
/
INSERT INTO HtmlLabelInfo VALUES(124824,'Are you sure you want to delete the current process?',8) 
/
INSERT INTO HtmlLabelInfo VALUES(124824,'您确定要删除前流程?',9) 
/

delete from HtmlLabelIndex where id=124825 
/
delete from HtmlLabelInfo where indexid=124825 
/
INSERT INTO HtmlLabelIndex values(124825,'已有规则') 
/
INSERT INTO HtmlLabelInfo VALUES(124825,'已有规则',7) 
/
INSERT INTO HtmlLabelInfo VALUES(124825,'Existing rules',8) 
/
INSERT INTO HtmlLabelInfo VALUES(124825,'已有t',9) 
/

delete from HtmlLabelIndex where id=124826 
/
delete from HtmlLabelInfo where indexid=124826 
/
INSERT INTO HtmlLabelIndex values(124826,'按人力资源统计') 
/
INSERT INTO HtmlLabelInfo VALUES(124826,'按人力资源统计',7) 
/
INSERT INTO HtmlLabelInfo VALUES(124826,'According to the human resources statistics',8) 
/
INSERT INTO HtmlLabelInfo VALUES(124826,'按人力Y源y',9) 
/

delete from HtmlLabelIndex where id=124827 
/
delete from HtmlLabelInfo where indexid=124827 
/
INSERT INTO HtmlLabelIndex values(124827,'按分部统计') 
/
INSERT INTO HtmlLabelInfo VALUES(124827,'按分部统计',7) 
/
INSERT INTO HtmlLabelInfo VALUES(124827,'According to the division of statistical',8) 
/
INSERT INTO HtmlLabelInfo VALUES(124827,'按分部y',9) 
/

delete from HtmlLabelIndex where id=124828 
/
delete from HtmlLabelInfo where indexid=124828 
/
INSERT INTO HtmlLabelIndex values(124828,'超期时间') 
/
INSERT INTO HtmlLabelInfo VALUES(124828,'超期时间',7) 
/
INSERT INTO HtmlLabelInfo VALUES(124828,'Timeout time',8) 
/
INSERT INTO HtmlLabelInfo VALUES(124828,'超期rg',9) 
/

delete from HtmlLabelIndex where id=124829 
/
delete from HtmlLabelInfo where indexid=124829 
/
INSERT INTO HtmlLabelIndex values(124829,'次打印') 
/
INSERT INTO HtmlLabelInfo VALUES(124829,'次打印',7) 
/
INSERT INTO HtmlLabelInfo VALUES(124829,'Time to print',8) 
/
INSERT INTO HtmlLabelInfo VALUES(124829,'次打印',9) 
/

delete from HtmlNoteIndex where id=3649 
/
delete from HtmlNoteInfo where indexid=3649 
/
INSERT INTO HtmlNoteIndex values(3649,'快捷选择人员') 
/
INSERT INTO HtmlNoteInfo VALUES(3649,'快捷选择人员',7) 
/
INSERT INTO HtmlNoteInfo VALUES(3649,'Quick selection personnel',8) 
/
INSERT INTO HtmlNoteInfo VALUES(3649,'快捷x袢T',9) 
/

delete from HtmlNoteIndex where id=3650 
/
delete from HtmlNoteInfo where indexid=3650 
/
INSERT INTO HtmlNoteIndex values(3650,'正在加载中...') 
/
INSERT INTO HtmlNoteInfo VALUES(3650,'正在加载中...',7) 
/
INSERT INTO HtmlNoteInfo VALUES(3650,'loading...',8) 
/
INSERT INTO HtmlNoteInfo VALUES(3650,'正在加d中...',9) 
/

delete from HtmlNoteIndex where id=3651 
/
delete from HtmlNoteInfo where indexid=3651 
/
INSERT INTO HtmlNoteIndex values(3651,'添加常用组') 
/
INSERT INTO HtmlNoteInfo VALUES(3651,'添加常用组',7) 
/
INSERT INTO HtmlNoteInfo VALUES(3651,'Add common set',8) 
/
INSERT INTO HtmlNoteInfo VALUES(3651,'添加常用M',9) 
/

delete from HtmlNoteIndex where id=3652 
/
delete from HtmlNoteInfo where indexid=3652 
/
INSERT INTO HtmlNoteIndex values(3652,'在签字意见框中输入@可直接选择节点参与人') 
/
INSERT INTO HtmlNoteInfo VALUES(3652,'在签字意见框中输入@可直接选择节点参与人',7) 
/
INSERT INTO HtmlNoteInfo VALUES(3652,'In the signature opinion box input @ can direct participants to select nodes',8) 
/
INSERT INTO HtmlNoteInfo VALUES(3652,'在字意框中入@可直接x窆c⑴c人',9) 
/