delete from HtmlNoteIndex where id=4728 
/
delete from HtmlNoteInfo where indexid=4728 
/
INSERT INTO HtmlNoteIndex values(4728,'移动建模子表插件') 
/
delete from HtmlNoteIndex where id=4729 
/
delete from HtmlNoteInfo where indexid=4729 
/
INSERT INTO HtmlNoteIndex values(4729,'移动建模子表插件-表单信息') 
/
delete from HtmlNoteIndex where id=4730 
/
delete from HtmlNoteInfo where indexid=4730 
/
INSERT INTO HtmlNoteIndex values(4730,'移动建模子表插件-子表表名') 
/
delete from HtmlNoteIndex where id=4731 
/
delete from HtmlNoteInfo where indexid=4731 
/
INSERT INTO HtmlNoteIndex values(4731,'移动建模子表插件-关联字段') 
/
delete from HtmlNoteIndex where id=4732 
/
delete from HtmlNoteInfo where indexid=4732 
/
INSERT INTO HtmlNoteIndex values(4732,'移动建模子表插件-子表主键') 
/
delete from HtmlNoteIndex where id=4733 
/
delete from HtmlNoteInfo where indexid=4733 
/
INSERT INTO HtmlNoteIndex values(4733,'移动建模子表插件-数据控制') 
/
delete from HtmlNoteIndex where id=4734 
/
delete from HtmlNoteInfo where indexid=4734 
/
INSERT INTO HtmlNoteIndex values(4734,'移动建模子表插件-允许新增') 
/
delete from HtmlNoteIndex where id=4735 
/
delete from HtmlNoteInfo where indexid=4735 
/
INSERT INTO HtmlNoteIndex values(4735,'移动建模子表插件-允许修改') 
/
delete from HtmlNoteIndex where id=4736 
/
delete from HtmlNoteInfo where indexid=4736 
/
INSERT INTO HtmlNoteIndex values(4736,'移动建模子表插件-允许删除') 
/
delete from HtmlNoteIndex where id=4737 
/
delete from HtmlNoteInfo where indexid=4737 
/
INSERT INTO HtmlNoteIndex values(4737,'移动建模子表插件-热莞叨') 
/
delete from HtmlNoteIndex where id=4738 
/
delete from HtmlNoteInfo where indexid=4738 
/
INSERT INTO HtmlNoteIndex values(4738,'移动建模子表插件-内容高度提示信息') 
/
delete from HtmlNoteIndex where id=4739 
/
delete from HtmlNoteInfo where indexid=4739 
/
INSERT INTO HtmlNoteIndex values(4739,'移动建模子表插件-字段') 
/
delete from HtmlNoteIndex where id=4740 
/
delete from HtmlNoteInfo where indexid=4740 
/
INSERT INTO HtmlNoteIndex values(4740,'移动建模子表插件-显示名称') 
/
delete from HtmlNoteIndex where id=4741 
/
delete from HtmlNoteInfo where indexid=4741 
/
INSERT INTO HtmlNoteIndex values(4741,'移动建模子表插件-显示类型') 
/
delete from HtmlNoteIndex where id=4742 
/
delete from HtmlNoteInfo where indexid=4742 
/
INSERT INTO HtmlNoteIndex values(4742,'移动建模子表插件-字段类型') 
/
delete from HtmlNoteIndex where id=4743 
/
delete from HtmlNoteInfo where indexid=4743 
/
INSERT INTO HtmlNoteIndex values(4743,'移动建模子表插件-默认值') 
/
delete from HtmlNoteIndex where id=4744 
/
delete from HtmlNoteInfo where indexid=4744 
/
INSERT INTO HtmlNoteIndex values(4744,'移动建模子表插件-明细表') 
/
delete from HtmlNoteIndex where id=4745 
/
delete from HtmlNoteInfo where indexid=4745 
/
INSERT INTO HtmlNoteIndex values(4745,'移动建模子表插件-字段类型（小写）') 
/
delete from HtmlNoteIndex where id=4746 
/
delete from HtmlNoteInfo where indexid=4746 
/
INSERT INTO HtmlNoteIndex values(4746,'移动建模子表插件-列宽提示信息') 
/
delete from HtmlNoteIndex where id=4747 
/
delete from HtmlNoteInfo where indexid=4747 
/
INSERT INTO HtmlNoteIndex values(4747,'移动建模子表插件-单击右下角添加按钮添加明细字段') 
/
delete from HtmlNoteIndex where id=4755 
/
delete from HtmlNoteInfo where indexid=4755 
/
INSERT INTO HtmlNoteIndex values(4755,'移动建模子表插件-添加') 
/
delete from HtmlNoteIndex where id=4756 
/
delete from HtmlNoteInfo where indexid=4756 
/
INSERT INTO HtmlNoteIndex values(4756,'移动建模子表插件-h除') 
/
delete from HtmlNoteIndex where id=4757 
/
delete from HtmlNoteInfo where indexid=4757 
/
INSERT INTO HtmlNoteIndex values(4757,'移动建模子表插件-序号') 
/
INSERT INTO HtmlNoteInfo VALUES(4757,'序号',7) 
/
INSERT INTO HtmlNoteInfo VALUES(4757,'Num',8) 
/
INSERT INTO HtmlNoteInfo VALUES(4757,'序',9) 
/
INSERT INTO HtmlNoteInfo VALUES(4756,'h除',7) 
/
INSERT INTO HtmlNoteInfo VALUES(4756,'Delete',8) 
/
INSERT INTO HtmlNoteInfo VALUES(4756,'h除',9) 
/
INSERT INTO HtmlNoteInfo VALUES(4755,'添加',7) 
/
INSERT INTO HtmlNoteInfo VALUES(4755,'Add',8) 
/
INSERT INTO HtmlNoteInfo VALUES(4755,'添加',9) 
/
INSERT INTO HtmlNoteInfo VALUES(4747,'单击右下角添加按钮添加明细字段',7) 
/
INSERT INTO HtmlNoteInfo VALUES(4747,'Click the add button to add detail fields',8) 
/
INSERT INTO HtmlNoteInfo VALUES(4747,'粲蚁陆翘砑影粹o添加明字段',9) 
/
INSERT INTO HtmlNoteInfo VALUES(4746,'如:100,默认为100',7) 
/
INSERT INTO HtmlNoteInfo VALUES(4746,'Such as: 100, the default is 100',8) 
/
INSERT INTO HtmlNoteInfo VALUES(4746,'如:100,默J100',9) 
/
INSERT INTO HtmlNoteInfo VALUES(4745,'字段类型',7) 
/
INSERT INTO HtmlNoteInfo VALUES(4745,'Field type',8) 
/
INSERT INTO HtmlNoteInfo VALUES(4745,'字段型',9) 
/
INSERT INTO HtmlNoteInfo VALUES(4744,'明细表',7) 
/
INSERT INTO HtmlNoteInfo VALUES(4744,'DetailTable',8) 
/
INSERT INTO HtmlNoteInfo VALUES(4744,'明表',9) 
/
INSERT INTO HtmlNoteInfo VALUES(4743,'默认值',7) 
/
INSERT INTO HtmlNoteInfo VALUES(4743,'Default',8) 
/
INSERT INTO HtmlNoteInfo VALUES(4743,'默J值',9) 
/
INSERT INTO HtmlNoteInfo VALUES(4742,'字段类型',7) 
/
INSERT INTO HtmlNoteInfo VALUES(4742,'Field Type',8) 
/
INSERT INTO HtmlNoteInfo VALUES(4742,'字段型',9) 
/
INSERT INTO HtmlNoteInfo VALUES(4741,'显示类型',7) 
/
INSERT INTO HtmlNoteInfo VALUES(4741,'Show Type',8) 
/
INSERT INTO HtmlNoteInfo VALUES(4741,'@示型',9) 
/
INSERT INTO HtmlNoteInfo VALUES(4740,'显示名称',7) 
/
INSERT INTO HtmlNoteInfo VALUES(4740,'Field Label',8) 
/
INSERT INTO HtmlNoteInfo VALUES(4740,'@示名Q',9) 
/
INSERT INTO HtmlNoteInfo VALUES(4739,'字段',7) 
/
INSERT INTO HtmlNoteInfo VALUES(4739,'Field Name',8) 
/
INSERT INTO HtmlNoteInfo VALUES(4739,'字段',9) 
/
INSERT INTO HtmlNoteInfo VALUES(4738,'如:300,缺省为内容高度',7) 
/
INSERT INTO HtmlNoteInfo VALUES(4738,'Such as: 300, the default height for content',8) 
/
INSERT INTO HtmlNoteInfo VALUES(4738,'如:300,缺省热莞叨',9) 
/
INSERT INTO HtmlNoteInfo VALUES(4737,'内容高度',7) 
/
INSERT INTO HtmlNoteInfo VALUES(4737,'Content height',8) 
/
INSERT INTO HtmlNoteInfo VALUES(4737,'热莞叨',9) 
/
INSERT INTO HtmlNoteInfo VALUES(4736,'允许删除',7) 
/
INSERT INTO HtmlNoteInfo VALUES(4736,'allow delete',8) 
/
INSERT INTO HtmlNoteInfo VALUES(4736,'允Sh除',9) 
/
INSERT INTO HtmlNoteInfo VALUES(4735,'允许修改',7) 
/
INSERT INTO HtmlNoteInfo VALUES(4735,'allow modify',8) 
/
INSERT INTO HtmlNoteInfo VALUES(4735,'允S修改',9) 
/
INSERT INTO HtmlNoteInfo VALUES(4734,'允许新增',7) 
/
INSERT INTO HtmlNoteInfo VALUES(4734,'allow add',8) 
/
INSERT INTO HtmlNoteInfo VALUES(4734,'允S新增',9) 
/
INSERT INTO HtmlNoteInfo VALUES(4733,'数据控制',7) 
/
INSERT INTO HtmlNoteInfo VALUES(4733,'Data permission',8) 
/
INSERT INTO HtmlNoteInfo VALUES(4733,'控制',9) 
/
INSERT INTO HtmlNoteInfo VALUES(4732,'子表主键',7) 
/
INSERT INTO HtmlNoteInfo VALUES(4732,'Primary key',8) 
/
INSERT INTO HtmlNoteInfo VALUES(4732,'子表主I',9) 
/
INSERT INTO HtmlNoteInfo VALUES(4731,'关联字段',7) 
/
INSERT INTO HtmlNoteInfo VALUES(4731,'Relate key',8) 
/
INSERT INTO HtmlNoteInfo VALUES(4731,'P字段',9) 
/
INSERT INTO HtmlNoteInfo VALUES(4730,'子表表名',7) 
/
INSERT INTO HtmlNoteInfo VALUES(4730,'Detail table name',8) 
/
INSERT INTO HtmlNoteInfo VALUES(4730,'子表表名',9) 
/
INSERT INTO HtmlNoteInfo VALUES(4729,'表单信息',7) 
/
INSERT INTO HtmlNoteInfo VALUES(4729,'Detail Form Info',8) 
/
INSERT INTO HtmlNoteInfo VALUES(4729,'表涡畔',9) 
/
INSERT INTO HtmlNoteInfo VALUES(4728,'所属主表',7) 
/
INSERT INTO HtmlNoteInfo VALUES(4728,'Main table',8) 
/
INSERT INTO HtmlNoteInfo VALUES(4728,'所僦鞅',9) 
/
delete from HtmlLabelIndex where id=130658 
/
delete from HtmlLabelInfo where indexid=130658 
/
INSERT INTO HtmlLabelIndex values(130658,'移动建模子表插件-明细表') 
/
delete from HtmlLabelIndex where id=130662 
/
delete from HtmlLabelInfo where indexid=130662 
/
INSERT INTO HtmlLabelIndex values(130662,'移动建模子表插件-添加') 
/
delete from HtmlLabelIndex where id=130663 
/
delete from HtmlLabelInfo where indexid=130663 
/
INSERT INTO HtmlLabelIndex values(130663,'移动建模子表插件-删除') 
/
delete from HtmlLabelIndex where id=130664 
/
delete from HtmlLabelInfo where indexid=130664 
/
INSERT INTO HtmlLabelIndex values(130664,'移动建模子表插件-序号') 
/
INSERT INTO HtmlLabelInfo VALUES(130664,'序号',7) 
/
INSERT INTO HtmlLabelInfo VALUES(130664,'Num',8) 
/
INSERT INTO HtmlLabelInfo VALUES(130664,'序',9) 
/
INSERT INTO HtmlLabelInfo VALUES(130663,'删除',7) 
/
INSERT INTO HtmlLabelInfo VALUES(130663,'Delete',8) 
/
INSERT INTO HtmlLabelInfo VALUES(130663,'h除',9) 
/
INSERT INTO HtmlLabelInfo VALUES(130662,'添加',7) 
/
INSERT INTO HtmlLabelInfo VALUES(130662,'Add',8) 
/
INSERT INTO HtmlLabelInfo VALUES(130662,'添加',9) 
/
INSERT INTO HtmlLabelInfo VALUES(130658,'明细表',7) 
/
INSERT INTO HtmlLabelInfo VALUES(130658,'DetailTable',8) 
/
INSERT INTO HtmlLabelInfo VALUES(130658,'明表',9) 
/