delete from HtmlLabelIndex where id=18758 
/
delete from HtmlLabelInfo where indexid=18758 
/
INSERT INTO HtmlLabelIndex values(18758,'保存成功') 
/
INSERT INTO HtmlLabelInfo VALUES(18758,'保存成功',7) 
/
INSERT INTO HtmlLabelInfo VALUES(18758,'Save Sucessfully',8) 
/
INSERT INTO HtmlLabelInfo VALUES(18758,'保存成功',9) 
/
INSERT INTO HtmlLabelInfo VALUES(18758,'',12) 
/
delete from HtmlLabelIndex where id=1340 
/
delete from HtmlLabelInfo where indexid=1340 
/
INSERT INTO HtmlLabelIndex values(1340,'所有人') 
/
INSERT INTO HtmlLabelInfo VALUES(1340,'所有人',7) 
/
INSERT INTO HtmlLabelInfo VALUES(1340,'All',8) 
/
INSERT INTO HtmlLabelInfo VALUES(1340,'所有人',9) 
/
INSERT INTO HtmlLabelInfo VALUES(1340,'所有人',12) 
/

delete from HtmlLabelIndex where id=124848 
/
delete from HtmlLabelInfo where indexid=124848 
/
INSERT INTO HtmlLabelIndex values(124848,'新建模版样式维护') 
/
INSERT INTO HtmlLabelInfo VALUES(124848,'新建模版样式维护',7) 
/
INSERT INTO HtmlLabelInfo VALUES(124848,'New template style maintenance',8) 
/
INSERT INTO HtmlLabelInfo VALUES(124848,'新建模版邮骄So',9) 
/
INSERT INTO HtmlLabelInfo VALUES(124848,'新建模版邮骄So',12) 
/

delete from HtmlNoteIndex where id=3656 
/
delete from HtmlNoteInfo where indexid=3656 
/
INSERT INTO HtmlNoteIndex values(3656,'无匹配的结果显示') 
/
INSERT INTO HtmlNoteInfo VALUES(3656,'无匹配的结果显示',7) 
/
INSERT INTO HtmlNoteInfo VALUES(3656,'No matching results are shown',8) 
/
INSERT INTO HtmlNoteInfo VALUES(3656,'o匹配的Y果@示',9) 
/
INSERT INTO HtmlNoteInfo VALUES(3656,'o匹配的Y果@示',12) 
/

delete from HtmlLabelIndex where id=608 
/
delete from HtmlLabelInfo where indexid=608 
/
INSERT INTO HtmlLabelIndex values(608,'文本') 
/
INSERT INTO HtmlLabelInfo VALUES(608,'文本',7) 
/
INSERT INTO HtmlLabelInfo VALUES(608,'Text',8) 
/
INSERT INTO HtmlLabelInfo VALUES(608,'文本',9) 
/
delete from HtmlLabelIndex where id=19471 
/
delete from HtmlLabelInfo where indexid=19471 
/
INSERT INTO HtmlLabelIndex values(19471,'模板类型') 
/
INSERT INTO HtmlLabelInfo VALUES(19471,'模板类型',7) 
/
INSERT INTO HtmlLabelInfo VALUES(19471,'Mould Type',8) 
/
INSERT INTO HtmlLabelInfo VALUES(19471,'本型',9) 
/
delete from HtmlLabelIndex where id=18624 
/
delete from HtmlLabelInfo where indexid=18624 
/
INSERT INTO HtmlLabelIndex values(18624,'是否启用') 
/
INSERT INTO HtmlLabelInfo VALUES(18624,'是否启用',7) 
/
INSERT INTO HtmlLabelInfo VALUES(18624,'Use Or Not',8) 
/
INSERT INTO HtmlLabelInfo VALUES(18624,'是否用',9) 
/
