delete from HtmlLabelIndex where id=126091 
/
delete from HtmlLabelInfo where indexid=126091 
/
INSERT INTO HtmlLabelIndex values(126091,'分享') 
/
INSERT INTO HtmlLabelInfo VALUES(126091,'分享',7) 
/
INSERT INTO HtmlLabelInfo VALUES(126091,'share',8) 
/
INSERT INTO HtmlLabelInfo VALUES(126091,'分享',9) 
/

delete from HtmlLabelIndex where id=6072 
/
delete from HtmlLabelInfo where indexid=6072 
/
INSERT INTO HtmlLabelIndex values(6072,'打分') 
/
INSERT INTO HtmlLabelInfo VALUES(6072,'打分',7) 
/
INSERT INTO HtmlLabelInfo VALUES(6072,'Mark',8) 
/
INSERT INTO HtmlLabelInfo VALUES(6072,'打分',9) 
/

delete from HtmlLabelIndex where id=83562 
/
delete from HtmlLabelInfo where indexid=83562 
/
INSERT INTO HtmlLabelIndex values(83562,'所有者') 
/
INSERT INTO HtmlLabelInfo VALUES(83562,'所有者',7) 
/
INSERT INTO HtmlLabelInfo VALUES(83562,'Owner',8) 
/
INSERT INTO HtmlLabelInfo VALUES(83562,'所有者',9) 
/

delete from HtmlLabelIndex where id=603 
/
delete from HtmlLabelInfo where indexid=603 
/
INSERT INTO HtmlLabelIndex values(603,'等级') 
/
INSERT INTO HtmlLabelInfo VALUES(603,'等级',7) 
/
INSERT INTO HtmlLabelInfo VALUES(603,'Grade',8) 
/
INSERT INTO HtmlLabelInfo VALUES(603,'等',9) 
/

delete from HtmlLabelIndex where id=26182 
/
delete from HtmlLabelInfo where indexid=26182 
/
INSERT INTO HtmlLabelIndex values(26182,'积分') 
/
INSERT INTO HtmlLabelInfo VALUES(26182,'积分',7) 
/
INSERT INTO HtmlLabelInfo VALUES(26182,'Integral',8) 
/
INSERT INTO HtmlLabelInfo VALUES(26182,'e分',9) 
/

delete from HtmlLabelIndex where id=126835 
/
delete from HtmlLabelInfo where indexid=126835 
/
INSERT INTO HtmlLabelIndex values(126835,'文档路径')
/
INSERT INTO HtmlLabelInfo VALUES(126835,'文档路径',7) 
/
INSERT INTO HtmlLabelInfo VALUES(126835,'Document URL',8) 
/
INSERT INTO HtmlLabelInfo VALUES(126835,'文n路',9) 
/

delete from HtmlLabelIndex where id=1340 
/
delete from HtmlLabelInfo where indexid=1340 
/
INSERT INTO HtmlLabelIndex values(1340,'所有人') 
/
INSERT INTO HtmlLabelInfo VALUES(1340,'所有人',7) 
/
INSERT INTO HtmlLabelInfo VALUES(1340,'All',8) 
/
INSERT INTO HtmlLabelInfo VALUES(1340,'所有人',9) 
/

delete from HtmlLabelIndex where id=126836 
/
delete from HtmlLabelInfo where indexid=126836 
/
INSERT INTO HtmlLabelIndex values(126836,'分享人员') 
/
INSERT INTO HtmlLabelInfo VALUES(126836,'分享人员',7) 
/
INSERT INTO HtmlLabelInfo VALUES(126836,'share person',8) 
/
INSERT INTO HtmlLabelInfo VALUES(126836,'分享人T',9) 
/

delete from HtmlLabelIndex where id=126837 
/
delete from HtmlLabelInfo where indexid=126837 
/
INSERT INTO HtmlLabelIndex values(126837,'按组织架构选人') 
/
INSERT INTO HtmlLabelInfo VALUES(126837,'按组织架构选人',7) 
/
INSERT INTO HtmlLabelInfo VALUES(126837,'choose person by organization',8) 
/
INSERT INTO HtmlLabelInfo VALUES(126837,'按M架x人',9) 
/

delete from HtmlLabelIndex where id=126838 
/
delete from HtmlLabelInfo where indexid=126838 
/
INSERT INTO HtmlLabelIndex values(126838,'分享原因') 
/
INSERT INTO HtmlLabelInfo VALUES(126838,'分享原因',7) 
/
INSERT INTO HtmlLabelInfo VALUES(126838,'share reason',8) 
/
INSERT INTO HtmlLabelInfo VALUES(126838,'分享原因',9) 
/

delete from HtmlLabelIndex where id=126839 
/
delete from HtmlLabelInfo where indexid=126839 
/
INSERT INTO HtmlLabelIndex values(126839,'文档分享') 
/
INSERT INTO HtmlLabelInfo VALUES(126839,'文档分享',7) 
/
INSERT INTO HtmlLabelInfo VALUES(126839,'Document Share',8) 
/
INSERT INTO HtmlLabelInfo VALUES(126839,'文n分享',9) 
/

delete from HtmlLabelIndex where id=33368 
/
delete from HtmlLabelInfo where indexid=33368 
/
INSERT INTO HtmlLabelIndex values(33368,'内容') 
/
INSERT INTO HtmlLabelInfo VALUES(33368,'内容',7) 
/
INSERT INTO HtmlLabelInfo VALUES(33368,'content',8) 
/
INSERT INTO HtmlLabelInfo VALUES(33368,'内容',9) 
/

delete from HtmlNoteIndex where id=4089 
/
delete from HtmlNoteInfo where indexid=4089 
/
INSERT INTO HtmlNoteIndex values(4089,'请选择要分享的人员') 
/
INSERT INTO HtmlNoteInfo VALUES(4089,'请选择要分享的人员',7) 
/
INSERT INTO HtmlNoteInfo VALUES(4089,'Please choose to share',8) 
/
INSERT INTO HtmlNoteInfo VALUES(4089,'x褚分享的人T',9) 
/

delete from HtmlLabelIndex where id=26173 
/
delete from HtmlLabelInfo where indexid=26173 
/
INSERT INTO HtmlLabelIndex values(26173,'流程创建失败') 
/
INSERT INTO HtmlLabelInfo VALUES(26173,'流程创建失败',7) 
/
INSERT INTO HtmlLabelInfo VALUES(26173,'Failed to create process',8) 
/
INSERT INTO HtmlLabelInfo VALUES(26173,'流程建失',9) 
/

delete from HtmlLabelIndex where id=19327 
/
delete from HtmlLabelInfo where indexid=19327 
/
INSERT INTO HtmlLabelIndex values(19327,'数据异常') 
/
INSERT INTO HtmlLabelInfo VALUES(19327,'数据异常',7) 
/
INSERT INTO HtmlLabelInfo VALUES(19327,'data error',8) 
/
INSERT INTO HtmlLabelInfo VALUES(19327,'常',9) 
/

delete from HtmlLabelIndex where id=82879 
/
delete from HtmlLabelInfo where indexid=82879 
/
INSERT INTO HtmlLabelIndex values(82879,'请检查网络') 
/
INSERT INTO HtmlLabelInfo VALUES(82879,'请检查网络',7) 
/
INSERT INTO HtmlLabelInfo VALUES(82879,'Please check the network',8) 
/
INSERT INTO HtmlLabelInfo VALUES(82879,'z查Wj',9) 
/

delete from HtmlLabelIndex where id=23529 
/
delete from HtmlLabelInfo where indexid=23529 
/
INSERT INTO HtmlLabelIndex values(23529,'积分值不够') 
/
INSERT INTO HtmlLabelInfo VALUES(23529,'积分值不够',7) 
/
INSERT INTO HtmlLabelInfo VALUES(23529,'The balance of point is not enough',8) 
/
INSERT INTO HtmlLabelInfo VALUES(23529,'积分值不够',9) 
/

delete from HtmlLabelIndex where id=126840 
/
delete from HtmlLabelInfo where indexid=126840 
/
INSERT INTO HtmlLabelIndex values(126840,'下载附件扣取积分数') 
/
INSERT INTO HtmlLabelInfo VALUES(126840,'下载附件扣取积分数',7) 
/
INSERT INTO HtmlLabelInfo VALUES(126840,'load file minus score',8) 
/
INSERT INTO HtmlLabelInfo VALUES(126840,'下d附件扣取e分',9) 
/