insert into SystemRights (id,rightdesc,righttype) values (808,'COA段值维护','2') 
/

insert into SystemRightsLanguage (id,languageid,rightname,rightdesc) values (808,9,'COA段值So','COA段值So') 
/
insert into SystemRightsLanguage (id,languageid,rightname,rightdesc) values (808,7,'COA段值维护','COA段值维护') 
/
insert into SystemRightsLanguage (id,languageid,rightname,rightdesc) values (808,8,'COA Maintenance','COA Maintenance') 
/

insert into SystemRightDetail (id,rightdetailname,rightdetail,rightid) values (4319,'COA段值维护','coaset:all',808) 
/
 


delete from HtmlLabelIndex where id=22087 
/
delete from HtmlLabelInfo where indexid=22087 
/
INSERT INTO HtmlLabelIndex values(22087,'晶澳借款单') 
/
delete from HtmlLabelIndex where id=22092 
/
delete from HtmlLabelInfo where indexid=22092 
/
INSERT INTO HtmlLabelIndex values(22092,'预支金额小写') 
/
delete from HtmlLabelIndex where id=22104 
/
delete from HtmlLabelInfo where indexid=22104 
/
INSERT INTO HtmlLabelIndex values(22104,'金额大写') 
/
delete from HtmlLabelIndex where id=22100 
/
delete from HtmlLabelInfo where indexid=22100 
/
INSERT INTO HtmlLabelIndex values(22100,'相关借款流程') 
/
delete from HtmlLabelIndex where id=22095 
/
delete from HtmlLabelInfo where indexid=22095 
/
INSERT INTO HtmlLabelIndex values(22095,'银行信息') 
/
delete from HtmlLabelIndex where id=22094 
/
delete from HtmlLabelInfo where indexid=22094 
/
INSERT INTO HtmlLabelIndex values(22094,'记账日期') 
/
delete from HtmlLabelIndex where id=22093 
/
delete from HtmlLabelInfo where indexid=22093 
/
INSERT INTO HtmlLabelIndex values(22093,'预支金额大写') 
/
delete from HtmlLabelIndex where id=22088 
/
delete from HtmlLabelInfo where indexid=22088 
/
INSERT INTO HtmlLabelIndex values(22088,'晶澳还款单') 
/
delete from HtmlLabelIndex where id=22103 
/
delete from HtmlLabelInfo where indexid=22103 
/
INSERT INTO HtmlLabelIndex values(22103,'金额小写') 
/
delete from HtmlLabelIndex where id=22107 
/
delete from HtmlLabelInfo where indexid=22107 
/
INSERT INTO HtmlLabelIndex values(22107,'费用类型') 
/
delete from HtmlLabelIndex where id=22106 
/
delete from HtmlLabelInfo where indexid=22106 
/
INSERT INTO HtmlLabelIndex values(22106,'相关借款单') 
/
delete from HtmlLabelIndex where id=22110 
/
delete from HtmlLabelInfo where indexid=22110 
/
INSERT INTO HtmlLabelIndex values(22110,'金额大写') 
/
delete from HtmlLabelIndex where id=22099 
/
delete from HtmlLabelInfo where indexid=22099 
/
INSERT INTO HtmlLabelIndex values(22099,'还款金额大写') 
/
delete from HtmlLabelIndex where id=22109 
/
delete from HtmlLabelInfo where indexid=22109 
/
INSERT INTO HtmlLabelIndex values(22109,'单据张数') 
/
delete from HtmlLabelIndex where id=22098 
/
delete from HtmlLabelInfo where indexid=22098 
/
INSERT INTO HtmlLabelIndex values(22098,'还款金额') 
/
delete from HtmlLabelIndex where id=22097 
/
delete from HtmlLabelInfo where indexid=22097 
/
INSERT INTO HtmlLabelIndex values(22097,'还款方式') 
/
delete from HtmlLabelIndex where id=22090 
/
delete from HtmlLabelInfo where indexid=22090 
/
INSERT INTO HtmlLabelIndex values(22090,'预支事由') 
/
delete from HtmlLabelIndex where id=22101 
/
delete from HtmlLabelInfo where indexid=22101 
/
INSERT INTO HtmlLabelIndex values(22101,'是否已收到还款') 
/
delete from HtmlLabelIndex where id=22091 
/
delete from HtmlLabelInfo where indexid=22091 
/
INSERT INTO HtmlLabelIndex values(22091,'预支金额') 
/
delete from HtmlLabelIndex where id=22085 
/
delete from HtmlLabelInfo where indexid=22085 
/
INSERT INTO HtmlLabelIndex values(22085,'晶澳费用报销单') 
/
delete from HtmlLabelIndex where id=22108 
/
delete from HtmlLabelInfo where indexid=22108 
/
INSERT INTO HtmlLabelIndex values(22108,'当前预算') 
/
delete from HtmlLabelIndex where id=22102 
/
delete from HtmlLabelInfo where indexid=22102 
/
INSERT INTO HtmlLabelIndex values(22102,'申请事由') 
/
delete from HtmlLabelIndex where id=22089 
/
delete from HtmlLabelInfo where indexid=22089 
/
INSERT INTO HtmlLabelIndex values(22089,'公司') 
/
delete from HtmlLabelIndex where id=22086 
/
delete from HtmlLabelInfo where indexid=22086 
/
INSERT INTO HtmlLabelIndex values(22086,'晶澳费用申请单') 
/
delete from HtmlLabelIndex where id=22096 
/
delete from HtmlLabelInfo where indexid=22096 
/
INSERT INTO HtmlLabelIndex values(22096,'还款人') 
/
INSERT INTO HtmlLabelInfo VALUES(22085,'晶澳费用报销单',7) 
/
INSERT INTO HtmlLabelInfo VALUES(22085,'ja expense wipe',8) 
/
INSERT INTO HtmlLabelInfo VALUES(22085,'晶澳M用箐N',9) 
/
INSERT INTO HtmlLabelInfo VALUES(22086,'晶澳费用申请单',7) 
/
INSERT INTO HtmlLabelInfo VALUES(22086,'ja expense applications',8) 
/
INSERT INTO HtmlLabelInfo VALUES(22086,'晶澳M用申',9) 
/
INSERT INTO HtmlLabelInfo VALUES(22087,'晶澳借款单',7) 
/
INSERT INTO HtmlLabelInfo VALUES(22087,'ja loan',8) 
/
INSERT INTO HtmlLabelInfo VALUES(22087,'晶澳借款',9) 
/
INSERT INTO HtmlLabelInfo VALUES(22088,'晶澳还款单',7) 
/
INSERT INTO HtmlLabelInfo VALUES(22088,'ja repayment',8) 
/
INSERT INTO HtmlLabelInfo VALUES(22088,'晶澳款',9) 
/
INSERT INTO HtmlLabelInfo VALUES(22089,'公司',7) 
/
INSERT INTO HtmlLabelInfo VALUES(22089,'company',8) 
/
INSERT INTO HtmlLabelInfo VALUES(22089,'公司',9) 
/
INSERT INTO HtmlLabelInfo VALUES(22090,'预支事由',7) 
/
INSERT INTO HtmlLabelInfo VALUES(22090,'The subject matter of advance',8) 
/
INSERT INTO HtmlLabelInfo VALUES(22090,'A支事由',9) 
/
INSERT INTO HtmlLabelInfo VALUES(22091,'预支金额',7) 
/
INSERT INTO HtmlLabelInfo VALUES(22091,'The amount of advance',8) 
/
INSERT INTO HtmlLabelInfo VALUES(22091,'A支金~',9) 
/
INSERT INTO HtmlLabelInfo VALUES(22092,'预支金额小写',7) 
/
INSERT INTO HtmlLabelInfo VALUES(22092,'Advance the amount of lower-case',8) 
/
INSERT INTO HtmlLabelInfo VALUES(22092,'A支金~小',9) 
/
INSERT INTO HtmlLabelInfo VALUES(22093,'预支金额大写',7) 
/
INSERT INTO HtmlLabelInfo VALUES(22093,'Advance the amount of capital',8) 
/
INSERT INTO HtmlLabelInfo VALUES(22093,'A支金~大',9) 
/
INSERT INTO HtmlLabelInfo VALUES(22094,'记账日期',7) 
/
INSERT INTO HtmlLabelInfo VALUES(22094,'accounting date',8) 
/
INSERT INTO HtmlLabelInfo VALUES(22094,'~日期',9) 
/
INSERT INTO HtmlLabelInfo VALUES(22095,'银行信息',7) 
/
INSERT INTO HtmlLabelInfo VALUES(22095,'bank infomation',8) 
/
INSERT INTO HtmlLabelInfo VALUES(22095,'y行信息',9) 
/
INSERT INTO HtmlLabelInfo VALUES(22096,'还款人',7) 
/
INSERT INTO HtmlLabelInfo VALUES(22096,'repayment person',8) 
/
INSERT INTO HtmlLabelInfo VALUES(22096,'',9) 
/
INSERT INTO HtmlLabelInfo VALUES(22097,'还款方式',7) 
/
INSERT INTO HtmlLabelInfo VALUES(22097,'repayment type',8) 
/
INSERT INTO HtmlLabelInfo VALUES(22097,'款方式',9) 
/
INSERT INTO HtmlLabelInfo VALUES(22098,'还款金额',7) 
/
INSERT INTO HtmlLabelInfo VALUES(22098,'Repayment amount',8) 
/
INSERT INTO HtmlLabelInfo VALUES(22098,'款金~',9) 
/
INSERT INTO HtmlLabelInfo VALUES(22099,'还款金额大写',7) 
/
INSERT INTO HtmlLabelInfo VALUES(22099,'Repayment of the amount of capital',8) 
/
INSERT INTO HtmlLabelInfo VALUES(22099,'款金~大',9) 
/
INSERT INTO HtmlLabelInfo VALUES(22100,'相关借款流程',7) 
/
INSERT INTO HtmlLabelInfo VALUES(22100,'relate loan workflow',8) 
/
INSERT INTO HtmlLabelInfo VALUES(22100,'相P借款流程',9) 
/
INSERT INTO HtmlLabelInfo VALUES(22101,'是否已收到还款',7) 
/
INSERT INTO HtmlLabelInfo VALUES(22101,'Whether it has received repayment',8) 
/
INSERT INTO HtmlLabelInfo VALUES(22101,'是否已收到款',9) 
/
INSERT INTO HtmlLabelInfo VALUES(22102,'申请事由',7) 
/
INSERT INTO HtmlLabelInfo VALUES(22102,'reason',8) 
/
INSERT INTO HtmlLabelInfo VALUES(22102,'申事由',9) 
/
INSERT INTO HtmlLabelInfo VALUES(22103,'金额小写',7) 
/
INSERT INTO HtmlLabelInfo VALUES(22103,'The amount of lower-case',8) 
/
INSERT INTO HtmlLabelInfo VALUES(22103,'金~小',9) 
/
INSERT INTO HtmlLabelInfo VALUES(22104,'金额大写',7) 
/
INSERT INTO HtmlLabelInfo VALUES(22104,'The amount of capital',8) 
/
INSERT INTO HtmlLabelInfo VALUES(22104,'金~大',9) 
/
INSERT INTO HtmlLabelInfo VALUES(22106,'相关借款单',7) 
/
INSERT INTO HtmlLabelInfo VALUES(22106,'relate loan',8) 
/
INSERT INTO HtmlLabelInfo VALUES(22106,'相P借款',9) 
/
INSERT INTO HtmlLabelInfo VALUES(22107,'费用类型',7) 
/
INSERT INTO HtmlLabelInfo VALUES(22107,'expense type',8) 
/
INSERT INTO HtmlLabelInfo VALUES(22107,'M用型',9) 
/
INSERT INTO HtmlLabelInfo VALUES(22108,'当前预算',7) 
/
INSERT INTO HtmlLabelInfo VALUES(22108,'current budget',8) 
/
INSERT INTO HtmlLabelInfo VALUES(22108,'前A算',9) 
/
INSERT INTO HtmlLabelInfo VALUES(22109,'单据张数',7) 
/
INSERT INTO HtmlLabelInfo VALUES(22109,'bill sum',8) 
/
INSERT INTO HtmlLabelInfo VALUES(22109,'',9) 
/
INSERT INTO HtmlLabelInfo VALUES(22110,'金额大写',7) 
/
INSERT INTO HtmlLabelInfo VALUES(22110,'amount capital',8) 
/
INSERT INTO HtmlLabelInfo VALUES(22110,'金~大',9) 
/

 delete from HtmlLabelIndex where id=22112 
/
delete from HtmlLabelInfo where indexid=22112 
/
INSERT INTO HtmlLabelIndex values(22112,'段值') 
/
INSERT INTO HtmlLabelInfo VALUES(22112,'段值',7) 
/
INSERT INTO HtmlLabelInfo VALUES(22112,'Paragraph value',8) 
/
INSERT INTO HtmlLabelInfo VALUES(22112,'段值',9) 
/

delete from HtmlLabelIndex where id=22117 
/
delete from HtmlLabelInfo where indexid=22117 
/
INSERT INTO HtmlLabelIndex values(22117,'COA段值设置') 
/
INSERT INTO HtmlLabelInfo VALUES(22117,'COA段值设置',7) 
/
INSERT INTO HtmlLabelInfo VALUES(22117,'COA SET',8) 
/
INSERT INTO HtmlLabelInfo VALUES(22117,'COA段值O置',9) 
/
delete from HtmlLabelIndex where id=22126 
/
delete from HtmlLabelInfo where indexid=22126 
/
INSERT INTO HtmlLabelIndex values(22126,'部门段') 
/
delete from HtmlLabelIndex where id=22127 
/
delete from HtmlLabelInfo where indexid=22127 
/
INSERT INTO HtmlLabelIndex values(22127,'账户段') 
/
delete from HtmlLabelIndex where id=22128 
/
delete from HtmlLabelInfo where indexid=22128 
/
INSERT INTO HtmlLabelIndex values(22128,'子目段') 
/
INSERT INTO HtmlLabelInfo VALUES(22126,'部门段',7) 
/
INSERT INTO HtmlLabelInfo VALUES(22126,'Department paragraph',8) 
/
INSERT INTO HtmlLabelInfo VALUES(22126,'部T段',9) 
/
INSERT INTO HtmlLabelInfo VALUES(22127,'账户段',7) 
/
INSERT INTO HtmlLabelInfo VALUES(22127,'Account paragraph',8) 
/
INSERT INTO HtmlLabelInfo VALUES(22127,'舳',9) 
/
INSERT INTO HtmlLabelInfo VALUES(22128,'子目段',7) 
/
INSERT INTO HtmlLabelInfo VALUES(22128,'sub account Paragraph',8) 
/
INSERT INTO HtmlLabelInfo VALUES(22128,'子目段',9) 
/
delete from HtmlLabelIndex where id=22105 
/
delete from HtmlLabelInfo where indexid=22105 
/
INSERT INTO HtmlLabelIndex values(22105,'相关流程') 
/
INSERT INTO HtmlLabelInfo VALUES(22105,'相关流程',7) 
/
INSERT INTO HtmlLabelInfo VALUES(22105,'related requests',8) 
/

delete from HtmlLabelIndex where id=22105 
/
delete from HtmlLabelInfo where indexid=22105 
/
INSERT INTO HtmlLabelIndex values(22105,'相关流程') 
/
INSERT INTO HtmlLabelInfo VALUES(22105,'相关流程',7) 
/
INSERT INTO HtmlLabelInfo VALUES(22105,'related requests',8) 
/



delete from HtmlLabelIndex where id=22207 
/
delete from HtmlLabelInfo where indexid=22207 
/
INSERT INTO HtmlLabelIndex values(22207,'现金流量标识') 
/
INSERT INTO HtmlLabelInfo VALUES(22207,'现金流量标识',7) 
/
INSERT INTO HtmlLabelInfo VALUES(22207,'Cash Flow Code',8) 
/
INSERT INTO HtmlLabelInfo VALUES(22207,'F金流量俗R',9) 
/
