delete from HtmlLabelIndex where id=127156 
/
delete from HtmlLabelInfo where indexid=127156 
/
INSERT INTO HtmlLabelIndex values(127156,'异构系统注册') 
/
INSERT INTO HtmlLabelInfo VALUES(127156,'异构系统注册',7) 
/
INSERT INTO HtmlLabelInfo VALUES(127156,'Heterogeneous system registration',8) 
/
INSERT INTO HtmlLabelInfo VALUES(127156,'系y注册',9) 
/
delete from SystemLogItem where itemid ='164'
/
insert into SystemLogItem(itemid,lableid,itemdesc,typeid) values('164','127156','异构系统注册','')
/
delete from HtmlLabelIndex where id=127157 
/
delete from HtmlLabelInfo where indexid=127157 
/
INSERT INTO HtmlLabelIndex values(127157,'流程类型注册') 
/
INSERT INTO HtmlLabelInfo VALUES(127157,'流程类型注册',7) 
/
INSERT INTO HtmlLabelInfo VALUES(127157,'Flow type registration',8) 
/
INSERT INTO HtmlLabelInfo VALUES(127157,'流程型注册',9) 
/
delete from SystemLogItem where itemid ='165'
/
insert into SystemLogItem(itemid,lableid,itemdesc,typeid) values('165','127157','流程类型注册','')
/
delete from HtmlLabelIndex where id=127233 
/
delete from HtmlLabelInfo where indexid=127233 
/
INSERT INTO HtmlLabelIndex values(127233,'标识已经使用!') 
/
INSERT INTO HtmlLabelInfo VALUES(127233,'标识已经使用!',7) 
/
INSERT INTO HtmlLabelInfo VALUES(127233,'Logo has been used!',8) 
/
INSERT INTO HtmlLabelInfo VALUES(127233,'俗R已使用！',9) 
/
delete from HtmlLabelIndex where id=127234 
/
delete from HtmlLabelInfo where indexid=127234 
/
INSERT INTO HtmlLabelIndex values(127234,'简称已经使用!') 
/
INSERT INTO HtmlLabelInfo VALUES(127234,'简称已经使用!',7) 
/
INSERT INTO HtmlLabelInfo VALUES(127234,'Have been used for short!',8) 
/
INSERT INTO HtmlLabelInfo VALUES(127234,'Q已使用！',9) 
/
delete from HtmlLabelIndex where id=127235 
/
delete from HtmlLabelInfo where indexid=127235 
/
INSERT INTO HtmlLabelIndex values(127235,'全称已经使用!') 
/
INSERT INTO HtmlLabelInfo VALUES(127235,'全称已经使用!',7) 
/
INSERT INTO HtmlLabelInfo VALUES(127235,'Full name already in use!',8) 
/
INSERT INTO HtmlLabelInfo VALUES(127235,'全Q已使用！',9) 
/