delete from HtmlLabelIndex where id=125673 
/
delete from HtmlLabelInfo where indexid=125673 
/
INSERT INTO HtmlLabelIndex values(125673,'位置识别半径') 
/
INSERT INTO HtmlLabelInfo VALUES(125673,'位置识别半径',7) 
/
INSERT INTO HtmlLabelInfo VALUES(125673,'Identify Redius',8) 
/
INSERT INTO HtmlLabelInfo VALUES(125673,'位置R别半',9) 
/

delete from HtmlLabelIndex where id=126402 
/
delete from HtmlLabelInfo where indexid=126402 
/
INSERT INTO HtmlLabelIndex values(126402,'查看所有位置轨迹') 
/
INSERT INTO HtmlLabelInfo VALUES(126402,'查看所有位置轨迹',7) 
/
INSERT INTO HtmlLabelInfo VALUES(126402,'Watch location track',8) 
/
INSERT INTO HtmlLabelInfo VALUES(126402,'查看所有位置迹',9) 
/

delete from HtmlLabelIndex where id=126403 
/
delete from HtmlLabelInfo where indexid=126403 
/
INSERT INTO HtmlLabelIndex values(126403,'我的位置') 
/
INSERT INTO HtmlLabelInfo VALUES(126403,'我的位置',7) 
/
INSERT INTO HtmlLabelInfo VALUES(126403,'My location',8) 
/
INSERT INTO HtmlLabelInfo VALUES(126403,'我的位置',9) 
/

delete from HtmlLabelIndex where id=126404 
/
delete from HtmlLabelInfo where indexid=126404 
/
INSERT INTO HtmlLabelIndex values(126404,'请检查网络是否连接') 
/
INSERT INTO HtmlLabelInfo VALUES(126404,'请检查网络是否连接',7) 
/
INSERT INTO HtmlLabelInfo VALUES(126404,'Please check network',8) 
/
INSERT INTO HtmlLabelInfo VALUES(126404,'z查Wj是否B接',9) 
/

delete from HtmlNoteIndex where id=4084 
/
delete from HtmlNoteInfo where indexid=4084 
/
INSERT INTO HtmlNoteIndex values(4084,'正在获取') 
/
INSERT INTO HtmlNoteInfo VALUES(4084,'正在获取',7) 
/
INSERT INTO HtmlNoteInfo VALUES(4084,'Locating',8) 
/
INSERT INTO HtmlNoteInfo VALUES(4084,'正在@取',9) 
/
 
delete from HtmlNoteIndex where id=4085 
/
delete from HtmlNoteInfo where indexid=4085 
/
INSERT INTO HtmlNoteIndex values(4085,'定位失败') 
/
INSERT INTO HtmlNoteInfo VALUES(4085,'定位失败',7) 
/
INSERT INTO HtmlNoteInfo VALUES(4085,'Failing to locate',8) 
/
INSERT INTO HtmlNoteInfo VALUES(4085,'定位失',9) 
/

delete from HtmlNoteIndex where id=4086 
/
delete from HtmlNoteInfo where indexid=4086 
/
INSERT INTO HtmlNoteIndex values(4086,'位置获取失败，请检查网络或GPS是否打开！') 
/
INSERT INTO HtmlNoteInfo VALUES(4086,'位置获取失败，请检查网络或GPS是否打开！',7) 
/
INSERT INTO HtmlNoteInfo VALUES(4086,'Failing to locating,please check network!',8) 
/
INSERT INTO HtmlNoteInfo VALUES(4086,'位置@取失。z查Wj或GPS是否打_！',9) 
/
 
delete from HtmlNoteIndex where id=4087 
/
delete from HtmlNoteInfo where indexid=4087 
/
INSERT INTO HtmlNoteIndex values(4087,'存在位置字段正在定位,请稍后再试！') 
/
INSERT INTO HtmlNoteInfo VALUES(4087,'存在位置字段正在定位,请稍后再试！',7) 
/
INSERT INTO HtmlNoteInfo VALUES(4087,'There are locating fields,please try again later!',8) 
/
INSERT INTO HtmlNoteInfo VALUES(4087,'存在位置字段正在定位,稍後再！',9) 
/
