delete from HtmlLabelIndex where id=383731 
/
delete from HtmlLabelInfo where indexid=383731 
/
INSERT INTO HtmlLabelIndex values(383731,'刷新成功') 
/
INSERT INTO HtmlLabelInfo VALUES(383731,'刷新成功',7) 
/
INSERT INTO HtmlLabelInfo VALUES(383731,'Refreshed successfully',8) 
/
INSERT INTO HtmlLabelInfo VALUES(383731,'刷新成功',9) 
/
delete from HtmlLabelIndex where id=383740 
/
delete from HtmlLabelInfo where indexid=383740 
/
INSERT INTO HtmlLabelIndex values(383740,'参数设置不正确,请检查') 
/
INSERT INTO HtmlLabelInfo VALUES(383740,'参数设置不正确,请检查',7) 
/
INSERT INTO HtmlLabelInfo VALUES(383740,'Incorrect parameter settings, please check',8) 
/
INSERT INTO HtmlLabelInfo VALUES(383740,'翟O置不正_,z查',9) 
/
delete from HtmlLabelIndex where id=383742 
/
delete from HtmlLabelInfo where indexid=383742 
/
INSERT INTO HtmlLabelIndex values(383742,'未找到id为') 
/
INSERT INTO HtmlLabelInfo VALUES(383742,'未找到id为',7) 
/
INSERT INTO HtmlLabelInfo VALUES(383742,'Can''t find page',8) 
/
INSERT INTO HtmlLabelInfo VALUES(383742,'未找到id',9) 
/
delete from HtmlLabelIndex where id=383743 
/
delete from HtmlLabelInfo where indexid=383743 
/
INSERT INTO HtmlLabelIndex values(383743,'的页面，请检查参数设置是否正确') 
/
INSERT INTO HtmlLabelInfo VALUES(383743,'的页面，请检查参数设置是否正确',7) 
/
INSERT INTO HtmlLabelInfo VALUES(383743,',please check the parameter settings',8) 
/
INSERT INTO HtmlLabelInfo VALUES(383743,'的面，z查翟O置是否正_',9) 
/
delete from HtmlLabelIndex where id=383744 
/
delete from HtmlLabelInfo where indexid=383744 
/
INSERT INTO HtmlLabelIndex values(383744,'未在目标页面上找到刷新方法，请确认目标页面是否包含列表组件') 
/
INSERT INTO HtmlLabelInfo VALUES(383744,'未在目标页面上找到刷新方法，请确认目标页面是否包含列表组件',7) 
/
INSERT INTO HtmlLabelInfo VALUES(383744,'The refresh method was not found on the target page. Please confirm that the target page contains a list component',8) 
/
INSERT INTO HtmlLabelInfo VALUES(383744,'未在目隧面上找到刷新方法，_J目隧面是否包含列表M件',9) 
/
delete from HtmlLabelIndex where id=31129 
/
delete from HtmlLabelInfo where indexid=31129 
/
INSERT INTO HtmlLabelIndex values(31129,'取消') 
/
INSERT INTO HtmlLabelInfo VALUES(31129,'取消',7) 
/
INSERT INTO HtmlLabelInfo VALUES(31129,'Cancel',8) 
/
INSERT INTO HtmlLabelInfo VALUES(31129,'取消',9) 
/
delete from HtmlLabelIndex where id=383753 
/
delete from HtmlLabelInfo where indexid=383753 
/
INSERT INTO HtmlLabelIndex values(383753,'没有权限访问') 
/
INSERT INTO HtmlLabelInfo VALUES(383753,'没有权限访问',7) 
/
INSERT INTO HtmlLabelInfo VALUES(383753,'No permission to access',8) 
/
INSERT INTO HtmlLabelInfo VALUES(383753,']有嘞拊L',9) 
/
delete from HtmlLabelIndex where id=383749 
/
delete from HtmlLabelInfo where indexid=383749 
/
INSERT INTO HtmlLabelIndex values(383749,'数据id为空，无法显示相应的数据') 
/
INSERT INTO HtmlLabelInfo VALUES(383749,'数据id为空，无法显示相应的数据',7) 
/
INSERT INTO HtmlLabelInfo VALUES(383749,'The data id is empty. Unable to display the corresponding data',8) 
/
INSERT INTO HtmlLabelInfo VALUES(383749,'id榭眨o法@示相的',9) 
/
delete from HtmlLabelIndex where id=383756 
/
delete from HtmlLabelInfo where indexid=383756 
/
INSERT INTO HtmlLabelIndex values(383756,'布局不存在') 
/
INSERT INTO HtmlLabelInfo VALUES(383756,'布局不存在',7) 
/
INSERT INTO HtmlLabelInfo VALUES(383756,'Layout does not exist',8) 
/
INSERT INTO HtmlLabelInfo VALUES(383756,'布局不存在',9) 
/
delete from HtmlLabelIndex where id=83981 
/
delete from HtmlLabelInfo where indexid=83981 
/
INSERT INTO HtmlLabelIndex values(83981,'新建') 
/
INSERT INTO HtmlLabelInfo VALUES(83981,'新建',7) 
/
INSERT INTO HtmlLabelInfo VALUES(83981,'New',8) 
/
INSERT INTO HtmlLabelInfo VALUES(83981,'新建',9) 
/
delete from HtmlLabelIndex where id=127791 
/
delete from HtmlLabelInfo where indexid=127791 
/
INSERT INTO HtmlLabelIndex values(127791,'显示') 
/
INSERT INTO HtmlLabelInfo VALUES(127791,'显示',7) 
/
INSERT INTO HtmlLabelInfo VALUES(127791,'Show',8) 
/
INSERT INTO HtmlLabelInfo VALUES(127791,'@示',9) 
/
delete from HtmlLabelIndex where id=126036 
/
delete from HtmlLabelInfo where indexid=126036 
/
INSERT INTO HtmlLabelIndex values(126036,'编辑') 
/
INSERT INTO HtmlLabelInfo VALUES(126036,'编辑',7) 
/
INSERT INTO HtmlLabelInfo VALUES(126036,'Edit',8) 
/
INSERT INTO HtmlLabelInfo VALUES(126036,'',9) 
/
delete from HtmlLabelIndex where id=149 
/
delete from HtmlLabelInfo where indexid=149 
/
INSERT INTO HtmlLabelIndex values(149,'默认') 
/
INSERT INTO HtmlLabelInfo VALUES(149,'默认',7) 
/
INSERT INTO HtmlLabelInfo VALUES(149,'Default',8) 
/
INSERT INTO HtmlLabelInfo VALUES(149,'默J',9) 
/
delete from HtmlLabelIndex where id=383761 
/
delete from HtmlLabelInfo where indexid=383761 
/
INSERT INTO HtmlLabelIndex values(383761,'布局不存在，请联系管理员在移动引擎中添加对应的布局。') 
/
INSERT INTO HtmlLabelInfo VALUES(383761,'布局不存在，请联系管理员在移动引擎中添加对应的布局。',7) 
/
INSERT INTO HtmlLabelInfo VALUES(383761,'layout does not exist, please contact the administrator to add the corresponding layout in the mobile engine.',8) 
/
INSERT INTO HtmlLabelInfo VALUES(383761,'布局不存在，系管理T在移右擎中添加的布局。',9) 
/
delete from HtmlLabelIndex where id=383762 
/
delete from HtmlLabelInfo where indexid=383762 
/
INSERT INTO HtmlLabelIndex values(383762,'布局id') 
/
INSERT INTO HtmlLabelInfo VALUES(383762,'布局id',7) 
/
INSERT INTO HtmlLabelInfo VALUES(383762,'Layout id',8) 
/
INSERT INTO HtmlLabelInfo VALUES(383762,'布局id',9) 
/
delete from HtmlLabelIndex where id=383239 
/
delete from HtmlLabelInfo where indexid=383239 
/
INSERT INTO HtmlLabelIndex values(383239,'名称') 
/
INSERT INTO HtmlLabelInfo VALUES(383239,'名称',7) 
/
INSERT INTO HtmlLabelInfo VALUES(383239,'Name',8) 
/
INSERT INTO HtmlLabelInfo VALUES(383239,'名Q',9) 
/
delete from HtmlLabelIndex where id=383763 
/
delete from HtmlLabelInfo where indexid=383763 
/
INSERT INTO HtmlLabelIndex values(383763,'非默认') 
/
INSERT INTO HtmlLabelInfo VALUES(383763,'非默认',7) 
/
INSERT INTO HtmlLabelInfo VALUES(383763,'Non-default',8) 
/
INSERT INTO HtmlLabelInfo VALUES(383763,'非默J',9) 
/
delete from HtmlLabelIndex where id=19407 
/
delete from HtmlLabelInfo where indexid=19407 
/
INSERT INTO HtmlLabelIndex values(19407,'布局') 
/
INSERT INTO HtmlLabelInfo VALUES(19407,'布局',7) 
/
INSERT INTO HtmlLabelInfo VALUES(19407,'layout',8) 
/
INSERT INTO HtmlLabelInfo VALUES(19407,'布局',9) 
/
delete from HtmlLabelIndex where id=383765 
/
delete from HtmlLabelInfo where indexid=383765 
/
INSERT INTO HtmlLabelIndex values(383765,'未添加到移动引擎,请联系管理员在移动引擎中添加对应布局。') 
/
INSERT INTO HtmlLabelInfo VALUES(383765,'未添加到移动引擎,请联系管理员在移动引擎中添加对应布局。',7) 
/
INSERT INTO HtmlLabelInfo VALUES(383765,'Not added to the mobile engine. Please contact the administrator to add the corresponding layout in the mobile engine.',8) 
/
INSERT INTO HtmlLabelInfo VALUES(383765,'未添加到移右擎,系管理T在移右擎中添加布局。',9) 
/
delete from HtmlLabelIndex where id=383766 
/
delete from HtmlLabelInfo where indexid=383766 
/
INSERT INTO HtmlLabelIndex values(383766,'提示:当前应用移动引擎中存在如下名称相同但布局id不同的的自定义页面') 
/
INSERT INTO HtmlLabelInfo VALUES(383766,'提示:当前应用移动引擎中存在如下名称相同但布局id不同的的自定义页面',7) 
/
INSERT INTO HtmlLabelInfo VALUES(383766,'Tip: The current application mobile engine has the following custom page with the same name but different layout id',8) 
/
INSERT INTO HtmlLabelInfo VALUES(383766,'提示:前用移右擎中存在如下名Q相同但布局id不同的的自定x面',9) 
/
delete from HtmlLabelIndex where id=383767 
/
delete from HtmlLabelInfo where indexid=383767 
/
INSERT INTO HtmlLabelIndex values(383767,'解决方法:请尝试先删除移动建模中已存在的名称相同的布局，删除后重新添加布局即可。') 
/
INSERT INTO HtmlLabelInfo VALUES(383767,'解决方法:请尝试先删除移动建模中已存在的名称相同的布局，删除后重新添加布局即可。',7) 
/
INSERT INTO HtmlLabelInfo VALUES(383767,'Solution: Please try to delete the existing layout with the same name in mobile modeling, and then add the layout again after deleting.',8) 
/
INSERT INTO HtmlLabelInfo VALUES(383767,'解Q方法:L先h除移咏模中已存在的名Q相同的布局，h除後重新添加布局即可。',9) 
/
delete from HtmlLabelIndex where id=382011 
/
delete from HtmlLabelInfo where indexid=382011 
/
INSERT INTO HtmlLabelIndex values(382011,'未知错误') 
/
INSERT INTO HtmlLabelInfo VALUES(382011,'未知错误',7) 
/
INSERT INTO HtmlLabelInfo VALUES(382011,'unknown error',8) 
/
INSERT INTO HtmlLabelInfo VALUES(382011,'未知e`',9) 
/
delete from HtmlLabelIndex where id=383768 
/
delete from HtmlLabelInfo where indexid=383768 
/
INSERT INTO HtmlLabelIndex values(383768,'错误代码') 
/
INSERT INTO HtmlLabelInfo VALUES(383768,'错误代码',7) 
/
INSERT INTO HtmlLabelInfo VALUES(383768,'Error code',8) 
/
INSERT INTO HtmlLabelInfo VALUES(383768,'e`代a',9) 
/
delete from HtmlLabelIndex where id=83551 
/
delete from HtmlLabelInfo where indexid=83551 
/
INSERT INTO HtmlLabelIndex values(83551,'保存成功！') 
/
INSERT INTO HtmlLabelInfo VALUES(83551,'保存成功！',7) 
/
INSERT INTO HtmlLabelInfo VALUES(83551,'Save success!',8) 
/
INSERT INTO HtmlLabelInfo VALUES(83551,'保存成功！',9) 
/
delete from HtmlLabelIndex where id=383769 
/
delete from HtmlLabelInfo where indexid=383769 
/
INSERT INTO HtmlLabelIndex values(383769,'表单保存出现异常：') 
/
INSERT INTO HtmlLabelInfo VALUES(383769,'表单保存出现异常：',7) 
/
INSERT INTO HtmlLabelInfo VALUES(383769,'Form save exception:',8) 
/
INSERT INTO HtmlLabelInfo VALUES(383769,'表伪４娉霈F常：',9) 
/
delete from HtmlLabelIndex where id=383770 
/
delete from HtmlLabelInfo where indexid=383770 
/
INSERT INTO HtmlLabelIndex values(383770,'流程创建异常：') 
/
INSERT INTO HtmlLabelInfo VALUES(383770,'流程创建异常：',7) 
/
INSERT INTO HtmlLabelInfo VALUES(383770,'Workflow creation exception:',8) 
/
INSERT INTO HtmlLabelInfo VALUES(383770,'流程建常：',9) 
/
delete from HtmlLabelIndex where id=383771 
/
delete from HtmlLabelInfo where indexid=383771 
/
INSERT INTO HtmlLabelIndex values(383771,'数据提交失败：') 
/
INSERT INTO HtmlLabelInfo VALUES(383771,'数据提交失败：',7) 
/
INSERT INTO HtmlLabelInfo VALUES(383771,'Data submission failed:',8) 
/
INSERT INTO HtmlLabelInfo VALUES(383771,'提交失。',9) 
/
delete from HtmlLabelIndex where id=383773 
/
delete from HtmlLabelInfo where indexid=383773 
/
INSERT INTO HtmlLabelIndex values(383773,'知道了') 
/
INSERT INTO HtmlLabelInfo VALUES(383773,'知道了',7) 
/
INSERT INTO HtmlLabelInfo VALUES(383773,'Understand',8) 
/
INSERT INTO HtmlLabelInfo VALUES(383773,'知道了',9) 
/
delete from HtmlLabelIndex where id=383775 
/
delete from HtmlLabelInfo where indexid=383775 
/
INSERT INTO HtmlLabelIndex values(383775,'删除后将不能恢复,请确认!') 
/
INSERT INTO HtmlLabelInfo VALUES(383775,'删除后将不能恢复,请确认!',7) 
/
INSERT INTO HtmlLabelInfo VALUES(383775,'Once deleted can not be restored, please confirm!',8) 
/
INSERT INTO HtmlLabelInfo VALUES(383775,'h除後⒉荒芑,_J!',9) 
/
delete from HtmlLabelIndex where id=82017 
/
delete from HtmlLabelInfo where indexid=82017 
/
INSERT INTO HtmlLabelIndex values(82017,'确认删除？') 
/
INSERT INTO HtmlLabelInfo VALUES(82017,'确认删除？',7) 
/
INSERT INTO HtmlLabelInfo VALUES(82017,'Confirm Delete?',8) 
/
INSERT INTO HtmlLabelInfo VALUES(82017,'确J删除？',9) 
/
delete from HtmlLabelIndex where id=383776 
/
delete from HtmlLabelInfo where indexid=383776 
/
INSERT INTO HtmlLabelIndex values(383776,'点错了') 
/
INSERT INTO HtmlLabelInfo VALUES(383776,'点错了',7) 
/
INSERT INTO HtmlLabelInfo VALUES(383776,'Wrong click',8) 
/
INSERT INTO HtmlLabelInfo VALUES(383776,'ce了',9) 
/
delete from HtmlLabelIndex where id=131200 
/
delete from HtmlLabelInfo where indexid=131200 
/
INSERT INTO HtmlLabelIndex values(131200,'删除') 
/
INSERT INTO HtmlLabelInfo VALUES(131200,'删除',7) 
/
INSERT INTO HtmlLabelInfo VALUES(131200,'Delete',8) 
/
INSERT INTO HtmlLabelInfo VALUES(131200,'h除',9) 
/
delete from HtmlLabelIndex where id=20461 
/
delete from HtmlLabelInfo where indexid=20461 
/
INSERT INTO HtmlLabelIndex values(20461,'删除成功') 
/
INSERT INTO HtmlLabelInfo VALUES(20461,'删除成功',7) 
/
INSERT INTO HtmlLabelInfo VALUES(20461,'delete success',8) 
/
INSERT INTO HtmlLabelInfo VALUES(20461,'删除成功',9) 
/
delete from HtmlLabelIndex where id=383777 
/
delete from HtmlLabelInfo where indexid=383777 
/
INSERT INTO HtmlLabelIndex values(383777,'参数不合法') 
/
INSERT INTO HtmlLabelInfo VALUES(383777,'参数不合法',7) 
/
INSERT INTO HtmlLabelInfo VALUES(383777,'The parameter is illegal',8) 
/
INSERT INTO HtmlLabelInfo VALUES(383777,'挡缓戏',9) 
/
delete from HtmlLabelIndex where id=383778 
/
delete from HtmlLabelInfo where indexid=383778 
/
INSERT INTO HtmlLabelIndex values(383778,'请定位所在位置') 
/
INSERT INTO HtmlLabelInfo VALUES(383778,'请定位所在位置',7) 
/
INSERT INTO HtmlLabelInfo VALUES(383778,'Please locate your location',8) 
/
INSERT INTO HtmlLabelInfo VALUES(383778,'定位所在位置',9) 
/
delete from HtmlLabelIndex where id=383779 
/
delete from HtmlLabelInfo where indexid=383779 
/
INSERT INTO HtmlLabelIndex values(383779,'必要信息不完整') 
/
INSERT INTO HtmlLabelInfo VALUES(383779,'必要信息不完整',7) 
/
INSERT INTO HtmlLabelInfo VALUES(383779,'The necessary information is incomplete',8) 
/
INSERT INTO HtmlLabelInfo VALUES(383779,'必要信息不完整',9) 
/
delete from HtmlLabelIndex where id=383780 
/
delete from HtmlLabelInfo where indexid=383780 
/
INSERT INTO HtmlLabelIndex values(383780,'确定删除选定数据?') 
/
INSERT INTO HtmlLabelInfo VALUES(383780,'确定删除选定数据?',7) 
/
INSERT INTO HtmlLabelInfo VALUES(383780,'Confirm to delete the selected data?',8) 
/
INSERT INTO HtmlLabelInfo VALUES(383780,'_定h除x定?',9) 
/
delete from HtmlLabelIndex where id=383781 
/
delete from HtmlLabelInfo where indexid=383781 
/
INSERT INTO HtmlLabelIndex values(383781,'确认操作') 
/
INSERT INTO HtmlLabelInfo VALUES(383781,'确认操作',7) 
/
INSERT INTO HtmlLabelInfo VALUES(383781,'Confirm operation',8) 
/
INSERT INTO HtmlLabelInfo VALUES(383781,'_J操作',9) 
/
delete from HtmlLabelIndex where id=16631 
/
delete from HtmlLabelInfo where indexid=16631 
/
INSERT INTO HtmlLabelIndex values(16631,'确认') 
/
INSERT INTO HtmlLabelInfo VALUES(16631,'确认',7) 
/
INSERT INTO HtmlLabelInfo VALUES(16631,'Confirm',8) 
/
INSERT INTO HtmlLabelInfo VALUES(16631,'_J',9) 
/
delete from HtmlLabelIndex where id=32694 
/
delete from HtmlLabelInfo where indexid=32694 
/
INSERT INTO HtmlLabelIndex values(32694,'取消') 
/
INSERT INTO HtmlLabelInfo VALUES(32694,'取消',7) 
/
INSERT INTO HtmlLabelInfo VALUES(32694,'Cancel',8) 
/
INSERT INTO HtmlLabelInfo VALUES(32694,'取消',9) 
/
delete from HtmlLabelIndex where id=24244 
/
delete from HtmlLabelInfo where indexid=24244 
/
INSERT INTO HtmlLabelIndex values(24244,'请先选择需要删除的数据') 
/
INSERT INTO HtmlLabelInfo VALUES(24244,'请先选择需要删除的数据',7) 
/
INSERT INTO HtmlLabelInfo VALUES(24244,'Please select the data needs to be removed',8) 
/
INSERT INTO HtmlLabelInfo VALUES(24244,'先x裥枰h除的',9) 
/
delete from HtmlLabelIndex where id=383782 
/
delete from HtmlLabelInfo where indexid=383782 
/
INSERT INTO HtmlLabelIndex values(383782,'无数据可删除') 
/
INSERT INTO HtmlLabelInfo VALUES(383782,'无数据可删除',7) 
/
INSERT INTO HtmlLabelInfo VALUES(383782,'No data can be deleted',8) 
/
INSERT INTO HtmlLabelInfo VALUES(383782,'o可h除',9) 
/
delete from HtmlNoteIndex where id=4205 
/
delete from HtmlNoteInfo where indexid=4205 
/
INSERT INTO HtmlNoteIndex values(4205,'图表信息设置不完整，未配置数据来源SQL') 
/
INSERT INTO HtmlNoteInfo VALUES(4205,'图表信息设置不完整，未配置数据来源SQL',7) 
/
INSERT INTO HtmlNoteInfo VALUES(4205,'Chart information is not complete, not configured data source SQL',8) 
/
INSERT INTO HtmlNoteInfo VALUES(4205,'D表信息O置不完整，未配置碓SQL',9) 
/
delete from HtmlNoteIndex where id=4206 
/
delete from HtmlNoteInfo where indexid=4206 
/
INSERT INTO HtmlNoteIndex values(4206,'SQL中可能包含待解析的参数变量，需运行时显示') 
/
INSERT INTO HtmlNoteInfo VALUES(4206,'SQL中可能包含待解析的参数变量，需运行时显示',7) 
/
INSERT INTO HtmlNoteInfo VALUES(4206,'SQL may contain the parameter variables to be resolved, which are displayed when running',8) 
/
INSERT INTO HtmlNoteInfo VALUES(4206,'SQL中可能包含待解析的底量，需\行r@示',9) 
/
delete from HtmlNoteIndex where id=4207 
/
delete from HtmlNoteInfo where indexid=4207 
/
INSERT INTO HtmlNoteIndex values(4207,'数据来源SQL未通过系统安全测试，请检查关键字') 
/
INSERT INTO HtmlNoteInfo VALUES(4207,'数据来源SQL未通过系统安全测试，请检查关键字',7) 
/
INSERT INTO HtmlNoteInfo VALUES(4207,'Data source SQL did not pass the system security test, please check the key word',8) 
/
INSERT INTO HtmlNoteInfo VALUES(4207,'碓SQL未通^系y安全y，z查PI字',9) 
/
delete from HtmlNoteIndex where id=4208 
/
delete from HtmlNoteInfo where indexid=4208 
/
INSERT INTO HtmlNoteIndex values(4208,'查询数据来源SQL时出现错误，请检查SQL是否拼写正确') 
/
INSERT INTO HtmlNoteInfo VALUES(4208,'查询数据来源SQL时出现错误，请检查SQL是否拼写正确',7) 
/
INSERT INTO HtmlNoteInfo VALUES(4208,'Error querying data source SQL, check if SQL is spelled correctly',8) 
/
INSERT INTO HtmlNoteInfo VALUES(4208,'查碓SQLr出Fe`，z查SQL是否拼正确',9) 
/
delete from HtmlNoteIndex where id=4209 
/
delete from HtmlNoteInfo where indexid=4209 
/
INSERT INTO HtmlNoteIndex values(4209,'加载图表时出现错误') 
/
INSERT INTO HtmlNoteInfo VALUES(4209,'加载图表时出现错误',7) 
/
INSERT INTO HtmlNoteInfo VALUES(4209,'An error occurred while loading the chart',8) 
/
INSERT INTO HtmlNoteInfo VALUES(4209,'加dD表r出Fe`',9) 
/
delete from HtmlNoteIndex where id=4611 
/
delete from HtmlNoteInfo where indexid=4611 
/
INSERT INTO HtmlNoteIndex values(4611,'最大值（简化）') 
/
INSERT INTO HtmlNoteInfo VALUES(4611,'最大值',7) 
/
INSERT INTO HtmlNoteInfo VALUES(4611,'Maximum',8) 
/
INSERT INTO HtmlNoteInfo VALUES(4611,'最大值',9) 
/
delete from HtmlNoteIndex where id=4610 
/
delete from HtmlNoteInfo where indexid=4610 
/
INSERT INTO HtmlNoteIndex values(4610,'最小值（简化）') 
/
INSERT INTO HtmlNoteInfo VALUES(4610,'最小值',7) 
/
INSERT INTO HtmlNoteInfo VALUES(4610,'Minimum',8) 
/
INSERT INTO HtmlNoteInfo VALUES(4610,'最小值',9) 
/
delete from HtmlNoteIndex where id=5200 
/
delete from HtmlNoteInfo where indexid=5200 
/
INSERT INTO HtmlNoteIndex values(5200,'平均值') 
/
INSERT INTO HtmlNoteInfo VALUES(5200,'平均值',7) 
/
INSERT INTO HtmlNoteInfo VALUES(5200,'Average',8) 
/
INSERT INTO HtmlNoteInfo VALUES(5200,'平均值',9) 
/
delete from HtmlNoteIndex where id=5201 
/
delete from HtmlNoteInfo where indexid=5201 
/
INSERT INTO HtmlNoteIndex values(5201,'此插件不支持IE浏览器，请换其他浏览器预览(chrome, safari)') 
/
INSERT INTO HtmlNoteInfo VALUES(5201,'此插件不支持IE浏览器，请换其他浏览器预览(chrome, safari)',7) 
/
INSERT INTO HtmlNoteInfo VALUES(5201,'This plugin does not support Internet Explorer. Please try another browser to preview (chrome, safar',8) 
/
INSERT INTO HtmlNoteInfo VALUES(5201,'此插件不支持IEg[器，Q其他g[器A[(chrome, safari)',9) 
/
delete from HtmlNoteIndex where id=5202 
/
delete from HtmlNoteInfo where indexid=5202 
/
INSERT INTO HtmlNoteIndex values(5202,'数据来源(输入名称)不能为空') 
/
INSERT INTO HtmlNoteInfo VALUES(5202,'数据来源(输入名称)不能为空',7) 
/
INSERT INTO HtmlNoteInfo VALUES(5202,'Data source (input name) cannot be empty',8) 
/
INSERT INTO HtmlNoteInfo VALUES(5202,'碓(入名Q)不能榭',9) 
/
delete from HtmlLabelIndex where id=383802 
/
delete from HtmlLabelInfo where indexid=383802 
/
INSERT INTO HtmlLabelIndex values(383802,'用户拒绝了获取地理位置的请求。') 
/
INSERT INTO HtmlLabelInfo VALUES(383802,'用户拒绝了获取地理位置的请求。',7) 
/
INSERT INTO HtmlLabelInfo VALUES(383802,'User rejected the request to get a geographic location.',8) 
/
INSERT INTO HtmlLabelInfo VALUES(383802,'用艟芙^Λ@取地理位置的求。',9) 
/
delete from HtmlLabelInfo where indexid=383803 
/
INSERT INTO HtmlLabelIndex values(383803,'位置信息是不可用的。') 
/
INSERT INTO HtmlLabelInfo VALUES(383803,'位置信息是不可用的。',7) 
/
INSERT INTO HtmlLabelInfo VALUES(383803,'Location information is not available.',8) 
/
INSERT INTO HtmlLabelInfo VALUES(383803,'位置信息是不可用的。',9) 
/
delete from HtmlLabelIndex where id=383804 
/
delete from HtmlLabelInfo where indexid=383804 
/
INSERT INTO HtmlLabelIndex values(383804,'请求用户地理位置超时。') 
/
INSERT INTO HtmlLabelInfo VALUES(383804,'请求用户地理位置超时。',7) 
/
INSERT INTO HtmlLabelInfo VALUES(383804,'Request user location timeout.',8) 
/
INSERT INTO HtmlLabelInfo VALUES(383804,'求用舻乩砦恢贸r。',9) 
/
delete from HtmlLabelIndex where id=129710 
/
delete from HtmlLabelInfo where indexid=129710 
/
INSERT INTO HtmlLabelIndex values(129710,'未知错误') 
/
INSERT INTO HtmlLabelInfo VALUES(129710,'未知错误',7) 
/
INSERT INTO HtmlLabelInfo VALUES(129710,'Unknown Error',8) 
/
INSERT INTO HtmlLabelInfo VALUES(129710,'未知e`',9) 
/
delete from HtmlLabelIndex where id=383751 
/
delete from HtmlLabelInfo where indexid=383751 
/
INSERT INTO HtmlLabelIndex values(383751,'定位失败') 
/
INSERT INTO HtmlLabelInfo VALUES(383751,'定位失败',7) 
/
INSERT INTO HtmlLabelInfo VALUES(383751,'Location failure',8) 
/
INSERT INTO HtmlLabelInfo VALUES(383751,'定位失',9) 
/
delete from HtmlLabelIndex where id=383805 
/
delete from HtmlLabelInfo where indexid=383805 
/
INSERT INTO HtmlLabelIndex values(383805,'响应码') 
/
INSERT INTO HtmlLabelInfo VALUES(383805,'响应码',7) 
/
INSERT INTO HtmlLabelInfo VALUES(383805,'Response code',8) 
/
INSERT INTO HtmlLabelInfo VALUES(383805,'a',9) 
/
delete from HtmlLabelIndex where id=383806 
/
delete from HtmlLabelInfo where indexid=383806 
/
INSERT INTO HtmlLabelIndex values(383806,'保存图片') 
/
INSERT INTO HtmlLabelInfo VALUES(383806,'保存图片',7) 
/
INSERT INTO HtmlLabelInfo VALUES(383806,'Save Picture',8) 
/
INSERT INTO HtmlLabelInfo VALUES(383806,'保存D片',9) 
/
delete from HtmlLabelIndex where id=130277 
/
delete from HtmlLabelInfo where indexid=130277 
/
INSERT INTO HtmlLabelIndex values(130277,'查看') 
/
INSERT INTO HtmlLabelInfo VALUES(130277,'查看',7) 
/
INSERT INTO HtmlLabelInfo VALUES(130277,'View',8) 
/
INSERT INTO HtmlLabelInfo VALUES(130277,'查看',9) 
/
delete from HtmlLabelIndex where id=83446 
/
delete from HtmlLabelInfo where indexid=83446 
/
INSERT INTO HtmlLabelIndex values(83446,'确定') 
/
INSERT INTO HtmlLabelInfo VALUES(83446,'确定',7) 
/
INSERT INTO HtmlLabelInfo VALUES(83446,'Sure',8) 
/
INSERT INTO HtmlLabelInfo VALUES(83446,'确定',9) 
/
delete from HtmlLabelIndex where id=16631 
/
delete from HtmlLabelInfo where indexid=16631 
/
INSERT INTO HtmlLabelIndex values(16631,'确认') 
/
INSERT INTO HtmlLabelInfo VALUES(16631,'确认',7) 
/
INSERT INTO HtmlLabelInfo VALUES(16631,'Confirm',8) 
/
INSERT INTO HtmlLabelInfo VALUES(16631,'_J',9) 
/
delete from HtmlLabelIndex where id=383807 
/
delete from HtmlLabelInfo where indexid=383807 
/
INSERT INTO HtmlLabelIndex values(383807,'呼叫') 
/
INSERT INTO HtmlLabelInfo VALUES(383807,'呼叫',7) 
/
INSERT INTO HtmlLabelInfo VALUES(383807,'Call',8) 
/
INSERT INTO HtmlLabelInfo VALUES(383807,'呼叫',9) 
/
delete from HtmlLabelIndex where id=125977 
/
delete from HtmlLabelInfo where indexid=125977 
/
INSERT INTO HtmlLabelIndex values(125977,'发送短信') 
/
INSERT INTO HtmlLabelInfo VALUES(125977,'发送短信',7) 
/
INSERT INTO HtmlLabelInfo VALUES(125977,'Send messages',8) 
/
INSERT INTO HtmlLabelInfo VALUES(125977,'l送短信',9) 
/
delete from HtmlLabelIndex where id=383808 
/
delete from HtmlLabelInfo where indexid=383808 
/
INSERT INTO HtmlLabelIndex values(383808,'发送提醒成功') 
/
INSERT INTO HtmlLabelInfo VALUES(383808,'发送提醒成功',7) 
/
INSERT INTO HtmlLabelInfo VALUES(383808,'Send reminder successfully',8) 
/
INSERT INTO HtmlLabelInfo VALUES(383808,'l送提醒成功',9) 
/
delete from HtmlLabelIndex where id=740 
/
delete from HtmlLabelInfo where indexid=740 
/
INSERT INTO HtmlLabelIndex values(740,'开始日期') 
/
INSERT INTO HtmlLabelInfo VALUES(740,'开始日期',7) 
/
INSERT INTO HtmlLabelInfo VALUES(740,'Start Date',8) 
/
INSERT INTO HtmlLabelInfo VALUES(740,'开始日期',9) 
/
delete from HtmlLabelIndex where id=741 
/
delete from HtmlLabelInfo where indexid=741 
/
INSERT INTO HtmlLabelIndex values(741,'结束日期') 
/
INSERT INTO HtmlLabelInfo VALUES(741,'结束日期',7) 
/
INSERT INTO HtmlLabelInfo VALUES(741,'End Date',8) 
/
INSERT INTO HtmlLabelInfo VALUES(741,'Y束日期',9) 
/
delete from HtmlLabelIndex where id=742 
/
delete from HtmlLabelInfo where indexid=742 
/
INSERT INTO HtmlLabelIndex values(742,'开始时间') 
/
INSERT INTO HtmlLabelInfo VALUES(742,'开始时间',7) 
/
INSERT INTO HtmlLabelInfo VALUES(742,'Start Time',8) 
/
INSERT INTO HtmlLabelInfo VALUES(742,'开始时间',9) 
/
delete from HtmlLabelInfo where indexid=743 
/
INSERT INTO HtmlLabelIndex values(743,'结束时间') 
/
INSERT INTO HtmlLabelInfo VALUES(743,'结束时间',7) 
/
INSERT INTO HtmlLabelInfo VALUES(743,'End Time',8) 
/
INSERT INTO HtmlLabelInfo VALUES(743,'Y束时间',9) 
/
delete from HtmlNoteIndex where id=4170 
/
delete from HtmlNoteInfo where indexid=4170 
/
INSERT INTO HtmlNoteIndex values(4170,'请输入...') 
/
INSERT INTO HtmlNoteInfo VALUES(4170,'请输入...',7) 
/
INSERT INTO HtmlNoteInfo VALUES(4170,'Please input...',8) 
/
INSERT INTO HtmlNoteInfo VALUES(4170,'入...',9) 
/
delete from HtmlLabelIndex where id=383810 
/
delete from HtmlLabelInfo where indexid=383810 
/
INSERT INTO HtmlLabelIndex values(383810,'大于等于') 
/
INSERT INTO HtmlLabelInfo VALUES(383810,'大于等于',7) 
/
INSERT INTO HtmlLabelInfo VALUES(383810,'Greater or equal',8) 
/
INSERT INTO HtmlLabelInfo VALUES(383810,'大於等於',9) 
/
delete from HtmlLabelIndex where id=383811 
/
delete from HtmlLabelInfo where indexid=383811 
/
INSERT INTO HtmlLabelIndex values(383811,'小于等于') 
/
INSERT INTO HtmlLabelInfo VALUES(383811,'小于等于',7) 
/
INSERT INTO HtmlLabelInfo VALUES(383811,'Less or equal',8) 
/
INSERT INTO HtmlLabelInfo VALUES(383811,'小於等於',9) 
/
delete from HtmlLabelIndex where id=383812 
/
delete from HtmlLabelInfo where indexid=383812 
/
INSERT INTO HtmlLabelIndex values(383812,'内容来源不能为空') 
/
INSERT INTO HtmlLabelInfo VALUES(383812,'内容来源不能为空',7) 
/
INSERT INTO HtmlLabelInfo VALUES(383812,'Content source cannot be empty',8) 
/
INSERT INTO HtmlLabelInfo VALUES(383812,'热碓床荒榭',9) 
/
delete from HtmlLabelIndex where id=129959 
/
delete from HtmlLabelInfo where indexid=129959 
/
INSERT INTO HtmlLabelIndex values(129959,'总计') 
/
INSERT INTO HtmlLabelInfo VALUES(129959,'总计',7) 
/
INSERT INTO HtmlLabelInfo VALUES(129959,'Total',8) 
/
INSERT INTO HtmlLabelInfo VALUES(129959,'',9) 
/
delete from HtmlLabelIndex where id=16911 
/
delete from HtmlLabelInfo where indexid=16911 
/
INSERT INTO HtmlLabelIndex values(16911,'小计') 
/
INSERT INTO HtmlLabelInfo VALUES(16911,'小计',7) 
/
INSERT INTO HtmlLabelInfo VALUES(16911,'Subtotal',8) 
/
INSERT INTO HtmlLabelInfo VALUES(16911,'小计',9) 
/
delete from HtmlLabelIndex where id=383814 
/
delete from HtmlLabelInfo where indexid=383814 
/
INSERT INTO HtmlLabelIndex values(383814,'超出最小值范围') 
/
INSERT INTO HtmlLabelInfo VALUES(383814,'超出最小值范围',7) 
/
INSERT INTO HtmlLabelInfo VALUES(383814,'Beyond the minimum range',8) 
/
INSERT INTO HtmlLabelInfo VALUES(383814,'超出最小值',9) 
/
delete from HtmlLabelIndex where id=383815 
/
delete from HtmlLabelInfo where indexid=383815 
/
INSERT INTO HtmlLabelIndex values(383815,'超出最大值范围') 
/
INSERT INTO HtmlLabelInfo VALUES(383815,'超出最大值范围',7) 
/
INSERT INTO HtmlLabelInfo VALUES(383815,'Exceeds the maximum range',8) 
/
INSERT INTO HtmlLabelInfo VALUES(383815,'超出最大值',9) 
/
delete from HtmlLabelIndex where id=19206 
/
delete from HtmlLabelInfo where indexid=19206 
/
INSERT INTO HtmlLabelIndex values(19206,'默认值') 
/
INSERT INTO HtmlLabelInfo VALUES(19206,'默认值',7) 
/
INSERT INTO HtmlLabelInfo VALUES(19206,'default value',8) 
/
INSERT INTO HtmlLabelInfo VALUES(19206,'default value',9) 
/
delete from HtmlLabelIndex where id=383816 
/
delete from HtmlLabelInfo where indexid=383816 
/
INSERT INTO HtmlLabelIndex values(383816,'超出范围') 
/
INSERT INTO HtmlLabelInfo VALUES(383816,'超出范围',7) 
/
INSERT INTO HtmlLabelInfo VALUES(383816,'out of range',8) 
/
INSERT INTO HtmlLabelInfo VALUES(383816,'超出',9) 
/
delete from HtmlLabelIndex where id=383817 
/
delete from HtmlLabelInfo where indexid=383817 
/
INSERT INTO HtmlLabelIndex values(383817,'默认值超出范围') 
/
INSERT INTO HtmlLabelInfo VALUES(383817,'默认值超出范围',7) 
/
INSERT INTO HtmlLabelInfo VALUES(383817,'The default value is out of range',8) 
/
INSERT INTO HtmlLabelInfo VALUES(383817,'默J值超出',9) 
/