delete from HtmlLabelIndex where id=22210 
/
delete from HtmlLabelInfo where indexid=22210 
/
INSERT INTO HtmlLabelIndex values(22210,'附件上传目录') 
/
INSERT INTO HtmlLabelInfo VALUES(22210,'附件上传目录',7) 
/
INSERT INTO HtmlLabelInfo VALUES(22210,'Annex upload directory',8) 
/
INSERT INTO HtmlLabelInfo VALUES(22210,'',9) 
/
delete from HtmlLabelIndex where id=22183 
/
delete from HtmlLabelInfo where indexid=22183 
/
INSERT INTO HtmlLabelIndex values(22183,'计划任务模板') 
/
INSERT INTO HtmlLabelInfo VALUES(22183,'计划任务模板',7) 
/
INSERT INTO HtmlLabelInfo VALUES(22183,'Worktask Template',8) 
/
INSERT INTO HtmlLabelInfo VALUES(22183,'',9) 
/
delete from HtmlLabelIndex where id=22182 
/
delete from HtmlLabelInfo where indexid=22182 
/
INSERT INTO HtmlLabelIndex values(22182,'计划任务监控') 
/
INSERT INTO HtmlLabelInfo VALUES(22182,'计划任务监控',7) 
/
INSERT INTO HtmlLabelInfo VALUES(22182,'Monitor Worktask',8) 
/
INSERT INTO HtmlLabelInfo VALUES(22182,'',9) 
/
delete from HtmlLabelIndex where id=22181 
/
delete from HtmlLabelInfo where indexid=22181 
/
INSERT INTO HtmlLabelIndex values(22181,'计划任务验证') 
/
INSERT INTO HtmlLabelInfo VALUES(22181,'计划任务验证',7) 
/
INSERT INTO HtmlLabelInfo VALUES(22181,'Check Worktask',8) 
/
INSERT INTO HtmlLabelInfo VALUES(22181,'',9) 
/
delete from HtmlLabelIndex where id=22180 
/
delete from HtmlLabelInfo where indexid=22180 
/
INSERT INTO HtmlLabelIndex values(22180,'计划任务执行') 
/
INSERT INTO HtmlLabelInfo VALUES(22180,'计划任务执行',7) 
/
INSERT INTO HtmlLabelInfo VALUES(22180,'Execute Worktask',8) 
/
INSERT INTO HtmlLabelInfo VALUES(22180,'',9) 
/
delete from HtmlLabelIndex where id=22179 
/
delete from HtmlLabelInfo where indexid=22179 
/
INSERT INTO HtmlLabelIndex values(22179,'计划任务审批') 
/
INSERT INTO HtmlLabelInfo VALUES(22179,'计划任务审批',7) 
/
INSERT INTO HtmlLabelInfo VALUES(22179,'Approve Worktask',8) 
/
INSERT INTO HtmlLabelInfo VALUES(22179,'',9) 
/
delete from HtmlLabelIndex where id=22178 
/
delete from HtmlLabelInfo where indexid=22178 
/
INSERT INTO HtmlLabelIndex values(22178,'计划任务填报') 
/
INSERT INTO HtmlLabelInfo VALUES(22178,'计划任务填报',7) 
/
INSERT INTO HtmlLabelInfo VALUES(22178,'Create Worktask',8) 
/
INSERT INTO HtmlLabelInfo VALUES(22178,'',9) 
/
delete from HtmlLabelIndex where id=22175 
/
delete from HtmlLabelInfo where indexid=22175 
/
INSERT INTO HtmlLabelIndex values(22175,'相关计划任务') 
/
INSERT INTO HtmlLabelInfo VALUES(22175,'相关计划任务',7) 
/
INSERT INTO HtmlLabelInfo VALUES(22175,'Relative Work Task',8) 
/
INSERT INTO HtmlLabelInfo VALUES(22175,'',9) 
/
delete from HtmlLabelIndex where id=19115 
/
delete from HtmlLabelInfo where indexid=19115 
/
INSERT INTO HtmlLabelIndex values(19115,'保密级别') 
/
INSERT INTO HtmlLabelInfo VALUES(19115,'保密级别',7) 
/
INSERT INTO HtmlLabelInfo VALUES(19115,'Security Class',8) 
/
delete from HtmlLabelIndex where id=22162 
/
delete from HtmlLabelInfo where indexid=22162 
/
INSERT INTO HtmlLabelIndex values(22162,'计划任务审批单') 
/
delete from HtmlLabelIndex where id=22163 
/
delete from HtmlLabelInfo where indexid=22163 
/
INSERT INTO HtmlLabelIndex values(22163,'工作编码') 
/
delete from HtmlLabelIndex where id=22165 
/
delete from HtmlLabelInfo where indexid=22165 
/
INSERT INTO HtmlLabelIndex values(22165,'紧急性') 
/
delete from HtmlLabelIndex where id=22167 
/
delete from HtmlLabelInfo where indexid=22167 
/
INSERT INTO HtmlLabelIndex values(22167,'是否验证') 
/
delete from HtmlLabelIndex where id=22168 
/
delete from HtmlLabelInfo where indexid=22168 
/
INSERT INTO HtmlLabelIndex values(22168,'计划开始日期') 
/
delete from HtmlLabelIndex where id=22169 
/
delete from HtmlLabelInfo where indexid=22169 
/
INSERT INTO HtmlLabelIndex values(22169,'计划开始时间') 
/
delete from HtmlLabelIndex where id=22170 
/
delete from HtmlLabelInfo where indexid=22170 
/
INSERT INTO HtmlLabelIndex values(22170,'计划结束日期') 
/
delete from HtmlLabelIndex where id=22171 
/
delete from HtmlLabelInfo where indexid=22171 
/
INSERT INTO HtmlLabelIndex values(22171,'计划结束时间') 
/
delete from HtmlLabelIndex where id=22172 
/
delete from HtmlLabelInfo where indexid=22172 
/
INSERT INTO HtmlLabelIndex values(22172,'计划工期') 
/
delete from HtmlLabelIndex where id=22173 
/
delete from HtmlLabelInfo where indexid=22173 
/
INSERT INTO HtmlLabelIndex values(22173,'可阅人员') 
/
delete from HtmlLabelIndex where id=22164 
/
delete from HtmlLabelInfo where indexid=22164 
/
INSERT INTO HtmlLabelIndex values(22164,'验证人') 
/
delete from HtmlLabelIndex where id=22166 
/
delete from HtmlLabelInfo where indexid=22166 
/
INSERT INTO HtmlLabelIndex values(22166,'工作性质') 
/
INSERT INTO HtmlLabelInfo VALUES(22162,'计划任务审批单',7) 
/
INSERT INTO HtmlLabelInfo VALUES(22163,'工作编码',7) 
/
INSERT INTO HtmlLabelInfo VALUES(22164,'验证人',7) 
/
INSERT INTO HtmlLabelInfo VALUES(22165,'紧急性',7) 
/
INSERT INTO HtmlLabelInfo VALUES(22166,'工作性质',7) 
/
INSERT INTO HtmlLabelInfo VALUES(22167,'是否验证',7) 
/
INSERT INTO HtmlLabelInfo VALUES(22168,'计划开始日期',7) 
/
INSERT INTO HtmlLabelInfo VALUES(22169,'计划开始时间',7) 
/
INSERT INTO HtmlLabelInfo VALUES(22170,'计划结束日期',7) 
/
INSERT INTO HtmlLabelInfo VALUES(22171,'计划结束时间',7) 
/
INSERT INTO HtmlLabelInfo VALUES(22172,'计划工期',7) 
/
INSERT INTO HtmlLabelInfo VALUES(22173,'可阅人员',7) 
/
delete from HtmlLabelIndex where id=22174 
/
delete from HtmlLabelInfo where indexid=22174 
/
INSERT INTO HtmlLabelIndex values(22174,'您的一个计划任务已生效，请查看：') 
/
INSERT INTO HtmlLabelInfo VALUES(22174,'您的一个计划任务已生效，请查看：',7) 
/
INSERT INTO HtmlLabelInfo VALUES(22174,'One of your worktask has been valid, please pay attention :',8) 
/
INSERT INTO HtmlLabelInfo VALUES(22174,'',9) 
/
delete from HtmlLabelIndex where id=22159 
/
delete from HtmlLabelInfo where indexid=22159 
/
INSERT INTO HtmlLabelIndex values(22159,'该任务摘要如下：') 
/
INSERT INTO HtmlLabelInfo VALUES(22159,'该任务摘要如下：',7) 
/
INSERT INTO HtmlLabelInfo VALUES(22159,'Info of the task:',8) 
/
INSERT INTO HtmlLabelInfo VALUES(22159,'',9) 
/
delete from HtmlLabelIndex where id=22158 
/
delete from HtmlLabelInfo where indexid=22158 
/
INSERT INTO HtmlLabelIndex values(22158,'您的一个计划任务已被') 
/
INSERT INTO HtmlLabelInfo VALUES(22158,'您的一个计划任务已被',7) 
/
INSERT INTO HtmlLabelInfo VALUES(22158,'One of your worktask has been',8) 
/
INSERT INTO HtmlLabelInfo VALUES(22158,'',9) 
/
delete from HtmlLabelIndex where id=22139 
/
delete from HtmlLabelInfo where indexid=22139 
/
INSERT INTO HtmlLabelIndex values(22139,'任务来源') 
/
INSERT INTO HtmlLabelInfo VALUES(22139,'任务来源',7) 
/
INSERT INTO HtmlLabelInfo VALUES(22139,'task source',8) 
/
INSERT INTO HtmlLabelInfo VALUES(22139,'',9) 
/
delete from HtmlLabelIndex where id=22135 
/
delete from HtmlLabelInfo where indexid=22135 
/
INSERT INTO HtmlLabelIndex values(22135,'不设有效期，默认永久有效') 
/
INSERT INTO HtmlLabelInfo VALUES(22135,'不设有效期，默认永久有效',7) 
/
INSERT INTO HtmlLabelInfo VALUES(22135,'If is null, valid forever',8) 
/
INSERT INTO HtmlLabelInfo VALUES(22135,'',9) 
/
delete from HtmlLabelIndex where id=22134 
/
delete from HtmlLabelInfo where indexid=22134 
/
INSERT INTO HtmlLabelIndex values(22134,'计划内容') 
/
INSERT INTO HtmlLabelInfo VALUES(22134,'计划内容',7) 
/
INSERT INTO HtmlLabelInfo VALUES(22134,'Task content',8) 
/
INSERT INTO HtmlLabelInfo VALUES(22134,'',9) 
/
delete from HtmlLabelIndex where id=22133 
/
delete from HtmlLabelInfo where indexid=22133 
/
INSERT INTO HtmlLabelIndex values(22133,'类型单独流水') 
/
INSERT INTO HtmlLabelInfo VALUES(22133,'类型单独流水',7) 
/
INSERT INTO HtmlLabelInfo VALUES(22133,'Worktask Sequence Alone',8) 
/
INSERT INTO HtmlLabelInfo VALUES(22133,'',9) 
/
delete from HtmlLabelIndex where id=22132 
/
delete from HtmlLabelInfo where indexid=22132 
/
INSERT INTO HtmlLabelIndex values(22132,'开启转化') 
/
INSERT INTO HtmlLabelInfo VALUES(22132,'开启转化',7) 
/
INSERT INTO HtmlLabelInfo VALUES(22132,'Open change',8) 
/
INSERT INTO HtmlLabelInfo VALUES(22132,'',9) 
/
delete from HtmlLabelIndex where id=22131 
/
delete from HtmlLabelInfo where indexid=22131 
/
INSERT INTO HtmlLabelIndex values(22131,'按照明细分组') 
/
INSERT INTO HtmlLabelInfo VALUES(22131,'按照明细分组',7) 
/
INSERT INTO HtmlLabelInfo VALUES(22131,'group by detail',8) 
/
INSERT INTO HtmlLabelInfo VALUES(22131,'',9) 
/
delete from HtmlLabelIndex where id=22130 
/
delete from HtmlLabelInfo where indexid=22130 
/
INSERT INTO HtmlLabelIndex values(22130,'每个人创建单独的计划任务') 
/
INSERT INTO HtmlLabelInfo VALUES(22130,'每个人创建单独的计划任务',7) 
/
INSERT INTO HtmlLabelInfo VALUES(22130,'Create worktask for everyone alone',8) 
/
INSERT INTO HtmlLabelInfo VALUES(22130,'',9) 
/
delete from HtmlLabelIndex where id=22129 
/
delete from HtmlLabelInfo where indexid=22129 
/
INSERT INTO HtmlLabelIndex values(22129,'转化关系设置') 
/
INSERT INTO HtmlLabelInfo VALUES(22129,'转化关系设置',7) 
/
INSERT INTO HtmlLabelInfo VALUES(22129,'Change detail set',8) 
/
INSERT INTO HtmlLabelInfo VALUES(22129,'',9) 
/
delete from HtmlLabelIndex where id=22118 
/
delete from HtmlLabelInfo where indexid=22118 
/
INSERT INTO HtmlLabelIndex values(22118,'流程转计划任务') 
/
INSERT INTO HtmlLabelInfo VALUES(22118,'流程转计划任务',7) 
/
INSERT INTO HtmlLabelInfo VALUES(22118,'workflow to worktask',8) 
/
INSERT INTO HtmlLabelInfo VALUES(22118,'',9) 
/
delete from HtmlLabelIndex where id=22119 
/
delete from HtmlLabelInfo where indexid=22119 
/
INSERT INTO HtmlLabelIndex values(22119,'转换列表重复！') 
/
INSERT INTO HtmlLabelInfo VALUES(22119,'转换列表重复！',7) 
/
INSERT INTO HtmlLabelInfo VALUES(22119,'The change list repeat !',8) 
/
INSERT INTO HtmlLabelInfo VALUES(22119,'',9) 
/
delete from HtmlLabelIndex where id=22120 
/
delete from HtmlLabelInfo where indexid=22120 
/
INSERT INTO HtmlLabelIndex values(22120,'新增转化设置') 
/
INSERT INTO HtmlLabelInfo VALUES(22120,'新增转化设置',7) 
/
INSERT INTO HtmlLabelInfo VALUES(22120,'add change set',8) 
/
INSERT INTO HtmlLabelInfo VALUES(22120,'',9) 
/
delete from HtmlLabelIndex where id=22121 
/
delete from HtmlLabelInfo where indexid=22121 
/
INSERT INTO HtmlLabelIndex values(22121,'转化节点') 
/
INSERT INTO HtmlLabelInfo VALUES(22121,'转化节点',7) 
/
INSERT INTO HtmlLabelInfo VALUES(22121,'node for change',8) 
/
INSERT INTO HtmlLabelInfo VALUES(22121,'',9) 
/
delete from HtmlLabelIndex where id=22122 
/
delete from HtmlLabelInfo where indexid=22122 
/
INSERT INTO HtmlLabelIndex values(22122,'转化时间') 
/
INSERT INTO HtmlLabelInfo VALUES(22122,'转化时间',7) 
/
INSERT INTO HtmlLabelInfo VALUES(22122,'time for change',8) 
/
INSERT INTO HtmlLabelInfo VALUES(22122,'',9) 
/
delete from HtmlLabelIndex where id=22123 
/
delete from HtmlLabelInfo where indexid=22123 
/
INSERT INTO HtmlLabelIndex values(22123,'到达节点') 
/
delete from HtmlLabelIndex where id=22124 
/
delete from HtmlLabelInfo where indexid=22124 
/
INSERT INTO HtmlLabelIndex values(22124,'离开节点') 
/
INSERT INTO HtmlLabelInfo VALUES(22123,'到达节点',7) 
/
INSERT INTO HtmlLabelInfo VALUES(22123,'arrive node',8) 
/
INSERT INTO HtmlLabelInfo VALUES(22123,'',9) 
/
INSERT INTO HtmlLabelInfo VALUES(22124,'离开节点',7) 
/
INSERT INTO HtmlLabelInfo VALUES(22124,'leave node',8) 
/
INSERT INTO HtmlLabelInfo VALUES(22124,'',9) 
/
delete from HtmlLabelIndex where id=22125 
/
delete from HtmlLabelInfo where indexid=22125 
/
INSERT INTO HtmlLabelIndex values(22125,'转化列表') 
/
INSERT INTO HtmlLabelInfo VALUES(22125,'转化列表',7) 
/
INSERT INTO HtmlLabelInfo VALUES(22125,'change list',8) 
/
INSERT INTO HtmlLabelInfo VALUES(22125,'',9) 
/
delete from HtmlLabelIndex where id=22115 
/
delete from HtmlLabelInfo where indexid=22115 
/
INSERT INTO HtmlLabelIndex values(22115,'开始（英语留空，专用）') 
/
delete from HtmlLabelIndex where id=22116 
/
delete from HtmlLabelInfo where indexid=22116 
/
INSERT INTO HtmlLabelIndex values(22116,'结束（英语留空，专用）') 
/
INSERT INTO HtmlLabelInfo VALUES(22115,'开始',7) 
/
INSERT INTO HtmlLabelInfo VALUES(22115,'',8) 
/
INSERT INTO HtmlLabelInfo VALUES(22115,'',9) 
/
INSERT INTO HtmlLabelInfo VALUES(22116,'结束',7) 
/
INSERT INTO HtmlLabelInfo VALUES(22116,'',8) 
/
INSERT INTO HtmlLabelInfo VALUES(22116,'',9) 
/
delete from HtmlLabelIndex where id=22113 
/
delete from HtmlLabelInfo where indexid=22113 
/
INSERT INTO HtmlLabelIndex values(22113,'将于') 
/
delete from HtmlLabelIndex where id=22114 
/
delete from HtmlLabelInfo where indexid=22114 
/
INSERT INTO HtmlLabelIndex values(22114,'将于') 
/
INSERT INTO HtmlLabelInfo VALUES(22113,'将于',7) 
/
INSERT INTO HtmlLabelInfo VALUES(22113,'will start at',8) 
/
INSERT INTO HtmlLabelInfo VALUES(22113,'',9) 
/
INSERT INTO HtmlLabelInfo VALUES(22114,'将于',7) 
/
INSERT INTO HtmlLabelInfo VALUES(22114,'will end at',8) 
/
INSERT INTO HtmlLabelInfo VALUES(22114,'',9) 
/
delete from HtmlLabelIndex where id=22082 
/
delete from HtmlLabelInfo where indexid=22082 
/
INSERT INTO HtmlLabelIndex values(22082,'验证退回') 
/
delete from HtmlLabelIndex where id=22083 
/
delete from HtmlLabelInfo where indexid=22083 
/
INSERT INTO HtmlLabelIndex values(22083,'验证通过') 
/
INSERT INTO HtmlLabelInfo VALUES(22082,'验证退回',7) 
/
INSERT INTO HtmlLabelInfo VALUES(22082,'Reject',8) 
/
INSERT INTO HtmlLabelInfo VALUES(22082,'',9) 
/
INSERT INTO HtmlLabelInfo VALUES(22083,'验证通过',7) 
/
INSERT INTO HtmlLabelInfo VALUES(22083,'Pass',8) 
/
INSERT INTO HtmlLabelInfo VALUES(22083,'',9) 
/
delete from HtmlLabelIndex where id=22081 
/
delete from HtmlLabelInfo where indexid=22081 
/
INSERT INTO HtmlLabelIndex values(22081,'提交完成') 
/
INSERT INTO HtmlLabelInfo VALUES(22081,'提交完成',7) 
/
INSERT INTO HtmlLabelInfo VALUES(22081,'Complete',8) 
/
INSERT INTO HtmlLabelInfo VALUES(22081,'',9) 
/
delete from HtmlLabelIndex where id=22080 
/
delete from HtmlLabelInfo where indexid=22080 
/
INSERT INTO HtmlLabelIndex values(22080,'过程反馈') 
/
INSERT INTO HtmlLabelInfo VALUES(22080,'过程反馈',7) 
/
INSERT INTO HtmlLabelInfo VALUES(22080,'Process back',8) 
/
INSERT INTO HtmlLabelInfo VALUES(22080,'',9) 
/
delete from HtmlLabelIndex where id=22079 
/
delete from HtmlLabelInfo where indexid=22079 
/
INSERT INTO HtmlLabelIndex values(22079,'协助人反馈') 
/
INSERT INTO HtmlLabelInfo VALUES(22079,'协助人反馈',7) 
/
INSERT INTO HtmlLabelInfo VALUES(22079,'Coadjutant back',8) 
/
INSERT INTO HtmlLabelInfo VALUES(22079,'',9) 
/
delete from HtmlLabelIndex where id=22078 
/
delete from HtmlLabelInfo where indexid=22078 
/
INSERT INTO HtmlLabelIndex values(22078,'相关信息') 
/
INSERT INTO HtmlLabelInfo VALUES(22078,'相关信息',7) 
/
INSERT INTO HtmlLabelInfo VALUES(22078,'Information',8) 
/
INSERT INTO HtmlLabelInfo VALUES(22078,'',9) 
/
delete from HtmlLabelIndex where id=22077 
/
delete from HtmlLabelInfo where indexid=22077 
/
INSERT INTO HtmlLabelIndex values(22077,'验证说明') 
/
INSERT INTO HtmlLabelInfo VALUES(22077,'验证说明',7) 
/
INSERT INTO HtmlLabelInfo VALUES(22077,'Check remark',8) 
/
INSERT INTO HtmlLabelInfo VALUES(22077,'',9) 
/
delete from HtmlLabelIndex where id=22076 
/
delete from HtmlLabelInfo where indexid=22076 
/
INSERT INTO HtmlLabelIndex values(22076,'任务执行过程记录') 
/
INSERT INTO HtmlLabelInfo VALUES(22076,'任务执行过程记录',7) 
/
INSERT INTO HtmlLabelInfo VALUES(22076,'Task executing log',8) 
/
INSERT INTO HtmlLabelInfo VALUES(22076,'',9) 
/
delete from HtmlLabelIndex where id=22075 
/
delete from HtmlLabelInfo where indexid=22075 
/
INSERT INTO HtmlLabelIndex values(22075,'未反馈') 
/
INSERT INTO HtmlLabelInfo VALUES(22075,'未反馈',7) 
/
INSERT INTO HtmlLabelInfo VALUES(22075,'No back',8) 
/
INSERT INTO HtmlLabelInfo VALUES(22075,'',9) 
/
delete from HtmlLabelIndex where id=22074 
/
delete from HtmlLabelInfo where indexid=22074 
/
INSERT INTO HtmlLabelIndex values(22074,'任务状态') 
/
delete from HtmlLabelIndex where id=22073 
/
delete from HtmlLabelInfo where indexid=22073 
/
INSERT INTO HtmlLabelIndex values(22073,'任务情况') 
/
INSERT INTO HtmlLabelInfo VALUES(22073,'任务情况',7) 
/
INSERT INTO HtmlLabelInfo VALUES(22073,'Task situation',8) 
/
INSERT INTO HtmlLabelInfo VALUES(22073,'',9) 
/
INSERT INTO HtmlLabelInfo VALUES(22074,'任务状态',7) 
/
INSERT INTO HtmlLabelInfo VALUES(22074,'Task status',8) 
/
INSERT INTO HtmlLabelInfo VALUES(22074,'',9) 
/
delete from HtmlLabelIndex where id=22071 
/
delete from HtmlLabelInfo where indexid=22071 
/
INSERT INTO HtmlLabelIndex values(22071,'其他责任人执行情况') 
/
delete from HtmlLabelIndex where id=22072 
/
delete from HtmlLabelInfo where indexid=22072 
/
INSERT INTO HtmlLabelIndex values(22072,'各责任人执行情况') 
/
INSERT INTO HtmlLabelInfo VALUES(22071,'其他责任人执行情况',7) 
/
INSERT INTO HtmlLabelInfo VALUES(22071,'The execute situation of other liablepersons',8) 
/
INSERT INTO HtmlLabelInfo VALUES(22071,'',9) 
/
INSERT INTO HtmlLabelInfo VALUES(22072,'各责任人执行情况',7) 
/
INSERT INTO HtmlLabelInfo VALUES(22072,'The execute situation of all liablepersons',8) 
/
INSERT INTO HtmlLabelInfo VALUES(22072,'',9) 
/
delete from HtmlLabelIndex where id=22070 
/
delete from HtmlLabelInfo where indexid=22070 
/
INSERT INTO HtmlLabelIndex values(22070,'验证结果') 
/
INSERT INTO HtmlLabelInfo VALUES(22070,'验证结果',7) 
/
INSERT INTO HtmlLabelInfo VALUES(22070,'Check result',8) 
/
INSERT INTO HtmlLabelInfo VALUES(22070,'',9) 
/
delete from HtmlLabelIndex where id=22069 
/
delete from HtmlLabelInfo where indexid=22069 
/
INSERT INTO HtmlLabelIndex values(22069,'完成情况') 
/
INSERT INTO HtmlLabelInfo VALUES(22069,'完成情况',7) 
/
INSERT INTO HtmlLabelInfo VALUES(22069,'Finished situation',8) 
/
INSERT INTO HtmlLabelInfo VALUES(22069,'',9) 
/
delete from HtmlLabelIndex where id=22065 
/
delete from HtmlLabelInfo where indexid=22065 
/
INSERT INTO HtmlLabelIndex values(22065,'不能为负数') 
/
INSERT INTO HtmlLabelInfo VALUES(22065,'不能为负数！',7) 
/
INSERT INTO HtmlLabelInfo VALUES(22065,'cannot be negative!',8) 
/
INSERT INTO HtmlLabelInfo VALUES(22065,'',9) 
/
delete from HtmlLabelIndex where id=22059 
/
delete from HtmlLabelInfo where indexid=22059 
/
INSERT INTO HtmlLabelIndex values(22059,'确认取消该任务吗？') 
/
INSERT INTO HtmlLabelInfo VALUES(22059,'确认取消该任务吗？',7) 
/
INSERT INTO HtmlLabelInfo VALUES(22059,'Sure to cancel these worktasks?',8) 
/
INSERT INTO HtmlLabelInfo VALUES(22059,'',9) 
/
delete from HtmlLabelIndex where id=22046 
/
delete from HtmlLabelInfo where indexid=22046 
/
INSERT INTO HtmlLabelIndex values(22046,'提交验证信息') 
/
INSERT INTO HtmlLabelInfo VALUES(22046,'提交验证信息',7) 
/
INSERT INTO HtmlLabelInfo VALUES(22046,'Submit check info',8) 
/
INSERT INTO HtmlLabelInfo VALUES(22046,'',9) 
/
delete from HtmlLabelIndex where id=22045 
/
delete from HtmlLabelInfo where indexid=22045 
/
INSERT INTO HtmlLabelIndex values(22045,'详情') 
/
INSERT INTO HtmlLabelInfo VALUES(22045,'详情',7) 
/
INSERT INTO HtmlLabelInfo VALUES(22045,'More info',8) 
/
INSERT INTO HtmlLabelInfo VALUES(22045,'',9) 
/
delete from HtmlLabelIndex where id=22002 
/
delete from HtmlLabelInfo where indexid=22002 
/
INSERT INTO HtmlLabelIndex values(22002,'提交反馈信息') 
/
INSERT INTO HtmlLabelInfo VALUES(22002,'提交反馈信息',7) 
/
INSERT INTO HtmlLabelInfo VALUES(22002,'Submit feedback info',8) 
/
INSERT INTO HtmlLabelInfo VALUES(22002,'',9) 
/
delete from HtmlLabelIndex where id=22001 
/
delete from HtmlLabelInfo where indexid=22001 
/
INSERT INTO HtmlLabelIndex values(22001,'是否自动转为日程') 
/
INSERT INTO HtmlLabelInfo VALUES(22001,'是否自动转为日程',7) 
/
INSERT INTO HtmlLabelInfo VALUES(22001,'If create to plan automatocally',8) 
/
INSERT INTO HtmlLabelInfo VALUES(22001,'',9) 
/
delete from HtmlLabelIndex where id=22000 
/
delete from HtmlLabelInfo where indexid=22000 
/
INSERT INTO HtmlLabelIndex values(22000,'请先选择操作对象') 
/
INSERT INTO HtmlLabelInfo VALUES(22000,'请先选择操作对象',7) 
/
INSERT INTO HtmlLabelInfo VALUES(22000,'Please first choose the operating target',8) 
/
INSERT INTO HtmlLabelInfo VALUES(22000,'',9) 
/
delete from HtmlLabelIndex where id=21998 
/
delete from HtmlLabelInfo where indexid=21998 
/
INSERT INTO HtmlLabelIndex values(21998,'“requestid”、“taskid”为默认系统字段，不能使用。') 
/
INSERT INTO HtmlLabelInfo VALUES(21998,'“requestid”、“taskid”为默认系统字段，不能使用。',7) 
/
INSERT INTO HtmlLabelInfo VALUES(21998,'requestid,taskid can not be uesed,as they are the fields of the system.',8) 
/
INSERT INTO HtmlLabelInfo VALUES(21998,'',9) 
/
delete from HtmlLabelIndex where id=21995 
/
delete from HtmlLabelInfo where indexid=21995 
/
INSERT INTO HtmlLabelIndex values(21995,'高级搜索') 
/
INSERT INTO HtmlLabelInfo VALUES(21995,'高级搜索',7) 
/
INSERT INTO HtmlLabelInfo VALUES(21995,'Advanced Search',8) 
/
INSERT INTO HtmlLabelInfo VALUES(21995,'',9) 
/
delete from HtmlLabelIndex where id=21991 
/
delete from HtmlLabelInfo where indexid=21991 
/
INSERT INTO HtmlLabelIndex values(21991,'打开搜索栏') 
/
delete from HtmlLabelIndex where id=21992 
/
delete from HtmlLabelInfo where indexid=21992 
/
INSERT INTO HtmlLabelIndex values(21992,'关闭搜索栏') 
/
INSERT INTO HtmlLabelInfo VALUES(21991,'打开搜索栏',7) 
/
INSERT INTO HtmlLabelInfo VALUES(21991,'Open query block',8) 
/
INSERT INTO HtmlLabelInfo VALUES(21991,'',9) 
/
INSERT INTO HtmlLabelInfo VALUES(21992,'关闭搜索栏',7) 
/
INSERT INTO HtmlLabelInfo VALUES(21992,'Close query block',8) 
/
INSERT INTO HtmlLabelInfo VALUES(21992,'',9) 
/
delete from HtmlLabelIndex where id=21985 
/
delete from HtmlLabelInfo where indexid=21985 
/
INSERT INTO HtmlLabelIndex values(21985,'所有状态') 
/
INSERT INTO HtmlLabelInfo VALUES(21985,'所有状态',7) 
/
INSERT INTO HtmlLabelInfo VALUES(21985,'All status',8) 
/
INSERT INTO HtmlLabelInfo VALUES(21985,'',9) 
/
delete from HtmlLabelIndex where id=21984 
/
delete from HtmlLabelInfo where indexid=21984 
/
INSERT INTO HtmlLabelIndex values(21984,'已超期') 
/
delete from HtmlLabelIndex where id=21983 
/
delete from HtmlLabelInfo where indexid=21983 
/
INSERT INTO HtmlLabelIndex values(21983,'被退回') 
/
INSERT INTO HtmlLabelInfo VALUES(21983,'被退回',7) 
/
INSERT INTO HtmlLabelInfo VALUES(21983,'Be returned',8) 
/
INSERT INTO HtmlLabelInfo VALUES(21983,'',9) 
/
INSERT INTO HtmlLabelInfo VALUES(21984,'已超期',7) 
/
INSERT INTO HtmlLabelInfo VALUES(21984,'Overtime',8) 
/
INSERT INTO HtmlLabelInfo VALUES(21984,'',9) 
/
delete from HtmlLabelIndex where id=21982 
/
delete from HtmlLabelInfo where indexid=21982 
/
INSERT INTO HtmlLabelIndex values(21982,'待验证') 
/
INSERT INTO HtmlLabelInfo VALUES(21982,'待验证',7) 
/
INSERT INTO HtmlLabelInfo VALUES(21982,'For checking',8) 
/
INSERT INTO HtmlLabelInfo VALUES(21982,'',9) 
/
delete from HtmlLabelIndex where id=21927 
/
delete from HtmlLabelInfo where indexid=21927 
/
INSERT INTO HtmlLabelIndex values(21927,'计划任务设置') 
/
INSERT INTO HtmlLabelInfo VALUES(21927,'计划任务设置',7) 
/
INSERT INTO HtmlLabelInfo VALUES(21927,'Worktask Set',8) 
/
INSERT INTO HtmlLabelInfo VALUES(21927,'',9) 
/
delete from HtmlLabelIndex where id=21929 
/
delete from HtmlLabelInfo where indexid=21929 
/
INSERT INTO HtmlLabelIndex values(21929,'列表设置') 
/
INSERT INTO HtmlLabelInfo VALUES(21929,'列表设置',7) 
/
INSERT INTO HtmlLabelInfo VALUES(21929,'List Set',8) 
/
INSERT INTO HtmlLabelInfo VALUES(21929,'',9) 
/
delete from HtmlLabelIndex where id=21928 
/
delete from HtmlLabelInfo where indexid=21928 
/
INSERT INTO HtmlLabelIndex values(21928,'计划任务整体设置') 
/
INSERT INTO HtmlLabelInfo VALUES(21928,'计划任务整体设置',7) 
/
INSERT INTO HtmlLabelInfo VALUES(21928,'Worktask Field Set',8) 
/
INSERT INTO HtmlLabelInfo VALUES(21928,'',9) 
/
delete from HtmlLabelIndex where id=21930 
/
delete from HtmlLabelInfo where indexid=21930 
/
INSERT INTO HtmlLabelIndex values(21930,'新建类型') 
/
INSERT INTO HtmlLabelInfo VALUES(21930,'新建类型',7) 
/
INSERT INTO HtmlLabelInfo VALUES(21930,'New Type',8) 
/
INSERT INTO HtmlLabelInfo VALUES(21930,'',9) 
/
delete from HtmlLabelIndex where id=21931 
/
delete from HtmlLabelInfo where indexid=21931 
/
INSERT INTO HtmlLabelIndex values(21931,'将设置应用到') 
/
INSERT INTO HtmlLabelInfo VALUES(21931,'将设置应用到',7) 
/
INSERT INTO HtmlLabelInfo VALUES(21931,'Use Set to',8) 
/
INSERT INTO HtmlLabelInfo VALUES(21931,'',9) 
/
delete from HtmlLabelIndex where id=21932 
/
delete from HtmlLabelInfo where indexid=21932 
/
INSERT INTO HtmlLabelIndex values(21932,'计划任务属性字段') 
/
INSERT INTO HtmlLabelInfo VALUES(21932,'计划任务属性字段',7) 
/
INSERT INTO HtmlLabelInfo VALUES(21932,'Worktask Attribute Field',8) 
/
INSERT INTO HtmlLabelInfo VALUES(21932,'',9) 
/
delete from HtmlLabelIndex where id=21933 
/
delete from HtmlLabelInfo where indexid=21933 
/
INSERT INTO HtmlLabelIndex values(21933,'字段英文名') 
/
delete from HtmlLabelIndex where id=21934 
/
delete from HtmlLabelInfo where indexid=21934 
/
INSERT INTO HtmlLabelIndex values(21934,'字段描述') 
/
INSERT INTO HtmlLabelInfo VALUES(21933,'字段英文名',7) 
/
INSERT INTO HtmlLabelInfo VALUES(21933,'Field English Name',8) 
/
INSERT INTO HtmlLabelInfo VALUES(21933,'',9) 
/
INSERT INTO HtmlLabelInfo VALUES(21934,'字段描述',7) 
/
INSERT INTO HtmlLabelInfo VALUES(21934,'Field Description',8) 
/
INSERT INTO HtmlLabelInfo VALUES(21934,'',9) 
/
delete from HtmlLabelIndex where id=21936 
/
delete from HtmlLabelInfo where indexid=21936 
/
INSERT INTO HtmlLabelIndex values(21936,'任务验证字段') 
/
delete from HtmlLabelIndex where id=21935 
/
delete from HtmlLabelInfo where indexid=21935 
/
INSERT INTO HtmlLabelIndex values(21935,'任务反馈字段') 
/
INSERT INTO HtmlLabelInfo VALUES(21935,'任务反馈字段',7) 
/
INSERT INTO HtmlLabelInfo VALUES(21935,'Worktask back field',8) 
/
INSERT INTO HtmlLabelInfo VALUES(21935,'',9) 
/
INSERT INTO HtmlLabelInfo VALUES(21936,'任务验证字段',7) 
/
INSERT INTO HtmlLabelInfo VALUES(21936,'Worktask verify field',8) 
/
INSERT INTO HtmlLabelInfo VALUES(21936,'',9) 
/
delete from HtmlLabelIndex where id=21938 
/
delete from HtmlLabelInfo where indexid=21938 
/
INSERT INTO HtmlLabelIndex values(21938,'字段中文名') 
/
INSERT INTO HtmlLabelInfo VALUES(21938,'字段中文名',7) 
/
INSERT INTO HtmlLabelInfo VALUES(21938,'Field Chinese Name',8) 
/
INSERT INTO HtmlLabelInfo VALUES(21938,'',9) 
/
delete from HtmlLabelIndex where id=21939 
/
delete from HtmlLabelInfo where indexid=21939 
/
INSERT INTO HtmlLabelIndex values(21939,'删除字段将删除所有任务重该字段相关数据，确认删除吗？') 
/
INSERT INTO HtmlLabelInfo VALUES(21939,'删除字段将删除所有任务重该字段相关数据，确认删除吗？',7) 
/
INSERT INTO HtmlLabelInfo VALUES(21939,'Delete field will delete all data of this field in all worktasks, are you sure?',8) 
/
INSERT INTO HtmlLabelInfo VALUES(21939,'',9) 
/
delete from HtmlLabelIndex where id=21940 
/
delete from HtmlLabelInfo where indexid=21940 
/
INSERT INTO HtmlLabelIndex values(21940,'是否搜索条件') 
/
delete from HtmlLabelIndex where id=21941 
/
delete from HtmlLabelInfo where indexid=21941 
/
INSERT INTO HtmlLabelIndex values(21941,'是否高级搜索条件') 
/
INSERT INTO HtmlLabelInfo VALUES(21940,'是否搜索条件',7) 
/
INSERT INTO HtmlLabelInfo VALUES(21940,'If Search Condition',8) 
/
INSERT INTO HtmlLabelInfo VALUES(21940,'',9) 
/
INSERT INTO HtmlLabelInfo VALUES(21941,'是否高级搜索条件',7) 
/
INSERT INTO HtmlLabelInfo VALUES(21941,'If Advanced Search Condition',8) 
/
INSERT INTO HtmlLabelInfo VALUES(21941,'',9) 
/
delete from HtmlLabelIndex where id=21942 
/
delete from HtmlLabelInfo where indexid=21942 
/
INSERT INTO HtmlLabelIndex values(21942,'类型编码') 
/
INSERT INTO HtmlLabelInfo VALUES(21942,'类型编码',7) 
/
INSERT INTO HtmlLabelInfo VALUES(21942,'Type Code',8) 
/
INSERT INTO HtmlLabelInfo VALUES(21942,'',9) 
/
delete from HtmlLabelIndex where id=21943 
/
delete from HtmlLabelInfo where indexid=21943 
/
INSERT INTO HtmlLabelIndex values(21943,'类型名称重复') 
/
INSERT INTO HtmlLabelInfo VALUES(21943,'类型名称重复',7) 
/
INSERT INTO HtmlLabelInfo VALUES(21943,'the name of the type repeat!',8) 
/
INSERT INTO HtmlLabelInfo VALUES(21943,'',9) 
/
delete from HtmlLabelIndex where id=21945 
/
delete from HtmlLabelInfo where indexid=21945 
/
INSERT INTO HtmlLabelIndex values(21945,'创建权限') 
/
INSERT INTO HtmlLabelInfo VALUES(21945,'创建权限',7) 
/
INSERT INTO HtmlLabelInfo VALUES(21945,'Creater agenter',8) 
/
INSERT INTO HtmlLabelInfo VALUES(21945,'',9) 
/
delete from HtmlLabelIndex where id=21946 
/
delete from HtmlLabelInfo where indexid=21946 
/
INSERT INTO HtmlLabelIndex values(21946,'提醒设置') 
/
INSERT INTO HtmlLabelInfo VALUES(21946,'提醒设置',7) 
/
INSERT INTO HtmlLabelInfo VALUES(21946,'Reminded set',8) 
/
INSERT INTO HtmlLabelInfo VALUES(21946,'',9) 
/
delete from HtmlLabelIndex where id=21947 
/
delete from HtmlLabelInfo where indexid=21947 
/
INSERT INTO HtmlLabelIndex values(21947,'计划任务状态') 
/
INSERT INTO HtmlLabelInfo VALUES(21947,'计划任务状态',7) 
/
INSERT INTO HtmlLabelInfo VALUES(21947,'WorkTask Status',8) 
/
INSERT INTO HtmlLabelInfo VALUES(21947,'',9) 
/
delete from HtmlLabelIndex where id=21948 
/
delete from HtmlLabelInfo where indexid=21948 
/
INSERT INTO HtmlLabelIndex values(21948,'审批前') 
/
delete from HtmlLabelIndex where id=21949 
/
delete from HtmlLabelInfo where indexid=21949 
/
INSERT INTO HtmlLabelIndex values(21949,'审批后') 
/
INSERT INTO HtmlLabelInfo VALUES(21948,'审批前',7) 
/
INSERT INTO HtmlLabelInfo VALUES(21948,'Before Approved',8) 
/
INSERT INTO HtmlLabelInfo VALUES(21948,'',9) 
/
INSERT INTO HtmlLabelInfo VALUES(21949,'审批后',7) 
/
INSERT INTO HtmlLabelInfo VALUES(21949,'After Approved',8) 
/
INSERT INTO HtmlLabelInfo VALUES(21949,'',9) 
/
delete from HtmlLabelIndex where id=21950 
/
delete from HtmlLabelInfo where indexid=21950 
/
INSERT INTO HtmlLabelIndex values(21950,'反馈') 
/
INSERT INTO HtmlLabelInfo VALUES(21950,'反馈',7) 
/
INSERT INTO HtmlLabelInfo VALUES(21950,'Feedback',8) 
/
INSERT INTO HtmlLabelInfo VALUES(21950,'',9) 
/
delete from HtmlLabelIndex where id=21956 
/
delete from HtmlLabelInfo where indexid=21956 
/
INSERT INTO HtmlLabelIndex values(21956,'对象类型') 
/
INSERT INTO HtmlLabelInfo VALUES(21956,'对象类型',7) 
/
INSERT INTO HtmlLabelInfo VALUES(21956,'Object Type',8) 
/
INSERT INTO HtmlLabelInfo VALUES(21956,'',9) 
/
delete from HtmlLabelIndex where id=21957 
/
delete from HtmlLabelInfo where indexid=21957 
/
INSERT INTO HtmlLabelIndex values(21957,'对象名称') 
/
INSERT INTO HtmlLabelInfo VALUES(21957,'对象名称',7) 
/
INSERT INTO HtmlLabelInfo VALUES(21957,'Object Name',8) 
/
INSERT INTO HtmlLabelInfo VALUES(21957,'',9) 
/
delete from HtmlLabelIndex where id=21958 
/
delete from HtmlLabelInfo where indexid=21958 
/
INSERT INTO HtmlLabelIndex values(21958,'角色级别') 
/
INSERT INTO HtmlLabelInfo VALUES(21958,'角色级别',7) 
/
INSERT INTO HtmlLabelInfo VALUES(21958,'Roles Level',8) 
/
INSERT INTO HtmlLabelInfo VALUES(21958,'',9) 
/
delete from HtmlLabelIndex where id=21967 
/
delete from HtmlLabelInfo where indexid=21967 
/
INSERT INTO HtmlLabelIndex values(21967,'只有在计划任务提交审批的时候才触发该流程。') 
/
delete from HtmlLabelIndex where id=21966 
/
delete from HtmlLabelInfo where indexid=21966 
/
INSERT INTO HtmlLabelIndex values(21966,'所选工作流只能是对应单据“工作任务审批”的有效流程。') 
/
INSERT INTO HtmlLabelInfo VALUES(21966,'所选工作流只能是对应单据“工作任务审批”的有效流程。',7) 
/
INSERT INTO HtmlLabelInfo VALUES(21966,'The choosed workflow must be a valid one of bill "worktask approve"',8) 
/
INSERT INTO HtmlLabelInfo VALUES(21966,'',9) 
/
INSERT INTO HtmlLabelInfo VALUES(21967,'只有在计划任务提交审批的时候才触发该流程。',7) 
/
INSERT INTO HtmlLabelInfo VALUES(21967,'The workflow will be triggered while the worktask being approved.',8) 
/
INSERT INTO HtmlLabelInfo VALUES(21967,'',9) 
/
delete from HtmlLabelIndex where id=21968 
/
delete from HtmlLabelInfo where indexid=21968 
/
INSERT INTO HtmlLabelIndex values(21968,'计划任务监控人') 
/
INSERT INTO HtmlLabelInfo VALUES(21968,'计划任务监控人',7) 
/
INSERT INTO HtmlLabelInfo VALUES(21968,'Worktask Monitor',8) 
/
INSERT INTO HtmlLabelInfo VALUES(21968,'',9) 
/
delete from HtmlLabelIndex where id=21969 
/
delete from HtmlLabelInfo where indexid=21969 
/
INSERT INTO HtmlLabelIndex values(21969,'监控级别') 
/
INSERT INTO HtmlLabelInfo VALUES(21969,'监控级别',7) 
/
INSERT INTO HtmlLabelInfo VALUES(21969,'Monitor type',8) 
/
INSERT INTO HtmlLabelInfo VALUES(21969,'',9) 
/
delete from HtmlLabelIndex where id=21976 
/
delete from HtmlLabelInfo where indexid=21976 
/
INSERT INTO HtmlLabelIndex values(21976,'默认提醒方式设置') 
/
INSERT INTO HtmlLabelInfo VALUES(21976,'默认提醒方式',7) 
/
INSERT INTO HtmlLabelInfo VALUES(21976,'Default reminded type set',8) 
/
INSERT INTO HtmlLabelInfo VALUES(21976,'',9) 
/
delete from HtmlLabelIndex where id=21977 
/
delete from HtmlLabelInfo where indexid=21977 
/
INSERT INTO HtmlLabelIndex values(21977,'每') 
/
INSERT INTO HtmlLabelInfo VALUES(21977,'每',7) 
/
INSERT INTO HtmlLabelInfo VALUES(21977,'per',8) 
/
INSERT INTO HtmlLabelInfo VALUES(21977,'',9) 
/
delete from HtmlLabelIndex where id=21978 
/
delete from HtmlLabelInfo where indexid=21978 
/
INSERT INTO HtmlLabelIndex values(21978,'计划任务提醒时间未被选定！') 
/
INSERT INTO HtmlLabelInfo VALUES(21978,'计划任务提醒时间未被选定！',7) 
/
INSERT INTO HtmlLabelInfo VALUES(21978,'Remind time of worktask is not been selected!',8) 
/
INSERT INTO HtmlLabelInfo VALUES(21978,'',9) 
/
delete from HtmlLabelIndex where id=21979 
/
delete from HtmlLabelInfo where indexid=21979 
/
INSERT INTO HtmlLabelIndex values(21979,'全部类型') 
/
INSERT INTO HtmlLabelInfo VALUES(21979,'全部类型',7) 
/
INSERT INTO HtmlLabelInfo VALUES(21979,'All types',8) 
/
INSERT INTO HtmlLabelInfo VALUES(21979,'',9) 
/
delete from HtmlLabelIndex where id=21981 
/
delete from HtmlLabelInfo where indexid=21981 
/
INSERT INTO HtmlLabelIndex values(21981,'待执行') 
/
INSERT INTO HtmlLabelInfo VALUES(21981,'待执行',7) 
/
INSERT INTO HtmlLabelInfo VALUES(21981,'For Executing',8) 
/
INSERT INTO HtmlLabelInfo VALUES(21981,'',9) 
/

insert into SystemRights (id,rightdesc,righttype) values (804,'计划任务整体设置','0') 
/

insert into SystemRightsLanguage (id,languageid,rightname,rightdesc) values (804,8,'Worktask Field Set','Worktask Field Set') 
/
insert into SystemRightsLanguage (id,languageid,rightname,rightdesc) values (804,7,'计划任务整体设置','计划任务整体设置') 
/
insert into SystemRightsLanguage (id,languageid,rightname,rightdesc) values (804,9,'','') 
/

insert into SystemRightDetail (id,rightdetailname,rightdetail,rightid) values (4314,'计划任务整体设置','WorktaskManage:All',804) 
/

