
delete from HtmlNoteIndex where id=4614 
/
delete from HtmlNoteInfo where indexid=4614 
/
INSERT INTO HtmlNoteIndex values(4614,'整数') 
/
INSERT INTO HtmlNoteInfo VALUES(4614,'整数',7) 
/
INSERT INTO HtmlNoteInfo VALUES(4614,'Integer',8) 
/
INSERT INTO HtmlNoteInfo VALUES(4614,'整',9) 
/


delete from HtmlNoteIndex where id=4615 
/
delete from HtmlNoteInfo where indexid=4615 
/
INSERT INTO HtmlNoteIndex values(4615,'浮点数') 
/
INSERT INTO HtmlNoteInfo VALUES(4615,'浮点数',7) 
/
INSERT INTO HtmlNoteInfo VALUES(4615,'Float',8) 
/
INSERT INTO HtmlNoteInfo VALUES(4615,'浮c',9) 
/


delete from HtmlNoteIndex where id=4616 
/
delete from HtmlNoteInfo where indexid=4616 
/
INSERT INTO HtmlNoteIndex values(4616,'小数位数：') 
/
INSERT INTO HtmlNoteInfo VALUES(4616,'小数位数：',7) 
/
INSERT INTO HtmlNoteInfo VALUES(4616,'The number of decimal places:',8) 
/
INSERT INTO HtmlNoteInfo VALUES(4616,'小滴担',9) 
/


delete from HtmlNoteIndex where id=4617 
/
delete from HtmlNoteInfo where indexid=4617 
/
INSERT INTO HtmlNoteIndex values(4617,'辅助输入：') 
/
INSERT INTO HtmlNoteInfo VALUES(4617,'辅助输入：',7) 
/
INSERT INTO HtmlNoteInfo VALUES(4617,'Auxiliary input:',8) 
/
INSERT INTO HtmlNoteInfo VALUES(4617,'o助入：',9) 
/


delete from HtmlNoteIndex where id=4618 
/
delete from HtmlNoteInfo where indexid=4618 
/
INSERT INTO HtmlNoteIndex values(4618,'请输入数字') 
/
INSERT INTO HtmlNoteInfo VALUES(4618,'请输入数字',7) 
/
INSERT INTO HtmlNoteInfo VALUES(4618,'Please enter a number',8) 
/
INSERT INTO HtmlNoteInfo VALUES(4618,'入底',9) 
/



delete from HtmlNoteIndex where id=4619 
/
delete from HtmlNoteInfo where indexid=4619 
/
INSERT INTO HtmlNoteIndex values(4619,'最大值要大于最小值') 
/
INSERT INTO HtmlNoteInfo VALUES(4619,'最大值要大于最小值',7) 
/
INSERT INTO HtmlNoteInfo VALUES(4619,'Maximum value is greater than the minimum value',8) 
/
INSERT INTO HtmlNoteInfo VALUES(4619,'最大值要大于最小值',9) 
/



delete from HtmlNoteIndex where id=4620 
/
delete from HtmlNoteInfo where indexid=4620 
/
INSERT INTO HtmlNoteIndex values(4620,'请使用整数作为最小值') 
/
INSERT INTO HtmlNoteInfo VALUES(4620,'请使用整数作为最小值',7) 
/
INSERT INTO HtmlNoteInfo VALUES(4620,'Please use an integer as a minimum',8) 
/
INSERT INTO HtmlNoteInfo VALUES(4620,'使用整底最小值',9) 
/


delete from HtmlNoteIndex where id=4621 
/
delete from HtmlNoteInfo where indexid=4621 
/
INSERT INTO HtmlNoteIndex values(4621,'请使用整数作为最大值') 
/
INSERT INTO HtmlNoteInfo VALUES(4621,'请使用整数作为最大值',7) 
/
INSERT INTO HtmlNoteInfo VALUES(4621,'Please use an integer as the maximum value',8) 
/
INSERT INTO HtmlNoteInfo VALUES(4621,'使用整底最大值',9) 
/


delete from HtmlNoteIndex where id=4622 
/
delete from HtmlNoteInfo where indexid=4622 
/
INSERT INTO HtmlNoteIndex values(4622,'请输入大于0的数字') 
/
INSERT INTO HtmlNoteInfo VALUES(4622,'请输入大于0的数字',7) 
/
INSERT INTO HtmlNoteInfo VALUES(4622,'Please enter a number greater than 0',8) 
/
INSERT INTO HtmlNoteInfo VALUES(4622,'入大于0的底',9) 
/



delete from HtmlNoteIndex where id=4623 
/
delete from HtmlNoteInfo where indexid=4623 
/
INSERT INTO HtmlNoteIndex values(4623,'手写批注') 
/
INSERT INTO HtmlNoteInfo VALUES(4623,'手写批注',7) 
/
INSERT INTO HtmlNoteInfo VALUES(4623,'Handwriting annotation',8) 
/
INSERT INTO HtmlNoteInfo VALUES(4623,'手批注',9) 
/


 
  delete from HtmlNoteIndex where id=4624 
/
delete from HtmlNoteInfo where indexid=4624 
/
INSERT INTO HtmlNoteIndex values(4624,'输入手写前提示信息') 
/
INSERT INTO HtmlNoteInfo VALUES(4624,'输入手写前提示信息',7) 
/
INSERT INTO HtmlNoteInfo VALUES(4624,'Enter hand written prompt message',8) 
/
INSERT INTO HtmlNoteInfo VALUES(4624,'入手前提示信息',9) 
/



delete from HtmlNoteIndex where id=4625 
/
delete from HtmlNoteInfo where indexid=4625 
/
INSERT INTO HtmlNoteIndex values(4625,'点击输入') 
/
INSERT INTO HtmlNoteInfo VALUES(4625,'点击输入',7) 
/
INSERT INTO HtmlNoteInfo VALUES(4625,'Click enter',8) 
/
INSERT INTO HtmlNoteInfo VALUES(4625,'c糨入',9) 
/


delete from HtmlNoteIndex where id=4626 
/
delete from HtmlNoteInfo where indexid=4626 
/
INSERT INTO HtmlNoteIndex values(4626,'输入自定义明细内容，数据集变量用{dSetName.dSetKey}表示') 
/
INSERT INTO HtmlNoteInfo VALUES(4626,'输入自定义明细内容，数据集变量用{dSetName.dSetKey}表示',7) 
/
INSERT INTO HtmlNoteInfo VALUES(4626,'Enter custom detail content, data set variables with {dSetName.dSetKey}',8) 
/
INSERT INTO HtmlNoteInfo VALUES(4626,'入自定x明内容，集量用{dSetName.dSetKey}表示',9) 
/



delete from HtmlNoteIndex where id=4627 
/
delete from HtmlNoteInfo where indexid=4627 
/
INSERT INTO HtmlNoteIndex values(4627,'流程标题：') 
/
INSERT INTO HtmlNoteInfo VALUES(4627,'流程标题：',7) 
/
INSERT INTO HtmlNoteInfo VALUES(4627,'Process title:',8) 
/
INSERT INTO HtmlNoteInfo VALUES(4627,'流程标}：',9) 
/



delete from HtmlNoteIndex where id=4628 
/
delete from HtmlNoteInfo where indexid=4628 
/
INSERT INTO HtmlNoteIndex values(4628,'拍照类型：') 
/
INSERT INTO HtmlNoteInfo VALUES(4628,'拍照类型：',7) 
/
INSERT INTO HtmlNoteInfo VALUES(4628,'Photo type:',8) 
/
INSERT INTO HtmlNoteInfo VALUES(4628,'拍照型：',9) 
/



delete from HtmlNoteIndex where id=4629 
/
delete from HtmlNoteInfo where indexid=4629 
/
INSERT INTO HtmlNoteIndex values(4629,'默认（修改）') 
/
INSERT INTO HtmlNoteInfo VALUES(4629,'默认',7) 
/
INSERT INTO HtmlNoteInfo VALUES(4629,'Default',8) 
/
INSERT INTO HtmlNoteInfo VALUES(4629,'默J',9) 
/


delete from HtmlNoteIndex where id=4630 
/
delete from HtmlNoteInfo where indexid=4630 
/
INSERT INTO HtmlNoteIndex values(4630,'只拍照') 
/
INSERT INTO HtmlNoteInfo VALUES(4630,'只拍照',7) 
/
INSERT INTO HtmlNoteInfo VALUES(4630,'Only take pictures',8) 
/
INSERT INTO HtmlNoteInfo VALUES(4630,'b拍照',9) 
/



delete from HtmlNoteIndex where id=4631 
/
delete from HtmlNoteInfo where indexid=4631 
/
INSERT INTO HtmlNoteIndex values(4631,'只选择照片') 
/
INSERT INTO HtmlNoteInfo VALUES(4631,'只选择照片',7) 
/
INSERT INTO HtmlNoteInfo VALUES(4631,'Just select photos',8) 
/
INSERT INTO HtmlNoteInfo VALUES(4631,'bx裾掌',9) 
/



delete from HtmlNoteIndex where id=4632 
/
delete from HtmlNoteInfo where indexid=4632 
/
INSERT INTO HtmlNoteIndex values(4632,'(仅在emobile中生效)') 
/
INSERT INTO HtmlNoteInfo VALUES(4632,'(仅在emobile中生效)',7) 
/
INSERT INTO HtmlNoteInfo VALUES(4632,'(take effect only in emobile)',8) 
/
INSERT INTO HtmlNoteInfo VALUES(4632,'(H在emobile中生效)',9) 
/



delete from HtmlNoteIndex where id=4633 
/
delete from HtmlNoteInfo where indexid=4633 
/
INSERT INTO HtmlNoteIndex values(4633,'图片绘制：') 
/
INSERT INTO HtmlNoteInfo VALUES(4633,'图片绘制：',7) 
/
INSERT INTO HtmlNoteInfo VALUES(4633,'Picture drawing:',8) 
/
INSERT INTO HtmlNoteInfo VALUES(4633,'D片L制：',9) 
/



delete from HtmlLabelIndex where id=127744 
/
delete from HtmlLabelInfo where indexid=127744 
/
INSERT INTO HtmlLabelIndex values(127744,'变量和参数') 
/
INSERT INTO HtmlLabelInfo VALUES(127744,'变量和参数',7) 
/
INSERT INTO HtmlLabelInfo VALUES(127744,'Variables and parameters',8) 
/
INSERT INTO HtmlLabelInfo VALUES(127744,'量和',9) 
/



delete from HtmlLabelIndex where id=127745 
/
delete from HtmlLabelInfo where indexid=127745 
/
INSERT INTO HtmlLabelIndex values(127745,'系统内置了一些系统变量和一些参数快捷获取方式，点击查看') 
/
INSERT INTO HtmlLabelInfo VALUES(127745,'系统内置了一些系统变量和一些参数快捷获取方式，点击查看',7) 
/
INSERT INTO HtmlLabelInfo VALUES(127745,'The system built a number of system variables and some parameters of quick access, click to view',8) 
/
INSERT INTO HtmlLabelInfo VALUES(127745,'系y内置了一些系y量和一些悼旖莴@取方式，c舨榭',9) 
/



delete from HtmlLabelIndex where id=127746 
/
delete from HtmlLabelInfo where indexid=127746 
/
INSERT INTO HtmlLabelIndex values(127746,'后台解析方法') 
/
INSERT INTO HtmlLabelInfo VALUES(127746,'后台解析方法',7) 
/
INSERT INTO HtmlLabelInfo VALUES(127746,'The background analysis method',8) 
/
INSERT INTO HtmlLabelInfo VALUES(127746,'後台解析方法',9) 
/



delete from HtmlLabelIndex where id=127747 
/
delete from HtmlLabelInfo where indexid=127747 
/
INSERT INTO HtmlLabelIndex values(127747,'以字符串的形式嵌入调用，运行时会用方法返回值替换掉方法调用') 
/
INSERT INTO HtmlLabelInfo VALUES(127747,'以字符串的形式嵌入调用，运行时会用方法返回值替换掉方法调用',7) 
/
INSERT INTO HtmlLabelInfo VALUES(127747,'By means of embedding the call string, the runtime will use the return value of the method to replace the method call',8) 
/
INSERT INTO HtmlLabelInfo VALUES(127747,'以字符串的形式嵌入{用，\行r用方法返回值替Q掉方法{用',9) 
/




delete from HtmlLabelIndex where id=127749 
/
delete from HtmlLabelInfo where indexid=127749 
/
INSERT INTO HtmlLabelIndex values(127749,'变量和参数 使用文档') 
/
INSERT INTO HtmlLabelInfo VALUES(127749,'变量和参数 使用文档',7) 
/
INSERT INTO HtmlLabelInfo VALUES(127749,'Variables and parameters - Document',8) 
/
INSERT INTO HtmlLabelInfo VALUES(127749,'量和 使用文n',9) 
/



delete from HtmlLabelIndex where id=127750 
/
delete from HtmlLabelInfo where indexid=127750 
/
INSERT INTO HtmlLabelIndex values(127750,'后台解析方法 使用文档（修正）') 
/
INSERT INTO HtmlLabelInfo VALUES(127750,'后台解析方法 使用文档',7) 
/
INSERT INTO HtmlLabelInfo VALUES(127750,'The background analysis method - Document',8) 
/
INSERT INTO HtmlLabelInfo VALUES(127750,'後台解析方法 使用文n',9) 
/
 
