delete from HtmlLabelIndex where id=127383 
/
delete from HtmlLabelInfo where indexid=127383 
/
INSERT INTO HtmlLabelIndex values(127383,'下架') 
/
INSERT INTO HtmlLabelInfo VALUES(127383,'下架',7) 
/
INSERT INTO HtmlLabelInfo VALUES(127383,'off the shelf',8) 
/
INSERT INTO HtmlLabelInfo VALUES(127383,'下架',9) 
/


delete from HtmlLabelIndex where id=126095 
/
delete from HtmlLabelInfo where indexid=126095 
/
INSERT INTO HtmlLabelIndex values(126095,'预览') 
/
INSERT INTO HtmlLabelInfo VALUES(126095,'预览',7) 
/
INSERT INTO HtmlLabelInfo VALUES(126095,'Preview',8) 
/
INSERT INTO HtmlLabelInfo VALUES(126095,'A[',9) 
/


delete from HtmlLabelIndex where id=127365 
/
delete from HtmlLabelInfo where indexid=127365 
/
INSERT INTO HtmlLabelIndex values(127365,'存为模板') 
/
INSERT INTO HtmlLabelInfo VALUES(127365,'存为模板',7) 
/
INSERT INTO HtmlLabelInfo VALUES(127365,'Save as template',8) 
/
INSERT INTO HtmlLabelInfo VALUES(127365,'存模',9) 
/



delete from HtmlLabelIndex where id=81664 
/
delete from HtmlLabelInfo where indexid=81664 
/
INSERT INTO HtmlLabelIndex values(81664,'页面地址') 
/
INSERT INTO HtmlLabelInfo VALUES(81664,'页面地址',7) 
/
INSERT INTO HtmlLabelInfo VALUES(81664,'Page Address',8) 
/
INSERT INTO HtmlLabelInfo VALUES(81664,'面地址',9) 
/

delete from HtmlLabelIndex where id=83446 
/
delete from HtmlLabelInfo where indexid=83446 
/
INSERT INTO HtmlLabelIndex values(83446,'确定') 
/
INSERT INTO HtmlLabelInfo VALUES(83446,'确定',7) 
/
INSERT INTO HtmlLabelInfo VALUES(83446,'Sure',8) 
/
INSERT INTO HtmlLabelInfo VALUES(83446,'确定',9) 
/


delete from HtmlLabelIndex where id=32694 
/
delete from HtmlLabelInfo where indexid=32694 
/
INSERT INTO HtmlLabelIndex values(32694,'取消') 
/
INSERT INTO HtmlLabelInfo VALUES(32694,'取消',7) 
/
INSERT INTO HtmlLabelInfo VALUES(32694,'Cancel',8) 
/
INSERT INTO HtmlLabelInfo VALUES(32694,'取消',9) 
/


delete from HtmlLabelIndex where id=127517 
/
delete from HtmlLabelInfo where indexid=127517 
/
INSERT INTO HtmlLabelIndex values(127517,'显示布局无法添加原生控件，
请在页面右侧的窗体中选择新建或编辑布局中已添加的原生控件。') 
/
INSERT INTO HtmlLabelInfo VALUES(127517,'显示布局无法添加原生控件，
请在页面右侧的窗体中选择新建或编辑布局中已添加的原生控件。',7) 
/
INSERT INTO HtmlLabelInfo VALUES(127517,'Show the layout can not be added to the original control, 
in the right side of the page in the form of new or edit the layout of the original has been added to the original control.',8) 
/
INSERT INTO HtmlLabelInfo VALUES(127517,'@示布局o法添加原生控件，
在面右鹊拇绑w中x裥陆或布局中已添加的原生控件。',9) 
/


delete from HtmlLabelIndex where id=127503 
/
delete from HtmlLabelInfo where indexid=127503 
/
INSERT INTO HtmlLabelIndex values(127503,'初始化页面') 
/
INSERT INTO HtmlLabelInfo VALUES(127503,'初始化页面',7) 
/
INSERT INTO HtmlLabelInfo VALUES(127503,'Initialization page',8) 
/
INSERT INTO HtmlLabelInfo VALUES(127503,'初始化面',9) 
/


delete from HtmlLabelIndex where id=127518 
/
delete from HtmlLabelInfo where indexid=127518 
/
INSERT INTO HtmlLabelIndex values(127518,'初始化会使用选择的模板内容覆盖当前页面的内容。
确定继续吗？') 
/
INSERT INTO HtmlLabelInfo VALUES(127518,'初始化会使用选择的模板内容覆盖当前页面的内容。
确定继续吗？',7) 
/
INSERT INTO HtmlLabelInfo VALUES(127518,'Initialization will overwrite the contents of the current page with the selected template content. 
sure to continue?',8) 
/
INSERT INTO HtmlLabelInfo VALUES(127518,'初始化使用x竦哪ｉ内容覆w前面的内容。
确定^m幔',9) 
/


delete from HtmlLabelIndex where id=127519 
/
delete from HtmlLabelInfo where indexid=127519 
/
INSERT INTO HtmlLabelIndex values(127519,'你确定要删除此布局吗?') 
/
INSERT INTO HtmlLabelInfo VALUES(127519,'你确定要删除此布局吗?',7) 
/
INSERT INTO HtmlLabelInfo VALUES(127519,'Are you sure you want to delete this layout?',8) 
/
INSERT INTO HtmlLabelInfo VALUES(127519,'你确定要删除此布局?',9) 
/



delete from HtmlLabelIndex where id=33368 
/
delete from HtmlLabelInfo where indexid=33368 
/
INSERT INTO HtmlLabelIndex values(33368,'内容') 
/
INSERT INTO HtmlLabelInfo VALUES(33368,'内容',7) 
/
INSERT INTO HtmlLabelInfo VALUES(33368,'content',8) 
/
INSERT INTO HtmlLabelInfo VALUES(33368,'内容',9) 
/



delete from HtmlLabelIndex where id=19407 
/
delete from HtmlLabelInfo where indexid=19407 
/
INSERT INTO HtmlLabelIndex values(19407,'布局') 
/
INSERT INTO HtmlLabelInfo VALUES(19407,'布局',7) 
/
INSERT INTO HtmlLabelInfo VALUES(19407,'layout',8) 
/
INSERT INTO HtmlLabelInfo VALUES(19407,'layout',9) 
/



delete from HtmlLabelIndex where id=713 
/
delete from HtmlLabelInfo where indexid=713 
/
INSERT INTO HtmlLabelIndex values(713,'属性') 
/
INSERT INTO HtmlLabelInfo VALUES(713,'属性',7) 
/
INSERT INTO HtmlLabelInfo VALUES(713,'Attribute',8) 
/
INSERT INTO HtmlLabelInfo VALUES(713,'Attribute',9) 
/


delete from HtmlLabelIndex where id=33234 
/
delete from HtmlLabelInfo where indexid=33234 
/
INSERT INTO HtmlLabelIndex values(33234,'类型') 
/
INSERT INTO HtmlLabelInfo VALUES(33234,'类型',7) 
/
INSERT INTO HtmlLabelInfo VALUES(33234,'Type',8) 
/
INSERT INTO HtmlLabelInfo VALUES(33234,'型',9) 
/



delete from HtmlLabelIndex where id=84276 
/
delete from HtmlLabelInfo where indexid=84276 
/
INSERT INTO HtmlLabelIndex values(84276,'名称') 
/
INSERT INTO HtmlLabelInfo VALUES(84276,'名称',7) 
/
INSERT INTO HtmlLabelInfo VALUES(84276,'Name',8) 
/
INSERT INTO HtmlLabelInfo VALUES(84276,'名Q',9) 
/



delete from HtmlLabelIndex where id=83842 
/
delete from HtmlLabelInfo where indexid=83842 
/
INSERT INTO HtmlLabelIndex values(83842,'字段') 
/
INSERT INTO HtmlLabelInfo VALUES(83842,'字段',7) 
/
INSERT INTO HtmlLabelInfo VALUES(83842,'Field',8) 
/
INSERT INTO HtmlLabelInfo VALUES(83842,'字段',9) 
/



delete from HtmlLabelIndex where id=18018 
/
delete from HtmlLabelInfo where indexid=18018 
/
INSERT INTO HtmlLabelIndex values(18018,'可编辑') 
/
INSERT INTO HtmlLabelInfo VALUES(18018,'可编辑',7) 
/
INSERT INTO HtmlLabelInfo VALUES(18018,'can be edited',8) 
/
INSERT INTO HtmlLabelInfo VALUES(18018,'can be edited',9) 
/


delete from HtmlLabelIndex where id=83981 
/
delete from HtmlLabelInfo where indexid=83981 
/
INSERT INTO HtmlLabelIndex values(83981,'新建') 
/
INSERT INTO HtmlLabelInfo VALUES(83981,'新建',7) 
/
INSERT INTO HtmlLabelInfo VALUES(83981,'New',8) 
/
INSERT INTO HtmlLabelInfo VALUES(83981,'新建',9) 
/


delete from HtmlLabelIndex where id=127791 
/
delete from HtmlLabelInfo where indexid=127791 
/
INSERT INTO HtmlLabelIndex values(127791,'显示') 
/
INSERT INTO HtmlLabelInfo VALUES(127791,'显示',7) 
/
INSERT INTO HtmlLabelInfo VALUES(127791,'Show',8) 
/
INSERT INTO HtmlLabelInfo VALUES(127791,'@示',9) 
/


delete from HtmlLabelIndex where id=126036 
/
delete from HtmlLabelInfo where indexid=126036 
/
INSERT INTO HtmlLabelIndex values(126036,'编辑') 
/
INSERT INTO HtmlLabelInfo VALUES(126036,'编辑',7) 
/
INSERT INTO HtmlLabelInfo VALUES(126036,'Edit',8) 
/
INSERT INTO HtmlLabelInfo VALUES(126036,'',9) 
/


delete from HtmlLabelIndex where id=320 
/
delete from HtmlLabelInfo where indexid=320 
/
INSERT INTO HtmlLabelIndex values(320,'列表') 
/
INSERT INTO HtmlLabelInfo VALUES(320,'列表',7) 
/
INSERT INTO HtmlLabelInfo VALUES(320,'List',8) 
/
INSERT INTO HtmlLabelInfo VALUES(320,'列表',9) 
/


delete from HtmlLabelIndex where id=127818 
/
delete from HtmlLabelInfo where indexid=127818 
/
INSERT INTO HtmlLabelIndex values(127818,'字段样式:') 
/
INSERT INTO HtmlLabelInfo VALUES(127818,'字段样式:',7) 
/
INSERT INTO HtmlLabelInfo VALUES(127818,'Field style:',8) 
/
INSERT INTO HtmlLabelInfo VALUES(127818,'字段邮:',9) 
/


delete from HtmlLabelIndex where id=17873 
/
delete from HtmlLabelInfo where indexid=17873 
/
INSERT INTO HtmlLabelIndex values(17873,'只读') 
/
INSERT INTO HtmlLabelInfo VALUES(17873,'只读',7) 
/
INSERT INTO HtmlLabelInfo VALUES(17873,'read only',8) 
/
INSERT INTO HtmlLabelInfo VALUES(17873,'read only',9) 
/



delete from HtmlLabelIndex where id=16636 
/
delete from HtmlLabelInfo where indexid=16636 
/
INSERT INTO HtmlLabelIndex values(16636,'隐藏') 
/
INSERT INTO HtmlLabelInfo VALUES(16636,'隐藏',7) 
/
INSERT INTO HtmlLabelInfo VALUES(16636,'Hide',8) 
/
INSERT INTO HtmlLabelInfo VALUES(16636,'[藏',9) 
/



delete from HtmlLabelIndex where id=30036 
/
delete from HtmlLabelInfo where indexid=30036 
/
INSERT INTO HtmlLabelIndex values(30036,'必填') 
/
INSERT INTO HtmlLabelInfo VALUES(30036,'必填',7) 
/
INSERT INTO HtmlLabelInfo VALUES(30036,'must input',8) 
/
INSERT INTO HtmlLabelInfo VALUES(30036,'必填',9) 
/
 

delete from HtmlLabelIndex where id=127819 
/
delete from HtmlLabelInfo where indexid=127819 
/
INSERT INTO HtmlLabelIndex values(127819,'可查询') 
/
INSERT INTO HtmlLabelInfo VALUES(127819,'可查询',7) 
/
INSERT INTO HtmlLabelInfo VALUES(127819,'can query',8) 
/
INSERT INTO HtmlLabelInfo VALUES(127819,'可查',9) 
/



delete from HtmlLabelIndex where id=127820 
/
delete from HtmlLabelInfo where indexid=127820 
/
INSERT INTO HtmlLabelIndex values(127820,'原生控件') 
/
INSERT INTO HtmlLabelInfo VALUES(127820,'原生控件',7) 
/
INSERT INTO HtmlLabelInfo VALUES(127820,'Native control',8) 
/
INSERT INTO HtmlLabelInfo VALUES(127820,'原生控件',9) 
/



delete from HtmlLabelIndex where id=127821 
/
delete from HtmlLabelInfo where indexid=127821 
/
INSERT INTO HtmlLabelIndex values(127821,'以下为其它布局已添加但当前布局不存在的控件') 
/
INSERT INTO HtmlLabelInfo VALUES(127821,'以下为其它布局已添加但当前布局不存在的控件',7) 
/
INSERT INTO HtmlLabelInfo VALUES(127821,'The following controls have been added but the current layout does not exist',8) 
/
INSERT INTO HtmlLabelInfo VALUES(127821,'以下其它布局已添加但前布局不存在的控件',9) 
/



delete from HtmlLabelIndex where id=127822 
/
delete from HtmlLabelInfo where indexid=127822 
/
INSERT INTO HtmlLabelIndex values(127822,'显示布局无法添加原生控件，') 
/
INSERT INTO HtmlLabelInfo VALUES(127822,'显示布局无法添加原生控件，',7) 
/
INSERT INTO HtmlLabelInfo VALUES(127822,'Show the layout can not be added to the native control,',8) 
/
INSERT INTO HtmlLabelInfo VALUES(127822,'@示布局o法添加原生控件，',9) 
/


delete from HtmlLabelIndex where id=127823 
/
delete from HtmlLabelInfo where indexid=127823 
/
INSERT INTO HtmlLabelIndex values(127823,'请在页面右侧的窗体中选择新建或编辑布局中已添加的原生控件。') 
/
INSERT INTO HtmlLabelInfo VALUES(127823,'请在页面右侧的窗体中选择新建或编辑布局中已添加的原生控件。',7) 
/
INSERT INTO HtmlLabelInfo VALUES(127823,'Please select a new or edited native control in the form that is on the right side of the page.',8) 
/
INSERT INTO HtmlLabelInfo VALUES(127823,'在面右鹊拇绑w中x裥陆或布局中已添加的原生控件。',9) 
/


delete from HtmlLabelIndex where id=127824 
/
delete from HtmlLabelInfo where indexid=127824 
/
INSERT INTO HtmlLabelIndex values(127824,'初始化会使用选择的模板内容覆盖当前页面的内容。') 
/
INSERT INTO HtmlLabelInfo VALUES(127824,'初始化会使用选择的模板内容覆盖当前页面的内容。',7) 
/
INSERT INTO HtmlLabelInfo VALUES(127824,'Initialization will overwrite the contents of the current page with the selected template content.',8) 
/
INSERT INTO HtmlLabelInfo VALUES(127824,'初始化使用x竦哪ｉ内容覆w前面的内容。',9) 
/

delete from HtmlLabelIndex where id=127825 
/
delete from HtmlLabelInfo where indexid=127825 
/
INSERT INTO HtmlLabelIndex values(127825,'确定继续吗？') 
/
INSERT INTO HtmlLabelInfo VALUES(127825,'确定继续吗？',7) 
/
INSERT INTO HtmlLabelInfo VALUES(127825,'Sure to continue?',8) 
/
INSERT INTO HtmlLabelInfo VALUES(127825,'确定^m幔',9) 
/


delete from HtmlLabelIndex where id=82113 
/
delete from HtmlLabelInfo where indexid=82113 
/
INSERT INTO HtmlLabelIndex values(82113,'字段属性') 
/
INSERT INTO HtmlLabelInfo VALUES(82113,'字段属性',7) 
/
INSERT INTO HtmlLabelInfo VALUES(82113,'Field Properties',8) 
/
INSERT INTO HtmlLabelInfo VALUES(82113,'字段傩',9) 
/


delete from HtmlLabelIndex where id=83842 
/
delete from HtmlLabelInfo where indexid=83842 
/
INSERT INTO HtmlLabelIndex values(83842,'字段') 
/
INSERT INTO HtmlLabelInfo VALUES(83842,'字段',7) 
/
INSERT INTO HtmlLabelInfo VALUES(83842,'Field',8) 
/
INSERT INTO HtmlLabelInfo VALUES(83842,'字段',9) 
/

delete from HtmlLabelIndex where id=127826 
/
delete from HtmlLabelInfo where indexid=127826 
/
INSERT INTO HtmlLabelIndex values(127826,'已存在!') 
/
INSERT INTO HtmlLabelInfo VALUES(127826,'已存在!',7) 
/
INSERT INTO HtmlLabelInfo VALUES(127826,'already exist!',8) 
/
INSERT INTO HtmlLabelInfo VALUES(127826,'已存在!',9) 
/


delete from HtmlLabelIndex where id=127827 
/
delete from HtmlLabelInfo where indexid=127827 
/
INSERT INTO HtmlLabelIndex values(127827,'请选中字段!') 
/
INSERT INTO HtmlLabelInfo VALUES(127827,'请选中字段!',7) 
/
INSERT INTO HtmlLabelInfo VALUES(127827,'Please select the field!',8) 
/
INSERT INTO HtmlLabelInfo VALUES(127827,'x中字段!',9) 
/


 
  delete from HtmlLabelIndex where id=127542 
/
delete from HtmlLabelInfo where indexid=127542 
/
INSERT INTO HtmlLabelIndex values(127542,'移动设备') 
/
INSERT INTO HtmlLabelInfo VALUES(127542,'移动设备',7) 
/
INSERT INTO HtmlLabelInfo VALUES(127542,'Mobile device',8) 
/
INSERT INTO HtmlLabelInfo VALUES(127542,'移釉O',9) 
/ 



delete from HtmlNoteIndex where id=4634 
/
delete from HtmlNoteInfo where indexid=4634 
/
INSERT INTO HtmlNoteIndex values(4634,'脚本') 
/
INSERT INTO HtmlNoteInfo VALUES(4634,'脚本',7) 
/
INSERT INTO HtmlNoteInfo VALUES(4634,'script',8) 
/
INSERT INTO HtmlNoteInfo VALUES(4634,'_本',9) 
/



delete from HtmlNoteIndex where id=4635 
/
delete from HtmlNoteInfo where indexid=4635 
/
INSERT INTO HtmlNoteIndex values(4635,'按钮') 
/
INSERT INTO HtmlNoteInfo VALUES(4635,'按钮',7) 
/
INSERT INTO HtmlNoteInfo VALUES(4635,'Button',8) 
/
INSERT INTO HtmlNoteInfo VALUES(4635,'按o',9) 
/


delete from HtmlNoteIndex where id=3516 
/
delete from HtmlNoteInfo where indexid=3516 
/
INSERT INTO HtmlNoteIndex values(3516,'取消') 
/
INSERT INTO HtmlNoteInfo VALUES(3516,'取消',7) 
/
INSERT INTO HtmlNoteInfo VALUES(3516,'Cancel',8) 
/
INSERT INTO HtmlNoteInfo VALUES(3516,'取消',9) 
/


delete from HtmlNoteIndex where id=3883 
/
delete from HtmlNoteInfo where indexid=3883 
/
INSERT INTO HtmlNoteIndex values(3883,'修改') 
/
INSERT INTO HtmlNoteInfo VALUES(3883,'修改',7) 
/
INSERT INTO HtmlNoteInfo VALUES(3883,'Modify',8) 
/
INSERT INTO HtmlNoteInfo VALUES(3883,'修改',9) 
/



delete from HtmlNoteIndex where id=4636 
/
delete from HtmlNoteInfo where indexid=4636 
/
INSERT INTO HtmlNoteIndex values(4636,'进度条背景色：（简化2）') 
/
INSERT INTO HtmlNoteInfo VALUES(4636,'进度条背景色：',7) 
/
INSERT INTO HtmlNoteInfo VALUES(4636,'BG Color:',8) 
/
INSERT INTO HtmlNoteInfo VALUES(4636,'M度l背景色：',9) 
/


delete from HtmlNoteIndex where id=4336 
/
delete from HtmlNoteInfo where indexid=4336 
/
INSERT INTO HtmlNoteIndex values(4336,'提交') 
/
INSERT INTO HtmlNoteInfo VALUES(4336,'提交',7) 
/
INSERT INTO HtmlNoteInfo VALUES(4336,'Submit',8) 
/
INSERT INTO HtmlNoteInfo VALUES(4336,'提交',9) 
/



delete from HtmlNoteIndex where id=4049 
/
delete from HtmlNoteInfo where indexid=4049 
/
INSERT INTO HtmlNoteIndex values(4049,'重置') 
/
INSERT INTO HtmlNoteInfo VALUES(4049,'重置',7) 
/
INSERT INTO HtmlNoteInfo VALUES(4049,'Reset',8) 
/
INSERT INTO HtmlNoteInfo VALUES(4049,'重置',9) 
/


delete from HtmlNoteIndex where id=4637 
/
delete from HtmlNoteInfo where indexid=4637 
/
INSERT INTO HtmlNoteIndex values(4637,'是否加粗：（修改）') 
/
INSERT INTO HtmlNoteInfo VALUES(4637,'是否加粗：',7) 
/
INSERT INTO HtmlNoteInfo VALUES(4637,'Whether bold:',8) 
/
INSERT INTO HtmlNoteInfo VALUES(4637,'是否加粗：',9) 
/



delete from HtmlNoteIndex where id=4638 
/
delete from HtmlNoteInfo where indexid=4638 
/
INSERT INTO HtmlNoteIndex values(4638,'线条背景色：（简化3）') 
/
INSERT INTO HtmlNoteInfo VALUES(4638,'线条背景色：',7) 
/
INSERT INTO HtmlNoteInfo VALUES(4638,'BG color:',8) 
/
INSERT INTO HtmlNoteInfo VALUES(4638,'l背景色：',9) 
/

