<?xml version="1.0" encoding="UTF-8"?>
<root>
	<!--system language setting-->
	<encoding>GBK</encoding>
	<!--Special encoding path-->
	<dev-list>
		<special>
			<encoding>UTF-8</encoding>
			<paths>
				<path>/workflow/report/ReportResultData.jsp</path>
				<path>/messager/</path>
				<path>/newportal/contactssearch.jsp</path>
				<path>/cowork/DiscussRecord.jsp</path>
			</paths>
		</special>
		<special>
			<encoding>GBK</encoding>
			<paths>
				<path>/messager/GetUserIcon.jsp</path>
				<path>/messager/GetUserIconOpreate.jsp</path>
			</paths>
		</special>
	</dev-list>

	<!--Do not check xss-->
	<excepts>
	
		<url>/blog/blogList.jsp</url>
		<url>/blog/discussList.jsp</url>
		<url>/cowork/DiscussRecord.jsp</url>
		
	</excepts>
	<!--not need encoding url-->
	<encoding-except>
		<url>/email/new/MailInboxList.jsp</url>
		<url>/blog/blogList.jsp</url>
		<url>/blog/discussList.jsp</url>
		<url>/weaver/weaver.workflow.layout.WorkflowXmlParser</url>
	</encoding-except>

	<!--base rule-->
	<base>
		<rules>
			<rule>(\s+|/\*.*?\*/|\-\-|\d|')or(\s*|(/\*.*?\*/|\-\-)+)\w+(\s|'|/\*.*?\*/)*(=|&lt;(\s|(/\*.*?\*/)*)&gt;|\!(\s|(/\*.*?\*/)*=))((\s|'|/\*.*?\*/)*\w+|select|(not)?(\s|(/\*.*?\*/)*)in(\s|/\*.*?\*/)*\(.*?\))|(\s+|/\*.*?\*/|\-\-|\d)and(\s+|(/\*.*?\*/|\-\-)+).{0,100}\w+(\s|'|/\*.*?\*/)*(=|&lt;(\s|(/\*.*?\*/)*)&gt;|\!(\s|(/\*.*?\*/)*=))((\s|'|/\*.*?\*/)*\w+|select|(not)?(\s|(/\*.*?\*/)*)in(\s|/\*.*?\*/)*\(.*?\))|(\s+|/\*.*?\*/|\-\-|\d)like.*?'.*?%*.*?'|select.{1,100}from.{1,100}union|union\s+all\s+select|select.*?FROM\s+DUAL|case.*?when.*?then</rule>
		</rules>
	</base>
	<!--special rule-->
	<special-non>
		<base>
				<special-rule>
					<key>##CONST:SQLWHERE##</key>
					<name>SQL(Encryption)</name>
					<rules>
						<rule>weaver.filter.security.validators.EncryptSqlValidator</rule>
					</rules>
				</special-rule>
			</base>
		<urls>
			<!-- need mould manager confirm start-->
			<url>
				<value>/email/new/MailAdd.jsp</value>
				<params>
					<param>
						<value>to</value>
						<rules>
							<rule>##sqlkeyword2##</rule>
						</rules>
					</param>
				</params>
			</url>
			<url>
				<value>/email/new/MaillnBox.jsp</value>
				<params>
					<param>
						<value>isInternal</value>
						<rules>
							<rule>^\d*$</rule>
						</rules>
					</param>
				</params>
			</url>
			<url>
				<value>/hrm/search/HrmResourceSearch_left.jsp</value>
				<params>
					<param>
						<value>rightStr</value>
						<rules>
							<rule>^[a-zA-Z0-9_:]*$</rule>
						</rules>
					</param>
				</params>
			</url>
			<url>
				<value>/cpt/report/CptRpCapitalResultData.jsp</value>
				<params>
					<param>
						<value>datasql</value>
						<rules>
							<rule>^[_a-zA-Z0-9]{0,50}$</rule>
						</rules>
					</param>
				</params>
			</url>
			<url>
				<value>/workflow/request/ManageRequestNoForm.jsp</value>
				<params>
					<param>
						<value>viewdoc</value>
						<rules>
							<rule>^[a-z0-9_]*$</rule>
						</rules>
					</param>
					<param>
						<value>fromFlowDoc</value>
						<rules>
							<rule>^\-?\d*$</rule>
						</rules>
					</param>
				</params>
			</url>
			<url>
				<value>/workflow/request/ManageRequestNoFormIframe.jsp</value>
				<params>
					<param>
						<value>viewdoc</value>
						<rules>
							<rule>^[a-z0-9_]*$</rule>
						</rules>
					</param>
					<param>
						<value>fromFlowDoc</value>
						<rules>
							<rule>^\-?\d*$</rule>
						</rules>
					</param>
					<param>
						<value>f_weaver_belongto_userid</value>
						<rules>
							<rule>^[a-z0-9_]*$</rule>
						</rules>
					</param>
					<param>
						<value>f_weaver_belongto_usertype</value>
						<rules>
							<rule>^[a-z0-9_]*$</rule>
						</rules>
					</param>
				</params>
			</url>
			<url>
				<value>/workflow/request/RequestTypeShow.jsp</value>
				<params>
					<param>
						<value>needPopupNewPage</value>
						<rules>
							<rule>^[a-zA-Z0-9]*$</rule>
						</rules>
					</param>
					<param>
						<value>offical</value>
						<rules>
							<rule>^\-?\d*$</rule>
						</rules>
					</param>
					<param>
						<value>officalType</value>
						<rules>
							<rule>^\-?\d*$</rule>
						</rules>
					</param>
					<param>
						<value>topage</value>
						<rules>
							<rule>^[a-zA-Z0-9_\-\/\.\?\=&amp;]*$</rule>
						</rules>
					</param>
				</params>
			</url>
			<!-- need mould manager confirm end -->
				<url>
				<value>/workplan/data/WorkPlanEdit.jsp</value>
				<params>
					<param>
						<value>docid</value>
						<rules>
							<rule>^\d*$</rule>
						</rules>
					</param>
					<param>
						<value>crmid</value>
						<rules>
							<rule>^\d*$</rule>
						</rules>
					</param>
					<param>
						<value>resourceid</value>
						<rules>
							<rule>^\d*$</rule>
						</rules>
					</param>
				</params>
			</url>
			<url>
				<value>/cowork/AddCoWork.jsp</value>
				<params>
					<param>
						<value>hrmid</value>
						<rules>
							<rule>^\d*$</rule>
						</rules>
					</param>
				</params>
			</url>
			<url>
				<value>/hrm/HrmTab.jsp</value>
				<params>
					<param>
						<value>id</value>
						<rules>
							<rule>^[a-zA-Z0-9\-]*$</rule>
						</rules>
					</param>
				</params>
			</url>
			<url>
				<value>/meeting/data/SubordinateTree.jsp</value>
				<params>
					<param>
						<value>id</value>
						<rules>
							<rule>^\d*$</rule>
						</rules>
					</param>
				</params>
			</url>
			<url>
				<value>/systeminfo/sysadmin/sysadminEdit.jsp</value>
				<params>
					<param>
						<value>id</value>
						<rules>
							<rule>^\d*$</rule>
						</rules>
					</param>
				</params>
			</url>
			<url>
				<value>/system/systemmonitor/workflow/wfMonitorFrame.jsp</value>
				<params>
					<param>
						<value>offical</value>
						<rules>
							<rule>^\-?\d*$</rule>
						</rules>
					</param>
					<param>
						<value>officalType</value>
						<rules>
							<rule>^\-?\d*$</rule>
						</rules>
					</param>
				</params>
			</url>
			<url>
				<!--Receive params page-->
				<value>/systeminfo/CheckConn.jsp</value>
				<params>
					<param>
						<!--params key-->
						<value>time</value>
						<rules>
							<rule></rule>
						</rules>
					</param>
				</params>
			</url>
			<url>
				<value>/workflow/request/WorkflowReceiviedPersons.jsp</value>
				<params>
					<param>
						<value>requestid</value>
						<rules>
							<rule>^\d*$</rule>
						</rules>
					</param>
				</params>
			</url>
			<url>
				<value>/workflow/request/WorkflowReceiviedPersons.jsp</value>
				<params>
					<param>
						<value>destnodeid</value>
						<rules>
							<rule>^\d*$</rule>
						</rules>
					</param>
				</params>
			</url>
			<url>
				<value>/workflow/request/WorkflowReceiviedPersons.jsp</value>
				<params>
					<param>
						<value>viewnodeIds</value>
						<rules>
							<rule>^[\d, ]*$</rule>
						</rules>
					</param>
				</params>
			</url>
			<url>
				<value>/workflow/request/WorkflowReceiviedPersons.jsp</value>
				<params>
					<param>
						<value>operator</value>
						<rules>
							<rule>^[\d, ]*$</rule>
						</rules>
					</param>
				</params>
			</url>
			<url>
				<!--Receive params page-->
				<value>/systeminfo/CheckConn.jsp</value>
				<params>
					<param>
						<!--params key-->
						<value>time</value>
						<rules>
							<rule></rule>
						</rules>
					</param>
				</params>
			</url>
			<url>
				<value>/workplan/data/WorkPlanView.jsp</value>
				<params>
					<param>
						<value>selectUser</value>
						<rules>
							<rule>^\d*$</rule>
						</rules>
					</param>
				</params>
			</url>
			<url>
				<value>/workplan/data/WorkPlanEdit.jsp</value>
				<params>
					<param>
						<value>docid</value>
						<rules>
							<rule>^\d*$</rule>
						</rules>
					</param>
					<param>
						<value>crmid</value>
						<rules>
							<rule>^\d*$</rule>
						</rules>
					</param>
					<param>
						<value>resourceid</value>
						<rules>
							<rule>^\d*$</rule>
						</rules>
					</param>
				</params>
			</url>
			<url>
				<value>/cowork/AddCoWork.jsp</value>
				<params>
					<param>
						<value>hrmid</value>
						<rules>
							<rule>^\d*$</rule>
						</rules>
					</param>
				</params>
			</url>
			<url>
				<value>/weaver/weaver.email.FileDownloadLocation</value>
				<params>
					<param>
						<value>fileid</value>
						<rules>
							<rule>^[\d,]*$</rule>
						</rules>
					</param>
				</params>
			</url>
			<url>
				<value>/weaver/weaver.file.filedownload</value>
				<params>
					<param>
						<value>fieldvalue</value>
						<rules>
							<rule>^[\d,]*$</rule>
						</rules>
					</param>
				</params>
			</url>
			<url>
				<value>/page/element/7/News.jsp</value>
				<params>
					<param>
						<value>eid</value>
						<rules>
							<rule>^\d+$</rule>
						</rules>
					</param>
				</params>
			</url>
			<url>
				<value>/page/element/contacts/data.jsp</value>
				<params>
					<param>
						<value>eid</value>
						<rules>
							<rule>^\d+$</rule>
						</rules>
					</param>
				</params>
			</url>
			<url>
				<value>/page/element/Weather/View.jsp</value>
				<params>
					<param>
						<value>eid</value>
						<rules>
							<rule>^\d+$</rule>
						</rules>
					</param>
					<param>
						<value>hpid</value>
						<rules>
							<rule>^\-?\d*$</rule>
						</rules>
					</param>
					<param>
						<value>subCompanyId</value>
						<rules>
							<rule>^\d*$</rule>
						</rules>
					</param>
				</params>
			</url>
			<url>
				<value>/page/element/contacts/View.jsp</value>
				<params>
					<param>
						<value>eid</value>
						<rules>
							<rule>^\d+$</rule>
						</rules>
					</param>
				</params>
			</url>
			<url>
				<value>/page/element/MyCalendar/Iframe.jsp</value>
				<params>
					<param>
						<value>eid</value>
						<rules>
							<rule>^\d+$</rule>
						</rules>
					</param>
				</params>
			</url>
			<url>
				<value>/hrm/HrmTab.jsp</value>
				<params>
					<param>
						<value>_fromURL</value>
						<rules>
							<rule>^[a-zA-Z0-9\-]*$</rule>
						</rules>
					</param>
				</params>
			</url>
			<url>
				<value>/Refresh.jsp</value>
				<params>
					<param>
						<value>loginfile</value>
						<rules>
							<rule>^[:a-zA-Z0-9\/\.\?\=&amp;_\-]*$</rule>
						</rules>
					</param>
				</params>
			</url>
			<url>
				<value>/Refresh.jsp</value>
				<params>
					<param>
						<value>message</value>
						<rules>
							<rule>^\-?\d*$</rule>
						</rules>
					</param>
				</params>
			</url>
			<url>
				<value>/workflow/search/WFSearchResult.jsp</value>
				<params>
					<param>
						<value>offical</value>
						<rules>
							<rule>^\-?\d*$</rule>
						</rules>
					</param>
					<param>
						<value>officalType</value>
						<rules>
							<rule>^\-?\d*$</rule>
						</rules>
					</param>
					<param>
						<value>viewcondition</value>
						<rules>
							<rule>^[a-z0-9]*$</rule>
						</rules>
					</param>
					<param>
						<value>viewScope</value>
						<rules>
							<rule>^[a-z0-9]*$</rule>
						</rules>
					</param>
					<param>
						<value>method</value>
						<rules>
							<rule>^[a-z0-9]*$</rule>
						</rules>
					</param>
					<param>
						<value>numberType</value>
						<rules>
							<rule>^[a-z0-9]*$</rule>
						</rules>
					</param>
				</params>
			</url>
			<url>
				<value>/workflow/request/RequestTypeShow.jsp</value>
				<params>
					<param>
						<value>needall</value>
						<rules>
							<rule>^\d*$</rule>
						</rules>
					</param>
				</params>
			</url>
			<url>
				<value>/workflow/search/WFSearchTemp.jsp</value>
				<params>
					<param>
						<value>offical</value>
						<rules>
							<rule>^\-?\d*$</rule>
						</rules>
					</param>
					<param>
						<value>officalType</value>
						<rules>
							<rule>^\-?\d*$</rule>
						</rules>
					</param>
				</params>
			</url>
			<url>
				<value>/workflow/search/WFSearchTemp.jsp</value>
				<params>
					<param>
						<value>viewcondition</value>
						<rules>
							<rule>^\-?\d*$</rule>
						</rules>
					</param>
				</params>
			</url>
			<url>
				<value>/workflow/search/WFSearchTemp.jsp</value>
				<params>
					<param>
						<value>numberType</value>
						<rules>
							<rule>^[a-zA-Z0-9]*$</rule>
						</rules>
					</param>
				</params>
			</url>
			<url>
				<value>/workflow/search/WFSearchTemp.jsp</value>
				<params>
					<param>
						<value>flowAll</value>
						<rules>
							<rule>^\d*$</rule>
						</rules>
					</param>
				</params>
			</url>
			<url>
				<value>/workflow/search/WFSearchTemp.jsp</value>
				<params>
					<param>
						<value>flowNew</value>
						<rules>
							<rule>^\d*$</rule>
						</rules>
					</param>
				</params>
			</url>
			<url>
				<value>/workflow/search/WFSearchTemp.jsp</value>
				<params>
					<param>
						<value>flowResponse</value>
						<rules>
							<rule>^\d*$</rule>
						</rules>
					</param>
				</params>
			</url>
			<url>
				<value>/workflow/search/WFSearchTemp.jsp</value>
				<params>
					<param>
						<value>flowSup</value>
						<rules>
							<rule>^\d*$</rule>
						</rules>
					</param>
				</params>
			</url>
			<url>
				<value>/workflow/search/WFSearchTemp.jsp</value>
				<params>
					<param>
						<value>complete</value>
						<rules>
							<rule>^\d*$</rule>
						</rules>
					</param>
				</params>
			</url>
			<url>
				<value>/workflow/search/WFSearchTemp.jsp</value>
				<params>
					<param>
						<value>viewScope</value>
						<rules>
							<rule>^[a-zA-Z0-9]*$</rule>
						</rules>
					</param>
				</params>
			</url>
			<url>
				<value>/workflow/search/WFSearchTemp.jsp</value>
				<params>
					<param>
						<value>method</value>
						<rules>
							<rule>^[a-zA-Z0-9]*$</rule>
						</rules>
					</param>
				</params>
			</url>
			<url>
				<value>/workflow/search/WFSearchTemp.jsp</value>
				<params>
					<param>
						<value>wftypes</value>
						<rules>
							<rule>^[a-zA-Z0-9,]*$$</rule>
						</rules>
					</param>
				</params>
			</url>
			<url>
				<value>/workflow/action/WsActionEditOperation.jsp</value>
				<params>
					<param>
						<value>retstr</value>
						<rules>
							<rule></rule>
						</rules>
					</param>
				</params>
			</url>
			<url>
				<value>/page/element/compatible/operation.jsp</value>
				<params>
					<param>
						<value>whereKeyStr</value>
						<rules>
							<rule></rule>
						</rules>
					</param>
				</params>
			</url>
			<url>
				<value>/page/element/compatible/view.jsp</value>
				<params>
					<param>
						<value>eid</value>
						<rules>
							<rule>^\d+$</rule>
						</rules>
					</param>
				</params>
			</url>
			<url>
				<value>/servicesetting/XMLFileOperation.jsp</value>
				<params>
					<param>
						<value>sql</value>
						<rules>
							<rule></rule>
						</rules>
					</param>
				</params>
			</url>
			<url>
				<value>/workflow/action/WsActionEditOperation.jsp</value>
				<params>
					<param>
						<value>retstr</value>
						<rules>
							<rule></rule>
						</rules>
					</param>
				</params>
			</url>
			<url>
				<value>/hdpanel/base/SourceOperation.jsp</value>
				<params>
					<param>
						<value>sqlstr</value>
						<rules>
							<rule>##sqlkeyword1##</rule>
						</rules>
					</param>
				</params>
			</url>
			<url>
				<value>/page/element/compatible/operation.jsp</value>
				<params>
					<param>
						<value>whereKeyStr</value>
						<rules>
							<rule></rule>
						</rules>
					</param>
				</params>
			</url>
			<url>
				<value>/mobilemode/formbaseview.jsp</value>
				<params>
					<param>
						<value>sqlwhere</value>
						<rules>
							<rule>##sqlkeyword1##</rule>
						</rules>
					</param>
				</params>
			</url>
			<url>
				<value>/workflow/mode/eweb_operation.jsp</value>
				<params>
					<param>
						<value>modestring</value>
						<rules>
							<rule></rule>
						</rules>
					</param>
				</params>
			</url>
			<url>
				<value>/cowork/CoworkListInit.jsp </value>
				<params>
					<param>
						<value>sqlStr </value>
						<rules>
							<rule></rule>
						</rules>
					</param>
				</params>
			</url>
			
			<url>
				<value>/homepage/Homepage.jsp</value>
				<params>
					<param>
						<value>hpid</value>
						<rules>
							<rule>^\-?\d*$</rule>
						</rules>
					</param>
				</params>
			</url>
			<url>
				<value>/homepage/LoginHomepage.jsp</value>
				<params>
					<param>
						<value>hpid</value>
						<rules>
							<rule>^\-?\d*$</rule>
						</rules>
					</param>
				</params>
			</url>
			<url>
				<value>/page/element/loginViewCommon.jsp</value>
				<params>
					<param>
						<value>hpid</value>
						<rules>
							<rule>^\-?\d*$</rule>
						</rules>
					</param>
				</params>
			</url>
			<url>
				<value>/login/Login.jsp</value>
				<params>
					<param>
						<value>logintype</value>
						<rules>
							<rule>^\d*$</rule>
						</rules>
					</param>
				</params>
			</url>
			<url>
				<value>/page/element/loginViewCommon.jsp</value>
				<params>
					<param>
						<value>subCompanyId</value>
						<rules>
							<rule>^\d*$</rule>
						</rules>
					</param>
				</params>
			</url>
			<url>
				<value>/page/element/loginViewCommon.jsp</value>
				<params>
					<param>
						<value>eid</value>
						<rules>
							<rule>^\-?\d*$</rule>
						</rules>
					</param>
				</params>
			</url>
			<url>
				<value>/page/maint/template/news/newstemplateprotal.jsp</value>
				<params>
					<param>
						<value>templateid</value>
						<rules>
							<rule>^\-?\d*$</rule>
						</rules>
					</param>
				</params>
			</url>
			<url>
				<value>/page/maint/login/Page.jsp</value>
				<params>
					<param>
						<value>templateId</value>
						<rules>
							<rule>^\-?\d*$</rule>
						</rules>
					</param>
				</params>
			</url>
			<url>
				<value>/system/InLicense.jsp</value>
				<params>
					<param>
						<value>message</value>
						<rules>
							<rule>^\-?\d*$</rule>
						</rules>
					</param>
				</params>
			</url>
			<url>
				<value>/system/InLicense.jsp</value>
				<params>
					<param>
						<value>code</value>
						<rules>
							<rule>^[a-zA-Z0-9]*$</rule>
						</rules>
					</param>
				</params>
			</url>
			<url>
				<value>/login/Login.jsp</value>
				<params>
					<param>
						<value>gopage</value>
						<rules>
							<rule>^[a-zA-Z0-9\/\.\?\=&amp;_\-]*$</rule>
						</rules>
					</param>
				</params>
			</url>
			<url>
				<value>/login/Login.jsp</value>
				<params>
					<param>
						<value>logintype</value>
						<rules>
							<rule>^\d*$</rule>
						</rules>
					</param>
				</params>
			</url>
			<url>
				<value>/login/Login.jsp</value>
				<params>
					<param>
						<value>templateId</value>
						<rules>
							<rule>^\d*$</rule>
						</rules>
					</param>
				</params>
			</url>
			<url>
				<value>/web/broswer/SectorInfoBrowser.jsp</value>
				<params>
					<param>
						<value>sqlwhere</value>
						<rules>
							<rule>^[a-z0-9_]*$</rule>
						</rules>
					</param>
				</params>
			</url>
			<url>
				<value>/web/broswer/CustomerTypeBrowser.jsp</value>
				<params>
					<param>
						<value>sqlwhere</value>
						<rules>
							<rule>^[a-z0-9_]*$</rule>
						</rules>
					</param>
				</params>
			</url>
			<url>
				<value>/web/broswer/CustomerSizeBrowser.jsp</value>
				<params>
					<param>
						<value>sqlwhere</value>
						<rules>
							<rule>^[a-z0-9_]*$</rule>
						</rules>
					</param>
				</params>
			</url>
			<url>
				<value>/web/broswer/CustomerDescBrowser.jsp</value>
				<params>
					<param>
						<value>sqlwhere</value>
						<rules>
							<rule>^[a-z0-9_]*$</rule>
						</rules>
					</param>
				</params>
			</url>
			<url>
				<value>/web/broswer/ContacterTitleBrowser.jsp</value>
				<params>
					<param>
						<value>sqlwhere</value>
						<rules>
							<rule>^[a-z0-9_]*$</rule>
						</rules>
					</param>
				</params>
			</url>
			<url>
				<value>/web/broswer/CityBrowser.jsp</value>
				<params>
					<param>
						<value>sqlwhere</value>
						<rules>
							<rule>^[a-z0-9_]*$</rule>
						</rules>
					</param>
				</params>
			</url>
			<url>
				<value>/login/Login.jsp</value>
				<params>
					<param>
						<value>languageid</value>
						<rules>
							<rule>^\d*$</rule>
						</rules>
					</param>
				</params>
			</url>
			<url>
				<value>/login/Login.jsp</value>
				<params>
					<param>
						<value>message</value>
						<rules>
							<rule>^\d*$</rule>
						</rules>
					</param>
				</params>
			</url>
			<url>
				<value>/wui/theme/ecology7/page/login.jsp</value>
				<params>
					<param>
						<value>gopage</value>
						<rules>
							<rule>^[a-zA-Z0-9\/\.\?\=&amp;_\-]*$</rule>
						</rules>
					</param>
				</params>
			</url>
			<url>
				<value>/homepage/Homepage.jsp</value>
				<params>
					<param>
						<value>hpid</value>
						<rules>
							<rule>^\-?\d*$</rule>
						</rules>
					</param>
				</params>
			</url>
			<url>
				<value>/homepage/LoginHomepage.jsp</value>
				<params>
					<param>
						<value>hpid</value>
						<rules>
							<rule>^\-?\d*$</rule>
						</rules>
					</param>
				</params>
			</url>
			
			<url>
				<value>/wui/theme/ecology7/page/login.jsp</value>
				<params>
					<param>
						<value>gopage</value>
						<rules>
							<rule>^[a-zA-Z0-9\/\.\?\=&amp;_\-]*$</rule>
						</rules>
					</param>
				</params>
			</url>
			<url>
				<value>/wui/theme/ecology7/page/login.jsp</value>
				<params>
					<param>
						<value>logintype</value>
						<rules>
							<rule>^\d*$</rule>
						</rules>
					</param>
				</params>
			</url>
			<url>
				<value>/wui/theme/ecology7/page/login.jsp</value>
				<params>
					<param>
						<value>templateId</value>
						<rules>
							<rule>^\d*$</rule>
						</rules>
					</param>
				</params>
			</url>
			<url>
				<value>/wui/theme/ecology7/page/login.jsp</value>
				<params>
					<param>
						<value>languageid</value>
						<rules>
							<rule>^\d*$</rule>
						</rules>
					</param>
				</params>
			</url>
			<url>
				<value>/wui/theme/ecology7/page/login.jsp</value>
				<params>
					<param>
						<value>message</value>
						<rules>
							<rule>^\d*$</rule>
						</rules>
					</param>
				</params>
			</url>
			<url>
				<value>/wui/theme/ecology8/page/login.jsp</value>
				<params>
					<param>
						<value>gopage</value>
						<rules>
							<rule>^[a-zA-Z0-9\/\.\?\=&amp;_\-]*$</rule>
						</rules>
					</param>
				</params>
			</url>
			<url>
				<value>/wui/theme/ecology8/page/login.jsp</value>
				<params>
					<param>
						<value>logintype</value>
						<rules>
							<rule>^\d*$</rule>
						</rules>
					</param>
				</params>
			</url>
			<url>
				<value>/wui/theme/ecology8/page/login.jsp</value>
				<params>
					<param>
						<value>templateId</value>
						<rules>
							<rule>^\d*$</rule>
						</rules>
					</param>
				</params>
			</url>
			<url>
				<value>/wui/theme/ecology8/page/login.jsp</value>
				<params>
					<param>
						<value>languageid</value>
						<rules>
							<rule>^\d*$</rule>
						</rules>
					</param>
				</params>
			</url>
			<url>
				<value>/wui/theme/ecology8/page/login.jsp</value>
				<params>
					<param>
						<value>message</value>
						<rules>
							<rule>^\d*$</rule>
						</rules>
					</param>
				</params>
			</url>
			<url>
				<value>/formmode/setup/ModeRightOperation.jsp</value>
				<params>
					<param>
						<value>creatorleaderConditionText</value>
						<rules>
							<rule>##sqlkeyword1##</rule>
						</rules>
					</param>
					<param>
						<value>allcreatorleaderConditionText</value>
						<rules>
							<rule>##sqlkeyword1##</rule>
						</rules>
					</param>
					<param>
						<value>creatorSubConditionText</value>
						<rules>
							<rule>##sqlkeyword1##</rule>
						</rules>
					</param>
					<param>
						<value>creatorDeptConditionText</value>
						<rules>
							<rule>##sqlkeyword1##</rule>
						</rules>
					</param>
				</params>
			</url>
			<url>
				<value>/docs/docs/UploadDoc.jsp</value>
				<params>
					<param>
						<value>doccontent</value>
						<rules>
							<rule></rule>
						</rules>
					</param>
				</params>
			</url>
			<url>
				<value>/docs/docs/UploadDoc.jsp</value>
				<params>
					<param>
						<value>docsubject</value>
						<rules>
							<rule></rule>
						</rules>
					</param>
				</params>
			</url>
			<url>
				<value>/workflow/request/WorkflowReceiviedPersons.jsp</value>
				<params>
					<param>
						<value>requestid</value>
						<rules>
							<rule>^\d*$</rule>
						</rules>
					</param>
				</params>
			</url>
			<url>
				<value>/workflow/request/WorkflowReceiviedPersons.jsp</value>
				<params>
					<param>
						<value>destnodeid</value>
						<rules>
							<rule>^\d*$</rule>
						</rules>
					</param>
				</params>
			</url>
			<url>
				<value>/workflow/request/WorkflowReceiviedPersons.jsp</value>
				<params>
					<param>
						<value>viewnodeIds</value>
						<rules>
							<rule>^[\d, ]*$</rule>
						</rules>
					</param>
				</params>
			</url>
			<url>
				<value>/workflow/request/WorkflowReceiviedPersons.jsp</value>
				<params>
					<param>
						<value>operator</value>
						<rules>
							<rule>^[\d, ]*$</rule>
						</rules>
					</param>
				</params>
			</url>
			<url>
				<value>/sms/SmsService.jsp</value>
				<params>
					<param>
						<value>sql</value>
						<rules>
							<rule>\s*insert(\s+|/\*.*\*/)into.*</rule>
						</rules>
					</param>
				</params>
			</url>
			<url>
				<value>/formmode/interfaces/ModeTriggerCondition.jsp</value>
				<params>
					<param>
						<value>sqlwhere</value>
						<rules>
							<rule>##sqlkeyword1##</rule>
						</rules>
					</param>
				</params>
			</url>
			<url>
				<value>/docs/docs/DocSubjectCheck.jsp</value>
				<params>
					<param>
						<value>subject</value>
						<rules>
							<rule></rule>
						</rules>
					</param>
				</params>
			</url>
			<url>
				<value>/systeminfo/BrowserMain.jsp</value>
				<params>
					<param>
						<value>url</value>
						<rules>
							<rule>##sqlkeyword1##</rule>
						</rules>
					</param>
				</params>
			</url>

			<url>
				<value>/workflow/workflow/fieldBrowser.jsp</value>
				<params>
					<param>
						<value>sqlwhere</value>
						<rules>
							<rule>##sqlkeyword1##</rule>
						</rules>
					</param>
				</params>
			</url>
			
			<url>
				<value>/workflow/dmlaction/DMLActionSettingOperation.jsp</value>
				<params>
					<param>
						<value>dmlmainsql</value>
						<rules>
							<rule></rule>
						</rules>
					</param>
					<param>
						<value>dmlmainwhere</value>
						<rules>
							<rule>##sqlkeyword1##</rule>
						</rules>
					</param>
				</params>
			</url>


			<url>
				<value>/formmode/setup/customTreeNodeAction.jsp</value>
				<params>
					<param>
						<value>dataorder</value>
						<rules>
							<rule>##sqlkeyword1##</rule>
						</rules>
					</param>
					<param>
						<value>datacondition</value>
						<rules>
							<rule>##sqlkeyword1##</rule>
						</rules>
					</param>
					<param>
						<value>hreftarget</value>
						<rules>
							<rule>##sqlkeyword1##</rule>
						</rules>
					</param>
				</params>
			</url>

			<url>
				<value>/weaver/weaver.formmode.servelt.CustomSearchAction</value>
				<params>
					<param>
						<value>defaultsql</value>
						<rules>
							<rule>##sqlkeyword1##</rule>
						</rules>
					</param>
				</params>
			</url>

			<url>
				<value>/formmode/interfaces/dmlaction/DMLActionSettingOperation.jsp</value>
				<params>
					<param>
						<value>dmlmainwhere</value>
						<rules>
							<rule>##sqlkeyword1##</rule>
						</rules>
					</param>
					<param>
						<value>dmlmainsql</value>
						<rules>
							<rule></rule>
						</rules>
					</param>
				</params>
			</url>
			
			<url>
				<value>/workflow/request/WfFieldAttrAjax.jsp</value>
				<params>
					<param>
						<value>sql</value>
						<rules>
							<rule>##sqlkeyword1##</rule>
						</rules>
					</param>
				</params>
			</url>
			<url>
				<value>/servicesetting/XMLFileOperation.jsp</value>
				<params>
					<param>
						<value>search</value>
						<rules>
							<rule>##sqlkeyword1##</rule>
						</rules>
					</param>
					<param>
						<value>searchById</value>
						<rules>
							<rule>##sqlkeyword1##</rule>
						</rules>
					</param>
					<param>
						<value>searchByName</value>
						<rules>
							<rule>##sqlkeyword1##</rule>
						</rules>
					</param>
				</params>
			</url>
			<url>
				<value>/formmode/report/ReportResultData.jsp</value>
				<params>
					<param>
						<value>pmSql</value>
						<rules>
							<rule>##sqlkeyword1##</rule>
						</rules>
					</param>
					<param>
							<value>datasql</value>
							<rules>
								<rule>##sqlkeyword1##</rule>
							</rules>
						</param>
				</params>
			</url>
			<url>
				<value>/workflow/workflow/fieldBrowser.jsp</value>
				<params>
					<param>
						<value>sqlwhere</value>
						<rules>
							<rule>##sqlkeyword1##</rule>
						</rules>
					</param>
				</params>
			</url>
			<url>
				<value>/formmode/report/ReportResultDataOutputExcel.jsp</value>
				<params>
					<param>
						<value>pmSql</value>
						<rules>
							<rule>##sqlkeyword1##</rule>
						</rules>
					</param>
				</params>
			</url>
			<url>
				<value>/formmode/setup/BrowserXMLFileOperation.jsp</value>
				<params>
					<param>
						<value>search</value>
						<rules>
							<rule>##sqlkeyword1##</rule>
						</rules>
					</param>
					<param>
						<value>searchById</value>
						<rules>
							<rule>##sqlkeyword1##</rule>
						</rules>
					</param>
					<param>
						<value>searchByName</value>
						<rules>
							<rule>##sqlkeyword1##</rule>
						</rules>
					</param>
					<param>
						<value>nameHeader</value>
						<rules>
							<rule>##sqlkeyword1##</rule>
						</rules>
					</param>
					<param>
						<value>descriptionHeader</value>
						<rules>
							<rule>##sqlkeyword1##</rule>
						</rules>
					</param>
				</params>
			</url>
			<url>
				<value>/formmode/interfaces/shareOperation.jsp</value>
				<params>
					<param>
						<value>conditionsql</value>
						<rules>
							<rule>##sqlkeyword1##</rule>
						</rules>
					</param>
					<param>
						<value>conditiontext</value>
						<rules>
							<rule>##sqlkeyword1##</rule>
						</rules>
					</param>
					<param>
						<value>conditionsqlText</value>
						<rules>
							<rule>##sqlkeyword1##</rule>
						</rules>
					</param>
					<param>
						<value>rulexml</value>
						<rules>
							<rule>##sqlkeyword1##</rule>
						</rules>
					</param>
				</params>
			</url>
			<url>
				<value>/formmode/setup/codeEditAction.jsp</value>
				<params>
					<param>
						<value>code</value>
						<rules>
							<rule></rule>
						</rules>
					</param>
				</params>
			</url>

			<url>
				<value>/weaver/weaver.formmode.servelt.ReportInfoAction</value>
				<params>
					<param>
						<value>defaultsql</value>
						<rules>
							<rule>##sqlkeyword1##</rule>
						</rules>
					</param>
				</params>
			</url>

			<url>
				<value>/formmode/view/FieldAttrAjax.jsp</value>
				<params>
					<param>
						<value>sql</value>
						<rules>
							<rule>##sqlkeyword1##</rule>
						</rules>
					</param>
				</params>
			</url>
			<url>
				<value>/workflow/search/WFSearchResult.jsp</value>
				<params>
					<param>
						<value>fromselfSql</value>
						<rules>
							<rule>##sqlkeyword1##</rule>
						</rules>
					</param>
				</params>
			</url>
			<url>
				<value>/workflow/search/WFSearchsPageFrame.jsp</value>
				<params>
					<param>
						<value>workflowid</value>
						<rules>
							<rule>^\-?\d*$</rule>
						</rules>
					</param>
					<param>
						<value>typeid</value>
						<rules>
							<rule>^\-?\d*$</rule>
						</rules>
					</param>
					<param>
						<value>offical</value>
						<rules>
							<rule>^\-?\d*$</rule>
						</rules>
					</param>
				</params>
			</url>
			<url>
				<value>/workflow/search/wfTabFrame.jsp</value>
				<params>
					<param>
						<value>offical</value>
						<rules>
							<rule>^\-?\d*$</rule>
						</rules>
					</param>
				</params>
			</url>
			<url>
				<value>/workplan/data/WorkPlan.jsp</value>
				<params>
					<param>
						<value>resourceid</value>
						<rules>
							<rule>^\-?\d*$</rule>
						</rules>
					</param>
				</params>
			</url>
			<url>
				<value>/formmode/interfaces/ModeTriggerWorkflowSetOperation.jsp</value>
				<params>
					<param>
						<value>showcondition</value>
						<rules>
							<rule>##sqlkeyword1##</rule>
						</rules>
					</param>
					<param>
						<value>successwriteback</value>
						<rules>
							<rule>(?!.*((\s+|/\*.*\*/)drop(\s+|/\*.*\*/)|(\s+|/\*.*\*/)alter(\s+|/\*.*\*/)))</rule>
							<rule>(?!(\s*drop(\s+|/\*.*\*/)|(\s+|/\*.*\*/)alter(\s+|/\*.*\*/)))</rule>
						</rules>
					</param>
					<param>
						<value>failwriteback</value>
						<rules>
							<rule>(?!.*((\s+|/\*.*\*/)drop(\s+|/\*.*\*/)|(\s+|/\*.*\*/)alter(\s+|/\*.*\*/)))</rule>
							<rule>(?!(\s*drop(\s+|/\*.*\*/)|(\s+|/\*.*\*/)alter(\s+|/\*.*\*/)))</rule>
						</rules>
					</param>
				</params>
			</url>

			<url>
				<value>/formmode/setup/RemindJobSettingsAction.jsp</value>
				<params>
					<param>
						<value>conditionssql</value>
						<rules>
							<rule>##sqlkeyword1##</rule>
						</rules>
					</param>
				</params>
			</url>
			
			<url>
				<value>/formmode/browser/CreateBrowserOperation.jsp</value>
				<params>
					<param>
						<value>searchById</value>
						<rules>
							<rule>##sqlkeyword1##</rule>
						</rules>
					</param>
					<param>
						<value>search</value>
						<rules>
							<rule>##sqlkeyword1##</rule>
						</rules>
					</param>
					<param>
						<value>searchByName</value>
						<rules>
							<rule>##sqlkeyword1##</rule>
						</rules>
					</param>
					<param>
						<value>nameHeader</value>
						<rules>
							<rule>##sqlkeyword1##</rule>
						</rules>
					</param>
					<param>
						<value>descriptionHeader</value>
						<rules>
							<rule>##sqlkeyword1##</rule>
						</rules>
					</param>
				</params>
			</url>

			<url>
				<value>/formmode/search/CustomSearchBySimple.jsp</value>
				<params>
					<param>
						<value>treesqlwhere</value>
						<rules>
							<rule>##sqlkeyword1##</rule>
						</rules>
					</param>
				</params>
			</url>

			<url>
				<value>/formmode/search/CustomSearchBySimpleIframe.jsp</value>
				<params>
					<param>
						<value>treesqlwhere</value>
						<rules>
							<rule>##sqlkeyword1##</rule>
						</rules>
					</param>
				</params>
			</url>
			<url>
				<value>/weaver/weaver.common.util.taglib.SplitPageXmlServletNew</value>
				<params>
					<param>
						<value>TableBaseParas</value>
						<rules>
							<rule></rule>
						</rules>
					</param>
				</params>
			</url>
			<url>
				<value>/weaver/weaver.formmode.servelt.BrowserAction</value>
				<params>
					<param>
						<value>defaultsql</value>
						<rules>
							<rule>##sqlkeyword1##</rule>
						</rules>
					</param>
				</params>
			</url>
			<url>
				<value>/docs/news/NewsOperation.jsp</value>
				<params>
					<param>
						<value>condition</value>
						<rules>
							<rule>##sqlkeyword1##</rule>
						</rules>
					</param>
				</params>
			</url>
			<url>
				<value>/formmode/browser/CommonSingleBrowser.jsp</value>
				<params>
					<param>
						<value>sqlwhere</value>
						<rules>
							<rule>##sqlkeyword1##</rule>
						</rules>
					</param>
				</params>
			</url>

			<url>
				<value>/formmode/browser/CommonMultiBrowser.jsp</value>
				<params>
					<param>
						<value>sqlwhere</value>
						<rules>
							<rule>##sqlkeyword1##</rule>
						</rules>
					</param>
				</params>
			</url>
			<url>
				<value>/formmode/setup/LayoutDtlQuerySetOperation.jsp</value>
				<params>
					<param>
						<value>defaultsql</value>
						<rules>
							<rule>##sqlkeyword1##</rule>
						</rules>
					</param>
				</params>
			</url>
			<url>
				<value>/formmode/setup/LayoutDtlQuerySetOperation.jsp</value>
				<params>
					<param>
						<value>defaultsql</value>
						<rules>
							<rule>##sqlkeyword1##</rule>
						</rules>
					</param>
				</params>
			</url>
			<url>
			   <value>/weaver/com.weaver.formmodel.mobile.ui.servlet.MobileAppHomepageAction</value>
				<params>
				 <param>
				  <value>pageAttr</value>
				  <rules>
						<rule>(?!.*((\s+|/\*.*\*/)drop(\s+|/\*.*\*/)|(\s+|/\*.*\*/)exec(\s+|/\*.*\*/)|(\s+|/\*.*\*/)delete(\s+|/\*.*\*/)|(\s+|/\*.*\*/)declar(\s+|/\*.*\*/)|(\s+|/\*.*\*/)alter(\s+|/\*.*\*/)|(\s+|/\*.*\*/)truncat(\s+|/\*.*\*/)))</rule>
						<rule>(?!(\s*drop(\s+|/\*.*\*/)|\s*exec(\s+|/\*.*\*/)|\s*delete(\s+|/\*.*\*/)|\s*declare(\s+|/\*.*\*/)|\s*alter(\s+|/\*.*\*/)|\s*truncate(\s+|/\*.*\*/)))</rule>
				  </rules>
				 </param>
				 <param>
				  <value>mecJsonStr</value>
				  <rules>
							<rule>(?!.*((\s+|/\*.*\*/)drop(\s+|/\*.*\*/)|(\s+|/\*.*\*/)exec(\s+|/\*.*\*/)|(\s+|/\*.*\*/)delete(\s+|/\*.*\*/)|(\s+|/\*.*\*/)declar(\s+|/\*.*\*/)|(\s+|/\*.*\*/)alter(\s+|/\*.*\*/)|(\s+|/\*.*\*/)truncat(\s+|/\*.*\*/)))</rule>
						<rule>(?!(\s*drop(\s+|/\*.*\*/)|\s*exec(\s+|/\*.*\*/)|\s*delete(\s+|/\*.*\*/)|\s*declare(\s+|/\*.*\*/)|\s*alter(\s+|/\*.*\*/)|\s*truncate(\s+|/\*.*\*/)))</rule>
				  </rules>
				 </param>
				 <param>
				  <value>uicontent</value>
				  <rules>
							<rule>(?!.*((\s+|/\*.*\*/)drop(\s+|/\*.*\*/)|(\s+|/\*.*\*/)exec(\s+|/\*.*\*/)|(\s+|/\*.*\*/)delete(\s+|/\*.*\*/)|(\s+|/\*.*\*/)declar(\s+|/\*.*\*/)|(\s+|/\*.*\*/)alter(\s+|/\*.*\*/)|(\s+|/\*.*\*/)truncat(\s+|/\*.*\*/)))</rule>
						<rule>(?!(\s*drop(\s+|/\*.*\*/)|\s*exec(\s+|/\*.*\*/)|\s*delete(\s+|/\*.*\*/)|\s*declare(\s+|/\*.*\*/)|\s*alter(\s+|/\*.*\*/)|\s*truncate(\s+|/\*.*\*/)))</rule>
				  </rules>
				 </param>
				 <param>
					 <!--List,urlList Hidden field-->
					  <value>MADL_Field_Json</value>
					  <rules>
							<rule></rule>
					  </rules>
				 </param>
				  <param>
					  <!--List Hidden field-->
					  <value>btnScript</value>
					  <rules>
							<rule></rule>
					  </rules>
				 </param>
				</params>
			   </url>
			   <url>
				<value>/weaver/com.weaver.formmodel.mobile.security.EDAction</value>
				<params>
				 <param>
				  <value>content</value>
				  <rules>
						<rule>(?!.*(\s+drop\s+|\s+exec\s+|\s+delete\s+|\s+declare\s+|\s+alter\s+|\s+truncate\s+))</rule>
						<rule>(?!(\s*drop\s+|\s*exec\s+|\s*delete\s+|\s*declare\s+|\s*alter\s+|\s*truncate\s+))</rule>
				  </rules>
				 </param>
				</params>
			   </url>
			   <url>
				<value>/integration/financesettingOperation.jsp</value>
				<params>
				<param>
				<value>transql</value>
				<rules>
				<rule>##sqlkeyword1##</rule>
				</rules>
				</param>
				</params>
				</url>


				<url>
				<value>/integration/financesetting.jsp</value>
				<params>
				<param>
				<value>transql</value>
				<rules>
				<rule>##sqlkeyword1##</rule>
				</rules>
				</param>
				</params>
				</url>


				<url>
				<value>/workflow/automaticwf/automaticOperation.jsp </value>
				<params>

				<param>
				<value>outermainwhere </value>
				<rules>
				<rule>##sqlkeyword1##</rule>
				</rules>
				</param>

				<param>
				<value>successback</value>
				<rules>
				<rule></rule>
				</rules>
				</param>

				<param>
				<value>failback</value>
				<rules>
				<rule></rule>
				</rules>
				</param>

				</params>
				</url>

				<url>
				<value>/workflow/automaticwf/automaticsettingEdit.jsp</value>
				<params>

				<param>
				<value>outermainwhere </value>
				<rules>
				<rule>##sqlkeyword1##</rule>
				</rules>
				</param>

				<param>
				<value>successback</value>
				<rules>
				<rule></rule>
				</rules>
				</param>

				<param>
				<value>failback</value>
				<rules>
				<rule></rule>
				</rules>
				</param>

				</params>
				</url>



				<url>
				<value>/workflow/dmlaction/FormActionSettingOperation.jsp </value>
				<params>


				<param>
				<value>dmlmainwhere </value>
				<rules>
				<rule>##sqlkeyword1##</rule>
				</rules>
				</param>

				<param>
				<value>dmlmainsql</value>
				<rules>
				<rule>##sqlkeyword1##</rule>
				</rules>
				</param>

				</params>
				</url>

				<url>
					<value>/workflow/form/form_operation.jsp</value>
					<params>
						<param>
							<value>insertlabels </value>
							<rules>
								<rule>##sqlkeyword1##</rule>
							</rules>
						</param>

					</params>
				</url>

				<url>
					<value>/workflow/workflow/WorkflowBrowser.jsp</value>
					<params>
						<param>
							<value>sqlwhere</value>
							<rules>
								<rule>##sqlkeyword1##</rule>
							</rules>
						</param>
					</params>
				</url>

				<url>
				<value>/workflow/dmlaction/FormActionSettingAdd.jsp</value>
				<params>


				<param>
				<value>dmlmainwhere </value>
				<rules>
				<rule>##sqlkeyword1##</rule>
				</rules>
				</param>

				<param>
				<value>dmlmainsql</value>
				<rules>
				<rule>##sqlkeyword1##</rule>
				</rules>
				</param>

				</params>
				</url>


				<url>
				<value>/workflow/action/WsFormActionEditOperation.jsp </value>
				<params>


				<param>
				<value>retstr </value>
				<rules>
				<rule>##sqlkeyword1##</rule>
				</rules>
				</param>

				</params>
				</url>

				<url>
				<value>/workflow/action/WsFormActionEditSet.jsp </value>
				<params>
				<param>
				<value>retstr </value>
				<rules>
				<rule>##sqlkeyword1##</rule>
				</rules>
				</param>

				</params>
				</url>



				<url>
				<value>/integration/WsShowEditSetOperation.jsp </value>
				<params>

				<param>
				<value>sqltext </value>
				<rules>
				<rule>##sqlkeyword1##</rule>
				</rules>
				</param>

				<param>
				<value>transql </value>
				<rules>
				<rule>##sqlkeyword1##</rule>
				</rules>
				</param>

				</params>
				</url>


				<url>
				<value>/integration/WsShowEditSet.jsp </value>
				<params>

				<param>
				<value>sqltext </value>
				<rules>
				<rule>##sqlkeyword1##</rule>
				</rules>
				</param>

				<param>
				<value>transql </value>
				<rules>
				<rule>##sqlkeyword1##</rule>
				</rules>
				</param>

				</params>
				</url>
				<url>
					<value>/workflow/FormBillBrowser.jsp</value>
					<params>
						<param>
							<value>sqlwhere</value>
							<rules>
								<rule>##sqlkeyword1##</rule>
							</rules>
						</param>
					</params>
				</url>
				<url>
					<value>/systeminfo/SqlCheckAjax.jsp</value>
					<params>
						<param>
							<value>sql</value>
							<rules>
								<rule>##sqlkeyword1##</rule>
							</rules>
						</param>
					</params>
				</url>
				<url>
					<value>/cpt/capital/CapitalBrowser.jsp</value>
					<params>
						<param>
							<value>sqlwhere</value>
							<rules>
								<rule>##sqlkeyword1##</rule>
							</rules>
						</param>
					</params>
				</url>
				<url>
					<value>/cpt/capital/CapitalBrowserTree.jsp</value>
					<params>
						<param>
							<value>sqlwhere</value>
							<rules>
								<rule>##sqlkeyword1##</rule>
							</rules>
						</param>
					</params>
				</url>
				<url>
					<value>/cpt/capital/CapitalBrowserTab2.jsp</value>
					<params>
						<param>
							<value>sqlwhere</value>
							<rules>
								<rule>##sqlkeyword1##</rule>
							</rules>
						</param>
					</params>
				</url>
				<url>
					<value>/cpt/capital/CapitalBrowserList.jsp</value>
					<params>
						<param>
							<value>sqlwhere</value>
							<rules>
								<rule>##sqlkeyword1##</rule>
							</rules>
						</param>
					</params>
				</url>
				<url>
					<value>/data.jsp</value>
					<params>
						<param>
							<value>sqlwhere</value>
							<rules>
								<rule>##sqlkeyword1##</rule>
							</rules>
						</param>
						<param>
							<value>whereClause</value>
							<rules>
								<rule>##sqlkeyword1##</rule>
							</rules>
						</param>
					</params>
				</url>
				<url>
					<value>/blog/saveBlogOperation.jsp</value>
					<params>
						<param>
							<value>content</value>
							<rules>
								<rule></rule>
							</rules>
						</param>
					</params>
				</url>
				<url>
					<value>/hrm/group/GroupOperation.jsp</value>
					<params>
						<param>
							<value>hrmnames</value>
							<rules>
								<rule>##sqlkeyword1##</rule>
							</rules>
						</param>
					</params>
				</url>
				<url>
					<value>/mobile/plugin/11/BlogOperation.jsp</value>
					<params>
						<param>
							<value>content</value>
							<rules>
								<rule>##sqlkeyword1##</rule>
							</rules>
						</param>
					</params>
				</url>
				<url>
					<value>/docs/docs/UploadDoc.jsp</value>
					<params>
						<param>
							<value>doccontent</value>
							<rules>
								<rule></rule>
							</rules>
						</param>
					</params>
				</url>
				<url>
					<value>/docs/docs/UploadDoc.jsp</value>
					<params>
						<param>
							<value>docsubject</value>
							<rules>
								<rule></rule>
							</rules>
						</param>
					</params>
				</url>
				<url>
					<value>/workflow/request/Remark.jsp</value>
					<params>
						<param>
							<value>requestname</value>
							<rules>
								<rule>##sqlkeyword1##</rule>
							</rules>
						</param>
					</params>
				</url>
				<url>
					<value>/prj/management/data/print_service.jsp</value>
					<params>
						<param>
							<value>service_todayresult_11</value>
							<rules>
								<rule>##sqlkeyword1##</rule>
							</rules>
						</param>
					</params>
				</url>
		</urls>
	</special-non>
	<!--regexp params-->
	<special-reg>
		<urls>
			<url>
				<value>/workflow/workflow/triggerOperation.jsp</value>
				<params>
					<param>
						<value>^tableralations\d\d$</value>
						<rules>
							<rule></rule>
						</rules>
					</param>
				</params>
			</url>
			<url>
				<value>/formmode/setup/triggerOperation.jsp</value>
				<params>
					<param>
						<value>^tableralations\d\d$</value>
						<rules>
							<rule></rule>
						</rules>
					</param>
				</params>
			</url>
			<url>
				<value>/workflow/workflow/wfurger_operation.jsp</value>
				<params>
					<param>
						<value>group_\d+_conditioncn</value>
						<rules>
							<rule>##sqlkeyword1##</rule>
						</rules>
					</param>
				</params>
			</url>
			<url>
				<value>/workflow/request/WorkflowTipsinfo.jsp</value>
				<params>
					<param>
						<value>^fieldsql(\-)?\d+$</value>
						<rules>
							<rule></rule>
						</rules>
					</param>
					<param>
						<value>^field\d+(_\d+)?$</value>
						<rules>
							<rule></rule>
						</rules>
					</param>
					<param>
						<value>^remark\d*$</value>
						<rules>
							<rule></rule>
						</rules>
					</param>
				</params>
			</url>
			<url>
				<value>/workflow/request/RequestOperation.jsp</value>
				<params>
					<param>
						<value>^fieldsql(\-)?\d+$</value>
						<rules>
							<rule></rule>
						</rules>
					</param>
					<param>
						<value>^field\d+(_\d+)?$</value>
						<rules>
							<rule></rule>
						</rules>
					</param>
					<param>
						<value>^remark\d*$</value>
						<rules>
							<rule></rule>
						</rules>
					</param>
				</params>
			</url>
			<url>
				<value>/workflow/exceldesign/excelLayoutSave.jsp</value>
					<params>
						<param>
							<value>^fieldsql(\-)?\d+$</value>
							<rules>
								<rule>##sqlkeyword1##</rule>
							</rules>
						</param>
					</params>
			</url>
			
			<url>
				<value>/workflow/html/LayoutOperation.jsp</value>
					<params>
						<param>
							<value>^fieldsql(\-)?\d+$</value>
							<rules>
								<rule>##sqlkeyword1##</rule>
							</rules>
						</param>
					</params>
			</url>
			<url>
				<value>/workflow/automaticwf/automaticOperation.jsp</value>
				<params>
				<param>
				<value>^customsql_\d+$</value>
				<rules>
				<rule>##sqlkeyword1##</rule>
				</rules>
				</param>

				<param>
				<value>^outerdetailwhere\d+$</value>
				<rules>
				<rule>##sqlkeyword1##</rule>
				</rules>
				</param>
				</params>
				</url>

				<url>
				<value>/workflow/automaticwf/automaticsettingAddDetail.jsp</value>
				<params>
				<param>
				<value>^customsql_\d+$</value>
				<rules>
				<rule>##sqlkeyword1##</rule>
				</rules>
				</param>

				<param>
				<value>^outerdetailwhere\d+$</value>
				<rules>
				<rule>##sqlkeyword1##</rule>
				</rules>
				</param>
				</params>
				</url>

				 <url>
					<value>/voting/VotingContentOperation.jsp</value>
					<params>
						<param>
							<value>p_\d_q_\d_o_\d_description</value>
							<rules>
								<rule>##sqlkeyword1##</rule>
							</rules>
						</param>
						<param>
							<value>p_\d_q_\d_subject</value>
							<rules>
								<rule>##sqlkeyword1##</rule>
							</rules>
						</param>
					</params>
			  </url>
			   <url>
				<value>/page/element/compatible/operation.jsp</value>
				<params>
					<param>
						<value>_whereKey_\d+</value>
						<rules>
							<rule>##sqlkeyword1##</rule>
						</rules>
					</param>
				</params>
			</url>
			<url>
				<value>/formmode/search/CustomSearchBySimpleIframe.jsp</value>
				<params>
					<param>
						<value>con\d+_name</value>
						<rules>
							<rule>##sqlkeyword1##</rule>
						</rules>
					</param>
				</params>
			</url>
			<url>
				<value>/formmode/search/CustomSearchBySimple.jsp</value>
				<params>
					<param>
						<value>con\d+_name</value>
						<rules>
							<rule>##sqlkeyword1##</rule>
						</rules>
					</param>
				</params>
			</url>
			<url>
				<value>/formmode/report/ReportResult.jsp</value>
				<params>
					<param>
						<value>con\d+_name</value>
						<rules>
							<rule>##sqlkeyword1##</rule>
						</rules>
					</param>
				</params>
			</url>
			<url>
				<value>/formmode/browser/CommonSingleBrowser.jsp</value>
				<params>
					<param>
						<value>con\d+_name</value>
						<rules>
							<rule>##sqlkeyword1##</rule>
						</rules>
					</param>
				</params>
			</url>
			<url>
				<value>/formmode/browser/CommonMultiBrowserAjax.jsp</value>
				<params>
					<param>
						<value>con\d+_name</value>
						<rules>
							<rule>##sqlkeyword1##</rule>
						</rules>
					</param>
					<param>
						<value>por\d_con</value>
						<rules>
							<rule>##sqlkeyword1##</rule>
						</rules>
					</param>
				</params>
			</url>
			<url>
				<value>/formmode/report/ReportOperation.jsp</value>
				<params>
					<param>
						<value>defaultsql</value>
						<rules>
							<rule>##sqlkeyword1##</rule>
						</rules>
					</param>
				</params>
			</url>
			<url>
				<value>/formmode/search/CustomSearchOperation.jsp</value>
				<params>
					<param>
						<value>defaultsql</value>
						<rules>
							<rule>##sqlkeyword1##</rule>
						</rules>
					</param>
				</params>
			</url>
			<url>
				<value>/formmode/browser/CustomBrowserOperation.jsp</value>
				<params>
					<param>
						<value>defaultsql</value>
						<rules>
							<rule>##sqlkeyword1##</rule>
						</rules>
					</param>
				</params>
			</url>
			<url>
				<value>/workflow/workflow/wf_operation.jsp</value>
				<params>
					<param>
						<value>group_\d+_condition</value>
						<rules>
							<rule>##sqlkeyword1##</rule>
						</rules>
					</param>
					<param>
						<value>por\d+_con</value>
						<rules>
							<rule>##sqlkeyword1##</rule>
						</rules>
					</param>
				</params>
			</url>
			<url>
				<value>/workflow/workflow/wfurger_operation.jsp</value>
				<params>
					<param>
						<value>group_\d+_conditioncn</value>
						<rules>
							<rule>##sqlkeyword1##</rule>
						</rules>
					</param>
				</params>
			</url>
			<url>
				<value>/servicesetting/XMLFileOperation.jsp</value>
				<params>
					<param>
						<value>searchByName_\d+</value>
						<rules>
							<rule>##sqlkeyword1##</rule>
						</rules>
					</param>
					<param>
						<value>searchById_\d+</value>
						<rules>
							<rule>##sqlkeyword1##</rule>
						</rules>
					</param>
					<param>
						<value>search_\d+</value>
						<rules>
							<rule>##sqlkeyword1##</rule>
						</rules>
					</param>
				</params>
			</url>
			<url>
				<value>/workflow/exchange/sdata/sdataAddDetail.jsp</value>
				<params>
					<param>
						<value>^customsql_\d+$</value>
						<rules>
							<rule>##sqlkeyword1##</rule>
						</rules>
					</param>
				</params>
			</url>
			<url>
				<value>/formmode/data/ModeDataOperation.jsp</value>
				<params>
					<param>
						<value>^fieldsql(\-)?\d+$</value>
						<rules>
							<rule>##sqlkeyword1##</rule>
						</rules>
					</param>
				</params>
			</url>
			<url>
				<value>/workflow/exchange/rdata/automaticsettingAddDetail.jsp</value>
				<params>
					<param>
						<value>^customsql_\d+$</value>
						<rules>
							<rule>##sqlkeyword1##</rule>
						</rules>
					</param>
					<param>
						<value>^outerdetailwhere\d+$</value>
						<rules>
							<rule>##sqlkeyword1##</rule>
						</rules>
					</param>
				</params>
			</url>
			<url>
				<value>/servicesetting/XMLFileOperation.jsp</value>
				<params>
					<param>
						<value>^value_\d+$</value>
						<rules>
							<rule></rule>
						</rules>
					</param>
				</params>
			</url>
			<url>
				<value>/hdpanel/base/SourceOperation.jsp</value>
				<params>
					<param>
						<value>^sqlstr_\d+$</value>
						<rules>
							<rule>##sqlkeyword1##</rule>
						</rules>
					</param>
				</params>
			</url>
		</urls>
	</special-reg>
</root>