<?xml version="1.0" encoding="UTF-8"?>
<root>
	<special-non>
		<urls>
			<url>
				<value>/weaver/weaver.docs.docs.ShowDocsImageServlet</value>
				<params>
					<param>
						<value>docId</value>
						<rules>
							<rule>##CONST:MULTINUMBER##</rule>
						</rules>
					</param>
				</params>
			</url>
			<url>
				<value>/weaver/weaver.homepage.HomepageCreateImage</value>
				<params>
					<param>
						<value>fileid</value>
						<rules>
							<rule>##CONST:MULTINUMBER##</rule>
						</rules>
					</param>
				</params>
			</url>
			<url>
				<value>/weaver/weaver.email.FileDownloadLocation</value>
				<params>
					<param>
						<value>fileid</value>
						<rules>
							<rule>##CONST:MULTINUMBER##</rule>
						</rules>
					</param>
				</params>
			</url>
			<url>
				<value>/weaver/weaver.messager.MessagerServlet</value>
				<params>
					<param>
						<value>loginid</value>
						<rules>
							<rule>##CONST:LOGINID##</rule>
						</rules>
					</param>
				</params>
			</url>
			<url>
				<value>/weaver/weaver.workflow.request.RequestList</value>
				<params>
					<param>
						<value>username</value>
						<rules>
							<rule>##CONST:LOGINID##</rule>
						</rules>
					</param>
				</params>
			</url>
			<url>
				<value>/weaver/weaver.workflow.request.RequestOutDataFormatOperation</value>
				<params>
					<param>
						<value>username</value>
						<rules>
							<rule>##CONST:LOGINID##</rule>
						</rules>
					</param>
				</params>
			</url>
			<url>
				<value>/weaver/weaver.workflow.request.WorkflowList</value>
				<params>
					<param>
						<value>username</value>
						<rules>
							<rule>##CONST:LOGINID##</rule>
						</rules>
					</param>
				</params>
			</url>
			<url>
				<value>/weaver/weaver.workflow.workflow.ShowWorkFlow</value>
				<params>
					<param>
						<value>requestid</value>
						<rules>
							<rule>##CONST:MULTINUMBER##</rule>
						</rules>
					</param>
				</params>
			</url>
			<url>
				<value>/login/VerifyLogin.jsp</value>
				<params>
					<param>
						<value>loginid</value>
						<rules>
							<rule>##CONST:LOGINID##</rule>
						</rules>
					</param>
				</params>
			</url>
			<url>
				<value>/weaver/weaver.cpt.report.ShowCptFee</value>
				<params>
					<param>
						<value>startdate</value>
						<rules>
							<rule>##CONST:DATE##</rule>
						</rules>
					</param>
					<param>
						<value>enddate</value>
						<rules>
							<rule>##CONST:DATE##</rule>
						</rules>
					</param>
				</params>
			</url>
			<url>
				<value>/weaver/weaver.file.SignatureDownLoad</value>
				<params>
					<param>
						<value>markId</value>
						<rules>
							<rule>##CONST:MULTINUMBER##</rule>
						</rules>
					</param>
				</params>
			</url>
		</urls>
	</special-non>
</root>
