<?xml version="1.0" encoding="UTF-8"?>
<root>
	<special-non>
		<urls>
			<url>
				<value>/email/DownloadEML.jsp</value>
				<params>
					<param>
						<value>mailid</value>
						<rules>
							<rule>##CONST:MULTINUMBER##</rule>
						</rules>
					</param>
				</params>
			</url>
			<url>
				<value>/addressbook/Contact/CustomContactAdd.jsp</value>
				<params>
					<param>
						<value>id</value>
						<rules>
							<rule>##CONST:MULTINUMBER##</rule>
						</rules>
					</param>
				</params>
			</url>
<url>
				<value>/addressbook/Contact/Orderset.jsp</value>
				<params>
					<param>
						<value>id</value>
						<rules>
							<rule>##CONST:MULTINUMBER##</rule>
						</rules>
					</param>
				</params>
			</url>
<url>
				<value>/addressbook/Contact/PublicContactUpdate.jsp</value>
				<params>
					<param>
						<value>groupid</value>
						<rules>
							<rule>##CONST:MULTINUMBER##</rule>
						</rules>
					</param>
				</params>
			</url>
<url>
				<value>/car/CarInfoBrowser.jsp</value>
				<params>
					<param>
						<value>carType</value>
						<rules>
							<rule>##CONST:LETTERS##</rule>
						</rules>
					</param>
				</params>
			</url>
<url>
				<value>/car/CarInfoEdit.jsp</value>
				<params>
					<param>
						<value>id</value>
						<rules>
							<rule>##CONST:MULTINUMBER##</rule>
						</rules>
					</param>
				</params>
			</url>
<url>
				<value>/cmbleasing/fna/FnaAjaxData_clfy.jsp</value>
				<params>
					<param>
						<value>fyfsr</value>
						<rules>
							<rule>##CONST:LETTERS##</rule>
						</rules>
					</param>
				</params>
			</url>
<url>
				<value>/cmbleasing/fna/FnaAjaxData_db1.jsp</value>
				<params>
					<param>
						<value>userid</value>
						<rules>
							<rule>##CONST:MULTINUMBER##</rule>
						</rules>
					</param>
				</params>
			</url>
<url>
				<value>/cmbleasing/fna/FnaAjaxData_gdzcje.jsp</value>
				<params>
					<param>
						<value>cptid</value>
						<rules>
							<rule>##CONST:MULTINUMBER##</rule>
						</rules>
					</param>
				</params>
			</url>
<url>
				<value>/weaver/weaver.docs.docs.ShowDocsImageServlet</value>
				<params>
					<param>
						<value>docid</value>
						<rules>
							<rule>##CONST:MULTINUMBER##</rule>
						</rules>
					</param>
				</params>
			</url>
<url>
				<value>/weaver/weaver.homepage.HomepageCreateImage</value>
				<params>
					<param>
						<value>fileid</value>
						<rules>
							<rule>##CONST:MULTINUMBER##</rule>
						</rules>
					</param>
				</params>
			</url>
			<url>
				<value>/weaver/weaver.file.SignatureDownLoad</value>
				<params>
					<param>
						<value>markId</value>
						<rules>
							<rule>##CONST:MULTINUMBER##</rule>
						</rules>
					</param>
				</params>
			  </url>
			<url>
				<value>/hrm/search/HrmResourceSearch_frm.jsp</value>
				<params>
					<param>
						<value>from</value>
						<rules>
							<rule>##CONST:LETTERS##</rule>
						</rules>
					</param>
				</params>
			  </url>
			<url>
				<value>/hrm/HrmTab.jsp</value>
				<params>
					<param>
						<value>sorgid</value>
						<rules>
							<rule>##CONST:MULTINUMBER##</rule>
						</rules>
					</param>
				</params>
			  </url>
			<url>
				<value>/voting/VotingList.jsp</value>
				<params>
					<param>
						<value>viewResult</value>
						<rules>
							<rule>##CONST:MULTINUMBER##</rule>
						</rules>
					</param>
				</params>
			  </url>
			  <url>
				<value>/workflow/search/wfTabFrame.jsp</value>
				<params>
					<param>
						<value>complete</value>
						<rules>
							<rule>##CONST:MULTINUMBER##</rule>
						</rules>
					</param>
				</params>
			  </url>
			   <url>
				<value>/hrm/resource/HrmResourceRewardsRecord2.jsp</value>
				<params>
					<param>
						<value>resourceid</value>
						<rules>
							<rule>##CONST:MULTINUMBER##</rule>
						</rules>
					</param>
				</params>
			  </url>
			  <url>
				<value>/hrm/resource/HrmResourceRewardsRecord1.jsp</value>
				<params>
					<param>
						<value>resourceid</value>
						<rules>
							<rule>##CONST:MULTINUMBER##</rule>
						</rules>
					</param>
				</params>
			  </url>
		</urls>
	</special-non>	
</root>