<?xml version="1.0" encoding="UTF-8"?>
<root>
	<special-non>
		<urls>
			<url>
				<value>/page/element/OutData/tabOperation.jsp</value>
				<params>
					<param>
						<value>area</value>
						<rules>
							<rule>##sqlkeyword1##</rule>
						</rules>
					</param>
					<param>
						<value>sqltext</value>
						<rules>
							<rule>##sqlkeyword1##</rule>
						</rules>
					</param>
				</params>
			</url>
			<url>
				<value>/page/element/compatible/NewsOperate.jsp</value>
				<params>
					<param>
						<value>tabWhere</value>
						<rules>
							<rule>##sqlkeyword1##</rule>
						</rules>
					</param>
				</params>
			</url>
			<url>
				<value>__someCommonParamsRule__</value>
				<params>
					<param>
						<value>remove</value>
						<rules>
							<rule></rule>
						</rules>
					</param>
					<param>
						<value>contains</value>
						<rules>
							<rule></rule>
						</rules>
					</param>
				</params>
			</url>
			<url>
				<value>/mobilemode/Action.jsp</value>
				<params>
					<param>
						<value>sqlwhere</value>
						<rules>
							<rule>##sqlkeyword1##</rule>
						</rules>
					</param>
					<param>
						<value>segScript</value>
						<rules>
							<rule>##sqlkeyword1##</rule>
						</rules>
					</param>
					<param>
						<value>whereClause</value>
						<rules>
							<rule>##sqlkeyword1##</rule>
						</rules>
					</param>
				</params>
			</url>
			<url>
			<value>/integration/WsShowEditSetOperation.jsp</value>
				<params>
					<param>
						<value>searchById</value>
						<rules>
							<rule>##sqlkeyword1##</rule>
						</rules>
					</param>
					<param>
						<value>search</value>
						<rules>
							<rule>##sqlkeyword1##</rule>
						</rules>
					</param>
					<param>
						<value>searchByName</value>
						<rules>
							<rule>##sqlkeyword1##</rule>
						</rules>
					</param>
				</params>
			</url>
			<url>
			<value>/servicesetting/XMLFileOperation.jsp</value>
				<params>
					<param>
						<value>searchById</value>
						<rules>
							<rule>##sqlkeyword1##</rule>
						</rules>
					</param>
					<param>
						<value>search</value>
						<rules>
							<rule>##sqlkeyword1##</rule>
						</rules>
					</param>
					<param>
						<value>searchByName</value>
						<rules>
							<rule>##sqlkeyword1##</rule>
						</rules>
					</param>
					<param>
						<value>searchForDetail</value>
						<rules>
							<rule>##sqlkeyword1##</rule>
						</rules>
					</param>
				</params>
			</url>
			<url>
			<value>/mobilemode/MECAction.jsp</value>
				<params>
					<param>
						<value>segScript</value>
						<rules>
							<rule>##sqlkeyword1##</rule>
						</rules>
					</param>
					<param>
						<value>sqlwhere</value>
						<rules>
							<rule>##sqlkeyword1##</rule>
						</rules>
					</param>
				</params>
			</url>
			<url>
				<value>/formmode/tree/CustomTreeNodeOperation.jsp</value>
				<params>
					<param>
						<value>datacondition</value>
						<rules>
							<rule>##sqlkeyword1##</rule>
						</rules>
					</param>
				</params>
			</url>
		</urls>
	</special-non>
	<special-reg>
		<urls>
			<url>
				<value>	</value>
				<params>
					<param>
						<value>^group_\d+_condition$</value>
						<rules>
							<rule>##sqlkeyword1##</rule>
						</rules>
					</param>
					<param>
						<value>^group_\d+_conditioncn$</value>
						<rules>
							<rule>##sqlkeyword1##</rule>
						</rules>
					</param>
				</params>
			</url>
			<url>
				<value>/weaver/weaver.formmode.servelt.customsearchaction</value>
				<params>
					<param>
						<is-dynamic-param>0</is-dynamic-param>
						<value>defaultsql</value>
						<rules>
							<rule></rule>
						</rules>
					 </param>
				</params>
			</url>
			<url>
				<value>/workflow/exceldesign/excelLayoutSave.jsp</value>
				<params>
					<param>
						<is-dynamic-param>0</is-dynamic-param>
						<value>fieldsql\d+_?\d*</value>
						<rules>
							<rule>##sqlkeyword1##</rule>
						</rules>
					 </param>
				</params>
			</url>
			<url>
			<value>/data.jsp</value>
			<params>
			  <param>
				<is-dynamic-param>0</is-dynamic-param>
				<value>sqlwhere</value>
				<rules>
				  <rule>##sqlkeyword1##</rule>
				</rules>
			  </param>
			  <param>
				<is-dynamic-param>0</is-dynamic-param>
				<value>whereclause</value>
				<rules>
					<rule>##sqlkeyword1##</rule>
				</rules>
			  </param>
			 </params>
			</url>
		</urls>
	</special-reg>
</root>
