<?xml version="1.0" encoding="UTF-8"?>
<root>
	<special-non>
		<urls>
			<url>
				<value>/page/element/compatible/NewsOperate.jsp</value>
				<params>
					<param>
						<value>tabWhere</value>
						<rules>
							<rule>##sqlkeyword1##</rule>
						</rules>
					</param>
				</params>
			</url>
			<url>
				<value>/mobilemode/Action.jsp</value>
				<params>
					<param>
						<value>sqlwhere</value>
						<rules>
							<rule>##sqlkeyword1##</rule>
						</rules>
					</param>
				</params>
			</url>
			<url>
				<value>/formmode/tree/CustomTreeNodeOperation.jsp</value>
				<params>
					<param>
						<value>datacondition</value>
						<rules>
							<rule>##sqlkeyword1##</rule>
						</rules>
					</param>
				</params>
			</url>
		</urls>
	</special-non>
	<special-reg>
		<urls>
			<url>
				<value>/workflow/workflow/wfurger_operation.jsp</value>
				<params>
					<param>
						<value>^group_\d+_condition$</value>
						<rules>
							<rule>##sqlkeyword1##</rule>
						</rules>
					</param>
					<param>
						<value>^group_\d+_conditioncn$</value>
						<rules>
							<rule>##sqlkeyword1##</rule>
						</rules>
					</param>
				</params>
			</url>
		</urls>
	</special-reg>
</root>
